Geography,Gender,Age,Balance,NumOfProducts,Exited
Spain,Male,33.0,0.0,2,0
Spain,Male,37.0,138476.41,1,0
Spain,Male,71.0,0.0,1,0
Spain,Male,35.0,0.0,2,0
Spain,Male,39.0,0.0,1,1
Spain,Male,31.0,136789.14,2,0
Spain,Male,41.0,0.0,1,1
Spain,Female,55.0,99208.46,2,1
Spain,Male,45.0,0.0,2,0
Spain,Male,31.0,122449.31,2,0
Spain,Male,37.0,0.0,1,0
Spain,Male,34.0,132439.99,1,0
Spain,Male,56.0,110939.3,1,1
Spain,Male,35.0,0.0,2,0
Spain,Male,30.0,0.0,2,0
Spain,Female,35.0,0.0,2,0
Spain,Male,50.0,0.0,2,0
Spain,Male,36.0,139422.39,1,0
Spain,Male,64.0,0.0,1,0
Spain,Male,32.0,0.0,2,0
Spain,Female,39.0,107042.74,1,1
Spain,Male,43.0,161807.18,2,0
Spain,Male,35.0,133476.09,1,0
Spain,Female,23.0,146584.19,2,1
Spain,Male,28.0,0.0,1,0
Spain,Male,30.0,0.0,2,0
Spain,Female,38.0,0.0,2,0
Spain,Male,34.0,102025.32,1,0
Spain,Male,43.0,89800.14,1,0
Spain,Female,43.0,91711.66,1,1
Spain,Male,39.0,0.0,2,0
Spain,Female,25.0,0.0,2,0
Spain,Female,36.0,0.0,2,0
Spain,Female,46.0,0.0,1,1
Spain,Female,33.0,0.0,2,0
Spain,Female,37.0,0.0,2,0
Spain,Female,34.0,0.0,2,0
Spain,Male,51.0,0.0,4,1
Spain,Female,33.0,0.0,2,0
Spain,Female,71.0,0.0,2,1
Spain,Female,37.0,0.0,1,0
Spain,Male,33.0,0.0,1,0
Spain,Female,56.0,0.0,3,1
Spain,Male,35.0,0.0,2,0
Spain,Female,41.0,86973.65,1,0
Spain,Female,45.0,91285.22,1,0
Spain,Male,35.0,0.0,2,0
Spain,Male,41.0,0.0,2,0
Spain,Male,39.0,0.0,1,0
Spain,Female,35.0,0.0,1,1
Spain,Female,59.0,131607.33,1,1
Spain,Male,37.0,0.0,1,0
Spain,Male,33.0,127822.93,1,0
Spain,Female,28.0,109528.14,1,1
Spain,Female,40.0,100471.34,1,0
Spain,Male,33.0,0.0,2,0
Spain,Male,44.0,93960.35,1,0
Spain,Male,39.0,117468.67,1,0
Spain,Male,24.0,142755.25,1,0
Spain,Male,34.0,0.0,2,0
Spain,Female,55.0,0.0,2,1
Spain,Male,30.0,0.0,2,0
Spain,Male,37.0,0.0,2,0
Spain,Male,37.0,0.0,2,0
Spain,Female,46.0,117070.72,3,1
Spain,Male,43.0,103421.44,1,0
Spain,Male,40.0,0.0,2,0
Spain,Female,34.0,0.0,2,0
Spain,Female,45.0,0.0,1,0
Spain,Female,34.0,70731.07,1,0
Spain,Male,35.0,0.0,2,0
Spain,Male,40.0,128366.44,1,0
Spain,Male,48.0,0.0,2,0
Spain,Female,33.0,110928.51,1,0
Spain,Male,44.0,0.0,2,0
Spain,Male,39.0,0.0,2,1
Spain,Male,45.0,0.0,3,0
Spain,Male,40.0,0.0,1,1
Spain,Male,38.0,0.0,2,0
Spain,Male,37.0,0.0,2,0
Spain,Female,31.0,115557.26,1,0
Spain,Male,33.0,0.0,2,0
Spain,Male,39.0,0.0,1,0
Spain,Male,33.0,0.0,2,0
Spain,Male,38.0,0.0,1,0
Spain,Female,49.0,152926.85,1,1
Spain,Male,27.0,0.0,2,0
Spain,Male,24.0,0.0,1,0
Spain,Female,27.0,0.0,2,0
Spain,Male,30.0,0.0,2,0
Spain,Male,31.0,0.0,2,0
Spain,Male,40.0,0.0,1,1
Spain,Male,29.0,0.0,1,0
Spain,Male,41.0,0.0,2,0
Spain,Male,39.0,95128.86,1,0
Spain,Male,40.0,0.0,2,0
Spain,Female,41.0,0.0,1,1
Spain,Male,54.0,137260.78,1,0
Spain,Male,38.0,0.0,1,0
Spain,Female,31.0,0.0,1,0
Spain,Male,32.0,0.0,1,0
Spain,Female,57.0,136820.99,1,0
Spain,Male,34.0,135096.58,1,0
Spain,Female,37.0,0.0,2,0
Spain,Female,30.0,160980.03,1,0
Spain,Female,33.0,125845.66,1,0
Spain,Male,36.0,150329.15,1,0
Spain,Female,37.0,128743.55,1,0
Spain,Male,23.0,136815.64,1,0
Spain,Male,32.0,0.0,2,0
Spain,Male,29.0,106070.89,2,0
Spain,Male,33.0,0.0,2,0
Spain,Male,42.0,0.0,2,0
Spain,Female,49.0,0.0,1,1
Spain,Male,20.0,135827.33,1,0
Spain,Female,39.0,0.0,2,0
Spain,Female,25.0,0.0,2,0
Spain,Female,37.0,92472.1,2,0
Spain,Male,32.0,0.0,2,0
Spain,Female,38.0,0.0,2,0
Spain,Male,31.0,81818.49,1,0
Spain,Female,33.0,96949.85,1,0
Spain,Male,29.0,0.0,1,1
Spain,Female,30.0,0.0,2,0
Spain,Female,40.0,150507.21,1,0
Spain,Male,29.0,0.0,2,0
Spain,Female,38.0,0.0,2,0
Spain,Male,22.0,0.0,1,0
Spain,Female,37.0,0.0,1,0
Spain,Female,59.0,112070.79,3,0
Spain,Male,36.0,0.0,2,0
Spain,Female,38.0,0.0,2,0
Spain,Female,41.0,0.0,3,1
Spain,Female,33.0,0.0,2,0
Spain,Male,66.0,0.0,1,0
Spain,Male,36.0,0.0,1,0
Spain,Male,28.0,0.0,2,0
Spain,Female,29.0,141234.98,1,0
Spain,Male,33.0,145729.71,1,0
Spain,Male,40.0,115563.71,3,1
Spain,Male,37.0,0.0,2,0
Spain,Female,41.0,0.0,2,0
Spain,Male,39.0,0.0,2,0
Spain,Male,24.0,0.0,2,0
Spain,Male,36.0,0.0,2,0
Spain,Male,29.0,0.0,2,0
Spain,Male,30.0,0.0,2,0
Spain,Male,29.0,97541.24,1,0
Spain,Male,35.0,0.0,1,0
Spain,Male,40.0,0.0,2,0
Spain,Female,40.0,139825.56,1,0
Spain,Male,37.0,0.0,2,0
Spain,Male,35.0,0.0,2,0
Spain,Male,36.0,0.0,2,0
Spain,Female,42.0,0.0,2,0
Spain,Male,36.0,0.0,2,0
Spain,Male,31.0,0.0,2,0
Spain,Male,36.0,134583.94,1,0
Spain,Male,40.0,0.0,2,0
Spain,Female,33.0,91536.93,1,1
Spain,Female,39.0,0.0,2,0
Spain,Male,43.0,0.0,1,0
Spain,Male,34.0,0.0,2,0
Spain,Male,31.0,0.0,2,0
Spain,Female,29.0,0.0,1,0
Spain,Male,62.0,81958.76,1,1
Spain,Female,57.0,99835.47,1,0
Spain,Female,47.0,0.0,3,1
Spain,Female,35.0,0.0,1,1
Spain,Female,62.0,0.0,1,1
Spain,Female,29.0,0.0,1,0
Spain,Male,39.0,0.0,2,0
Spain,Female,26.0,0.0,2,0
Spain,Male,38.0,115545.33,2,0
Spain,Female,27.0,0.0,2,0
Spain,Male,32.0,106471.56,1,1
Spain,Male,35.0,0.0,2,0
Spain,Male,28.0,156823.7,1,1
Spain,Female,19.0,0.0,2,1
Spain,Female,29.0,0.0,2,0
Spain,Male,36.0,0.0,2,0
Spain,Female,38.0,0.0,2,0
Spain,Male,38.0,0.0,1,0
Spain,Female,37.0,0.0,2,0
Spain,Male,43.0,0.0,2,0
Spain,Male,35.0,0.0,2,0
Spain,Female,39.0,61211.01,1,0
Spain,Female,38.0,0.0,2,0
Spain,Female,33.0,0.0,2,0
Spain,Female,40.0,142880.28,1,1
Spain,Female,37.0,106817.49,1,1
Spain,Male,41.0,163764.84,2,0
Spain,Male,30.0,0.0,1,0
Spain,Female,32.0,0.0,2,0
Spain,Male,35.0,0.0,1,0
Spain,Female,39.0,0.0,2,0
Spain,Male,30.0,0.0,2,0
Spain,Male,24.0,0.0,2,0
Spain,Female,40.0,0.0,1,1
Spain,Male,44.0,92347.37,1,0
Spain,Female,30.0,0.0,1,1
Spain,Female,39.0,0.0,2,0
Spain,Male,37.0,74237.2,1,1
Spain,Female,36.0,0.0,1,0
Spain,Female,38.0,160566.11,1,1
Spain,Male,19.0,0.0,2,0
Spain,Male,24.0,0.0,2,0
Spain,Male,24.0,0.0,2,0
Spain,Male,28.0,0.0,2,0
Spain,Female,54.0,0.0,2,0
Spain,Male,33.0,0.0,2,1
Spain,Female,36.0,0.0,2,0
Spain,Male,33.0,0.0,2,0
Spain,Male,37.0,0.0,2,0
Spain,Male,27.0,0.0,2,0
Spain,Male,35.0,138523.01,1,0
Spain,Male,46.0,0.0,3,1
Spain,Male,36.0,0.0,2,0
Spain,Male,30.0,0.0,2,0
Spain,Female,43.0,0.0,2,1
Spain,Male,39.0,157691.98,2,0
Spain,Female,37.0,0.0,1,1
Spain,Female,31.0,132862.59,1,0
Spain,Male,65.0,0.0,2,1
Spain,Female,35.0,0.0,2,0
Spain,Female,33.0,0.0,2,0
Spain,Male,29.0,0.0,2,0
Spain,Male,41.0,149961.99,2,0
Spain,Female,42.0,0.0,1,1
Spain,Male,39.0,0.0,2,0
Spain,Male,30.0,136491.92,1,0
Spain,Male,43.0,101802.67,1,0
Spain,Female,31.0,0.0,1,1
Spain,Female,48.0,0.0,2,0
Spain,Female,28.0,0.0,2,0
Spain,Male,30.0,145127.85,1,0
Spain,Male,29.0,0.0,2,0
Spain,Male,68.0,0.0,2,0
Spain,Female,43.0,140137.15,1,1
Spain,Male,39.0,102721.49,1,1
Spain,Female,50.0,0.0,1,1
Spain,Female,21.0,0.0,2,0
Spain,Male,37.0,0.0,2,0
Spain,Male,36.0,0.0,1,0
Spain,Male,25.0,130866.19,1,1
Spain,Female,45.0,89837.77,1,1
Spain,Female,36.0,0.0,2,0
Spain,Male,40.0,0.0,2,0
Spain,Female,55.0,141792.61,2,0
Spain,Male,28.0,0.0,2,0
Spain,Male,40.0,0.0,2,0
Spain,Female,35.0,83286.56,2,1
Spain,Male,37.0,107714.49,2,0
Spain,Female,39.0,131647.01,1,0
Spain,Female,28.0,127638.35,1,0
Spain,Male,63.0,160903.2,1,1
Spain,Male,67.0,0.0,2,0
Spain,Female,68.0,92855.02,1,0
Spain,Male,31.0,0.0,1,1
Spain,Female,27.0,0.0,2,0
Spain,Male,46.0,0.0,1,0
Spain,Male,30.0,0.0,2,0
Spain,Female,52.0,0.0,2,1
Spain,Female,55.0,0.0,1,1
Spain,Female,28.0,0.0,2,0
Spain,Male,35.0,0.0,2,0
Spain,Female,31.0,0.0,2,0
Spain,Male,47.0,0.0,1,0
Spain,Female,66.0,0.0,2,0
Spain,Male,30.0,0.0,2,0
Spain,Female,44.0,179356.28,2,1
Spain,Male,36.0,0.0,2,0
Spain,Female,43.0,149991.33,1,0
Spain,Female,31.0,0.0,2,0
Spain,Male,28.0,0.0,2,0
Spain,Female,45.0,172478.15,1,0
Spain,Male,31.0,0.0,2,0
Spain,Female,27.0,0.0,2,0
Spain,Female,27.0,0.0,2,0
Spain,Female,30.0,131765.65,1,0
Spain,Female,52.0,0.0,1,1
Spain,Female,38.0,0.0,2,0
Spain,Female,38.0,115934.74,2,0
Spain,Male,27.0,0.0,2,0
Spain,Male,31.0,141989.27,2,0
Spain,Female,36.0,152303.8,1,0
Spain,Male,51.0,131033.76,1,0
Spain,Male,30.0,0.0,2,0
Spain,Male,35.0,0.0,2,0
Spain,Male,38.0,0.0,2,0
Spain,Male,44.0,0.0,2,0
Spain,Male,31.0,131406.78,1,0
Spain,Female,39.0,0.0,2,0
Spain,Female,37.0,0.0,1,0
Spain,Male,28.0,0.0,2,0
Spain,Female,38.0,0.0,2,0
Spain,Male,45.0,0.0,2,1
Spain,Female,30.0,0.0,2,0
Spain,Male,34.0,0.0,1,0
Spain,Male,31.0,0.0,1,0
Spain,Male,29.0,0.0,1,0
Spain,Male,48.0,0.0,1,1
Spain,Female,32.0,0.0,2,0
Spain,Male,46.0,0.0,2,0
Spain,Male,39.0,0.0,2,0
Spain,Female,34.0,0.0,2,0
Spain,Male,41.0,0.0,2,0
Spain,Female,60.0,0.0,1,1
Spain,Male,33.0,0.0,2,0
Spain,Male,44.0,0.0,2,0
Spain,Female,43.0,139663.37,1,1
Spain,Female,25.0,117265.14,1,0
Spain,Female,52.0,0.0,2,0
Spain,Female,34.0,0.0,2,0
Spain,Male,64.0,0.0,2,0
Spain,Male,38.0,0.0,2,0
Spain,Male,38.0,0.0,2,0
Spain,Female,31.0,0.0,2,0
Spain,Male,34.0,0.0,2,0
Spain,Female,35.0,95231.91,2,0
Spain,Male,42.0,0.0,3,1
Spain,Female,50.0,105961.68,1,1
Spain,Male,33.0,0.0,1,0
Spain,Female,37.0,0.0,2,0
Spain,Female,49.0,98907.91,2,0
Spain,Female,34.0,0.0,2,0
Spain,Male,35.0,0.0,2,0
Spain,Female,38.0,0.0,2,0
Spain,Male,30.0,129401.87,1,0
Spain,Male,30.0,0.0,1,0
Spain,Male,31.0,0.0,1,0
Spain,Female,33.0,0.0,2,0
Spain,Female,39.0,0.0,2,0
Spain,Male,31.0,116980.23,1,0
Spain,Male,18.0,134796.87,2,0
Spain,Male,37.0,0.0,1,0
Spain,Male,36.0,0.0,2,0
Spain,Male,37.0,71481.79,1,0
Spain,Male,33.0,0.0,1,0
Spain,Female,32.0,0.0,1,0
Spain,Female,36.0,0.0,2,0
Spain,Male,37.0,0.0,2,0
Spain,Male,33.0,0.0,1,0
Spain,Male,44.0,123378.2,1,0
Spain,Male,33.0,0.0,2,0
Spain,Female,58.0,0.0,1,1
Spain,Male,39.0,122486.11,1,0
Spain,Female,33.0,0.0,2,0
Spain,Male,33.0,152509.25,1,0
Spain,Female,38.0,0.0,1,1
Spain,Male,50.0,0.0,1,1
Spain,Male,38.0,0.0,2,0
Spain,Female,48.0,0.0,1,1
Spain,Male,37.0,0.0,2,0
Spain,Male,30.0,0.0,2,0
Spain,Female,54.0,0.0,2,0
Spain,Female,48.0,0.0,2,0
Spain,Male,40.0,0.0,1,0
Spain,Male,36.0,0.0,1,0
Spain,Female,31.0,0.0,2,1
Spain,Female,42.0,0.0,2,0
Spain,Female,18.0,0.0,1,0
Spain,Male,35.0,0.0,2,0
Spain,Female,32.0,126589.12,2,1
Spain,Female,37.0,0.0,1,0
Spain,Male,46.0,0.0,1,0
Spain,Female,30.0,68065.8,1,0
Spain,Female,37.0,0.0,2,0
Spain,Male,54.0,0.0,1,0
Spain,Female,48.0,0.0,1,1
Spain,Female,31.0,128663.81,2,1
Spain,Male,28.0,0.0,1,0
Spain,Male,39.0,0.0,1,0
Spain,Female,24.0,0.0,1,0
Spain,Female,29.0,0.0,2,0
Spain,Male,42.0,87624.03,1,0
Spain,Male,38.0,116646.76,1,0
Spain,Male,32.0,0.0,2,0
Spain,Male,42.0,0.0,2,0
Spain,Male,23.0,135756.56,1,0
Spain,Male,39.0,0.0,1,1
Spain,Female,39.0,0.0,2,0
Spain,Male,47.0,0.0,2,0
Spain,Female,38.0,134209.44,1,0
Spain,Female,38.0,0.0,1,0
Spain,Male,46.0,65733.41,2,1
Spain,Male,31.0,0.0,2,0
Spain,Male,35.0,116234.03,1,0
Spain,Male,36.0,0.0,2,0
Spain,Male,50.0,0.0,1,1
Spain,Female,38.0,118866.36,1,1
Spain,Male,29.0,0.0,2,0
Spain,Female,25.0,91592.06,1,0
Spain,Female,26.0,0.0,2,0
Spain,Male,49.0,105239.1,2,0
Spain,Male,27.0,0.0,1,0
Spain,Male,37.0,0.0,2,0
Spain,Female,22.0,0.0,1,0
Spain,Female,39.0,136555.01,1,0
Spain,Male,27.0,0.0,2,0
Spain,Female,40.0,0.0,2,0
Spain,Female,48.0,0.0,1,1
Spain,Female,35.0,93608.28,2,0
Spain,Male,46.0,126772.57,1,0
Spain,Female,38.0,0.0,1,0
Spain,Male,32.0,100683.54,1,0
Spain,Male,21.0,0.0,2,0
Spain,Female,35.0,97640.61,1,0
Spain,Female,35.0,0.0,1,0
Spain,Male,39.0,0.0,2,0
Spain,Male,36.0,0.0,2,0
Spain,Male,36.0,0.0,1,0
Spain,Male,69.0,0.0,1,0
Spain,Female,50.0,0.0,1,1
Spain,Male,26.0,0.0,2,0
Spain,Male,38.0,0.0,2,0
Spain,Female,31.0,0.0,1,0
Spain,Female,40.0,0.0,1,0
Spain,Male,21.0,0.0,2,0
Spain,Female,37.0,0.0,2,0
Spain,Female,34.0,0.0,1,0
Spain,Female,37.0,0.0,3,1
Spain,Male,43.0,0.0,2,1
Spain,Female,35.0,0.0,2,0
Spain,Male,37.0,75801.74,2,0
Spain,Female,36.0,0.0,2,0
Spain,Male,37.0,0.0,2,0
Spain,Female,52.0,0.0,1,0
Spain,Female,59.0,121389.78,1,0
Spain,Female,37.0,129068.54,1,0
Spain,Male,44.0,161801.47,1,0
Spain,Female,29.0,134796.04,1,0
Spain,Male,39.0,0.0,2,0
Spain,Female,27.0,0.0,2,0
Spain,Female,33.0,0.0,2,0
Spain,Male,33.0,0.0,2,0
Spain,Female,29.0,76769.68,1,0
Spain,Male,43.0,95668.88,1,0
Spain,Female,35.0,120867.18,1,0
Spain,Male,33.0,0.0,1,1
Spain,Female,43.0,0.0,1,1
Spain,Female,38.0,145471.02,1,0
Spain,Female,40.0,128398.38,1,0
Spain,Female,21.0,0.0,2,0
Spain,Male,39.0,0.0,1,0
Spain,Female,41.0,0.0,2,0
Spain,Male,39.0,0.0,2,0
Spain,Male,40.0,145260.98,2,0
Spain,Male,26.0,142614.76,1,0
Spain,Male,26.0,123912.78,2,0
Spain,Female,50.0,153962.88,1,1
Spain,Male,25.0,121132.26,1,0
Spain,Male,35.0,0.0,2,0
Spain,Male,29.0,0.0,2,0
Spain,Male,32.0,0.0,2,0
Spain,Female,34.0,137811.75,2,0
Spain,Female,43.0,116886.59,2,0
Spain,Female,43.0,119272.29,2,1
Spain,Female,49.0,132558.26,2,1
Spain,Female,35.0,0.0,1,0
Spain,Male,25.0,0.0,2,0
Spain,Male,31.0,145260.23,1,0
Spain,Female,47.0,83772.95,1,0
Spain,Male,40.0,123544.0,1,0
Spain,Female,34.0,0.0,2,0
Spain,Male,54.0,82374.67,4,1
Spain,Female,29.0,0.0,2,0
Spain,Male,36.0,0.0,2,0
Spain,Male,28.0,0.0,2,0
Spain,Female,38.0,0.0,2,0
Spain,Male,33.0,93791.38,2,0
Spain,Female,35.0,0.0,2,1
Spain,Male,52.0,0.0,2,0
Spain,Male,34.0,136082.0,1,0
Spain,Male,27.0,0.0,2,0
Spain,Male,31.0,0.0,2,0
Spain,Female,32.0,0.0,2,0
Spain,Female,31.0,0.0,1,0
Spain,Male,32.0,0.0,2,1
Spain,Male,34.0,0.0,2,0
Spain,Male,26.0,0.0,2,0
Spain,Female,40.0,0.0,2,0
Spain,Female,30.0,114552.6,1,0
Spain,Female,45.0,0.0,3,1
Spain,Female,50.0,0.0,1,1
Spain,Female,31.0,0.0,1,1
Spain,Female,35.0,131317.88,2,0
Spain,Female,49.0,79954.61,1,1
Spain,Female,34.0,0.0,2,0
Spain,Male,31.0,129968.67,1,0
Spain,Male,45.0,119540.37,2,0
Spain,Male,45.0,0.0,2,0
Spain,Male,37.0,160729.1,1,1
Spain,Female,41.0,0.0,1,0
Spain,Female,31.0,142659.6,1,0
Spain,Female,39.0,0.0,1,0
Spain,Male,52.0,121391.68,1,1
Spain,Female,32.0,102520.37,1,0
Spain,Male,39.0,0.0,1,0
Spain,Male,24.0,75499.24,2,0
Spain,Female,35.0,108883.8,1,0
Spain,Male,40.0,0.0,1,0
Spain,Female,30.0,0.0,2,0
Spain,Male,31.0,103396.54,1,0
Spain,Female,44.0,0.0,1,0
Spain,Female,40.0,0.0,2,0
Spain,Female,33.0,0.0,1,0
Spain,Male,37.0,0.0,2,0
Spain,Female,40.0,133801.57,1,0
Spain,Female,38.0,0.0,1,0
Spain,Male,36.0,135216.8,1,1
Spain,Female,31.0,0.0,2,0
Spain,Female,39.0,0.0,2,0
Spain,Male,31.0,0.0,1,0
Spain,Male,57.0,73314.04,3,1
Spain,Female,33.0,0.0,2,0
Spain,Female,68.0,0.0,1,1
Spain,Female,34.0,141252.18,1,0
Spain,Male,44.0,0.0,1,1
Spain,Female,39.0,165272.13,2,0
Spain,Male,28.0,0.0,2,0
Spain,Female,45.0,131355.3,3,1
Spain,Female,28.0,0.0,2,0
Spain,Female,35.0,165686.11,2,0
Spain,Male,34.0,0.0,2,0
Spain,Male,33.0,0.0,2,0
Spain,Male,46.0,0.0,2,1
Spain,Male,33.0,121898.58,1,0
Spain,Male,28.0,0.0,2,0
Spain,Male,34.0,0.0,2,0
Spain,Male,32.0,0.0,2,0
Spain,Female,22.0,168964.77,1,0
Spain,Male,45.0,0.0,1,1
Spain,Female,36.0,0.0,2,0
Spain,Male,32.0,131283.11,1,0
Spain,Male,38.0,145166.09,1,0
Spain,Male,39.0,0.0,1,0
Spain,Male,29.0,60280.62,1,0
Spain,Male,32.0,0.0,2,0
Spain,Male,29.0,0.0,2,0
Spain,Male,28.0,165610.88,1,0
Spain,Female,35.0,122570.69,1,0
Spain,Male,48.0,95039.12,1,1
Spain,Male,58.0,0.0,2,0
Spain,Male,40.0,0.0,1,0
Spain,Female,39.0,0.0,2,0
Spain,Female,59.0,0.0,1,1
Spain,Female,42.0,0.0,1,1
Spain,Male,49.0,0.0,2,0
Spain,Male,37.0,0.0,1,0
Spain,Female,58.0,162278.32,1,1
Spain,Male,41.0,0.0,2,0
Spain,Female,25.0,0.0,2,0
Spain,Male,30.0,0.0,2,0
Spain,Male,38.0,126473.33,1,0
Spain,Female,26.0,0.0,2,1
Spain,Male,25.0,0.0,2,0
Spain,Male,63.0,139959.55,1,0
Spain,Female,29.0,0.0,2,0
Spain,Male,23.0,137761.55,1,0
Spain,Male,48.0,167997.6,1,0
Spain,Male,35.0,116969.35,1,0
Spain,Male,49.0,0.0,2,0
Spain,Female,36.0,0.0,2,0
Spain,Male,29.0,103421.32,1,0
Spain,Male,36.0,160777.9,1,0
Spain,Male,33.0,0.0,2,0
Spain,Female,41.0,125977.81,2,1
Spain,Male,67.0,124577.15,1,0
Spain,Male,32.0,46161.18,2,0
Spain,Male,35.0,0.0,2,0
Spain,Female,52.0,0.0,1,1
Spain,Female,44.0,138023.79,1,0
Spain,Male,41.0,0.0,2,0
Spain,Female,33.0,147900.29,1,0
Spain,Female,32.0,0.0,2,0
Spain,Male,38.0,0.0,1,0
Spain,Male,51.0,0.0,2,0
Spain,Male,31.0,82613.56,2,0
Spain,Male,40.0,0.0,2,0
Spain,Male,34.0,0.0,1,1
Spain,Male,47.0,71786.9,1,0
Spain,Female,66.0,0.0,2,0
Spain,Male,32.0,0.0,2,0
Spain,Female,29.0,0.0,2,0
Spain,Male,26.0,0.0,2,0
Spain,Male,35.0,0.0,2,0
Spain,Male,37.0,132412.79,1,0
Spain,Male,45.0,0.0,2,1
Spain,Female,57.0,0.0,1,1
Spain,Male,37.0,0.0,2,0
Spain,Male,57.0,0.0,1,1
Spain,Female,41.0,0.0,1,0
Spain,Female,32.0,0.0,2,0
Spain,Male,34.0,0.0,2,0
Spain,Male,36.0,116227.28,1,0
Spain,Female,45.0,0.0,1,1
Spain,Male,49.0,121021.05,1,1
Spain,Male,40.0,0.0,2,1
Spain,Male,40.0,0.0,2,0
Spain,Male,53.0,0.0,2,0
Spain,Male,38.0,0.0,2,0
Spain,Male,29.0,171335.96,2,0
Spain,Female,33.0,123870.07,1,0
Spain,Male,31.0,0.0,2,0
Spain,Male,37.0,136801.53,1,0
Spain,Male,34.0,131354.43,1,0
Spain,Female,34.0,74309.81,1,0
Spain,Male,31.0,0.0,1,1
Spain,Male,36.0,115462.02,1,0
Spain,Male,39.0,0.0,2,0
Spain,Female,52.0,0.0,1,0
Spain,Male,45.0,131778.81,1,0
Spain,Female,36.0,95679.29,2,0
Spain,Female,25.0,0.0,2,0
Spain,Male,34.0,0.0,2,0
Spain,Male,37.0,0.0,1,0
Spain,Female,32.0,79450.09,1,0
Spain,Female,24.0,0.0,1,0
Spain,Male,39.0,138160.0,1,0
Spain,Male,42.0,0.0,2,0
Spain,Male,29.0,109172.78,1,0
Spain,Male,21.0,117561.49,1,0
Spain,Male,40.0,0.0,1,1
Spain,Female,56.0,0.0,1,0
Spain,Female,32.0,0.0,1,0
Spain,Male,40.0,105683.63,1,0
Spain,Male,30.0,0.0,2,0
Spain,Male,46.0,122034.4,1,0
Spain,Female,34.0,0.0,2,0
Spain,Male,43.0,0.0,2,0
Spain,Female,27.0,0.0,2,0
Spain,Female,39.0,140856.81,1,1
Spain,Male,30.0,0.0,2,0
Spain,Male,43.0,0.0,2,0
Spain,Male,48.0,0.0,2,0
Spain,Female,29.0,141434.04,1,0
Spain,Male,35.0,0.0,2,0
Spain,Male,40.0,95053.1,1,1
Spain,Female,30.0,0.0,2,0
Spain,Male,39.0,138106.36,1,0
Spain,Male,33.0,65521.2,1,0
Spain,Male,37.0,0.0,1,0
Spain,Male,47.0,0.0,1,0
Spain,Male,32.0,113641.49,4,1
Spain,Female,46.0,0.0,1,0
Spain,Male,31.0,0.0,2,0
Spain,Male,49.0,0.0,1,1
Spain,Male,30.0,128262.72,2,0
Spain,Female,31.0,0.0,2,0
Spain,Female,32.0,114421.55,1,0
Spain,Female,39.0,0.0,1,0
Spain,Male,35.0,0.0,1,0
Spain,Male,36.0,153804.44,1,1
Spain,Male,47.0,71083.98,1,0
Spain,Male,45.0,0.0,2,0
Spain,Male,26.0,0.0,1,0
Spain,Female,40.0,84430.08,2,0
Spain,Male,41.0,0.0,2,0
Spain,Male,40.0,0.0,2,1
Spain,Female,36.0,0.0,2,0
Spain,Male,37.0,0.0,1,0
Spain,Male,27.0,0.0,2,0
Spain,Female,26.0,166297.89,2,0
Spain,Female,41.0,0.0,1,1
Spain,Male,40.0,0.0,2,0
Spain,Male,39.0,92616.61,1,0
Spain,Female,27.0,117691.61,1,0
Spain,Male,36.0,0.0,2,0
Spain,Female,41.0,0.0,2,0
Spain,Male,39.0,0.0,2,0
Spain,Male,37.0,108867.0,1,0
Spain,Male,38.0,0.0,2,0
Spain,Male,33.0,0.0,2,0
Spain,Female,19.0,0.0,2,0
Spain,Female,62.0,0.0,1,1
Spain,Female,32.0,0.0,2,0
Spain,Female,40.0,122552.34,2,0
Spain,Male,26.0,0.0,2,0
Spain,Female,59.0,122449.31,2,0
Spain,Female,41.0,147936.42,1,0
Spain,Male,29.0,133702.89,1,0
Spain,Female,40.0,147910.3,1,0
Spain,Male,40.0,0.0,2,0
Spain,Male,62.0,121286.27,1,0
Spain,Male,37.0,0.0,2,0
Spain,Female,36.0,139912.74,1,0
Spain,Male,50.0,0.0,2,0
Spain,Male,36.0,0.0,2,0
Spain,Female,42.0,131394.56,1,1
Spain,Male,32.0,128100.29,1,0
Spain,Female,35.0,82940.25,2,0
Spain,Female,56.0,99097.33,1,0
Spain,Male,59.0,0.0,1,1
Spain,Male,40.0,0.0,1,0
Spain,Male,29.0,128914.97,1,0
Spain,Female,59.0,0.0,1,1
Spain,Female,29.0,0.0,2,0
Spain,Female,33.0,85906.65,1,0
Spain,Female,59.0,0.0,2,1
Spain,Male,24.0,95741.75,1,0
Spain,Female,37.0,0.0,2,0
Spain,Female,29.0,63609.92,1,1
Spain,Female,60.0,0.0,2,0
Spain,Male,34.0,0.0,1,0
Spain,Female,32.0,0.0,2,0
Spain,Male,43.0,0.0,1,0
Spain,Female,48.0,106074.89,1,1
Spain,Male,36.0,93796.42,1,0
Spain,Male,45.0,134169.55,1,0
Spain,Female,51.0,134168.7,1,1
Spain,Female,46.0,0.0,2,0
Spain,Female,37.0,0.0,2,0
Spain,Male,37.0,0.0,2,0
Spain,Female,37.0,0.0,2,0
Spain,Female,44.0,0.0,1,1
Spain,Male,39.0,0.0,1,0
Spain,Female,46.0,0.0,2,0
Spain,Male,34.0,54980.81,1,0
Spain,Male,36.0,0.0,2,0
Spain,Female,35.0,0.0,2,0
Spain,Female,33.0,0.0,2,0
Spain,Male,35.0,61172.04,2,0
Spain,Male,34.0,162261.01,1,0
Spain,Female,44.0,0.0,1,1
Spain,Female,49.0,138032.42,1,0
Spain,Male,34.0,0.0,2,0
Spain,Female,24.0,0.0,1,0
Spain,Male,31.0,0.0,1,0
Spain,Male,46.0,0.0,2,0
Spain,Female,57.0,0.0,1,0
Spain,Male,35.0,0.0,2,0
Spain,Male,40.0,0.0,2,0
Spain,Male,37.0,121092.47,2,0
Spain,Male,36.0,0.0,1,0
Spain,Male,33.0,0.0,2,0
Spain,Female,40.0,79035.95,1,1
Spain,Male,33.0,0.0,2,0
Spain,Female,31.0,165798.76,1,1
Spain,Female,37.0,0.0,2,0
Spain,Female,39.0,0.0,2,0
Spain,Male,39.0,0.0,2,1
Spain,Female,47.0,131284.78,1,1
Spain,Male,31.0,0.0,2,0
Spain,Male,34.0,0.0,2,0
Spain,Male,42.0,0.0,2,0
Spain,Female,71.0,61688.61,2,0
Spain,Female,36.0,169832.57,1,0
Spain,Female,40.0,0.0,2,1
Spain,Male,54.0,0.0,2,0
Spain,Male,28.0,98710.89,1,0
Spain,Male,30.0,0.0,2,0
Spain,Male,52.0,0.0,1,1
Spain,Male,39.0,111973.97,1,0
Spain,Male,38.0,0.0,2,0
Spain,Male,50.0,0.0,1,1
Spain,Female,30.0,0.0,2,0
Spain,Male,34.0,0.0,1,0
Spain,Male,37.0,137948.92,1,0
Spain,Female,26.0,0.0,2,0
Spain,Male,39.0,0.0,2,0
Spain,Male,39.0,115462.07,1,0
Spain,Female,28.0,161592.76,1,1
Spain,Female,29.0,0.0,1,1
Spain,Male,42.0,0.0,1,0
Spain,Male,31.0,0.0,1,0
Spain,Female,34.0,127095.14,2,1
Spain,Male,39.0,0.0,2,0
Spain,Male,35.0,0.0,2,0
Spain,Male,39.0,0.0,1,0
Spain,Male,27.0,0.0,2,0
Spain,Male,37.0,118520.41,1,0
Spain,Male,31.0,0.0,2,0
Spain,Male,42.0,0.0,2,0
Spain,Female,49.0,114974.24,1,1
Spain,Female,29.0,133040.32,1,0
Spain,Male,39.0,0.0,1,1
Spain,Male,49.0,0.0,1,1
Spain,Male,41.0,90218.9,1,0
Spain,Male,44.0,0.0,2,0
Spain,Male,27.0,0.0,1,0
Spain,Male,26.0,0.0,2,0
Spain,Female,43.0,170172.9,1,0
Spain,Male,35.0,0.0,2,0
Spain,Female,33.0,132446.08,1,0
Spain,Female,32.0,0.0,1,0
Spain,Male,34.0,127772.18,1,0
Spain,Female,45.0,0.0,2,0
Spain,Female,33.0,0.0,1,0
Spain,Male,37.0,152341.99,1,0
Spain,Male,37.0,120915.04,1,0
Spain,Female,53.0,0.0,2,0
Spain,Male,40.0,0.0,2,0
Spain,Female,41.0,0.0,2,0
Spain,Male,35.0,133674.24,1,0
Spain,Female,38.0,171646.76,1,0
Spain,Male,31.0,175070.72,1,0
Spain,Male,28.0,0.0,1,0
Spain,Male,37.0,0.0,2,0
Spain,Female,52.0,123681.32,1,1
Spain,Female,39.0,0.0,2,0
Spain,Male,33.0,0.0,2,0
Spain,Male,58.0,0.0,1,0
Spain,Male,42.0,121542.39,1,0
Spain,Female,34.0,0.0,2,0
Spain,Female,36.0,102723.35,1,0
Spain,Male,33.0,0.0,2,0
Spain,Male,51.0,140549.77,1,1
Spain,Female,39.0,141788.63,1,0
Spain,Male,37.0,151226.98,1,0
Spain,Male,36.0,112029.83,1,1
Spain,Female,36.0,0.0,2,0
Spain,Female,41.0,142880.28,3,1
Spain,Male,24.0,0.0,1,0
Spain,Female,47.0,0.0,1,0
Spain,Male,28.0,0.0,2,0
Spain,Female,26.0,0.0,1,0
Spain,Male,33.0,0.0,2,0
Spain,Female,25.0,115115.32,2,0
Spain,Male,37.0,104485.24,2,0
Spain,Male,39.0,0.0,1,1
Spain,Male,36.0,0.0,2,0
Spain,Female,42.0,0.0,1,1
Spain,Male,21.0,98495.61,1,0
Spain,Male,34.0,153195.59,1,0
Spain,Female,29.0,147035.97,1,0
Spain,Male,31.0,0.0,2,0
Spain,Female,53.0,96763.89,1,1
Spain,Male,34.0,0.0,1,0
Spain,Male,37.0,0.0,2,0
Spain,Male,43.0,0.0,2,0
Spain,Male,32.0,92316.32,1,0
Spain,Male,28.0,0.0,2,0
Spain,Female,38.0,0.0,2,0
Spain,Male,28.0,0.0,2,0
Spain,Male,38.0,97630.02,2,0
Spain,Male,40.0,0.0,2,0
Spain,Male,40.0,0.0,2,0
Spain,Female,33.0,0.0,2,0
Spain,Male,33.0,0.0,2,0
Spain,Male,38.0,103377.81,2,1
Spain,Female,21.0,0.0,2,0
Spain,Male,36.0,0.0,1,0
Spain,Female,49.0,122394.63,1,0
Spain,Male,40.0,0.0,2,0
Spain,Male,33.0,0.0,2,0
Spain,Male,33.0,143350.02,1,0
Spain,Female,35.0,0.0,1,0
Spain,Male,32.0,0.0,2,0
Spain,Male,28.0,160599.06,2,0
Spain,Male,32.0,0.0,1,0
Spain,Female,32.0,0.0,2,0
Spain,Male,27.0,0.0,2,0
Spain,Female,46.0,0.0,1,1
Spain,Male,58.0,121233.51,1,0
Spain,Male,45.0,139825.56,1,1
Spain,Female,32.0,0.0,2,0
Spain,Female,38.0,0.0,2,0
Spain,Male,41.0,0.0,1,1
Spain,Male,42.0,0.0,1,1
Spain,Female,28.0,170856.76,1,0
Spain,Female,36.0,0.0,2,0
Spain,Male,37.0,85889.39,1,0
Spain,Male,29.0,71996.09,1,0
Spain,Male,36.0,0.0,2,0
Spain,Male,36.0,0.0,1,1
Spain,Female,42.0,0.0,2,0
Spain,Female,31.0,0.0,2,0
Spain,Female,59.0,122446.61,1,0
Spain,Male,36.0,156687.1,1,0
Spain,Female,40.0,139129.44,1,1
Spain,Male,50.0,163085.79,1,1
Spain,Female,28.0,0.0,1,0
Spain,Female,41.0,0.0,2,0
Spain,Female,35.0,0.0,2,0
Spain,Male,39.0,117438.92,1,0
Spain,Male,37.0,111179.83,2,0
Spain,Female,32.0,0.0,2,0
Spain,Male,45.0,0.0,2,0
Spain,Male,31.0,0.0,2,0
Spain,Male,46.0,103399.87,1,0
Spain,Female,38.0,0.0,2,0
Spain,Female,32.0,0.0,1,0
Spain,Female,39.0,0.0,2,0
Spain,Male,38.0,92783.68,2,0
Spain,Male,31.0,0.0,3,1
Spain,Male,34.0,0.0,2,0
Spain,Male,33.0,0.0,2,0
Spain,Male,38.0,0.0,2,0
Spain,Female,40.0,0.0,1,1
Spain,Male,32.0,0.0,1,0
Spain,Female,36.0,0.0,2,0
Spain,Male,33.0,0.0,2,0
Spain,Male,33.0,0.0,2,0
Spain,Female,44.0,0.0,2,0
Spain,Female,37.0,0.0,1,0
Spain,Male,35.0,0.0,2,0
Spain,Male,35.0,0.0,2,0
Spain,Male,35.0,118851.05,3,1
Spain,Male,31.0,0.0,2,0
Spain,Male,37.0,0.0,2,0
Spain,Male,28.0,0.0,2,0
Spain,Female,55.0,0.0,1,1
Spain,Female,34.0,0.0,2,0
Spain,Male,30.0,106920.91,1,0
Spain,Male,28.0,122929.42,2,0
Spain,Female,32.0,133616.39,1,0
Spain,Male,37.0,152212.88,2,0
Spain,Male,37.0,96939.06,1,0
Spain,Female,23.0,0.0,2,0
Spain,Female,35.0,0.0,2,0
Spain,Male,37.0,115725.24,1,0
Spain,Female,28.0,0.0,2,0
Spain,Male,27.0,108914.85,1,0
Spain,Female,25.0,0.0,2,0
Spain,Male,61.0,0.0,3,1
Spain,Male,37.0,0.0,2,0
Spain,Female,35.0,123709.46,1,0
Spain,Female,29.0,95508.2,1,0
Spain,Female,37.0,0.0,2,0
Spain,Female,30.0,0.0,2,0
Spain,Male,43.0,0.0,2,0
Spain,Female,23.0,0.0,1,0
Spain,Male,38.0,99811.44,2,1
Spain,Male,40.0,0.0,1,0
Spain,Male,40.0,0.0,2,0
Spain,Female,54.0,92316.31,2,0
Spain,Male,51.0,109799.55,2,0
Spain,Female,38.0,139430.02,1,0
Spain,Male,40.0,0.0,2,0
Spain,Male,29.0,100471.34,2,1
Spain,Female,42.0,0.0,2,0
Spain,Male,35.0,0.0,2,0
Spain,Female,35.0,133111.73,1,0
Spain,Male,30.0,0.0,2,0
Spain,Male,33.0,0.0,1,0
Spain,Male,33.0,0.0,2,0
Spain,Female,36.0,0.0,1,0
Spain,Female,38.0,0.0,2,0
Spain,Female,28.0,0.0,2,0
Spain,Male,25.0,0.0,2,0
Spain,Male,34.0,135277.96,1,0
Spain,Male,29.0,0.0,2,0
Spain,Male,36.0,0.0,2,0
Spain,Male,26.0,142724.48,1,0
Spain,Male,33.0,0.0,2,0
Spain,Female,36.0,0.0,1,1
Spain,Male,34.0,133050.65,2,0
Spain,Male,26.0,0.0,2,0
Spain,Male,37.0,0.0,2,0
Spain,Female,59.0,0.0,1,0
Spain,Male,41.0,0.0,2,0
Spain,Female,41.0,175739.0,1,0
Spain,Female,34.0,0.0,2,0
Spain,Female,38.0,0.0,2,0
Spain,Male,24.0,0.0,2,0
Spain,Male,47.0,101609.01,1,0
Spain,Male,46.0,0.0,1,0
Spain,Female,42.0,0.0,2,0
Spain,Male,33.0,0.0,2,0
Spain,Female,46.0,12459.19,1,0
Spain,Male,29.0,0.0,2,0
Spain,Male,24.0,0.0,2,0
Spain,Male,37.0,0.0,2,0
Spain,Female,39.0,0.0,2,0
Spain,Female,43.0,0.0,1,1
Spain,Male,36.0,0.0,1,1
Spain,Female,36.0,0.0,1,0
Spain,Female,43.0,0.0,1,1
Spain,Female,23.0,0.0,2,0
Spain,Male,43.0,0.0,2,0
Spain,Male,34.0,91718.9,1,0
Spain,Female,40.0,131629.17,1,0
Spain,Male,40.0,0.0,2,0
Spain,Female,41.0,0.0,1,0
Spain,Male,38.0,0.0,2,0
Spain,Male,24.0,0.0,2,0
Spain,Male,31.0,115406.97,2,0
Spain,Male,38.0,0.0,2,0
Spain,Female,36.0,0.0,2,0
Spain,Male,40.0,0.0,1,0
Spain,Female,33.0,81560.55,1,1
Spain,Female,39.0,0.0,2,0
Spain,Female,42.0,0.0,2,0
Spain,Male,41.0,82496.05,2,0
Spain,Male,35.0,0.0,2,0
Spain,Male,42.0,0.0,2,0
Spain,Female,41.0,0.0,2,0
Spain,Female,29.0,178171.04,2,0
Spain,Female,46.0,170935.94,1,1
Spain,Female,39.0,122028.65,1,1
Spain,Female,32.0,0.0,2,0
Spain,Female,37.0,0.0,1,0
Spain,Male,48.0,106934.41,1,1
Spain,Male,37.0,0.0,1,0
Spain,Female,37.0,0.0,2,0
Spain,Female,64.0,112499.42,1,0
Spain,Female,35.0,0.0,1,0
Spain,Female,35.0,0.0,1,1
Spain,Female,59.0,140197.18,2,1
Spain,Male,50.0,0.0,1,1
Spain,Female,28.0,0.0,2,0
Spain,Female,38.0,119658.49,2,0
Spain,Male,32.0,121389.78,1,0
Spain,Male,33.0,0.0,2,0
Spain,Male,41.0,81818.49,1,0
Spain,Male,59.0,0.0,1,1
Spain,Female,39.0,0.0,2,0
Spain,Female,30.0,0.0,2,0
Spain,Male,40.0,0.0,2,0
Spain,Male,37.0,0.0,2,0
Spain,Male,37.0,127806.91,2,0
Spain,Male,48.0,0.0,1,1
Spain,Female,28.0,0.0,2,0
Spain,Male,23.0,0.0,2,0
Spain,Female,63.0,82221.64,1,0
Spain,Male,51.0,0.0,3,1
Spain,Female,36.0,133950.37,1,0
Spain,Male,32.0,0.0,2,0
Spain,Male,20.0,0.0,2,0
Spain,Female,33.0,0.0,2,0
Spain,Male,35.0,0.0,2,0
Spain,Female,55.0,133676.65,1,1
Spain,Female,38.0,98800.0,1,0
Spain,Male,52.0,0.0,2,0
Spain,Male,32.0,0.0,2,0
Spain,Female,35.0,0.0,2,0
Spain,Male,31.0,0.0,2,0
Spain,Female,36.0,101470.44,1,0
Spain,Female,45.0,0.0,1,0
Spain,Male,33.0,40685.92,1,0
Spain,Male,43.0,113567.94,2,0
Spain,Female,32.0,0.0,1,0
Spain,Male,28.0,70263.83,1,0
Spain,Female,46.0,106521.49,1,0
Spain,Male,34.0,0.0,2,0
Spain,Female,52.0,0.0,1,0
Spain,Male,44.0,128100.75,1,1
Spain,Female,62.0,0.0,2,0
Spain,Male,36.0,0.0,2,0
Spain,Male,39.0,0.0,1,0
Spain,Male,40.0,0.0,2,0
Spain,Male,38.0,0.0,2,0
Spain,Male,38.0,121798.53,1,0
Spain,Male,38.0,106415.57,1,0
Spain,Female,72.0,0.0,1,1
Spain,Male,40.0,117879.32,1,1
Spain,Female,64.0,144450.58,1,0
Spain,Male,42.0,89838.71,1,0
Spain,Female,40.0,0.0,1,1
Spain,Female,40.0,0.0,2,0
Spain,Female,31.0,0.0,3,0
Spain,Female,48.0,114543.58,1,1
Spain,Male,38.0,0.0,1,1
Spain,Female,46.0,136100.69,1,1
Spain,Female,26.0,0.0,2,0
Spain,Male,46.0,0.0,2,0
Spain,Female,51.0,108867.0,1,1
Spain,Male,30.0,0.0,1,0
Spain,Female,34.0,0.0,2,0
Spain,Male,35.0,0.0,2,0
Spain,Male,46.0,0.0,2,0
Spain,Male,35.0,0.0,2,0
Spain,Male,50.0,0.0,2,0
Spain,Male,41.0,0.0,1,0
Spain,Female,35.0,52831.13,1,0
Spain,Female,33.0,0.0,2,0
Spain,Male,40.0,0.0,2,0
Spain,Female,41.0,87099.85,2,0
Spain,Male,35.0,0.0,2,0
Spain,Male,33.0,0.0,2,0
Spain,Male,30.0,0.0,2,0
Spain,Female,47.0,119706.25,1,0
Spain,Male,25.0,128514.17,1,0
Spain,Female,45.0,0.0,2,0
Spain,Female,33.0,139129.45,1,0
Spain,Male,31.0,138032.47,1,0
Spain,Female,42.0,0.0,2,0
Spain,Male,52.0,0.0,3,1
Spain,Male,33.0,136487.86,1,1
Spain,Male,32.0,0.0,2,0
Spain,Male,39.0,0.0,2,0
Spain,Male,23.0,127283.78,1,0
Spain,Male,32.0,0.0,2,0
Spain,Male,39.0,0.0,2,0
Spain,Male,36.0,0.0,1,0
Spain,Male,28.0,141649.64,1,0
Spain,Male,39.0,0.0,2,0
Spain,Female,37.0,93960.35,1,0
Spain,Male,29.0,0.0,1,0
Spain,Female,34.0,130929.02,4,0
Spain,Female,25.0,0.0,1,0
Spain,Female,42.0,0.0,2,0
Spain,Female,22.0,0.0,1,1
Spain,Female,25.0,0.0,2,0
Spain,Male,41.0,0.0,2,0
Spain,Female,48.0,0.0,1,1
Spain,Female,56.0,0.0,1,1
Spain,Male,32.0,0.0,2,0
Spain,Female,47.0,137389.77,1,0
Spain,Male,38.0,0.0,2,0
Spain,Female,41.0,112609.91,1,0
Spain,Female,37.0,0.0,2,0
Spain,Male,36.0,0.0,2,0
Spain,Male,31.0,0.0,2,0
Spain,Female,61.0,0.0,2,0
Spain,Male,35.0,132726.4,2,0
Spain,Female,40.0,82407.51,1,0
Spain,Male,40.0,168085.46,1,0
Spain,Male,25.0,132876.23,1,0
Spain,Male,35.0,0.0,2,0
Spain,Male,33.0,0.0,2,0
Spain,Female,48.0,0.0,1,1
Spain,Male,39.0,0.0,2,0
Spain,Male,30.0,0.0,2,0
Spain,Female,52.0,0.0,1,1
Spain,Male,39.0,0.0,2,0
Spain,Female,30.0,0.0,2,0
Spain,Female,40.0,0.0,2,0
Spain,Male,36.0,0.0,2,0
Spain,Female,38.0,0.0,2,0
Spain,Male,38.0,0.0,2,0
Spain,Male,24.0,146126.75,2,0
Spain,Male,27.0,85859.76,1,0
Spain,Male,35.0,115680.81,2,0
Spain,Female,30.0,184976.81,1,1
Spain,Female,31.0,0.0,2,0
Spain,Female,36.0,122311.66,1,0
Spain,Female,59.0,0.0,1,0
Spain,Female,43.0,125338.8,2,0
Spain,Female,59.0,0.0,2,0
Spain,Male,37.0,0.0,2,0
Spain,Male,41.0,0.0,1,1
Spain,Female,42.0,125437.14,1,1
Spain,Male,32.0,0.0,2,0
Spain,Male,39.0,0.0,2,0
Spain,Male,42.0,0.0,2,0
Spain,Male,37.0,0.0,2,0
Spain,Male,44.0,0.0,2,0
Spain,Male,67.0,0.0,2,1
Spain,Male,33.0,0.0,2,0
Spain,Male,34.0,0.0,2,0
Spain,Female,37.0,0.0,1,1
Spain,Female,30.0,0.0,2,0
Spain,Male,39.0,0.0,2,0
Spain,Male,39.0,0.0,2,0
Spain,Female,40.0,0.0,2,0
Spain,Female,44.0,105245.31,2,0
Spain,Male,32.0,0.0,2,0
Spain,Female,32.0,98738.99,1,0
Spain,Female,28.0,0.0,2,0
Spain,Male,39.0,0.0,2,0
Spain,Male,32.0,113537.73,1,0
Spain,Female,40.0,141223.68,1,0
Spain,Male,37.0,108128.54,1,0
Spain,Male,42.0,0.0,2,0
Spain,Male,29.0,0.0,2,0
Spain,Male,31.0,0.0,2,0
Spain,Female,55.0,103176.62,1,1
Spain,Male,34.0,0.0,2,0
Spain,Female,37.0,0.0,2,0
Spain,Male,38.0,0.0,2,0
Spain,Female,46.0,122267.84,1,0
Spain,Male,25.0,0.0,1,1
Spain,Female,46.0,127660.46,2,0
Spain,Male,36.0,0.0,1,0
Spain,Female,48.0,0.0,2,0
Spain,Male,42.0,0.0,2,0
Spain,Male,33.0,0.0,2,0
Spain,Male,31.0,0.0,2,0
Spain,Male,36.0,0.0,2,0
Spain,Male,32.0,0.0,2,0
Spain,Male,36.0,0.0,2,0
Spain,Male,19.0,130274.22,1,0
Spain,Female,35.0,0.0,1,0
Spain,Female,41.0,145295.31,1,1
Spain,Male,37.0,91546.61,2,0
Spain,Male,31.0,0.0,2,0
Spain,Male,57.0,0.0,3,1
Spain,Male,40.0,51522.75,2,0
Spain,Male,38.0,0.0,2,0
Spain,Female,40.0,97403.18,1,1
Spain,Male,31.0,0.0,2,0
Spain,Male,36.0,0.0,2,0
Spain,Female,30.0,0.0,2,0
Spain,Male,34.0,132944.53,1,0
Spain,Male,31.0,179960.2,1,0
Spain,Female,31.0,0.0,1,0
Spain,Female,33.0,0.0,1,1
Spain,Female,27.0,70417.79,2,0
Spain,Male,51.0,0.0,1,1
Spain,Male,35.0,134936.97,2,0
Spain,Female,36.0,0.0,2,0
Spain,Male,39.0,0.0,2,0
Spain,Male,32.0,0.0,1,0
Spain,Male,28.0,0.0,2,0
Spain,Male,32.0,0.0,2,0
Spain,Female,38.0,0.0,1,1
Spain,Male,40.0,82446.98,2,0
Spain,Male,26.0,0.0,2,0
Spain,Male,33.0,0.0,2,0
Spain,Male,30.0,0.0,1,0
Spain,Female,42.0,0.0,2,0
Spain,Male,67.0,0.0,2,0
Spain,Female,38.0,66582.81,2,0
Spain,Male,24.0,0.0,1,0
Spain,Male,35.0,0.0,2,0
Spain,Male,58.0,0.0,1,1
Spain,Male,29.0,209490.21,1,0
Spain,Male,26.0,101440.36,1,0
Spain,Male,26.0,155923.99,2,0
Spain,Male,38.0,0.0,2,0
Spain,Female,41.0,0.0,1,0
Spain,Female,23.0,121537.93,2,0
Spain,Male,35.0,0.0,2,0
Spain,Male,36.0,135369.71,1,0
Spain,Male,44.0,0.0,2,0
Spain,Male,44.0,108269.2,2,0
Spain,Male,31.0,0.0,2,0
Spain,Female,33.0,151233.62,1,0
Spain,Male,31.0,0.0,2,0
Spain,Female,61.0,127357.76,1,0
Spain,Male,40.0,0.0,1,1
Spain,Male,31.0,144555.94,1,0
Spain,Female,32.0,0.0,2,0
Spain,Female,28.0,0.0,2,0
Spain,Female,36.0,95624.36,1,0
Spain,Female,30.0,0.0,1,0
Spain,Female,30.0,0.0,2,0
Spain,Female,41.0,0.0,2,0
Spain,Male,44.0,103522.64,2,0
Spain,Female,50.0,94684.27,1,0
Spain,Male,27.0,0.0,2,0
Spain,Male,30.0,139859.01,1,0
Spain,Female,46.0,0.0,1,0
Spain,Female,40.0,0.0,1,0
Spain,Male,23.0,0.0,1,1
Spain,Male,56.0,0.0,2,0
Spain,Male,38.0,0.0,2,0
Spain,Female,42.0,0.0,1,1
Spain,Female,28.0,0.0,2,0
Spain,Female,45.0,146758.24,1,0
Spain,Male,32.0,0.0,1,0
Spain,Female,35.0,0.0,2,0
Spain,Female,38.0,97259.25,1,0
Spain,Female,41.0,0.0,2,0
Spain,Male,32.0,140236.98,1,0
Spain,Female,40.0,0.0,1,0
Spain,Female,50.0,0.0,2,0
Spain,Male,34.0,0.0,2,0
Spain,Male,37.0,88308.87,2,0
Spain,Male,45.0,0.0,2,0
Spain,Female,39.0,0.0,2,0
Spain,Female,42.0,0.0,1,1
Spain,Female,34.0,0.0,2,0
Spain,Female,44.0,0.0,2,0
Spain,Female,30.0,0.0,2,0
Spain,Female,32.0,0.0,2,0
Spain,Female,33.0,118838.75,1,0
Spain,Female,34.0,142711.81,1,0
Spain,Male,35.0,0.0,2,0
Spain,Female,47.0,0.0,1,1
Spain,Male,39.0,133776.86,1,0
Spain,Female,24.0,98567.1,1,0
Spain,Male,34.0,0.0,2,0
Spain,Male,36.0,0.0,2,0
Spain,Male,25.0,0.0,2,0
Spain,Female,46.0,0.0,1,1
Spain,Female,36.0,120108.56,2,0
Spain,Male,35.0,0.0,2,0
Spain,Female,61.0,0.0,4,1
Spain,Female,42.0,0.0,1,1
Spain,Male,43.0,0.0,1,1
Spain,Male,39.0,126663.54,1,0
Spain,Female,34.0,71264.5,1,0
Spain,Male,29.0,121326.98,2,0
Spain,Female,26.0,0.0,2,0
Spain,Male,41.0,28082.95,2,0
Spain,Female,42.0,0.0,1,1
Spain,Male,58.0,0.0,2,0
Spain,Male,43.0,0.0,2,0
Spain,Female,38.0,112419.92,2,0
Spain,Female,29.0,114553.49,1,0
Spain,Female,49.0,0.0,1,0
Spain,Female,38.0,117300.02,1,0
Spain,Male,32.0,0.0,2,0
Spain,Female,45.0,65612.55,1,0
Spain,Female,44.0,72594.0,1,1
Spain,Female,54.0,0.0,3,1
Spain,Male,40.0,0.0,2,1
Spain,Male,45.0,105492.53,1,1
Spain,Male,34.0,0.0,1,0
Spain,Male,30.0,148045.87,2,0
Spain,Female,47.0,95128.32,1,0
Spain,Male,31.0,126837.84,1,0
Spain,Male,33.0,0.0,2,0
Spain,Female,37.0,0.0,1,0
Spain,Female,36.0,0.0,2,0
Spain,Male,35.0,0.0,1,0
Spain,Male,47.0,161814.64,1,1
Spain,Female,49.0,0.0,2,1
Spain,Female,31.0,0.0,2,0
Spain,Female,43.0,0.0,2,0
Spain,Male,38.0,0.0,1,0
Spain,Male,39.0,0.0,2,0
Spain,Female,47.0,0.0,2,1
Spain,Male,41.0,95808.19,1,0
Spain,Male,46.0,148863.17,1,0
Spain,Female,54.0,133617.96,1,1
Spain,Female,32.0,0.0,2,0
Spain,Male,30.0,76692.22,1,1
Spain,Female,61.0,0.0,1,0
Spain,Female,44.0,0.0,1,1
Spain,Male,54.0,0.0,2,0
Spain,Female,29.0,0.0,2,0
Spain,Male,54.0,0.0,3,1
Spain,Male,53.0,121461.87,1,0
Spain,Male,39.0,0.0,2,0
Spain,Female,33.0,135095.01,1,0
Spain,Male,40.0,0.0,2,0
Spain,Female,32.0,0.0,2,0
Spain,Male,38.0,123070.89,1,0
Spain,Female,35.0,0.0,2,0
Spain,Male,41.0,0.0,2,0
Spain,Male,40.0,150555.83,1,0
Spain,Female,36.0,0.0,2,0
Spain,Female,33.0,104498.79,1,0
Spain,Female,47.0,0.0,1,1
Spain,Male,31.0,0.0,2,0
Spain,Male,34.0,137964.11,1,0
Spain,Male,42.0,99713.87,1,0
Spain,Female,42.0,0.0,2,0
Spain,Male,35.0,0.0,2,0
Spain,Male,55.0,0.0,1,1
Spain,Female,37.0,134714.7,1,0
Spain,Female,32.0,103515.39,3,1
Spain,Female,45.0,57784.22,1,0
Spain,Female,40.0,0.0,1,1
Spain,Male,18.0,0.0,2,0
Spain,Female,33.0,0.0,2,0
Spain,Female,29.0,134446.04,1,0
Spain,Male,40.0,0.0,1,1
Spain,Male,28.0,0.0,2,0
Spain,Male,29.0,111855.03,1,0
Spain,Female,28.0,95328.6,1,0
Spain,Male,62.0,0.0,2,0
Spain,Female,31.0,0.0,1,0
Spain,Female,27.0,174853.52,1,0
Spain,Female,34.0,96674.55,2,0
Spain,Male,41.0,0.0,2,0
Spain,Male,40.0,0.0,2,0
Spain,Male,35.0,0.0,2,0
Spain,Male,29.0,0.0,2,0
Spain,Male,34.0,0.0,2,0
Spain,Male,29.0,123711.73,1,0
Spain,Female,39.0,0.0,2,0
Spain,Male,44.0,0.0,2,0
Spain,Female,33.0,0.0,1,1
Spain,Male,36.0,0.0,1,1
Spain,Male,44.0,0.0,2,0
Spain,Female,35.0,0.0,1,0
Spain,Female,66.0,0.0,1,0
Spain,Female,36.0,0.0,2,0
Spain,Female,32.0,0.0,2,0
Spain,Male,40.0,109387.9,2,0
Spain,Female,34.0,93614.71,1,0
Spain,Male,35.0,0.0,2,0
Spain,Male,27.0,77856.9,1,0
Spain,Male,22.0,0.0,2,0
Spain,Female,37.0,0.0,2,0
Spain,Female,28.0,0.0,2,0
Spain,Male,38.0,0.0,2,0
Spain,Male,35.0,0.0,1,0
Spain,Male,33.0,0.0,1,0
Spain,Male,35.0,0.0,2,0
Spain,Female,39.0,85600.08,2,0
Spain,Male,33.0,89838.71,1,0
Spain,Female,36.0,0.0,2,0
Spain,Female,33.0,0.0,2,0
Spain,Male,31.0,0.0,2,0
Spain,Male,37.0,0.0,2,0
Spain,Female,34.0,0.0,2,0
Spain,Female,30.0,0.0,2,0
Spain,Female,38.0,0.0,2,0
Spain,Male,39.0,0.0,1,0
Spain,Female,21.0,0.0,2,0
Spain,Male,36.0,0.0,2,0
Spain,Male,30.0,113872.31,1,0
Spain,Female,29.0,127739.73,2,0
Spain,Female,34.0,0.0,1,0
Spain,Male,36.0,0.0,2,0
Spain,Female,37.0,0.0,2,0
Spain,Female,33.0,0.0,2,0
Spain,Male,30.0,0.0,1,0
Spain,Male,33.0,115371.94,1,0
Spain,Male,36.0,0.0,2,0
Spain,Male,33.0,0.0,2,0
Spain,Male,43.0,172196.23,1,0
Spain,Female,35.0,124577.33,1,0
Spain,Female,28.0,0.0,2,0
Spain,Female,26.0,0.0,1,0
Spain,Male,32.0,0.0,2,0
Spain,Female,51.0,0.0,1,1
Spain,Female,39.0,171848.38,1,1
Spain,Female,30.0,0.0,1,1
Spain,Male,39.0,0.0,2,0
Spain,Male,39.0,0.0,2,0
Spain,Male,32.0,0.0,1,0
Spain,Male,34.0,0.0,1,0
Spain,Male,40.0,0.0,2,0
Spain,Female,33.0,0.0,2,0
Spain,Female,32.0,0.0,1,1
Spain,Female,45.0,102994.04,1,0
Spain,Male,25.0,0.0,2,0
Spain,Female,24.0,0.0,2,0
Spain,Female,46.0,0.0,2,0
Spain,Male,38.0,0.0,1,1
Spain,Male,37.0,0.0,2,0
Spain,Female,40.0,0.0,1,1
Spain,Female,36.0,0.0,1,0
Spain,Female,39.0,0.0,2,0
Spain,Female,36.0,0.0,2,0
Spain,Female,41.0,106089.2,3,1
Spain,Male,43.0,86542.48,2,0
Spain,Female,34.0,0.0,1,1
Spain,Female,37.0,0.0,2,0
Spain,Male,22.0,0.0,2,0
Spain,Female,37.0,0.0,2,0
Spain,Male,31.0,0.0,1,0
Spain,Male,42.0,0.0,2,0
Spain,Male,37.0,0.0,2,0
Spain,Male,33.0,133964.4,1,0
Spain,Male,29.0,146343.98,1,0
Spain,Female,38.0,0.0,2,0
Spain,Female,33.0,115766.71,1,0
Spain,Male,40.0,0.0,2,0
Spain,Male,30.0,0.0,2,0
Spain,Male,55.0,0.0,2,0
Spain,Male,30.0,128393.29,1,0
Spain,Male,72.0,83549.79,1,0
Spain,Female,36.0,99842.5,1,0
Spain,Female,35.0,0.0,2,0
Spain,Male,47.0,0.0,2,1
Spain,Male,35.0,0.0,1,0
Spain,Female,32.0,0.0,1,0
Spain,Male,31.0,0.0,2,0
Spain,Male,31.0,0.0,2,0
Spain,Male,38.0,0.0,2,0
Spain,Male,30.0,0.0,1,0
Spain,Male,48.0,0.0,2,0
Spain,Male,42.0,0.0,3,0
Spain,Male,38.0,0.0,2,0
Spain,Male,43.0,0.0,1,1
Spain,Male,32.0,105728.98,1,0
Spain,Male,27.0,0.0,1,0
Spain,Female,56.0,0.0,1,0
Spain,Male,38.0,0.0,2,0
Spain,Male,32.0,0.0,2,0
Spain,Male,33.0,0.0,2,0
Spain,Female,49.0,0.0,2,0
Spain,Male,37.0,115895.22,1,0
Spain,Male,38.0,0.0,2,0
Spain,Female,31.0,128412.61,1,0
Spain,Male,34.0,100628.0,2,1
Spain,Female,23.0,53299.96,1,0
Spain,Male,30.0,133618.01,1,0
Spain,Female,37.0,0.0,2,0
Spain,Male,35.0,61172.04,1,0
Spain,Male,33.0,0.0,2,0
Spain,Male,35.0,0.0,1,1
Spain,Male,69.0,0.0,1,1
Spain,Female,39.0,0.0,1,0
Spain,Female,32.0,0.0,1,0
Spain,Male,38.0,0.0,2,0
Spain,Male,28.0,0.0,2,0
Spain,Female,34.0,0.0,1,0
Spain,Female,59.0,0.0,1,1
Spain,Female,31.0,0.0,2,0
Spain,Male,40.0,130878.81,1,0
Spain,Male,30.0,135370.12,1,0
Spain,Female,26.0,0.0,2,0
Spain,Male,33.0,106570.39,1,0
Spain,Male,40.0,0.0,2,0
Spain,Female,37.0,129937.87,1,0
Spain,Male,32.0,0.0,2,0
Spain,Male,37.0,101528.61,1,0
Spain,Male,34.0,0.0,1,0
Spain,Female,35.0,0.0,2,0
Spain,Female,38.0,0.0,2,0
Spain,Female,30.0,108128.82,1,0
Spain,Male,33.0,0.0,2,0
Spain,Male,26.0,109958.15,1,1
Spain,Male,37.0,0.0,2,0
Spain,Male,26.0,0.0,2,0
Spain,Female,42.0,0.0,2,0
Spain,Male,63.0,136258.06,1,1
Spain,Female,32.0,0.0,3,0
Spain,Female,41.0,0.0,2,0
Spain,Female,28.0,153366.7,1,0
Spain,Female,49.0,0.0,2,0
Spain,Male,38.0,0.0,2,0
Spain,Male,33.0,0.0,2,0
Spain,Female,26.0,0.0,2,0
Spain,Female,46.0,0.0,2,0
Spain,Male,34.0,0.0,2,0
Spain,Male,37.0,0.0,1,0
Spain,Male,40.0,0.0,2,0
Spain,Female,28.0,110934.49,1,0
Spain,Male,36.0,0.0,2,0
Spain,Male,34.0,0.0,1,0
Spain,Male,29.0,0.0,2,0
Spain,Male,59.0,82759.48,1,1
Spain,Male,33.0,0.0,2,0
Spain,Male,51.0,0.0,1,1
Spain,Female,36.0,121237.65,1,1
Spain,Male,33.0,0.0,2,0
Spain,Male,38.0,75075.14,1,0
Spain,Male,28.0,0.0,2,0
Spain,Male,46.0,118614.4,1,1
Spain,Female,41.0,0.0,2,0
Spain,Male,34.0,105799.32,1,0
Spain,Male,28.0,0.0,2,0
Spain,Female,40.0,79035.95,1,0
Spain,Male,37.0,0.0,2,0
Spain,Male,37.0,0.0,2,0
Spain,Female,36.0,0.0,2,0
Spain,Male,37.0,0.0,2,0
Spain,Female,48.0,0.0,1,1
Spain,Male,35.0,73218.89,1,0
Spain,Male,37.0,0.0,2,0
Spain,Female,32.0,0.0,2,0
Spain,Male,31.0,143566.01,1,0
Spain,Female,42.0,0.0,2,0
Spain,Male,31.0,0.0,1,0
Spain,Male,29.0,0.0,2,0
Spain,Female,71.0,0.0,2,0
Spain,Female,46.0,138190.13,2,0
Spain,Male,55.0,133334.64,1,0
Spain,Male,31.0,0.0,2,0
Spain,Male,37.0,0.0,2,0
Spain,Male,28.0,0.0,2,1
Spain,Female,45.0,125849.41,1,1
Spain,Male,57.0,0.0,2,0
Spain,Female,48.0,127771.35,2,1
Spain,Male,33.0,0.0,2,0
Spain,Female,45.0,99886.13,2,0
Spain,Male,28.0,0.0,2,0
Spain,Male,37.0,0.0,2,0
Spain,Female,24.0,0.0,2,0
Spain,Male,39.0,0.0,2,0
Spain,Female,29.0,0.0,2,0
Spain,Male,54.0,0.0,1,0
Spain,Male,47.0,0.0,1,1
Spain,Male,33.0,92316.56,1,0
Spain,Male,34.0,0.0,2,0
Spain,Male,33.0,128306.7,1,0
Spain,Female,30.0,121345.88,2,0
Spain,Male,39.0,0.0,2,0
Spain,Male,34.0,151732.57,1,0
Spain,Female,45.0,0.0,2,0
Spain,Female,42.0,0.0,2,0
Spain,Male,49.0,0.0,2,0
Spain,Male,46.0,141287.15,1,1
Spain,Female,43.0,0.0,1,1
Spain,Male,33.0,0.0,2,0
Spain,Male,36.0,0.0,1,0
Spain,Male,34.0,0.0,2,0
Spain,Female,32.0,99097.36,1,0
Spain,Male,36.0,0.0,1,0
Spain,Female,31.0,0.0,2,0
Spain,Female,55.0,0.0,1,1
Spain,Male,33.0,178056.54,2,0
Spain,Male,36.0,0.0,2,0
Spain,Female,36.0,148874.01,2,0
Spain,Female,32.0,0.0,2,0
Spain,Female,49.0,0.0,1,1
Spain,Female,32.0,125927.15,1,0
Spain,Male,36.0,0.0,2,0
Spain,Female,36.0,0.0,2,0
Spain,Male,58.0,122330.7,2,0
Spain,Male,44.0,138843.7,1,0
Spain,Male,38.0,0.0,2,0
Spain,Male,36.0,0.0,2,0
Spain,Male,34.0,116079.92,2,0
Spain,Male,33.0,0.0,2,0
Spain,Female,40.0,0.0,2,0
Spain,Female,26.0,0.0,2,0
Spain,Male,41.0,0.0,2,0
Spain,Male,42.0,0.0,1,0
Spain,Male,38.0,0.0,2,0
Spain,Female,54.0,0.0,1,0
Spain,Male,29.0,0.0,2,0
Spain,Female,44.0,0.0,1,1
Spain,Female,50.0,0.0,2,0
Spain,Female,29.0,53469.21,1,1
Spain,Female,47.0,0.0,1,0
Spain,Female,43.0,0.0,2,0
Spain,Female,35.0,0.0,2,0
Spain,Female,35.0,163943.69,1,0
Spain,Male,32.0,0.0,2,0
Spain,Male,25.0,98752.03,1,0
Spain,Male,39.0,0.0,2,0
Spain,Male,39.0,0.0,1,1
Spain,Male,25.0,140576.11,1,0
Spain,Male,38.0,0.0,2,0
Spain,Female,39.0,0.0,1,0
Spain,Male,37.0,0.0,2,0
Spain,Male,39.0,0.0,2,0
Spain,Male,37.0,0.0,2,0
Spain,Female,52.0,0.0,2,0
Spain,Male,29.0,0.0,2,0
Spain,Male,26.0,0.0,2,0
Spain,Female,41.0,0.0,2,0
Spain,Male,37.0,91287.82,1,0
Spain,Male,50.0,126815.97,2,1
Spain,Male,35.0,141078.37,1,0
Spain,Male,46.0,0.0,2,0
Spain,Male,43.0,0.0,2,0
Spain,Male,46.0,61710.44,2,0
Spain,Male,34.0,0.0,2,0
Spain,Male,58.0,131240.06,2,0
Spain,Male,20.0,0.0,2,0
Spain,Male,34.0,0.0,2,0
Spain,Male,30.0,0.0,2,0
Spain,Male,40.0,153195.59,1,0
Spain,Male,33.0,0.0,2,0
Spain,Male,35.0,128743.26,1,0
Spain,Male,42.0,92783.68,1,0
Spain,Male,36.0,0.0,1,0
Spain,Male,30.0,0.0,2,0
Spain,Female,44.0,133550.87,1,1
Spain,Female,43.0,0.0,1,1
Spain,Male,26.0,134996.05,1,0
Spain,Female,48.0,0.0,2,0
Spain,Male,36.0,0.0,2,0
Spain,Male,40.0,0.0,2,0
Spain,Male,47.0,0.0,2,0
Spain,Male,39.0,0.0,2,0
Spain,Male,36.0,121428.65,1,0
Spain,Female,37.0,0.0,2,0
Spain,Male,37.0,0.0,2,0
Spain,Male,28.0,0.0,2,0
Spain,Male,36.0,0.0,2,0
Spain,Female,38.0,0.0,2,0
Spain,Female,26.0,72945.64,2,0
Spain,Female,32.0,0.0,2,0
Spain,Male,26.0,0.0,2,0
Spain,Male,37.0,124969.13,1,0
Spain,Female,37.0,0.0,1,1
Spain,Female,43.0,109679.72,1,0
Spain,Male,38.0,0.0,2,0
Spain,Male,41.0,89685.92,1,1
Spain,Male,39.0,0.0,1,1
Spain,Male,31.0,0.0,2,0
Spain,Female,40.0,0.0,1,1
Spain,Male,36.0,0.0,1,1
Spain,Female,35.0,167878.5,1,0
Spain,Male,29.0,0.0,2,0
Spain,Male,30.0,125977.81,1,0
Spain,Male,31.0,0.0,2,0
Spain,Female,32.0,130142.79,2,0
Spain,Female,31.0,0.0,2,0
Spain,Male,37.0,120130.26,1,0
Spain,Male,22.0,134796.05,1,0
Spain,Female,53.0,0.0,1,1
Spain,Female,52.0,125552.96,1,1
Spain,Female,40.0,130334.35,1,0
Spain,Female,21.0,0.0,1,0
Spain,Female,40.0,0.0,2,0
Spain,Male,32.0,0.0,2,0
Spain,Male,29.0,0.0,2,1
Spain,Male,42.0,0.0,2,0
Spain,Female,34.0,123699.28,2,0
Spain,Female,40.0,0.0,1,0
Spain,Male,36.0,0.0,2,0
Spain,Male,25.0,137714.4,2,1
Spain,Female,40.0,66483.32,1,0
Spain,Female,36.0,0.0,2,0
Spain,Male,29.0,0.0,2,0
Spain,Male,30.0,0.0,2,0
Spain,Male,45.0,0.0,1,0
Spain,Male,51.0,0.0,1,1
Spain,Female,31.0,0.0,2,0
Spain,Male,34.0,0.0,1,0
Spain,Male,45.0,0.0,1,0
Spain,Male,37.0,0.0,1,0
Spain,Male,55.0,0.0,1,1
Spain,Male,41.0,0.0,2,0
Spain,Male,39.0,0.0,2,0
Spain,Male,39.0,125906.39,1,1
Spain,Male,48.0,0.0,2,0
Spain,Male,38.0,0.0,1,1
Spain,Female,35.0,0.0,2,0
Spain,Male,21.0,0.0,2,0
Spain,Female,39.0,0.0,2,0
Spain,Male,38.0,0.0,2,0
Spain,Male,33.0,0.0,2,0
Spain,Female,47.0,0.0,1,1
Spain,Female,55.0,0.0,1,0
Spain,Female,31.0,0.0,2,0
Spain,Male,26.0,0.0,2,0
Spain,Female,39.0,151914.93,1,0
Spain,Female,44.0,0.0,2,0
Spain,Male,31.0,0.0,2,0
Spain,Male,36.0,129934.64,1,0
Spain,Male,35.0,0.0,1,0
Spain,Male,28.0,0.0,2,0
Spain,Male,37.0,144961.97,2,1
Spain,Male,66.0,0.0,1,0
Spain,Male,36.0,0.0,1,0
Spain,Male,40.0,137523.02,1,0
Spain,Female,42.0,0.0,2,0
Spain,Male,33.0,0.0,2,0
Spain,Female,36.0,0.0,1,1
Spain,Male,22.0,0.0,2,0
Spain,Male,29.0,0.0,1,1
Spain,Female,51.0,0.0,1,1
Spain,Male,55.0,132526.9,1,0
Spain,Male,40.0,127738.75,1,0
Spain,Female,50.0,109908.06,2,1
Spain,Male,31.0,0.0,2,0
Spain,Female,35.0,131411.24,1,0
Spain,Male,33.0,0.0,2,0
Spain,Female,49.0,78829.5,1,1
Spain,Male,27.0,0.0,2,0
Spain,Female,49.0,0.0,1,1
Spain,Male,36.0,0.0,2,0
Spain,Female,40.0,0.0,2,0
Spain,Female,29.0,0.0,2,0
Spain,Female,33.0,0.0,2,0
Spain,Female,36.0,148874.39,1,0
Spain,Male,36.0,0.0,2,0
Spain,Female,37.0,0.0,2,0
Spain,Female,44.0,0.0,2,0
Spain,Female,38.0,0.0,2,0
Spain,Male,34.0,0.0,1,0
Spain,Male,31.0,0.0,2,0
Spain,Male,32.0,145081.77,1,0
Spain,Male,50.0,0.0,2,0
Spain,Male,38.0,0.0,2,0
Spain,Male,32.0,0.0,2,0
Spain,Female,42.0,77526.66,1,0
Spain,Male,32.0,0.0,2,0
Spain,Male,47.0,0.0,1,1
Spain,Female,56.0,90778.76,2,0
Spain,Female,44.0,0.0,1,1
Spain,Male,38.0,0.0,2,0
Spain,Male,38.0,0.0,2,0
Spain,Male,35.0,0.0,1,1
Spain,Male,34.0,0.0,2,0
Spain,Female,40.0,0.0,2,0
Spain,Male,45.0,83195.12,1,0
Spain,Female,46.0,124547.13,2,0
Spain,Female,41.0,0.0,1,0
Spain,Male,39.0,148962.76,2,0
Spain,Female,46.0,0.0,3,1
Spain,Female,23.0,0.0,2,0
Spain,Male,39.0,152326.65,1,1
Spain,Male,50.0,0.0,1,0
Spain,Female,47.0,0.0,1,1
Spain,Female,48.0,0.0,2,0
Spain,Male,34.0,0.0,2,0
Spain,Male,36.0,0.0,1,0
Spain,Male,26.0,0.0,2,0
Spain,Female,45.0,0.0,1,1
Spain,Female,35.0,176273.95,2,0
Spain,Male,34.0,0.0,2,0
Spain,Male,62.0,0.0,2,1
Spain,Male,35.0,137936.94,2,0
Spain,Male,33.0,0.0,2,0
Spain,Male,28.0,0.0,2,0
Spain,Female,34.0,116471.43,1,0
Spain,Male,43.0,97792.21,1,0
Spain,Female,25.0,145018.64,1,0
Spain,Male,38.0,0.0,2,0
Spain,Female,45.0,0.0,2,0
Spain,Male,38.0,0.0,2,0
Spain,Male,40.0,81173.83,2,0
Spain,Male,21.0,0.0,2,0
Spain,Male,41.0,0.0,2,0
Spain,Male,34.0,0.0,2,0
Spain,Female,36.0,133204.91,1,0
Spain,Male,37.0,0.0,2,0
Spain,Female,37.0,0.0,2,1
Spain,Male,30.0,0.0,2,0
Spain,Male,57.0,159397.75,1,1
Spain,Male,31.0,0.0,2,0
Spain,Female,30.0,0.0,2,0
Spain,Female,36.0,0.0,2,0
Spain,Male,59.0,0.0,2,0
Spain,Female,53.0,138053.67,1,1
Spain,Female,33.0,0.0,2,0
Spain,Male,27.0,0.0,2,0
Spain,Female,35.0,0.0,1,0
Spain,Female,35.0,0.0,2,0
Spain,Male,40.0,0.0,2,0
Spain,Female,30.0,69413.44,1,0
Spain,Female,28.0,168253.21,2,0
Spain,Female,56.0,0.0,3,1
Spain,Male,51.0,0.0,2,0
Spain,Male,37.0,0.0,1,0
Spain,Male,66.0,0.0,1,0
Spain,Male,35.0,0.0,2,0
Spain,Female,41.0,0.0,1,0
Spain,Male,32.0,120591.19,1,0
Spain,Male,44.0,0.0,2,0
Spain,Female,25.0,116803.8,1,0
Spain,Male,27.0,0.0,2,0
Spain,Female,46.0,130334.68,1,0
Spain,Male,58.0,0.0,2,0
Spain,Male,36.0,0.0,1,0
Spain,Female,34.0,0.0,2,0
Spain,Female,47.0,0.0,1,1
Spain,Male,31.0,0.0,2,0
Spain,Male,29.0,0.0,2,0
Spain,Male,35.0,105419.57,1,0
Spain,Male,51.0,0.0,2,0
Spain,Male,31.0,0.0,2,0
Spain,Female,52.0,0.0,1,1
Spain,Male,39.0,129735.3,2,0
Spain,Male,37.0,137300.23,1,0
Spain,Female,54.0,0.0,3,1
Spain,Female,37.0,0.0,2,0
Spain,Male,43.0,0.0,2,0
Spain,Male,38.0,0.0,2,0
Spain,Female,36.0,132959.8,1,0
Spain,Male,32.0,0.0,2,0
Spain,Female,46.0,0.0,2,0
Spain,Male,31.0,0.0,2,0
Spain,Female,38.0,0.0,2,0
Spain,Female,48.0,0.0,2,0
Spain,Female,29.0,0.0,3,1
Spain,Male,24.0,0.0,2,0
Spain,Male,34.0,0.0,2,0
Spain,Male,39.0,0.0,2,0
Spain,Female,37.0,140197.44,1,0
Spain,Female,35.0,0.0,2,0
Spain,Male,42.0,0.0,2,0
Spain,Male,37.0,145766.72,1,0
Spain,Female,52.0,0.0,2,0
Spain,Female,40.0,0.0,2,0
Spain,Female,37.0,83888.54,1,0
Spain,Female,36.0,0.0,2,0
Spain,Female,43.0,128412.61,1,0
Spain,Male,51.0,0.0,1,0
Spain,Male,53.0,0.0,2,0
Spain,Male,61.0,0.0,3,1
Spain,Male,37.0,109044.1,2,0
Spain,Female,20.0,0.0,2,0
Spain,Male,42.0,135851.5,1,0
Spain,Female,28.0,0.0,2,0
Spain,Female,33.0,0.0,2,0
Spain,Female,51.0,0.0,2,0
Spain,Female,49.0,110132.55,1,0
Spain,Male,30.0,0.0,2,0
Spain,Male,47.0,0.0,1,1
Spain,Male,34.0,0.0,1,0
Spain,Male,21.0,0.0,2,0
Spain,Male,30.0,106603.74,1,0
Spain,Female,39.0,0.0,2,0
Spain,Male,44.0,0.0,1,0
Spain,Female,42.0,0.0,2,0
Spain,Male,37.0,127864.4,1,0
Spain,Male,48.0,148159.71,2,0
Spain,Female,32.0,0.0,2,0
Spain,Male,34.0,0.0,2,0
Spain,Female,47.0,0.0,2,0
Spain,Female,46.0,0.0,1,0
Spain,Female,20.0,0.0,2,0
Spain,Male,35.0,0.0,2,0
Spain,Female,48.0,0.0,1,1
Spain,Female,41.0,0.0,1,1
Spain,Female,31.0,0.0,2,0
Spain,Female,45.0,0.0,1,0
Spain,Male,33.0,106345.85,1,0
Spain,Female,35.0,0.0,2,0
Spain,Male,36.0,0.0,2,0
Spain,Male,36.0,0.0,2,0
Spain,Male,35.0,0.0,2,0
Spain,Male,53.0,117140.57,2,0
Spain,Male,26.0,138022.06,1,0
Spain,Male,58.0,153611.83,1,1
Spain,Male,37.0,0.0,2,0
Spain,Female,32.0,0.0,2,0
Spain,Male,36.0,0.0,1,0
Spain,Male,64.0,0.0,1,0
Spain,Male,47.0,106758.6,1,0
Spain,Female,33.0,107426.35,1,1
Spain,Male,51.0,152788.59,2,0
Spain,Male,38.0,121542.4,1,0
Spain,Female,66.0,0.0,1,1
Spain,Male,38.0,0.0,2,0
Spain,Male,33.0,0.0,1,0
Spain,Female,33.0,75990.97,2,1
Spain,Male,37.0,0.0,2,0
Spain,Male,31.0,238387.56,3,1
Spain,Male,28.0,165413.43,2,0
Spain,Female,72.0,98903.06,1,1
Spain,Male,32.0,0.0,2,0
Spain,Male,30.0,0.0,2,0
Spain,Male,58.0,110153.27,1,1
Spain,Male,45.0,160610.88,1,1
Spain,Male,30.0,0.0,1,1
Spain,Female,42.0,69617.36,1,1
Spain,Female,31.0,0.0,2,0
Spain,Male,34.0,96893.24,1,0
Spain,Male,28.0,0.0,2,0
Spain,Female,34.0,0.0,1,0
Spain,Male,43.0,0.0,2,0
Spain,Female,39.0,0.0,2,0
Spain,Male,36.0,0.0,2,0
Spain,Male,40.0,0.0,2,0
Spain,Male,34.0,0.0,2,0
Spain,Male,21.0,129974.06,1,0
Spain,Male,25.0,0.0,1,0
Spain,Male,43.0,128393.29,1,0
Spain,Female,48.0,0.0,2,0
Spain,Male,37.0,0.0,2,0
Spain,Female,39.0,0.0,2,0
Spain,Female,47.0,0.0,1,0
Spain,Male,41.0,0.0,2,0
Spain,Male,37.0,0.0,2,0
Spain,Male,43.0,0.0,1,0
Spain,Female,28.0,83895.24,2,0
Spain,Female,25.0,121166.89,1,0
Spain,Male,42.0,106920.91,2,0
Spain,Male,38.0,101487.18,2,0
Spain,Male,36.0,141796.67,1,0
Spain,Male,38.0,0.0,2,0
Spain,Male,29.0,0.0,2,0
Spain,Male,28.0,0.0,2,0
Spain,Female,42.0,121056.63,1,1
Spain,Male,31.0,0.0,2,0
Spain,Male,29.0,0.0,2,0
Spain,Female,31.0,0.0,2,0
Spain,Female,33.0,0.0,2,0
Spain,Male,32.0,0.0,2,0
Spain,Male,38.0,108541.04,1,0
Spain,Male,39.0,87645.29,1,0
Spain,Male,32.0,0.0,2,0
Spain,Female,35.0,0.0,2,0
Spain,Female,42.0,56580.93,1,0
Spain,Male,42.0,0.0,2,0
Spain,Female,39.0,0.0,2,0
Spain,Male,31.0,0.0,2,0
Spain,Female,42.0,0.0,1,1
Spain,Male,58.0,0.0,2,0
Spain,Female,70.0,0.0,2,0
Spain,Male,42.0,0.0,2,0
Spain,Female,26.0,123978.3,1,0
Spain,Female,38.0,0.0,2,0
Spain,Male,31.0,0.0,1,1
Spain,Female,42.0,0.0,2,1
Spain,Male,36.0,0.0,1,0
Spain,Male,34.0,0.0,2,0
Spain,Male,32.0,0.0,2,0
Spain,Male,35.0,103210.27,2,0
Spain,Male,45.0,164978.01,1,0
Spain,Female,31.0,0.0,2,0
Spain,Female,34.0,0.0,2,0
Spain,Female,42.0,0.0,2,0
Spain,Female,36.0,0.0,2,0
Spain,Male,35.0,0.0,2,0
Spain,Male,33.0,154983.98,2,0
Spain,Male,39.0,0.0,2,0
Spain,Male,33.0,0.0,2,0
Spain,Male,35.0,125529.55,1,0
Spain,Male,39.0,0.0,2,0
Spain,Male,35.0,0.0,2,0
Spain,Male,33.0,151607.56,1,0
Spain,Male,46.0,96619.07,1,1
Spain,Female,43.0,0.0,2,0
Spain,Female,41.0,152663.96,2,0
Spain,Male,32.0,0.0,2,0
Spain,Male,60.0,121161.57,2,0
Spain,Female,34.0,0.0,2,0
Spain,Female,38.0,0.0,2,0
Spain,Male,66.0,115654.47,2,0
Spain,Male,48.0,92474.05,1,0
Spain,Female,53.0,148667.94,1,0
Spain,Male,43.0,0.0,1,1
Spain,Male,40.0,105683.63,1,0
Spain,Female,32.0,0.0,2,0
Spain,Female,36.0,0.0,2,0
Spain,Male,43.0,0.0,1,0
Spain,Female,29.0,0.0,2,0
Spain,Male,38.0,0.0,2,0
Spain,Female,30.0,82344.84,1,0
Spain,Female,33.0,112687.69,1,0
Spain,Male,37.0,113905.68,1,0
Spain,Female,31.0,0.0,2,0
Spain,Male,29.0,170557.91,2,0
Spain,Male,34.0,0.0,2,0
Spain,Male,25.0,0.0,2,0
Spain,Male,27.0,0.0,1,0
Spain,Female,33.0,91955.31,1,0
Spain,Female,36.0,0.0,2,0
Spain,Male,39.0,0.0,2,0
Spain,Male,33.0,0.0,2,0
Spain,Female,40.0,68639.57,1,0
Spain,Male,24.0,101266.51,1,0
Spain,Male,47.0,162318.61,1,0
Spain,Female,42.0,93577.3,1,1
Spain,Female,43.0,0.0,2,1
Spain,Male,26.0,0.0,2,0
Spain,Male,43.0,0.0,2,1
Spain,Male,43.0,84903.33,2,0
Spain,Male,33.0,131040.24,1,0
Spain,Male,24.0,0.0,1,1
Spain,Male,36.0,0.0,2,0
Spain,Male,41.0,0.0,2,0
Spain,Male,35.0,0.0,2,0
Spain,Male,39.0,135096.03,2,0
Spain,Male,40.0,0.0,2,0
Spain,Male,42.0,0.0,2,0
Spain,Female,40.0,157761.7,1,1
Spain,Male,37.0,0.0,2,0
Spain,Male,30.0,0.0,2,0
Spain,Male,39.0,0.0,2,0
Spain,Female,39.0,0.0,1,0
Spain,Male,44.0,0.0,2,1
Spain,Female,30.0,0.0,2,0
Spain,Female,60.0,0.0,1,1
Spain,Male,22.0,125341.69,1,0
Spain,Male,29.0,83889.03,2,0
Spain,Male,45.0,99842.6,1,0
Spain,Female,28.0,0.0,2,0
Spain,Male,42.0,133105.47,1,0
Spain,Female,29.0,0.0,2,0
Spain,Male,37.0,118097.78,1,0
Spain,Male,48.0,0.0,1,1
Spain,Male,33.0,0.0,1,0
Spain,Male,55.0,0.0,2,0
Spain,Female,49.0,0.0,3,1
Spain,Male,38.0,97338.19,2,0
Spain,Female,37.0,0.0,2,0
Spain,Female,39.0,93716.67,1,1
Spain,Female,43.0,86053.52,2,0
Spain,Female,30.0,100548.66,1,0
Spain,Male,34.0,0.0,2,0
Spain,Female,33.0,92930.92,1,1
Spain,Female,36.0,0.0,2,0
Spain,Male,23.0,0.0,1,0
Spain,Male,39.0,152347.01,1,0
Spain,Female,31.0,0.0,2,0
Spain,Male,41.0,0.0,1,1
Spain,Male,23.0,0.0,2,0
Spain,Male,52.0,118207.69,1,1
Spain,Female,27.0,0.0,2,0
Spain,Female,29.0,0.0,2,0
Spain,Female,55.0,109052.57,1,0
Spain,Female,26.0,127837.64,1,0
Spain,Male,29.0,135842.7,1,0
Spain,Male,31.0,113836.27,1,0
Spain,Female,56.0,0.0,3,1
Spain,Male,26.0,0.0,2,0
Spain,Female,34.0,0.0,2,0
Spain,Male,35.0,0.0,2,0
Spain,Male,43.0,133436.52,1,0
Spain,Male,31.0,0.0,1,0
Spain,Male,24.0,0.0,2,0
Spain,Male,33.0,0.0,2,0
Spain,Female,47.0,0.0,1,1
Spain,Female,57.0,0.0,2,0
Spain,Male,24.0,0.0,1,0
Spain,Female,56.0,91622.56,1,0
Spain,Male,47.0,0.0,1,1
Spain,Male,38.0,144856.77,1,0
Spain,Male,18.0,0.0,2,0
Spain,Male,37.0,99811.71,1,0
Spain,Female,18.0,185891.54,1,0
Spain,Male,45.0,74963.5,1,0
Spain,Male,34.0,0.0,1,0
Spain,Female,38.0,88311.48,1,0
Spain,Female,37.0,0.0,1,0
Spain,Male,42.0,0.0,2,0
Spain,Male,40.0,84560.04,1,0
Spain,Female,28.0,0.0,2,0
Spain,Male,31.0,139432.11,1,0
Spain,Male,25.0,0.0,2,1
Spain,Male,37.0,0.0,2,0
Spain,Female,40.0,136980.23,1,0
Spain,Male,40.0,0.0,2,0
Spain,Male,36.0,0.0,2,0
Spain,Male,34.0,0.0,1,0
Spain,Male,49.0,0.0,3,1
Spain,Male,38.0,0.0,2,0
Spain,Female,35.0,0.0,1,1
Spain,Male,44.0,106920.91,2,0
Spain,Male,29.0,0.0,2,0
Spain,Female,38.0,104960.46,1,0
Spain,Female,38.0,0.0,2,0
Spain,Male,37.0,0.0,2,0
Spain,Female,30.0,138296.94,1,0
Spain,Male,37.0,0.0,2,0
Spain,Male,44.0,0.0,1,0
Spain,Male,32.0,0.0,1,0
Spain,Female,38.0,113829.45,1,0
Spain,Male,38.0,0.0,1,1
Spain,Female,31.0,0.0,1,0
Spain,Male,29.0,142704.99,1,0
Spain,Male,39.0,116546.76,1,0
Spain,Male,43.0,0.0,2,1
Spain,Male,38.0,0.0,2,0
Spain,Male,34.0,0.0,2,0
Spain,Female,35.0,0.0,2,0
Spain,Female,27.0,122924.75,1,0
Spain,Female,38.0,0.0,1,0
Spain,Female,37.0,0.0,1,0
Spain,Female,48.0,0.0,2,0
Spain,Male,37.0,0.0,2,0
Spain,Female,40.0,139756.81,1,0
Spain,Female,27.0,110112.54,2,0
Spain,Male,35.0,133537.1,2,0
Spain,Male,35.0,0.0,2,0
Spain,Male,35.0,80793.58,1,0
Spain,Female,36.0,132311.71,1,0
Spain,Male,35.0,0.0,2,0
Spain,Male,43.0,0.0,2,0
Spain,Male,37.0,122267.85,1,0
Spain,Female,34.0,0.0,2,0
Spain,Female,35.0,0.0,1,0
Spain,Male,34.0,0.0,2,0
Spain,Female,44.0,0.0,1,1
Spain,Male,25.0,84963.53,2,0
Spain,Female,37.0,0.0,1,1
Spain,Male,28.0,0.0,2,0
Spain,Male,63.0,0.0,2,0
Spain,Male,36.0,0.0,1,0
Spain,Male,47.0,114779.35,1,0
Spain,Female,35.0,0.0,1,0
Spain,Male,42.0,0.0,2,0
Spain,Male,28.0,167268.98,1,0
Spain,Female,45.0,0.0,2,0
Spain,Male,51.0,84468.67,2,0
Spain,Male,60.0,0.0,1,1
Spain,Female,55.0,0.0,1,1
Spain,Male,36.0,141187.13,1,0
Spain,Male,38.0,102097.23,1,0
Spain,Female,37.0,0.0,1,0
Spain,Male,34.0,0.0,2,0
Spain,Female,35.0,0.0,2,0
Spain,Male,37.0,0.0,2,0
Spain,Male,37.0,0.0,2,0
Spain,Male,36.0,0.0,2,0
Spain,Male,40.0,0.0,1,1
Spain,Male,42.0,0.0,2,0
Spain,Male,27.0,154483.98,1,1
Spain,Male,33.0,0.0,1,0
Spain,Male,22.0,0.0,2,0
Spain,Female,24.0,0.0,2,0
Spain,Female,32.0,0.0,2,0
Spain,Male,22.0,0.0,2,0
Spain,Male,40.0,0.0,2,0
Spain,Male,43.0,118945.09,1,0
Spain,Male,52.0,95053.1,1,1
Spain,Male,31.0,0.0,2,0
Spain,Female,28.0,106250.72,2,0
Spain,Male,25.0,172463.45,1,0
Spain,Male,37.0,0.0,1,0
Spain,Male,43.0,0.0,2,0
Spain,Male,35.0,106471.58,2,0
Spain,Female,46.0,0.0,3,1
Spain,Male,49.0,0.0,1,1
Spain,Female,44.0,0.0,2,0
Spain,Male,28.0,0.0,2,0
Spain,Male,33.0,0.0,1,1
Spain,Female,47.0,70417.79,2,0
Spain,Female,41.0,0.0,1,0
Spain,Female,43.0,0.0,4,1
Spain,Male,36.0,0.0,2,0
Spain,Female,47.0,0.0,1,0
Spain,Male,36.0,0.0,2,0
Spain,Male,38.0,107193.82,2,0
Spain,Male,43.0,0.0,2,0
Spain,Female,62.0,127997.72,1,1
Spain,Male,34.0,0.0,2,0
Spain,Male,28.0,98899.91,1,0
Spain,Female,48.0,0.0,2,0
Spain,Male,36.0,0.0,2,0
Spain,Male,36.0,0.0,2,0
Spain,Female,36.0,0.0,2,0
Spain,Male,33.0,167878.5,2,0
Spain,Male,39.0,119655.77,1,0
Spain,Female,40.0,128061.0,1,0
Spain,Male,48.0,96659.64,1,0
Spain,Male,38.0,0.0,2,0
Spain,Female,39.0,0.0,2,0
Spain,Male,47.0,135568.36,1,0
Spain,Male,25.0,0.0,2,0
Spain,Male,37.0,0.0,2,1
Spain,Male,57.0,0.0,1,0
Spain,Male,37.0,0.0,1,0
Spain,Female,34.0,0.0,2,0
Spain,Female,25.0,0.0,2,0
Spain,Male,39.0,93822.44,2,0
Spain,Male,24.0,0.0,2,0
Spain,Male,58.0,0.0,2,0
Spain,Male,35.0,123737.95,1,0
Spain,Male,35.0,0.0,2,0
Spain,Male,39.0,0.0,2,0
Spain,Male,34.0,0.0,2,0
Spain,Male,33.0,133970.21,1,0
Spain,Female,37.0,0.0,2,0
Spain,Female,34.0,0.0,2,0
Spain,Female,28.0,0.0,2,0
Spain,Female,59.0,148021.12,1,1
Spain,Female,35.0,0.0,2,0
Spain,Male,31.0,0.0,2,0
Spain,Female,41.0,111524.66,1,0
Spain,Male,44.0,161592.18,1,1
Spain,Male,39.0,0.0,2,0
Spain,Male,26.0,0.0,2,0
Spain,Male,37.0,152212.88,2,1
Spain,Male,45.0,76595.08,2,0
Spain,Female,42.0,102768.42,1,1
Spain,Male,35.0,0.0,2,0
Spain,Male,32.0,0.0,2,1
Spain,Female,43.0,0.0,1,1
Spain,Male,29.0,0.0,1,0
Spain,Female,33.0,97795.31,1,0
Spain,Female,30.0,0.0,1,0
Spain,Male,33.0,0.0,2,0
Spain,Female,46.0,0.0,2,0
Spain,Male,26.0,0.0,2,0
Spain,Female,49.0,0.0,1,0
Spain,Female,33.0,0.0,2,0
Spain,Male,37.0,0.0,2,0
Spain,Male,46.0,0.0,1,1
Spain,Male,35.0,0.0,2,0
Spain,Male,57.0,0.0,2,0
Spain,Female,31.0,179852.26,1,0
Spain,Male,39.0,99640.89,1,0
Spain,Male,24.0,144258.52,1,1
Spain,Female,57.0,0.0,1,0
Spain,Female,27.0,116121.51,1,0
Spain,Male,31.0,111871.93,1,0
Spain,Male,37.0,87894.26,1,0
Spain,Female,47.0,132435.11,1,1
Spain,Male,31.0,0.0,2,0
Spain,Female,37.0,0.0,2,0
Spain,Female,47.0,0.0,1,0
Spain,Female,40.0,0.0,2,0
Spain,Male,45.0,115545.33,1,0
Spain,Female,29.0,0.0,2,0
Spain,Female,41.0,91955.61,1,0
Spain,Female,62.0,0.0,2,0
Spain,Female,40.0,0.0,1,0
Spain,Female,27.0,0.0,2,0
Spain,Female,36.0,0.0,2,0
Spain,Male,36.0,0.0,2,0
Spain,Male,24.0,102728.88,1,0
Spain,Male,34.0,134237.09,1,0
Spain,Female,26.0,0.0,2,0
Spain,Male,30.0,125512.98,1,0
Spain,Female,37.0,132351.29,1,0
Spain,Female,26.0,0.0,2,1
Spain,Female,45.0,103772.49,1,0
Spain,Male,35.0,0.0,2,0
Spain,Female,29.0,0.0,2,0
Spain,Male,35.0,204510.94,1,0
Spain,Male,43.0,0.0,2,0
Spain,Female,36.0,0.0,1,1
Spain,Male,32.0,0.0,2,0
Spain,Male,35.0,0.0,2,0
Spain,Female,28.0,0.0,2,0
Spain,Female,49.0,0.0,1,0
Spain,Male,38.0,125919.35,1,0
Spain,Female,32.0,121406.96,1,0
Spain,Male,32.0,146282.79,1,0
Spain,Male,49.0,0.0,2,0
Spain,Female,42.0,149218.39,1,0
Spain,Male,31.0,133446.34,1,0
Spain,Female,64.0,0.0,1,1
Spain,Male,49.0,96106.85,1,0
Spain,Male,37.0,0.0,2,0
Spain,Female,46.0,0.0,1,1
Spain,Male,41.0,96147.55,2,0
Spain,Male,30.0,0.0,2,0
Spain,Male,28.0,135337.49,2,0
Spain,Female,37.0,0.0,2,0
Spain,Female,43.0,0.0,2,0
Spain,Male,34.0,0.0,2,0
Spain,Female,36.0,0.0,2,0
Spain,Male,46.0,0.0,2,0
Spain,Male,33.0,93680.43,1,0
Spain,Female,45.0,0.0,2,0
Spain,Female,39.0,0.0,2,0
Spain,Male,41.0,0.0,1,0
Spain,Male,27.0,0.0,2,1
Spain,Male,46.0,105795.9,1,0
Spain,Male,36.0,0.0,1,1
Spain,Male,33.0,133060.44,1,0
Spain,Female,48.0,150315.92,1,0
Spain,Male,22.0,156810.52,2,0
Spain,Female,37.0,0.0,2,0
Spain,Male,29.0,0.0,2,0
Spain,Female,41.0,0.0,2,0
Spain,Male,28.0,0.0,2,0
Spain,Male,43.0,99844.68,1,0
Spain,Male,32.0,87541.81,3,1
Spain,Female,33.0,0.0,1,0
Spain,Female,19.0,0.0,2,0
Spain,Male,38.0,0.0,2,0
Spain,Male,26.0,0.0,2,0
Spain,Male,38.0,0.0,1,1
Spain,Male,46.0,132598.38,1,1
Spain,Female,23.0,0.0,2,0
Spain,Female,34.0,0.0,2,0
Spain,Female,32.0,0.0,2,0
Spain,Female,35.0,0.0,2,0
Spain,Female,31.0,0.0,2,0
Spain,Male,26.0,0.0,2,0
Spain,Male,45.0,0.0,1,1
Spain,Male,32.0,12459.19,1,0
Spain,Male,38.0,0.0,1,0
Spain,Male,27.0,0.0,1,0
Spain,Male,34.0,124577.15,1,0
Spain,Female,41.0,138160.0,1,1
Spain,Female,40.0,154251.67,1,1
Spain,Male,40.0,154983.98,2,0
Spain,Male,32.0,0.0,2,0
Spain,Female,31.0,0.0,2,0
Spain,Female,41.0,0.0,2,0
Spain,Male,29.0,0.0,2,0
Spain,Male,38.0,88798.34,1,0
Spain,Male,31.0,0.0,1,0
Spain,Female,31.0,0.0,2,0
Spain,Female,39.0,125561.97,2,1
Spain,Female,37.0,0.0,2,0
Spain,Female,37.0,104478.12,2,0
Spain,Female,27.0,0.0,2,0
Spain,Female,45.0,0.0,2,0
Spain,Male,26.0,0.0,2,0
Spain,Male,41.0,0.0,1,0
Spain,Female,41.0,112152.89,2,0
Spain,Female,40.0,118899.45,1,1
Spain,Female,38.0,0.0,2,0
Spain,Female,29.0,0.0,2,0
Spain,Male,35.0,98899.76,2,0
Spain,Male,33.0,0.0,2,0
Spain,Female,36.0,0.0,1,0
Spain,Female,24.0,0.0,2,0
Spain,Female,66.0,0.0,1,0
Spain,Female,32.0,0.0,1,0
Spain,Female,71.0,0.0,1,0
Spain,Female,32.0,0.0,2,0
Spain,Male,35.0,0.0,2,0
Spain,Male,39.0,103516.87,1,0
Spain,Male,34.0,123401.58,1,0
Spain,Male,34.0,0.0,1,0
Spain,Female,31.0,0.0,2,0
Spain,Female,56.0,157559.59,2,0
Spain,Female,32.0,0.0,2,0
Spain,Female,57.0,126776.3,2,0
Spain,Female,47.0,0.0,2,1
Spain,Female,33.0,0.0,2,0
Spain,Female,33.0,0.0,2,0
Spain,Male,37.0,0.0,2,0
Spain,Female,37.0,0.0,2,0
Spain,Female,32.0,0.0,2,0
Spain,Male,36.0,0.0,2,0
Spain,Female,56.0,0.0,2,1
Spain,Male,29.0,115545.33,1,0
Spain,Male,35.0,0.0,2,0
Spain,Male,47.0,95293.86,1,0
Spain,Female,39.0,0.0,2,0
Spain,Female,51.0,0.0,1,1
Spain,Female,23.0,0.0,2,0
Spain,Male,38.0,0.0,2,0
Spain,Female,36.0,0.0,1,0
Spain,Male,36.0,0.0,1,0
Spain,Male,26.0,0.0,1,0
Spain,Male,33.0,0.0,2,0
Spain,Male,65.0,0.0,2,0
Spain,Male,33.0,0.0,2,0
Spain,Female,52.0,113657.83,1,1
Spain,Male,29.0,0.0,1,0
Spain,Male,36.0,93712.45,1,0
Spain,Male,35.0,153366.85,1,0
Spain,Female,26.0,127278.31,1,0
Spain,Male,30.0,0.0,2,0
Spain,Male,39.0,0.0,2,0
Spain,Male,31.0,104678.62,2,0
Spain,Male,44.0,82767.69,1,1
Spain,Female,34.0,115930.87,2,0
Spain,Female,39.0,0.0,3,1
Spain,Male,34.0,74681.9,2,1
Spain,Female,30.0,0.0,2,0
Spain,Female,57.0,0.0,2,1
Spain,Female,46.0,0.0,1,1
Spain,Male,41.0,132623.76,1,0
Spain,Female,41.0,0.0,3,1
Spain,Female,27.0,0.0,2,0
Spain,Female,41.0,0.0,2,0
Spain,Female,70.0,0.0,1,0
Spain,Female,28.0,0.0,2,0
Spain,Male,38.0,0.0,1,1
Spain,Female,44.0,0.0,1,0
Spain,Female,35.0,0.0,2,0
Spain,Male,27.0,0.0,2,0
Spain,Male,52.0,0.0,1,0
Spain,Male,33.0,148363.37,2,0
Spain,Male,43.0,0.0,1,0
Spain,Male,37.0,0.0,2,0
Spain,Female,43.0,0.0,2,0
Spain,Female,49.0,0.0,1,0
Spain,Female,65.0,102767.67,1,1
Spain,Male,39.0,0.0,2,0
Spain,Female,46.0,162701.65,1,0
Spain,Female,19.0,110928.51,1,0
Spain,Male,31.0,116326.07,1,0
Spain,Female,41.0,0.0,2,0
Spain,Female,43.0,0.0,4,1
Spain,Male,34.0,0.0,2,0
Spain,Female,48.0,0.0,1,1
Spain,Male,36.0,0.0,2,0
Spain,Male,21.0,140950.11,2,0
Spain,Male,25.0,0.0,2,0
Spain,Male,32.0,0.0,2,0
Spain,Male,34.0,0.0,2,0
Spain,Female,40.0,105835.24,1,0
Spain,Female,52.0,0.0,1,1
Spain,Male,42.0,0.0,2,0
Spain,Male,59.0,0.0,3,1
Spain,Male,44.0,118577.24,1,1
Spain,Female,25.0,0.0,2,0
Spain,Male,35.0,0.0,2,0
Spain,Female,32.0,0.0,2,0
Spain,Female,24.0,0.0,2,0
Spain,Male,41.0,121765.37,2,0
Spain,Male,25.0,0.0,2,0
Spain,Female,33.0,134766.85,1,1
Spain,Male,38.0,0.0,2,0
Spain,Male,41.0,175509.8,3,1
Spain,Male,39.0,0.0,2,0
Spain,Female,23.0,0.0,2,0
Spain,Female,35.0,121626.9,1,0
Spain,Male,35.0,119565.92,2,0
Spain,Female,39.0,0.0,1,0
Spain,Female,31.0,0.0,2,0
Spain,Male,33.0,110182.54,1,0
Spain,Female,38.0,0.0,2,0
Spain,Male,27.0,0.0,2,0
Spain,Female,40.0,0.0,2,0
Spain,Female,33.0,0.0,2,0
Spain,Female,38.0,0.0,2,1
Spain,Male,41.0,0.0,2,0
Spain,Female,44.0,0.0,1,1
Spain,Male,37.0,0.0,2,0
Spain,Male,37.0,0.0,1,0
Spain,Female,41.0,91285.55,1,0
Spain,Female,51.0,101960.74,1,1
Spain,Male,43.0,0.0,1,1
Spain,Male,27.0,0.0,2,0
Spain,Female,35.0,115576.44,1,0
Spain,Male,38.0,102773.15,1,0
Spain,Female,37.0,115920.92,1,0
Spain,Male,44.0,0.0,1,1
Spain,Male,43.0,0.0,2,0
Spain,Female,71.0,0.0,1,1
Spain,Male,38.0,0.0,1,1
Spain,Male,38.0,118098.53,1,0
Spain,Male,43.0,132729.08,1,0
Spain,Female,21.0,133020.17,1,0
Spain,Male,32.0,0.0,2,0
Spain,Male,31.0,122661.39,2,1
Spain,Female,35.0,0.0,2,0
Spain,Male,62.0,0.0,2,0
Spain,Male,55.0,0.0,1,1
Spain,Male,27.0,0.0,1,0
Spain,Male,41.0,89087.19,1,0
Spain,Male,35.0,0.0,1,0
Spain,Male,20.0,0.0,1,0
Spain,Male,34.0,0.0,2,0
Spain,Female,38.0,0.0,2,0
Spain,Male,42.0,0.0,2,0
Spain,Male,29.0,0.0,2,0
Spain,Female,49.0,0.0,2,0
Spain,Male,50.0,112119.48,1,0
Spain,Female,35.0,105492.53,1,0
Spain,Male,42.0,0.0,2,0
Spain,Female,32.0,0.0,1,0
Spain,Female,39.0,0.0,2,0
Spain,Female,24.0,101707.8,1,0
Spain,Male,39.0,119492.84,1,0
Spain,Male,42.0,0.0,1,1
Spain,Female,33.0,0.0,2,0
Spain,Male,35.0,109760.92,1,0
Spain,Male,63.0,114552.6,1,1
Spain,Male,29.0,89086.31,1,0
Spain,Male,24.0,0.0,2,0
Spain,Male,41.0,0.0,2,0
Spain,Male,34.0,74989.58,1,0
Spain,Male,41.0,0.0,2,0
Spain,Female,55.0,0.0,1,1
Spain,Male,58.0,0.0,2,0
Spain,Male,30.0,86656.13,1,0
Spain,Male,38.0,0.0,2,0
Spain,Female,36.0,0.0,2,0
Spain,Male,28.0,144801.97,1,0
Spain,Female,50.0,102954.68,2,1
Spain,Male,31.0,146750.81,1,0
Spain,Female,41.0,0.0,1,1
Spain,Male,35.0,0.0,2,0
Spain,Female,48.0,83547.12,1,1
Spain,Female,39.0,0.0,2,0
Spain,Male,39.0,81818.49,1,0
Spain,Male,28.0,71018.6,2,0
Spain,Female,43.0,148556.74,2,0
Spain,Male,36.0,71142.77,1,0
Spain,Male,53.0,141646.25,1,1
Spain,Male,36.0,0.0,2,0
Spain,Female,36.0,0.0,2,0
Spain,Female,31.0,127740.57,1,0
Spain,Female,39.0,105163.88,1,1
Spain,Male,56.0,0.0,2,0
Spain,Female,39.0,0.0,2,0
Spain,Female,49.0,132934.89,1,0
Spain,Female,39.0,0.0,2,0
Spain,Male,35.0,0.0,2,0
Spain,Female,46.0,0.0,1,0
Spain,Male,31.0,0.0,3,0
Spain,Female,35.0,0.0,2,0
Spain,Female,45.0,0.0,2,0
Spain,Male,46.0,117685.31,1,1
Spain,Male,34.0,0.0,2,0
Spain,Male,44.0,120654.68,1,0
Spain,Female,25.0,99786.07,1,0
Spain,Male,39.0,0.0,1,0
Spain,Male,33.0,146286.22,2,0
Spain,Female,38.0,128718.78,1,0
Spain,Male,35.0,113922.44,2,0
Spain,Female,43.0,128412.61,1,0
Spain,Male,35.0,0.0,2,0
Spain,Male,29.0,71269.89,1,0
Spain,Male,47.0,102520.09,1,0
Spain,Male,46.0,0.0,1,0
Spain,Male,51.0,0.0,1,1
Spain,Female,45.0,102562.39,1,1
Spain,Female,32.0,0.0,1,1
Spain,Male,29.0,95877.5,1,1
Spain,Female,36.0,143680.47,2,0
Spain,Female,43.0,102520.37,1,0
Spain,Male,29.0,133434.57,1,1
Spain,Female,47.0,0.0,1,1
Spain,Male,37.0,0.0,2,0
Spain,Male,35.0,0.0,2,0
Spain,Female,50.0,108881.73,3,1
Spain,Male,37.0,98544.11,2,0
Spain,Female,38.0,0.0,2,0
Spain,Female,41.0,0.0,1,0
Spain,Female,41.0,124782.61,1,0
Spain,Female,49.0,122486.47,1,0
Spain,Female,34.0,0.0,2,0
Spain,Female,61.0,0.0,1,1
Spain,Female,29.0,166930.76,2,0
Spain,Female,34.0,116537.63,1,0
Spain,Male,32.0,152509.25,1,0
Spain,Male,35.0,0.0,2,0
Spain,Male,38.0,0.0,2,0
Spain,Female,28.0,0.0,2,0
Spain,Female,61.0,0.0,2,0
Spain,Female,36.0,114748.71,1,0
Spain,Female,35.0,0.0,2,0
Spain,Female,37.0,0.0,2,0
Spain,Female,22.0,0.0,2,0
Spain,Male,32.0,117070.21,1,0
Spain,Female,33.0,0.0,2,0
Spain,Female,37.0,0.0,2,0
Spain,Female,34.0,106521.49,1,0
Spain,Male,35.0,100768.77,1,0
Spain,Female,40.0,0.0,2,0
Spain,Male,35.0,113488.68,1,0
Spain,Female,35.0,0.0,1,0
Spain,Male,30.0,0.0,1,0
Spain,Female,28.0,96381.68,2,0
Spain,Female,46.0,147531.07,1,0
Spain,Male,48.0,0.0,2,1
Spain,Male,31.0,0.0,1,0
Spain,Male,30.0,138705.02,1,0
Spain,Male,29.0,53436.4,1,0
Spain,Male,30.0,0.0,2,0
Spain,Female,29.0,171913.87,1,1
Spain,Male,28.0,69459.05,2,0
Spain,Female,46.0,0.0,1,1
Spain,Female,54.0,0.0,2,0
Spain,Male,31.0,0.0,2,0
Spain,Male,57.0,0.0,1,0
Spain,Male,31.0,121263.62,1,0
Spain,Female,45.0,0.0,1,1
Spain,Female,37.0,0.0,2,0
Spain,Female,42.0,124993.28,2,0
Spain,Female,20.0,0.0,2,0
Spain,Female,35.0,0.0,2,0
Spain,Female,37.0,0.0,2,0
Spain,Male,44.0,0.0,1,1
Spain,Male,25.0,86006.21,1,0
Spain,Male,29.0,0.0,1,0
Spain,Male,30.0,0.0,2,0
Spain,Male,39.0,0.0,2,0
Spain,Female,36.0,157777.58,1,1
Spain,Female,39.0,0.0,2,0
Spain,Male,33.0,0.0,2,0
Spain,Male,34.0,91291.9,1,0
Spain,Male,30.0,134593.23,1,0
Spain,Male,33.0,0.0,2,0
Spain,Female,52.0,88656.37,1,1
Spain,Male,44.0,0.0,1,1
Spain,Female,48.0,105419.73,1,1
Spain,Female,41.0,0.0,2,0
Spain,Male,37.0,0.0,2,0
Spain,Female,38.0,99167.54,2,0
Spain,Male,48.0,0.0,2,0
Spain,Female,34.0,124678.35,1,0
Spain,Male,45.0,110929.9,1,0
Spain,Male,36.0,101438.0,2,0
Spain,Male,32.0,0.0,2,0
Spain,Male,33.0,0.0,1,0
Spain,Male,37.0,0.0,2,0
Spain,Male,28.0,0.0,1,0
Spain,Male,50.0,0.0,1,1
Spain,Female,28.0,115141.18,1,1
Spain,Female,40.0,0.0,2,0
Spain,Female,43.0,120961.5,1,1
Spain,Male,29.0,0.0,1,0
Spain,Male,37.0,0.0,2,0
Spain,Female,55.0,116084.32,3,1
Spain,Female,35.0,96479.81,1,0
Spain,Male,32.0,99883.16,1,1
Spain,Male,51.0,0.0,2,0
Spain,Male,38.0,250898.09,3,0
Spain,Female,38.0,99640.89,2,0
Spain,Female,38.0,0.0,2,0
Spain,Female,34.0,0.0,2,0
Spain,Male,29.0,123971.63,1,0
Spain,Male,35.0,0.0,2,0
Spain,Male,32.0,0.0,2,0
Spain,Male,36.0,79475.3,2,0
Spain,Female,50.0,163700.84,1,1
Spain,Female,32.0,0.0,2,0
Spain,Male,52.0,106116.5,1,0
Spain,Female,49.0,0.0,1,0
Spain,Male,30.0,0.0,2,0
Spain,Male,22.0,0.0,1,0
Spain,Female,46.0,0.0,1,1
Spain,Male,39.0,0.0,2,0
Spain,Male,41.0,0.0,2,0
Spain,Male,29.0,85899.14,1,0
Spain,Male,30.0,0.0,2,0
Spain,Male,37.0,0.0,2,0
Spain,Male,24.0,0.0,2,0
Spain,Male,35.0,0.0,1,0
Spain,Male,35.0,0.0,1,0
Spain,Female,44.0,139840.36,1,1
Spain,Male,48.0,0.0,1,1
Spain,Female,53.0,0.0,1,1
Spain,Male,29.0,0.0,1,0
Spain,Male,39.0,0.0,1,0
Spain,Male,34.0,0.0,2,0
Spain,Female,45.0,0.0,1,1
Spain,Male,37.0,0.0,2,0
Spain,Female,53.0,0.0,1,1
Spain,Male,32.0,0.0,2,0
Spain,Male,58.0,0.0,2,1
Spain,Female,44.0,0.0,2,0
Spain,Male,22.0,0.0,1,0
Spain,Female,40.0,134590.21,1,0
Spain,Male,42.0,191665.21,1,0
Spain,Male,52.0,0.0,2,0
Spain,Female,35.0,0.0,2,0
Spain,Male,33.0,126674.52,2,0
Spain,Male,55.0,95452.89,1,0
Spain,Male,33.0,100476.46,2,0
Spain,Female,25.0,102515.72,1,0
Spain,Male,30.0,0.0,2,0
Spain,Female,43.0,79886.43,1,1
Spain,Female,33.0,0.0,2,0
Spain,Male,38.0,98640.84,1,0
Spain,Male,47.0,0.0,2,0
Spain,Female,26.0,0.0,2,0
Spain,Female,29.0,0.0,2,0
Spain,Male,35.0,135827.33,1,0
Spain,Male,34.0,0.0,2,0
Spain,Male,29.0,0.0,2,0
Spain,Female,59.0,0.0,1,1
Spain,Male,38.0,0.0,1,0
Spain,Male,52.0,0.0,1,1
Spain,Female,40.0,0.0,2,0
Spain,Male,40.0,0.0,2,0
Spain,Male,38.0,0.0,2,0
Spain,Male,48.0,0.0,2,0
Spain,Female,30.0,0.0,2,0
Spain,Male,31.0,0.0,2,0
Spain,Male,38.0,121863.61,1,0
Spain,Female,39.0,115796.81,2,0
Spain,Male,38.0,99546.25,1,0
Spain,Male,33.0,0.0,2,0
Spain,Male,34.0,0.0,2,0
Spain,Female,38.0,0.0,2,0
Spain,Male,40.0,0.0,2,0
Spain,Male,38.0,0.0,2,0
Spain,Female,39.0,104508.1,2,0
Spain,Male,33.0,102287.05,1,0
Spain,Male,42.0,142880.28,2,0
Spain,Male,46.0,121669.23,1,0
Spain,Male,31.0,0.0,2,0
Spain,Female,31.0,0.0,2,0
Spain,Male,39.0,133970.21,1,0
Spain,Female,31.0,0.0,2,0
Spain,Female,54.0,0.0,1,1
Spain,Male,41.0,0.0,2,0
Spain,Female,22.0,0.0,1,1
Spain,Male,39.0,0.0,2,1
Spain,Male,26.0,0.0,2,0
Spain,Male,34.0,0.0,2,0
Spain,Male,37.0,0.0,1,0
Spain,Male,51.0,0.0,1,0
Spain,Male,48.0,132759.8,1,0
Spain,Female,31.0,127343.4,1,0
Spain,Male,47.0,0.0,2,0
Spain,Male,46.0,159863.9,2,0
Spain,Male,30.0,0.0,1,0
Spain,Male,35.0,0.0,2,0
Spain,Male,40.0,0.0,1,1
Spain,Male,24.0,0.0,2,0
Spain,Female,28.0,0.0,2,0
Spain,Female,38.0,97728.73,1,0
Spain,Female,37.0,0.0,2,0
Spain,Male,28.0,0.0,2,0
Spain,Male,42.0,157624.93,1,0
Spain,Male,26.0,0.0,2,0
Spain,Female,40.0,161376.47,1,0
Spain,Female,40.0,0.0,2,0
Spain,Female,40.0,0.0,1,1
Spain,Female,39.0,0.0,1,0
Spain,Female,34.0,0.0,2,0
Spain,Male,40.0,118577.24,1,1
Spain,Male,44.0,96659.64,1,1
Spain,Male,35.0,120711.73,1,0
Spain,Male,31.0,0.0,2,0
Spain,Male,37.0,0.0,2,0
Spain,Male,32.0,0.0,2,0
Spain,Female,42.0,81272.13,3,1
Spain,Male,37.0,0.0,2,0
Spain,Female,60.0,0.0,1,0
Spain,Male,40.0,87541.05,2,0
Spain,Male,37.0,123697.57,1,0
Spain,Female,34.0,0.0,1,0
Spain,Female,32.0,0.0,1,0
Spain,Male,30.0,0.0,2,0
Spain,Female,63.0,161628.66,1,0
Spain,Female,63.0,0.0,1,1
Spain,Male,44.0,0.0,1,1
Spain,Male,25.0,0.0,1,0
Spain,Male,38.0,0.0,2,0
Spain,Male,31.0,0.0,2,0
Spain,Female,31.0,113693.0,2,0
Spain,Male,39.0,0.0,1,1
Spain,Male,40.0,0.0,2,0
Spain,Male,41.0,0.0,1,1
Spain,Male,45.0,114347.85,2,0
Spain,Female,36.0,0.0,2,0
Spain,Female,31.0,0.0,2,0
Spain,Male,35.0,130588.82,1,0
Spain,Male,45.0,179904.0,1,0
Spain,Female,58.0,0.0,1,0
Spain,Male,62.0,131078.42,1,0
Spain,Female,57.0,0.0,2,0
Spain,Male,33.0,125341.69,2,0
Spain,Male,22.0,0.0,2,0
Spain,Female,29.0,0.0,2,0
Spain,Female,23.0,0.0,2,0
Spain,Male,37.0,0.0,2,0
Spain,Male,34.0,0.0,1,0
Spain,Female,36.0,0.0,1,0
Spain,Female,26.0,0.0,2,0
Spain,Male,39.0,0.0,2,0
Spain,Female,58.0,0.0,1,0
Spain,Female,42.0,0.0,2,0
Spain,Male,37.0,0.0,1,0
Spain,Female,28.0,0.0,1,0
Spain,Male,42.0,0.0,2,0
Spain,Male,32.0,125920.98,1,0
Spain,Female,33.0,150200.23,1,1
Spain,Male,41.0,114530.43,1,0
Spain,Male,41.0,148863.17,1,0
Spain,Female,33.0,0.0,2,0
Spain,Female,39.0,0.0,2,0
Spain,Female,37.0,129974.65,1,0
Spain,Female,33.0,0.0,2,0
Spain,Male,33.0,0.0,2,0
Spain,Male,37.0,143571.52,1,0
Spain,Male,37.0,0.0,1,0
Spain,Male,38.0,0.0,2,0
Spain,Male,40.0,104553.83,1,0
Spain,Male,30.0,0.0,2,0
Spain,Male,26.0,0.0,2,0
Spain,Female,29.0,0.0,2,1
Spain,Female,37.0,113383.06,2,0
Spain,Female,31.0,86619.97,1,0
Spain,Female,40.0,0.0,2,0
Spain,Male,37.0,0.0,2,0
Spain,Female,33.0,120549.29,1,0
Spain,Male,27.0,0.0,2,0
Spain,Female,29.0,0.0,2,0
Spain,Male,39.0,0.0,2,0
Spain,Male,34.0,0.0,2,0
Spain,Male,41.0,90218.02,1,0
Spain,Male,29.0,0.0,1,0
Spain,Male,42.0,177069.23,2,0
Spain,Male,32.0,0.0,2,0
Spain,Male,33.0,0.0,2,0
Spain,Male,35.0,0.0,2,0
Spain,Female,26.0,0.0,2,0
Spain,Female,35.0,100829.94,2,0
Spain,Female,26.0,134593.98,1,0
Spain,Male,43.0,0.0,2,0
Spain,Female,30.0,0.0,1,0
Spain,Male,33.0,106922.96,1,0
Spain,Male,62.0,0.0,2,0
Spain,Female,30.0,0.0,2,0
Spain,Female,32.0,0.0,2,0
Spain,Female,37.0,95357.49,1,0
Spain,Female,29.0,92716.96,1,0
Spain,Male,54.0,0.0,2,0
Spain,Male,36.0,143637.58,2,0
Spain,Female,56.0,45472.28,1,1
Spain,Male,37.0,166501.17,1,0
Spain,Male,30.0,0.0,2,0
Spain,Female,33.0,0.0,2,0
Spain,Male,37.0,152296.84,1,0
Spain,Male,29.0,0.0,2,0
Spain,Female,42.0,0.0,2,0
Spain,Male,38.0,178787.54,1,1
Spain,Male,22.0,121681.82,1,0
Spain,Female,29.0,0.0,2,0
Spain,Male,30.0,145127.85,1,0
Spain,Male,44.0,0.0,2,0
Spain,Female,42.0,0.0,2,0
Spain,Male,45.0,161757.87,1,1
Spain,Male,44.0,0.0,1,0
Spain,Female,37.0,0.0,1,1
Spain,Female,39.0,0.0,2,0
Spain,Female,23.0,0.0,2,0
Spain,Female,40.0,118026.55,1,0
Spain,Male,40.0,152392.61,1,0
Spain,Female,33.0,0.0,1,1
Spain,Male,37.0,0.0,2,0
Spain,Male,37.0,0.0,2,0
Spain,Female,38.0,125919.52,1,0
Spain,Male,38.0,0.0,2,0
Spain,Female,35.0,138160.0,1,0
Spain,Male,61.0,0.0,2,1
Spain,Female,35.0,82759.12,1,0
Spain,Male,64.0,206014.94,1,0
Spain,Female,38.0,0.0,1,1
Spain,Male,40.0,0.0,2,0
Spain,Male,27.0,131569.63,1,0
Spain,Female,40.0,0.0,2,0
Spain,Female,36.0,0.0,1,0
Spain,Female,45.0,0.0,1,0
Spain,Female,39.0,0.0,2,0
Spain,Female,51.0,144801.97,1,0
Spain,Male,36.0,0.0,2,0
Spain,Male,32.0,0.0,2,0
Spain,Female,59.0,0.0,1,0
Spain,Female,27.0,121818.71,1,0
Spain,Male,30.0,0.0,2,0
Spain,Female,38.0,92647.56,1,0
Spain,Male,34.0,0.0,2,0
Spain,Male,42.0,107874.29,3,1
Spain,Male,29.0,173306.13,1,0
Spain,Female,50.0,0.0,1,1
Spain,Female,36.0,0.0,2,0
Spain,Female,38.0,132576.06,1,0
Spain,Female,57.0,0.0,1,1
Spain,Male,38.0,0.0,2,0
Spain,Female,31.0,118577.24,2,0
Spain,Male,37.0,0.0,1,0
Spain,Female,35.0,0.0,1,1
Spain,Male,47.0,160139.59,1,0
Spain,Male,24.0,0.0,2,0
Spain,Male,34.0,132405.52,3,1
Spain,Male,32.0,133476.09,1,0
Spain,Male,43.0,0.0,2,0
Spain,Female,20.0,122446.61,2,1
Spain,Female,43.0,0.0,2,0
Spain,Female,47.0,0.0,3,1
Spain,Female,22.0,98800.0,1,0
Spain,Female,39.0,123826.07,1,0
Spain,Female,39.0,0.0,2,0
Spain,Male,36.0,143258.85,1,0
Spain,Female,33.0,69064.74,1,1
Spain,Female,51.0,0.0,1,1
Spain,Female,34.0,82931.85,1,0
Spain,Male,28.0,0.0,2,0
Spain,Female,41.0,0.0,2,0
Spain,Male,34.0,0.0,2,0
Spain,Male,41.0,0.0,2,0
Spain,Male,39.0,95153.77,2,0
Spain,Female,37.0,136656.54,1,0
Spain,Female,26.0,102703.62,2,0
Spain,Female,29.0,0.0,2,0
Spain,Male,49.0,0.0,1,0
Spain,Female,40.0,14262.8,1,0
Spain,Female,34.0,102388.7,1,0
Spain,Male,40.0,123544.0,2,1
Spain,Male,38.0,0.0,2,0
Spain,Female,38.0,0.0,2,0
Spain,Female,38.0,0.0,1,0
Spain,Male,32.0,0.0,2,0
Spain,Male,28.0,0.0,2,0
Spain,Female,19.0,0.0,2,0
Spain,Male,32.0,0.0,2,0
Spain,Male,36.0,0.0,2,0
Spain,Male,41.0,109402.13,1,0
Spain,Male,40.0,91286.51,1,0
Spain,Male,45.0,0.0,1,1
Spain,Female,41.0,0.0,1,0
Spain,Male,39.0,0.0,2,0
Spain,Female,34.0,0.0,2,1
Spain,Male,25.0,0.0,2,0
Spain,Female,40.0,0.0,1,0
Spain,Male,39.0,0.0,2,0
Spain,Female,29.0,0.0,2,0
Spain,Female,30.0,153982.16,1,0
Spain,Male,29.0,119961.67,1,0
Spain,Male,60.0,171671.9,1,0
Spain,Female,26.0,0.0,2,0
Spain,Male,36.0,139872.81,2,0
Spain,Female,31.0,0.0,2,0
Spain,Female,33.0,0.0,2,0
Spain,Female,33.0,0.0,2,0
Spain,Male,38.0,54817.55,1,0
Spain,Male,32.0,96858.25,1,0
Spain,Male,28.0,109159.58,1,0
Spain,Male,41.0,0.0,1,1
Spain,Male,36.0,0.0,2,0
Spain,Female,48.0,0.0,1,0
Spain,Female,41.0,122318.13,1,0
Spain,Male,40.0,0.0,2,0
Spain,Male,40.0,0.0,2,0
Spain,Female,42.0,0.0,1,1
Spain,Male,36.0,132406.46,1,0
Spain,Male,36.0,105770.69,2,0
Spain,Male,43.0,0.0,2,0
Spain,Female,38.0,119278.01,2,0
Spain,Female,33.0,0.0,2,0
Spain,Male,40.0,0.0,2,0
Spain,Male,33.0,0.0,2,0
Spain,Female,42.0,161382.08,1,0
Spain,Female,26.0,0.0,2,0
Spain,Male,41.0,0.0,2,0
Spain,Female,32.0,0.0,2,0
Spain,Male,34.0,0.0,2,0
Spain,Male,26.0,0.0,1,1
Spain,Male,32.0,123912.78,2,0
Spain,Male,46.0,0.0,1,1
Spain,Female,35.0,0.0,3,1
Spain,Male,41.0,0.0,1,0
Spain,Female,32.0,0.0,2,0
Spain,Male,32.0,138577.34,1,0
Spain,Female,42.0,0.0,1,1
Spain,Female,24.0,123709.46,2,0
Spain,Male,41.0,0.0,2,0
Spain,Male,47.0,121164.19,1,1
Spain,Male,28.0,0.0,1,0
Spain,Male,28.0,0.0,2,0
Spain,Male,31.0,175735.5,1,0
Spain,Male,28.0,0.0,2,0
Spain,Male,42.0,81643.76,2,0
Spain,Female,33.0,0.0,1,1
Spain,Female,41.0,102870.93,1,0
Spain,Female,33.0,0.0,2,0
Spain,Male,38.0,143001.5,1,0
Spain,Female,57.0,0.0,2,0
Spain,Female,37.0,100565.94,1,0
Spain,Female,37.0,0.0,2,0
Spain,Male,33.0,115101.5,2,0
Spain,Male,30.0,0.0,2,0
Spain,Male,29.0,0.0,2,0
Spain,Male,33.0,121898.58,1,0
Spain,Female,38.0,0.0,1,0
Spain,Male,39.0,0.0,2,0
Spain,Female,34.0,119785.47,3,1
Spain,Male,57.0,107065.31,1,1
Spain,Male,48.0,0.0,2,0
Spain,Male,29.0,0.0,2,0
Spain,Female,22.0,0.0,2,0
Spain,Male,36.0,0.0,2,0
Spain,Male,32.0,111837.95,1,0
Spain,Female,61.0,0.0,1,1
Spain,Female,24.0,0.0,1,0
Spain,Male,29.0,0.0,2,0
Spain,Male,32.0,101090.23,1,0
Spain,Female,40.0,0.0,1,0
Spain,Female,46.0,0.0,1,1
Spain,Female,39.0,0.0,2,0
Spain,Male,79.0,0.0,2,0
Spain,Female,37.0,0.0,2,0
Spain,Female,38.0,0.0,2,0
Spain,Male,69.0,27288.43,1,0
Spain,Female,33.0,0.0,1,0
Spain,Male,41.0,0.0,2,0
Spain,Female,36.0,0.0,2,0
Spain,Male,38.0,126681.71,4,1
Spain,Female,42.0,0.0,1,1
Spain,Male,39.0,0.0,1,0
Spain,Male,43.0,0.0,2,0
Spain,Male,39.0,0.0,1,1
Spain,Female,43.0,0.0,2,0
Spain,Male,35.0,136913.57,1,0
Spain,Male,33.0,0.0,2,0
Spain,Male,28.0,0.0,2,0
Spain,Male,34.0,0.0,2,0
Spain,Female,55.0,0.0,1,1
Spain,Female,39.0,0.0,2,0
Spain,Male,43.0,118627.45,1,0
Spain,Female,37.0,0.0,1,0
Spain,Male,57.0,0.0,1,1
Spain,Female,66.0,0.0,2,0
Spain,Male,35.0,0.0,2,0
Spain,Female,25.0,0.0,1,0
Spain,Female,49.0,66079.45,1,1
Spain,Female,33.0,0.0,2,0
Spain,Male,40.0,119963.45,1,0
Spain,Female,36.0,0.0,1,0
Spain,Male,37.0,0.0,1,1
Spain,Female,47.0,0.0,2,1
Spain,Male,39.0,0.0,2,0
Spain,Male,57.0,0.0,1,0
Spain,Male,34.0,0.0,2,0
Spain,Male,28.0,0.0,1,0
Spain,Female,37.0,0.0,2,0
Spain,Female,42.0,142876.08,1,0
Spain,Female,40.0,0.0,1,0
Spain,Male,33.0,145729.71,2,0
Spain,Male,67.0,0.0,1,1
Spain,Male,30.0,0.0,2,0
Spain,Female,42.0,160982.07,1,1
Spain,Male,37.0,0.0,2,0
Spain,Male,30.0,0.0,2,0
Spain,Female,44.0,0.0,1,0
Spain,Male,35.0,135936.1,2,0
Spain,Female,27.0,0.0,2,0
Spain,Male,35.0,0.0,2,0
Spain,Male,31.0,0.0,2,0
Spain,Female,31.0,0.0,2,0
Spain,Female,36.0,0.0,1,0
Spain,Male,45.0,0.0,2,0
Spain,Male,41.0,0.0,2,0
Spain,Female,34.0,0.0,2,0
Spain,Male,33.0,0.0,2,0
Spain,Male,42.0,105163.75,1,0
Spain,Male,35.0,0.0,1,0
Spain,Male,40.0,0.0,2,0
Spain,Female,35.0,0.0,2,0
Spain,Male,37.0,101707.8,1,0
Spain,Male,66.0,0.0,2,0
Spain,Male,37.0,135643.7,1,0
Spain,Female,36.0,180520.34,2,0
Spain,Female,46.0,0.0,2,0
Spain,Male,22.0,146587.15,1,0
Spain,Female,47.0,0.0,1,1
Spain,Male,39.0,0.0,2,0
Spain,Male,40.0,155303.71,1,0
Spain,Female,56.0,0.0,1,1
Spain,Male,34.0,0.0,1,0
Spain,Male,65.0,172170.36,1,0
Spain,Female,39.0,137780.66,1,0
Spain,Male,40.0,154251.67,2,0
Spain,Male,46.0,0.0,2,0
Spain,Female,31.0,0.0,2,0
Spain,Female,60.0,0.0,1,1
Spain,Male,34.0,0.0,2,0
Spain,Male,32.0,0.0,2,0
Spain,Female,41.0,0.0,2,0
Spain,Female,39.0,122570.69,2,0
Spain,Male,30.0,0.0,2,0
Spain,Male,34.0,0.0,2,0
Spain,Female,32.0,148843.56,1,0
Spain,Male,34.0,0.0,1,0
Spain,Female,30.0,0.0,1,0
Spain,Female,36.0,116968.95,1,0
Spain,Female,41.0,0.0,2,0
Spain,Female,33.0,0.0,2,0
Spain,Male,38.0,121527.4,1,0
Spain,Female,34.0,0.0,2,0
Spain,Male,22.0,0.0,2,0
Spain,Female,32.0,0.0,1,0
Spain,Male,37.0,113743.37,1,0
Spain,Male,31.0,133384.66,2,1
Spain,Female,30.0,0.0,2,0
Spain,Male,39.0,130969.77,2,1
Spain,Male,31.0,0.0,2,0
Spain,Female,35.0,0.0,2,0
Spain,Male,38.0,0.0,2,0
Spain,Male,43.0,103294.56,2,0
Spain,Female,33.0,0.0,2,0
Spain,Male,38.0,0.0,2,0
Spain,Male,28.0,0.0,2,0
Spain,Male,28.0,0.0,2,0
Spain,Female,39.0,0.0,2,0
Spain,Male,35.0,0.0,2,0
Spain,Male,45.0,124693.48,1,0
Spain,Female,35.0,139914.17,1,0
Spain,Male,60.0,0.0,2,0
Spain,Male,40.0,140197.71,1,0
Spain,Male,32.0,166546.88,1,0
Spain,Female,54.0,0.0,2,0
Spain,Female,41.0,136858.0,1,0
Spain,Male,38.0,129934.64,1,0
Spain,Female,39.0,122524.61,1,1
Spain,Female,42.0,137560.38,2,0
Spain,Male,29.0,0.0,2,0
Spain,Female,45.0,95331.83,1,0
Spain,Female,27.0,0.0,2,0
Spain,Male,36.0,153548.11,1,0
Spain,Male,41.0,0.0,2,0
Spain,Male,31.0,0.0,2,0
Spain,Female,35.0,0.0,2,0
Spain,Female,38.0,0.0,1,1
Spain,Male,31.0,153316.14,1,1
Spain,Female,39.0,0.0,2,0
Spain,Male,30.0,139810.34,2,0
Spain,Male,36.0,141553.43,1,0
Spain,Male,25.0,99812.88,2,0
Spain,Male,42.0,0.0,2,0
Spain,Female,24.0,0.0,2,0
Spain,Female,42.0,0.0,1,1
Spain,Female,52.0,91956.39,1,1
Spain,Male,29.0,148045.43,1,0
Spain,Male,40.0,0.0,2,1
Spain,Male,30.0,0.0,2,0
Spain,Male,37.0,0.0,2,0
Spain,Male,46.0,92219.21,2,0
Spain,Female,24.0,0.0,2,0
Spain,Female,41.0,118699.45,1,0
Spain,Female,38.0,0.0,2,0
Spain,Male,39.0,0.0,1,1
Spain,Female,46.0,0.0,2,0
Spain,Female,42.0,0.0,2,0
Spain,Female,36.0,0.0,2,0
Spain,Male,50.0,0.0,2,0
Spain,Male,40.0,117879.35,1,0
Spain,Female,39.0,166733.92,2,0
Spain,Male,35.0,0.0,2,0
Spain,Female,55.0,99685.06,1,1
Spain,Male,36.0,0.0,2,0
Spain,Male,29.0,0.0,1,0
Spain,Male,40.0,0.0,1,0
Spain,Female,41.0,0.0,1,0
Spain,Female,44.0,171937.27,1,1
Spain,Male,36.0,0.0,2,0
Spain,Male,22.0,0.0,2,0
Spain,Male,36.0,0.0,1,0
Spain,Male,51.0,148493.89,1,1
Spain,Male,35.0,0.0,2,0
Spain,Male,36.0,0.0,1,1
Spain,Male,40.0,0.0,2,0
Spain,Female,31.0,0.0,2,0
Spain,Male,31.0,132759.8,1,0
Spain,Male,35.0,126729.41,2,0
Spain,Male,58.0,0.0,2,0
Spain,Female,57.0,0.0,1,1
Spain,Male,31.0,96659.64,1,0
Spain,Male,32.0,0.0,2,0
Spain,Male,49.0,111087.5,1,0
Spain,Male,71.0,109829.41,1,1
Spain,Male,50.0,115746.96,3,1
Spain,Male,19.0,130274.22,1,1
Spain,Male,41.0,0.0,1,1
Spain,Female,36.0,0.0,2,0
Spain,Female,45.0,0.0,1,0
Spain,Male,40.0,0.0,2,0
Spain,Female,45.0,99097.26,2,0
Spain,Male,36.0,0.0,2,0
Spain,Male,56.0,142400.27,1,0
Spain,Male,27.0,0.0,2,0
Spain,Male,37.0,137536.05,1,0
Spain,Male,44.0,0.0,2,0
Spain,Female,46.0,127637.92,2,0
Spain,Male,44.0,0.0,1,0
Spain,Female,33.0,0.0,2,0
Spain,Male,43.0,97403.18,1,1
Spain,Male,42.0,0.0,2,0
Spain,Female,29.0,0.0,2,0
Spain,Female,57.0,146720.99,1,0
Spain,Female,34.0,87202.38,1,0
Spain,Male,29.0,0.0,2,0
Spain,Male,34.0,135847.1,1,0
Spain,Female,43.0,145018.94,1,1
Spain,Female,42.0,0.0,2,0
Spain,Female,42.0,147737.03,1,0
Spain,Female,40.0,0.0,2,0
Spain,Female,50.0,0.0,2,0
Spain,Male,36.0,0.0,2,0
Spain,Female,48.0,158621.04,1,0
Spain,Male,69.0,0.0,2,0
Spain,Male,28.0,106841.6,1,0
Spain,Male,36.0,0.0,2,0
Spain,Female,35.0,0.0,1,1
Spain,Female,44.0,0.0,1,0
Spain,Male,39.0,0.0,2,0
Spain,Female,26.0,154495.79,1,0
Spain,Male,53.0,0.0,2,0
Spain,Male,42.0,95010.92,1,0
Spain,Female,38.0,0.0,2,0
Spain,Male,57.0,0.0,2,0
Spain,Male,26.0,117837.43,1,0
Spain,Male,43.0,0.0,2,0
Spain,Male,32.0,0.0,1,0
Spain,Male,39.0,0.0,2,0
Spain,Male,36.0,0.0,2,0
Spain,Male,38.0,0.0,2,0
Spain,Female,38.0,120599.38,4,1
Spain,Female,31.0,0.0,2,0
Spain,Female,28.0,61274.7,2,0
Spain,Female,35.0,0.0,2,0
Spain,Female,33.0,0.0,2,0
Spain,Female,71.0,0.0,2,0
Spain,Male,33.0,188285.68,1,0
Spain,Female,44.0,0.0,2,0
Spain,Female,38.0,0.0,2,0
Spain,Female,46.0,0.0,1,0
Spain,Female,40.0,0.0,1,1
Spain,Female,43.0,0.0,2,0
Spain,Male,31.0,0.0,2,0
Spain,Female,47.0,0.0,1,1
Spain,Female,55.0,0.0,1,0
Spain,Female,33.0,0.0,2,0
Spain,Female,55.0,0.0,1,1
Spain,Male,49.0,0.0,2,0
Spain,Female,58.0,137655.48,1,0
Spain,Male,43.0,174088.3,2,0
Spain,Male,30.0,0.0,2,0
Spain,Female,54.0,130461.02,1,1
Spain,Male,42.0,0.0,1,0
Spain,Female,40.0,0.0,1,1
Spain,Female,32.0,0.0,2,0
Spain,Female,31.0,109508.68,1,0
Spain,Male,41.0,134678.14,1,0
Spain,Male,32.0,56580.81,1,0
Spain,Male,34.0,0.0,2,0
Spain,Male,31.0,0.0,2,0
Spain,Male,38.0,114997.42,1,0
Spain,Male,34.0,146622.35,1,0
Spain,Male,27.0,0.0,2,0
Spain,Male,34.0,0.0,2,0
Spain,Female,25.0,0.0,2,0
Spain,Male,63.0,141364.28,1,0
Spain,Female,56.0,0.0,1,1
Spain,Female,59.0,0.0,2,0
Spain,Female,37.0,104255.03,1,0
Spain,Female,34.0,115282.4,1,0
Spain,Male,44.0,102520.56,1,0
Spain,Male,35.0,0.0,2,0
Spain,Male,32.0,102341.1,1,0
Spain,Female,29.0,0.0,2,0
Spain,Male,44.0,0.0,2,0
Spain,Male,44.0,0.0,2,0
Spain,Male,32.0,0.0,3,1
Spain,Male,35.0,0.0,2,0
Spain,Male,21.0,0.0,1,0
Spain,Male,29.0,0.0,1,1
Spain,Female,40.0,0.0,2,0
Spain,Female,22.0,169649.73,2,1
Spain,Female,43.0,0.0,2,0
Spain,Male,35.0,0.0,1,0
Spain,Male,39.0,0.0,1,1
Spain,Female,35.0,124580.69,1,1
Spain,Female,34.0,0.0,1,0
Spain,Male,56.0,98365.33,1,1
Spain,Female,35.0,0.0,2,0
Spain,Male,34.0,0.0,2,0
Spain,Male,32.0,0.0,2,0
Spain,Female,52.0,0.0,2,1
Spain,Male,42.0,153590.73,2,0
Spain,Male,37.0,0.0,1,0
Spain,Male,35.0,0.0,2,0
Spain,Female,30.0,181821.96,2,0
Spain,Female,33.0,0.0,2,0
Spain,Male,26.0,0.0,2,0
Spain,Male,32.0,0.0,2,0
Spain,Male,39.0,0.0,2,0
Spain,Male,35.0,79714.71,2,0
Spain,Female,33.0,0.0,2,0
Spain,Male,39.0,0.0,2,0
Spain,Male,34.0,0.0,1,0
Spain,Female,30.0,0.0,2,0
Spain,Male,51.0,139850.01,1,1
Spain,Female,50.0,113488.68,1,0
Spain,Female,24.0,0.0,2,0
Spain,Male,40.0,62289.44,1,0
Spain,Male,37.0,0.0,2,0
Spain,Male,31.0,0.0,2,0
Spain,Female,43.0,0.0,1,0
Spain,Male,28.0,0.0,2,0
Spain,Female,29.0,80922.75,2,0
Spain,Female,45.0,93796.42,1,0
Spain,Male,60.0,0.0,2,0
Spain,Male,67.0,0.0,2,0
Spain,Male,52.0,153379.67,1,1
Spain,Female,36.0,0.0,3,1
Spain,Female,40.0,0.0,2,0
Spain,Male,29.0,0.0,2,0
Spain,Male,37.0,89039.9,1,0
Spain,Male,38.0,97459.06,1,0
Spain,Female,29.0,98759.89,1,0
Spain,Male,29.0,92899.46,1,0
Spain,Male,38.0,142905.51,1,0
Spain,Male,28.0,0.0,2,0
Spain,Female,43.0,0.0,1,1
Spain,Female,44.0,0.0,2,1
Spain,Female,26.0,0.0,2,0
Spain,Male,34.0,0.0,2,0
Spain,Female,43.0,0.0,2,0
Spain,Male,46.0,0.0,3,1
Spain,Female,37.0,133984.88,1,0
Spain,Female,36.0,0.0,2,0
Spain,Male,38.0,0.0,2,0
Spain,Female,34.0,0.0,2,0
Spain,Male,40.0,0.0,1,0
Spain,Male,29.0,136829.47,1,0
Spain,Male,31.0,0.0,2,0
Spain,Male,38.0,0.0,2,0
Spain,Female,40.0,0.0,2,0
Spain,Female,40.0,0.0,2,0
Spain,Female,35.0,0.0,2,0
Spain,Female,32.0,0.0,2,0
Spain,Female,43.0,89158.94,3,1
Spain,Male,39.0,135842.89,1,0
Spain,Male,43.0,0.0,2,0
Spain,Female,51.0,82787.93,1,1
Spain,Female,44.0,0.0,1,1
Spain,Male,29.0,121075.63,1,0
Spain,Female,42.0,0.0,1,1
Spain,Female,40.0,0.0,2,0
Spain,Male,23.0,0.0,1,0
Spain,Male,27.0,136624.4,1,0
Spain,Male,29.0,123873.19,1,0
Spain,Male,49.0,0.0,2,1
Spain,Female,27.0,158786.67,2,1
Spain,Male,37.0,0.0,2,0
Spain,Male,34.0,0.0,2,0
Spain,Male,31.0,0.0,2,0
Spain,Female,33.0,117731.79,1,0
Spain,Female,22.0,0.0,2,0
Spain,Male,38.0,0.0,1,0
Spain,Female,35.0,14262.8,2,0
Spain,Female,48.0,0.0,2,0
Spain,Female,31.0,172325.67,1,0
Spain,Male,40.0,111681.98,1,0
Spain,Male,40.0,112181.08,1,0
Spain,Female,53.0,0.0,1,1
Spain,Male,28.0,120911.75,2,0
Spain,Female,27.0,109162.29,1,0
Spain,Male,40.0,131156.76,1,0
Spain,Male,32.0,0.0,2,0
Spain,Male,26.0,145081.72,1,0
Spain,Male,37.0,167878.5,1,0
Spain,Male,32.0,0.0,2,0
Spain,Male,36.0,92467.58,1,0
Spain,Male,33.0,0.0,1,1
Spain,Male,34.0,0.0,2,0
Spain,Male,41.0,0.0,1,1
Spain,Female,43.0,124773.95,1,1
Spain,Male,29.0,93722.73,2,0
Spain,Male,30.0,0.0,2,0
Spain,Male,41.0,0.0,2,0
Spain,Male,34.0,0.0,2,0
Spain,Female,38.0,0.0,2,0
Spain,Female,27.0,0.0,2,0
Spain,Male,46.0,153373.33,1,0
Spain,Male,39.0,120867.18,2,0
Spain,Male,44.0,120654.68,1,0
Spain,Male,35.0,0.0,1,0
Spain,Female,42.0,0.0,1,1
Spain,Female,42.0,0.0,2,0
Spain,Female,35.0,0.0,1,0
Spain,Male,32.0,128808.65,1,0
Spain,Female,32.0,0.0,2,0
Spain,Male,36.0,0.0,1,0
Spain,Male,37.0,0.0,2,0
Spain,Female,32.0,121094.65,1,0
Spain,Male,36.0,143571.79,1,0
Spain,Male,34.0,0.0,2,0
Spain,Male,30.0,0.0,2,0
Spain,Male,33.0,0.0,2,0
Spain,Male,38.0,0.0,2,0
Spain,Male,31.0,119266.69,1,0
Spain,Female,22.0,0.0,2,0
Spain,Male,42.0,0.0,2,0
Spain,Female,40.0,104982.57,1,0
Spain,Female,33.0,112808.18,1,0
Spain,Male,26.0,0.0,2,0
Spain,Female,33.0,0.0,2,0
Spain,Female,49.0,0.0,2,0
Spain,Female,34.0,0.0,2,0
Spain,Male,27.0,0.0,2,0
Spain,Male,60.0,0.0,2,0
Spain,Male,21.0,0.0,2,0
Spain,Male,36.0,0.0,2,0
Spain,Male,35.0,130170.82,2,0
Spain,Female,34.0,90560.3,1,0
Spain,Male,33.0,129855.32,1,0
Spain,Female,32.0,0.0,1,0
Spain,Male,35.0,0.0,1,0
Spain,Male,40.0,0.0,1,0
Spain,Male,36.0,0.0,2,0
Spain,Female,42.0,0.0,1,1
Spain,Female,35.0,119182.73,1,0
Spain,Female,33.0,0.0,2,0
Spain,Male,41.0,166031.45,1,0
Spain,Female,34.0,0.0,1,0
Spain,Female,61.0,0.0,2,0
Spain,Male,38.0,140549.24,1,0
Spain,Male,46.0,117524.72,1,1
Spain,Male,33.0,0.0,1,0
Spain,Female,38.0,0.0,1,0
Spain,Female,48.0,0.0,1,0
Spain,Female,41.0,66948.67,2,0
Spain,Male,33.0,0.0,2,0
Spain,Male,41.0,0.0,1,0
Spain,Female,47.0,0.0,2,0
Spain,Male,39.0,0.0,2,0
Spain,Female,54.0,0.0,1,1
Spain,Male,32.0,120243.49,1,0
Spain,Female,34.0,86459.8,1,0
Spain,Male,36.0,0.0,2,0
Spain,Male,47.0,0.0,2,0
Spain,Female,32.0,0.0,1,1
Spain,Female,46.0,0.0,1,1
Spain,Male,32.0,0.0,2,0
Spain,Female,23.0,0.0,2,0
Spain,Male,57.0,121145.09,1,0
Spain,Male,39.0,153639.11,1,1
Spain,Female,28.0,0.0,2,0
Spain,Male,38.0,0.0,2,0
Spain,Male,46.0,0.0,1,0
Spain,Male,23.0,0.0,2,0
Spain,Male,37.0,0.0,2,0
Spain,Male,33.0,123783.91,2,0
Spain,Male,32.0,0.0,2,0
Spain,Female,37.0,101430.3,1,0
Spain,Male,50.0,74596.15,1,0
Spain,Male,33.0,0.0,2,0
Spain,Male,37.0,103835.33,1,0
Spain,Male,60.0,0.0,2,0
Spain,Female,38.0,0.0,2,0
Spain,Female,22.0,96951.6,1,0
Spain,Male,28.0,0.0,2,0
Spain,Female,41.0,0.0,2,0
Spain,Female,41.0,0.0,1,1
Spain,Female,47.0,0.0,2,0
Spain,Female,34.0,119755.0,1,0
Spain,Female,49.0,0.0,2,0
Spain,Male,33.0,157989.45,1,0
Spain,Male,50.0,0.0,1,0
Spain,Female,45.0,0.0,3,1
Spain,Male,50.0,146780.52,1,0
Spain,Male,35.0,157099.28,1,0
Spain,Male,46.0,79927.36,1,0
Spain,Female,33.0,0.0,2,0
Spain,Male,37.0,99773.85,2,0
Spain,Female,40.0,129289.98,1,0
Spain,Female,47.0,93816.73,1,1
Spain,Female,48.0,0.0,3,1
Spain,Female,45.0,0.0,1,1
Spain,Female,30.0,0.0,2,0
Spain,Female,43.0,0.0,1,1
Spain,Male,36.0,0.0,2,0
Spain,Male,29.0,0.0,2,0
Spain,Male,40.0,0.0,2,0
Spain,Female,38.0,171490.69,1,0
Spain,Female,44.0,82310.21,2,0
Spain,Male,44.0,80562.96,1,0
Spain,Male,38.0,113711.32,1,0
Spain,Female,40.0,0.0,2,0
Spain,Male,26.0,0.0,1,0
Spain,Female,33.0,0.0,2,0
Spain,Female,37.0,0.0,2,0
Spain,Female,60.0,0.0,2,0
Spain,Female,38.0,90218.9,1,0
Spain,Female,63.0,131659.59,1,0
Spain,Male,31.0,0.0,2,0
Spain,Male,29.0,0.0,2,0
Spain,Female,60.0,69365.25,1,0
Spain,Female,50.0,0.0,1,1
Spain,Male,44.0,0.0,4,1
Spain,Female,45.0,119670.18,1,1
Spain,Female,42.0,57530.06,2,0
Spain,Male,61.0,95010.92,1,0
Spain,Male,34.0,134464.58,1,0
Spain,Male,39.0,79468.97,1,0
Spain,Female,29.0,0.0,2,0
Spain,Male,33.0,0.0,2,0
Spain,Male,38.0,0.0,2,0
Spain,Female,39.0,0.0,2,0
Spain,Female,30.0,0.0,2,0
Spain,Male,43.0,0.0,2,0
Spain,Female,36.0,0.0,2,0
Spain,Male,36.0,0.0,2,0
Spain,Male,46.0,0.0,2,0
Spain,Male,40.0,0.0,1,0
Spain,Female,29.0,141784.02,1,0
Spain,Female,30.0,0.0,2,0
Spain,Male,45.0,171178.6,1,1
Spain,Male,38.0,0.0,2,0
Spain,Male,33.0,0.0,2,0
Spain,Female,28.0,113811.85,2,0
Spain,Female,34.0,123034.43,2,0
Spain,Male,37.0,94416.78,2,0
Spain,Female,72.0,123811.21,1,0
Spain,Male,31.0,107571.61,1,0
Spain,Male,47.0,0.0,1,0
Spain,Female,59.0,0.0,2,0
Spain,Female,42.0,0.0,1,0
Spain,Male,26.0,0.0,2,0
Spain,Male,35.0,97324.91,1,0
Spain,Male,40.0,0.0,1,0
Spain,Male,34.0,0.0,2,0
Spain,Male,28.0,0.0,2,0
Spain,Male,64.0,0.0,1,1
Spain,Female,46.0,106521.49,2,0
Spain,Male,56.0,0.0,1,1
Spain,Male,37.0,0.0,2,0
Spain,Male,40.0,0.0,2,0
Spain,Female,38.0,0.0,1,1
Spain,Male,28.0,0.0,2,0
Spain,Female,47.0,156371.61,2,1
Spain,Female,44.0,200322.45,1,0
Spain,Male,34.0,0.0,2,0
Spain,Female,35.0,0.0,2,0
Spain,Female,41.0,0.0,2,0
Spain,Male,38.0,104584.11,2,0
Spain,Male,29.0,0.0,2,0
Spain,Male,30.0,0.0,2,0
Spain,Female,33.0,135515.76,1,0
Spain,Male,30.0,0.0,1,1
Spain,Female,37.0,0.0,1,0
Spain,Female,38.0,0.0,2,0
Spain,Male,37.0,117412.19,2,0
Spain,Male,28.0,0.0,2,0
Spain,Female,37.0,0.0,2,0
Spain,Male,26.0,0.0,2,0
Spain,Female,40.0,0.0,1,1
Spain,Male,43.0,0.0,2,1
Spain,Male,31.0,0.0,2,0
Spain,Male,35.0,100912.55,1,0
Spain,Female,34.0,0.0,2,0
Spain,Male,40.0,0.0,2,0
Spain,Male,45.0,108589.35,1,0
Spain,Male,38.0,0.0,1,0
Spain,Male,35.0,0.0,2,0
Spain,Male,36.0,73023.17,2,0
Spain,Female,31.0,117301.87,2,0
Spain,Female,29.0,0.0,2,0
Spain,Male,55.0,169312.72,3,1
Spain,Female,63.0,131629.17,2,0
Spain,Male,38.0,0.0,2,0
Spain,Male,32.0,96798.89,2,0
Spain,Male,35.0,0.0,2,0
Spain,Female,43.0,0.0,2,0
Spain,Male,38.0,0.0,2,0
Spain,Male,35.0,102721.58,3,1
Spain,Male,38.0,145221.85,1,0
Spain,Female,38.0,0.0,2,0
Spain,Male,37.0,0.0,2,0
Spain,Female,40.0,0.0,1,0
Spain,Male,47.0,0.0,1,1
Spain,Female,33.0,0.0,2,0
Spain,Female,45.0,0.0,2,1
Spain,Male,27.0,134169.62,2,0
Spain,Female,30.0,0.0,2,0
Spain,Male,58.0,0.0,2,0
Spain,Female,31.0,0.0,2,0
Spain,Male,38.0,0.0,2,0
Spain,Female,48.0,0.0,2,0
Spain,Male,39.0,0.0,1,1
Spain,Male,31.0,0.0,2,0
Spain,Male,43.0,0.0,2,0
Spain,Male,31.0,0.0,1,0
Spain,Female,53.0,121389.78,1,1
Spain,Female,44.0,0.0,2,1
Spain,Male,46.0,0.0,1,1
Spain,Male,32.0,116848.74,1,0
Spain,Male,21.0,0.0,1,0
Spain,Female,47.0,0.0,2,0
Spain,Female,22.0,0.0,2,0
Spain,Male,36.0,0.0,2,0
Spain,Male,26.0,0.0,2,0
Spain,Male,42.0,0.0,2,0
Spain,Female,28.0,131413.65,1,0
Spain,Male,40.0,0.0,1,0
Spain,Male,32.0,131945.94,2,0
Spain,Male,28.0,169915.35,1,0
Spain,Female,28.0,0.0,2,0
Spain,Male,37.0,0.0,2,0
Spain,Female,35.0,0.0,2,0
Spain,Male,33.0,127343.4,1,0
Spain,Female,32.0,0.0,1,0
Spain,Male,36.0,0.0,2,0
Spain,Female,37.0,123318.6,2,0
Spain,Male,47.0,0.0,1,0
Spain,Male,30.0,129022.06,1,0
Spain,Male,32.0,173340.83,1,1
Spain,Female,40.0,119782.89,1,0
Spain,Male,37.0,0.0,1,0
Spain,Female,35.0,138721.85,1,0
Spain,Male,43.0,104533.24,1,0
Spain,Male,33.0,0.0,2,0
Spain,Male,27.0,0.0,2,0
Spain,Male,44.0,121440.8,1,0
Spain,Male,33.0,0.0,2,0
Spain,Male,43.0,104753.04,1,0
Spain,Female,25.0,0.0,2,0
Spain,Male,37.0,172231.93,1,0
Spain,Female,33.0,151553.17,1,0
Spain,Female,60.0,0.0,2,0
Spain,Male,33.0,0.0,1,0
Spain,Male,40.0,0.0,1,0
Spain,Male,34.0,0.0,1,0
Spain,Female,38.0,0.0,2,0
Spain,Male,35.0,139432.37,1,0
Spain,Male,37.0,0.0,2,0
Spain,Female,29.0,0.0,2,0
Spain,Female,38.0,130878.75,1,0
Spain,Female,41.0,123681.32,2,0
Spain,Female,35.0,0.0,2,0
Spain,Male,59.0,0.0,1,1
Spain,Male,29.0,109052.04,1,0
Spain,Female,34.0,0.0,2,0
Spain,Male,37.0,0.0,1,0
Spain,Female,29.0,0.0,2,0
Spain,Male,32.0,0.0,2,0
Spain,Female,41.0,0.0,2,0
Spain,Female,66.0,122384.22,2,0
Spain,Female,38.0,0.0,2,0
Spain,Male,35.0,0.0,2,0
Spain,Male,33.0,0.0,2,0
Spain,Female,38.0,0.0,1,0
Spain,Male,46.0,0.0,2,0
Spain,Male,35.0,0.0,2,0
Spain,Female,26.0,0.0,2,0
Spain,Female,34.0,0.0,2,0
Spain,Male,32.0,0.0,2,0
Spain,Male,26.0,0.0,1,0
Spain,Male,33.0,98640.74,1,0
Spain,Female,36.0,0.0,2,0
Spain,Female,29.0,0.0,1,0
Spain,Male,32.0,121342.24,1,0
Spain,Female,24.0,0.0,2,0
Spain,Male,39.0,0.0,2,0
Spain,Male,39.0,0.0,1,1
Spain,Female,38.0,0.0,2,0
Spain,Female,34.0,107980.37,2,0
Spain,Male,40.0,120107.56,1,0
Spain,Female,39.0,0.0,1,0
Spain,Male,41.0,132934.89,1,0
Spain,Female,36.0,145750.45,2,0
Spain,Female,37.0,0.0,2,0
Spain,Male,43.0,133871.1,1,0
Spain,Male,36.0,0.0,1,1
Spain,Female,31.0,0.0,2,1
Spain,Female,21.0,0.0,2,0
Spain,Male,27.0,138523.17,1,0
Spain,Male,33.0,0.0,2,0
Spain,Female,29.0,153040.83,1,0
Spain,Male,44.0,97392.18,1,0
Spain,Female,52.0,154776.42,1,0
Spain,Male,33.0,0.0,2,0
Spain,Male,36.0,132436.94,1,0
Spain,Male,35.0,0.0,2,0
Spain,Female,38.0,0.0,2,0
Spain,Male,47.0,0.0,2,1
Spain,Male,30.0,152663.77,1,1
Spain,Male,46.0,0.0,1,1
Spain,Male,30.0,0.0,1,1
Spain,Female,53.0,0.0,2,0
Spain,Male,32.0,0.0,1,0
Spain,Male,33.0,0.0,2,0
Spain,Male,46.0,114631.58,1,0
Spain,Female,28.0,96381.68,2,0
Spain,Male,44.0,152341.55,1,1
Spain,Male,23.0,126076.24,2,0
Spain,Female,29.0,0.0,2,0
Spain,Male,31.0,0.0,2,0
Spain,Female,41.0,0.0,2,0
Spain,Male,38.0,0.0,2,0
Spain,Female,51.0,0.0,1,1
Spain,Female,21.0,0.0,2,0
Spain,Male,40.0,0.0,2,0
Spain,Female,34.0,0.0,2,0
Spain,Male,38.0,0.0,2,0
Spain,Male,31.0,102541.1,1,0
Spain,Male,40.0,100471.34,2,0
Spain,Female,27.0,0.0,2,0
Spain,Male,32.0,0.0,2,0
Spain,Male,67.0,0.0,1,0
Spain,Female,36.0,0.0,2,0
Spain,Female,49.0,0.0,1,0
Spain,Female,52.0,105583.38,1,1
Spain,Male,39.0,0.0,2,0
Spain,Male,31.0,0.0,2,0
Spain,Male,46.0,0.0,2,0
Spain,Female,37.0,0.0,2,0
Spain,Male,40.0,0.0,2,0
Spain,Male,30.0,179380.74,2,0
Spain,Female,39.0,165272.13,1,0
Spain,Female,47.0,0.0,1,1
Spain,Male,36.0,0.0,2,0
Spain,Female,60.0,0.0,2,0
Spain,Male,30.0,0.0,1,0
Spain,Female,59.0,0.0,2,0
Spain,Female,31.0,132767.66,1,0
Spain,Male,37.0,0.0,2,0
Spain,Female,37.0,106259.31,1,0
Spain,Female,31.0,157791.12,1,0
Spain,Female,49.0,98270.34,1,1
Spain,Male,32.0,0.0,2,0
Spain,Male,33.0,168964.77,1,0
Spain,Female,47.0,131365.37,1,1
Spain,Female,39.0,165272.13,1,1
Spain,Male,40.0,0.0,2,0
Spain,Female,42.0,0.0,2,0
Spain,Female,35.0,0.0,2,0
Spain,Female,36.0,0.0,1,0
Spain,Male,40.0,0.0,1,0
Spain,Female,38.0,97542.89,1,0
Spain,Female,40.0,146566.66,1,0
Spain,Male,42.0,0.0,2,0
Spain,Male,36.0,139986.78,1,0
Spain,Male,39.0,132628.98,1,0
Spain,Male,37.0,0.0,1,1
Spain,Female,31.0,0.0,2,0
Spain,Male,31.0,0.0,2,0
Spain,Male,33.0,0.0,2,0
Spain,Female,32.0,0.0,1,0
Spain,Female,44.0,0.0,2,0
Spain,Female,30.0,0.0,2,0
Spain,Female,36.0,139528.23,1,0
Spain,Male,38.0,0.0,1,1
Spain,Female,60.0,0.0,1,1
Spain,Female,36.0,0.0,2,0
Spain,Female,36.0,0.0,1,1
Spain,Male,71.0,0.0,2,0
Spain,Female,55.0,119654.44,3,1
Spain,Male,36.0,0.0,2,0
Spain,Female,28.0,102282.61,2,0
Spain,Male,34.0,0.0,2,0
Spain,Female,44.0,0.0,2,0
Spain,Male,37.0,0.0,1,0
Spain,Male,30.0,0.0,1,0
Spain,Male,30.0,0.0,1,0
Spain,Male,32.0,142645.58,1,0
Spain,Male,48.0,0.0,1,0
Spain,Male,56.0,149105.08,1,0
Spain,Male,46.0,0.0,1,1
Spain,Male,32.0,0.0,2,0
Spain,Female,34.0,0.0,2,0
Spain,Female,28.0,0.0,2,0
Spain,Female,44.0,0.0,2,0
Spain,Female,39.0,153819.58,1,0
Spain,Male,46.0,131468.44,1,0
Spain,Male,33.0,91760.11,1,0
Spain,Female,29.0,0.0,1,1
Spain,Male,34.0,0.0,2,0
Spain,Male,32.0,0.0,2,0
Spain,Male,44.0,0.0,2,0
Spain,Male,44.0,0.0,2,0
Spain,Female,41.0,0.0,2,0
Spain,Male,32.0,0.0,2,0
Spain,Male,41.0,0.0,3,1
Spain,Male,34.0,0.0,2,0
Spain,Male,33.0,0.0,2,0
Spain,Male,30.0,0.0,2,0
Spain,Female,41.0,0.0,1,0
Spain,Male,29.0,0.0,2,0
Spain,Male,40.0,0.0,2,0
Spain,Male,37.0,0.0,1,1
Spain,Female,32.0,102278.79,1,0
Spain,Male,24.0,0.0,1,0
Spain,Female,51.0,0.0,2,0
Spain,Male,34.0,0.0,2,0
Spain,Male,40.0,0.0,2,0
Spain,Female,34.0,139994.66,1,0
Spain,Male,38.0,130142.79,1,0
Spain,Female,43.0,82766.43,1,0
Spain,Male,35.0,92674.03,1,0
Spain,Female,45.0,145118.83,1,1
Spain,Female,31.0,0.0,2,0
Spain,Male,63.0,152085.88,1,0
Spain,Male,25.0,0.0,2,0
Spain,Female,49.0,0.0,1,1
Spain,Male,41.0,92472.1,2,0
Spain,Male,40.0,0.0,1,0
Spain,Male,46.0,0.0,1,1
Spain,Male,35.0,0.0,1,1
Spain,Male,21.0,0.0,2,0
Spain,Female,24.0,0.0,2,0
Spain,Male,37.0,0.0,2,0
Spain,Female,37.0,0.0,2,0
Spain,Male,26.0,79954.65,1,0
Spain,Male,29.0,0.0,2,0
Spain,Male,47.0,104936.99,1,0
Spain,Male,27.0,135470.55,2,0
Spain,Male,39.0,0.0,2,0
Spain,Male,40.0,0.0,2,0
Spain,Female,31.0,0.0,2,0
Spain,Male,40.0,0.0,3,1
Spain,Female,38.0,103895.31,1,0
Spain,Male,28.0,0.0,1,0
Spain,Female,36.0,0.0,2,0
Spain,Male,28.0,0.0,2,0
Spain,Female,40.0,142475.87,1,0
Spain,Male,43.0,0.0,1,1
Spain,Male,28.0,0.0,2,0
Spain,Female,36.0,0.0,2,0
Spain,Male,59.0,95984.69,1,1
Spain,Female,45.0,0.0,2,0
Spain,Male,31.0,0.0,1,0
Spain,Male,34.0,0.0,2,0
Spain,Male,64.0,0.0,2,0
Spain,Female,43.0,138843.7,1,0
Spain,Male,37.0,0.0,2,0
Spain,Male,45.0,0.0,2,0
Spain,Male,38.0,156948.41,1,0
Spain,Male,32.0,0.0,2,0
Spain,Male,35.0,0.0,1,0
Spain,Female,40.0,148571.07,1,0
Spain,Female,47.0,68799.72,1,0
Spain,Female,33.0,0.0,2,0
Spain,Female,18.0,0.0,2,0
Spain,Female,39.0,0.0,2,0
Spain,Female,24.0,149592.14,2,0
Spain,Male,36.0,0.0,2,0
Spain,Male,34.0,136674.55,1,0
Spain,Male,35.0,106070.97,1,0
Spain,Male,34.0,0.0,2,0
Spain,Female,24.0,114948.76,1,1
Spain,Male,36.0,0.0,2,0
Spain,Female,40.0,0.0,2,0
Spain,Female,42.0,134378.89,1,0
Spain,Female,31.0,0.0,2,0
Spain,Female,40.0,0.0,1,1
Spain,Male,58.0,0.0,1,0
Spain,Male,36.0,136556.44,1,0
Spain,Female,31.0,0.0,2,0
Spain,Male,23.0,0.0,2,0
Spain,Male,61.0,0.0,1,1
Spain,Female,31.0,0.0,2,0
Spain,Male,33.0,0.0,2,0
Spain,Male,32.0,0.0,2,0
Spain,Male,24.0,0.0,2,0
Spain,Male,37.0,0.0,2,0
Spain,Male,50.0,0.0,1,0
Spain,Male,31.0,125167.02,1,0
Spain,Male,28.0,0.0,2,0
Spain,Female,48.0,0.0,1,1
Spain,Male,29.0,0.0,2,0
Spain,Male,28.0,93791.38,1,0
Spain,Male,48.0,0.0,1,1
Spain,Male,38.0,0.0,2,0
Spain,Female,31.0,73059.03,1,0
Spain,Female,48.0,126826.13,1,1
Spain,Male,31.0,0.0,1,0
Spain,Male,38.0,0.0,2,0
Spain,Female,37.0,0.0,2,0
Spain,Female,36.0,0.0,2,0
Spain,Male,61.0,0.0,2,0
Spain,Female,46.0,0.0,1,0
Spain,Female,33.0,95927.04,1,0
Spain,Female,34.0,0.0,2,0
Spain,Female,48.0,0.0,3,1
Spain,Female,46.0,0.0,2,0
Spain,Male,37.0,104488.17,1,0
Spain,Male,33.0,0.0,2,0
Spain,Male,40.0,0.0,2,0
Spain,Female,40.0,0.0,2,0
Spain,Male,43.0,128707.31,1,0
Spain,Male,38.0,0.0,1,0
Spain,Female,45.0,0.0,1,1
Spain,Female,35.0,0.0,2,0
Spain,Female,34.0,0.0,1,1
Spain,Male,38.0,0.0,2,0
Spain,Male,23.0,0.0,2,0
Spain,Female,45.0,0.0,1,0
Spain,Male,36.0,0.0,2,0
Spain,Male,52.0,0.0,1,0
Spain,Male,33.0,133964.3,1,0
Spain,Male,35.0,0.0,1,0
Spain,Female,33.0,0.0,2,0
Spain,Male,40.0,0.0,2,0
Spain,Male,23.0,98635.77,1,0
Spain,Male,32.0,131659.59,2,0
Spain,Male,29.0,121161.57,2,0
Spain,Female,32.0,0.0,1,0
Spain,Female,32.0,122552.34,1,0
Spain,Male,43.0,0.0,2,0
Spain,Male,53.0,0.0,2,0
Spain,Female,36.0,0.0,2,0
Spain,Female,43.0,0.0,2,0
Spain,Female,20.0,0.0,2,0
Spain,Female,49.0,115309.75,1,0
Spain,Male,43.0,106022.73,2,0
Spain,Female,40.0,133801.75,1,0
Spain,Female,36.0,0.0,2,0
Spain,Male,57.0,104217.3,2,1
Spain,Male,48.0,0.0,2,0
Spain,Female,25.0,0.0,2,0
Spain,Male,29.0,121233.34,1,0
Spain,Female,42.0,0.0,2,0
Spain,Male,33.0,0.0,1,0
Spain,Male,39.0,120193.42,1,0
Spain,Female,39.0,0.0,2,0
Spain,Male,41.0,142872.41,1,0
Spain,Female,45.0,0.0,1,1
Spain,Female,41.0,129735.3,1,0
Spain,Female,35.0,0.0,1,0
Spain,Male,25.0,92350.36,1,0
Spain,Male,35.0,0.0,2,0
Spain,Female,37.0,0.0,1,1
Spain,Male,48.0,157871.93,1,0
Spain,Female,36.0,0.0,1,0
Spain,Female,44.0,128927.93,1,1
Spain,Male,31.0,0.0,2,0
Spain,Male,38.0,0.0,1,0
Spain,Male,28.0,132954.64,1,0
Spain,Female,43.0,0.0,1,1
Spain,Male,40.0,135553.12,1,0
Spain,Male,52.0,0.0,1,1
Spain,Male,41.0,0.0,1,1
Spain,Female,40.0,0.0,2,0
Spain,Female,33.0,0.0,1,0
Spain,Male,26.0,0.0,2,0
Spain,Male,44.0,107726.93,1,1
Spain,Female,34.0,0.0,2,0
Spain,Female,32.0,102955.14,2,0
Spain,Female,31.0,0.0,2,0
Spain,Male,32.0,0.0,1,0
Spain,Female,36.0,0.0,2,1
Spain,Male,47.0,116528.15,1,0
Spain,Female,40.0,0.0,2,0
Spain,Male,28.0,0.0,2,1
Spain,Female,28.0,0.0,2,0
Spain,Female,38.0,0.0,2,0
Spain,Female,35.0,0.0,2,0
Spain,Male,48.0,0.0,1,1
Spain,Female,34.0,0.0,1,1
Spain,Male,31.0,0.0,1,0
Spain,Male,34.0,0.0,2,0
Spain,Male,28.0,134766.85,1,1
Spain,Male,25.0,0.0,2,0
Spain,Male,24.0,0.0,1,1
Spain,Male,37.0,0.0,2,0
Spain,Male,41.0,204223.03,1,0
Spain,Female,51.0,0.0,3,1
Spain,Female,51.0,0.0,2,1
Spain,Male,30.0,0.0,2,0
Spain,Male,41.0,0.0,2,0
Spain,Male,53.0,0.0,2,1
Spain,Male,48.0,0.0,1,0
Spain,Female,59.0,0.0,1,1
Spain,Female,39.0,120137.55,2,0
Spain,Female,44.0,115095.62,1,1
Spain,Female,30.0,0.0,2,0
Spain,Female,47.0,164523.5,1,0
Spain,Male,29.0,0.0,2,0
Spain,Male,40.0,175214.71,1,0
Spain,Female,39.0,0.0,1,1
Spain,Male,42.0,153572.31,1,0
Spain,Female,62.0,0.0,1,1
Spain,Male,24.0,0.0,1,0
Spain,Female,30.0,0.0,2,0
Spain,Male,51.0,0.0,1,1
Spain,Female,39.0,0.0,2,0
Spain,Female,46.0,177619.71,1,0
Spain,Female,57.0,0.0,1,1
Spain,Female,37.0,0.0,2,0
Spain,Female,49.0,140363.95,2,1
Spain,Female,41.0,0.0,2,0
Spain,Male,37.0,0.0,2,0
Spain,Male,46.0,0.0,1,0
Spain,Male,33.0,80462.24,1,1
Spain,Male,35.0,0.0,2,0
Spain,Male,42.0,80764.03,2,0
Spain,Female,31.0,0.0,2,0
Spain,Male,20.0,0.0,2,0
Spain,Male,32.0,0.0,2,0
Spain,Female,33.0,0.0,3,1
Spain,Male,37.0,0.0,2,0
Spain,Male,35.0,102773.2,1,0
Spain,Female,35.0,0.0,1,1
Spain,Female,29.0,0.0,2,0
Spain,Male,41.0,164902.43,1,1
Spain,Male,36.0,0.0,1,0
Spain,Female,25.0,97378.54,1,0
Spain,Female,38.0,116060.08,2,0
Spain,Male,39.0,0.0,2,0
Spain,Male,43.0,0.0,2,0
Spain,Female,40.0,133676.65,1,1
Spain,Female,37.0,0.0,2,0
Spain,Female,35.0,0.0,2,0
Spain,Female,32.0,0.0,1,1
Spain,Female,40.0,81710.46,2,1
Spain,Female,33.0,0.0,2,0
Spain,Male,36.0,0.0,2,0
Spain,Female,35.0,0.0,1,1
Spain,Male,28.0,0.0,2,0
Spain,Male,38.0,0.0,2,0
Spain,Female,41.0,0.0,2,0
Spain,Female,39.0,0.0,2,0
Spain,Female,50.0,0.0,1,0
Spain,Female,35.0,0.0,2,0
Spain,Male,37.0,0.0,2,0
Spain,Male,49.0,0.0,2,1
Spain,Male,32.0,147493.89,1,0
Spain,Female,48.0,0.0,1,1
Spain,Male,41.0,0.0,2,1
Spain,Female,36.0,0.0,2,0
Spain,Female,29.0,0.0,2,0
Spain,Male,32.0,127609.59,1,0
Spain,Male,35.0,120355.0,1,1
Spain,Male,57.0,95900.04,1,0
Spain,Female,39.0,61172.05,1,0
Spain,Male,45.0,0.0,1,0
Spain,Male,37.0,0.0,2,0
Spain,Male,25.0,0.0,2,0
Spain,Male,32.0,0.0,2,0
Spain,Male,32.0,0.0,1,0
Spain,Female,47.0,72664.0,3,1
Spain,Male,40.0,0.0,1,0
Spain,Male,57.0,108748.08,1,1
Spain,Male,39.0,0.0,2,0
Spain,Female,30.0,134204.67,1,0
Spain,Male,32.0,0.0,2,0
Spain,Male,53.0,0.0,1,0
Spain,Female,29.0,0.0,2,0
Spain,Male,28.0,99141.86,2,0
Spain,Male,27.0,0.0,2,0
Spain,Female,26.0,0.0,2,0
Spain,Female,38.0,0.0,1,0
Spain,Female,34.0,0.0,2,0
Spain,Male,37.0,124493.03,1,0
Spain,Male,72.0,0.0,2,0
Spain,Male,29.0,84764.79,1,0
Spain,Male,38.0,97445.48,2,0
Spain,Female,34.0,0.0,1,0
Spain,Male,29.0,159035.45,1,0
Spain,Female,39.0,0.0,2,0
Spain,Male,36.0,163708.58,3,0
Spain,Male,21.0,0.0,2,0
Spain,Female,37.0,0.0,2,0
Spain,Male,42.0,0.0,2,0
Spain,Male,38.0,97560.16,1,0
Spain,Female,23.0,0.0,1,1
Spain,Female,52.0,141187.99,2,0
Spain,Male,51.0,100913.57,1,1
Spain,Male,33.0,0.0,2,0
Spain,Male,32.0,101985.81,2,0
Spain,Male,47.0,0.0,2,1
Spain,Female,35.0,139529.93,2,0
Spain,Male,34.0,0.0,3,1
Spain,Female,50.0,0.0,2,1
Spain,Male,26.0,0.0,2,0
Spain,Male,42.0,0.0,2,0
Spain,Male,33.0,168082.81,2,0
Spain,Male,33.0,119714.25,1,0
Spain,Female,39.0,0.0,2,0
Spain,Female,36.0,164902.42,1,0
Spain,Male,39.0,161209.17,2,0
Spain,Female,21.0,102785.16,2,0
Spain,Male,20.0,145809.73,1,0
Spain,Male,39.0,124732.78,2,0
Spain,Male,39.0,0.0,2,0
Spain,Male,37.0,0.0,2,0
Spain,Female,41.0,124182.23,1,0
Spain,Male,34.0,0.0,2,0
Spain,Male,44.0,0.0,2,0
Spain,Female,53.0,0.0,1,1
Spain,Male,35.0,0.0,2,0
Spain,Male,30.0,0.0,2,0
Spain,Male,34.0,116099.82,1,0
Spain,Male,54.0,135213.71,2,0
Spain,Male,34.0,70729.17,1,0
Spain,Male,48.0,0.0,2,0
Spain,Male,36.0,0.0,2,0
Spain,Male,25.0,0.0,2,0
Spain,Male,50.0,0.0,2,0
Spain,Male,51.0,0.0,2,0
Spain,Female,39.0,142765.24,1,0
Spain,Female,32.0,0.0,2,0
Spain,Female,25.0,0.0,2,0
Spain,Male,41.0,61688.61,2,0
Spain,Male,29.0,0.0,2,0
Spain,Female,58.0,104769.41,2,0
Spain,Male,43.0,147803.36,1,0
Spain,Male,41.0,0.0,2,0
Spain,Male,35.0,0.0,2,0
Spain,Female,50.0,0.0,1,1
Spain,Female,50.0,0.0,2,0
Spain,Male,28.0,0.0,2,0
Spain,Female,32.0,0.0,2,0
Spain,Male,38.0,0.0,2,0
Spain,Female,42.0,0.0,1,0
Spain,Male,29.0,0.0,1,0
Spain,Female,24.0,80770.16,2,0
Spain,Male,32.0,0.0,2,0
Spain,Female,29.0,0.0,2,0
Spain,Male,62.0,0.0,1,1
Spain,Female,33.0,0.0,2,0
Spain,Male,27.0,0.0,1,1
Spain,Male,39.0,0.0,1,1
Spain,Female,48.0,0.0,1,1
Spain,Male,38.0,128718.78,1,0
Spain,Male,35.0,0.0,2,0
Spain,Male,27.0,0.0,2,0
Spain,Male,38.0,0.0,2,1
Spain,Male,37.0,133801.56,1,0
Spain,Female,31.0,0.0,2,0
Spain,Female,30.0,165969.26,1,0
Spain,Female,27.0,0.0,2,0
Spain,Male,54.0,0.0,1,0
Spain,Male,42.0,0.0,2,1
Spain,Male,31.0,0.0,1,0
Spain,Female,34.0,0.0,2,0
Spain,Female,29.0,142644.64,1,0
Spain,Female,57.0,0.0,2,0
Spain,Male,45.0,155413.06,1,0
Spain,Male,58.0,58137.08,1,0
Spain,Male,37.0,0.0,2,0
Spain,Female,32.0,0.0,2,0
Spain,Female,43.0,148021.12,1,0
Spain,Male,35.0,0.0,2,0
Spain,Male,36.0,0.0,2,0
Spain,Female,35.0,0.0,2,0
Spain,Female,34.0,0.0,2,0
Spain,Female,37.0,0.0,2,0
Spain,Female,38.0,0.0,2,0
Spain,Male,30.0,0.0,2,0
Spain,Male,38.0,0.0,1,0
Spain,Female,48.0,0.0,1,0
Spain,Male,37.0,145933.27,2,0
Spain,Male,31.0,101713.84,1,0
Spain,Male,32.0,0.0,2,0
Spain,Male,36.0,0.0,2,0
Spain,Female,45.0,95922.9,1,0
Spain,Male,25.0,0.0,2,0
Spain,Male,39.0,0.0,2,0
Spain,Male,38.0,0.0,2,0
Spain,Female,60.0,125456.07,1,1
Spain,Male,34.0,0.0,2,0
Spain,Female,53.0,0.0,1,1
Spain,Male,29.0,0.0,2,0
Spain,Male,49.0,0.0,2,0
Spain,Male,33.0,0.0,2,0
Spain,Male,52.0,0.0,1,1
Spain,Male,42.0,0.0,1,0
Spain,Female,36.0,0.0,2,0
Spain,Female,26.0,0.0,2,0
Spain,Female,39.0,0.0,2,0
Spain,Male,40.0,0.0,2,0
Spain,Female,33.0,0.0,2,0
Spain,Male,35.0,111484.88,1,0
Spain,Male,32.0,0.0,1,0
Spain,Male,32.0,107726.93,2,0
Spain,Male,25.0,134497.27,1,0
Spain,Male,57.0,84719.97,1,1
Spain,Female,33.0,0.0,2,0
Spain,Male,35.0,0.0,2,0
Spain,Male,39.0,0.0,2,0
Spain,Male,34.0,0.0,1,0
Spain,Female,36.0,0.0,2,0
Spain,Male,33.0,147904.31,2,0
Spain,Male,40.0,105683.63,1,1
Spain,Male,39.0,0.0,1,0
Spain,Male,32.0,149238.97,1,0
Spain,Female,34.0,85660.96,2,0
Spain,Male,29.0,0.0,2,0
Spain,Female,64.0,0.0,1,1
Spain,Male,40.0,0.0,1,0
Spain,Male,35.0,0.0,1,1
Spain,Female,28.0,137853.0,1,1
Spain,Male,31.0,145260.23,1,1
Spain,Male,36.0,0.0,2,0
Spain,Female,33.0,0.0,2,0
Spain,Female,33.0,0.0,2,0
Spain,Female,33.0,137104.47,1,0
Spain,Male,40.0,0.0,2,0
Spain,Female,25.0,0.0,2,0
Spain,Male,33.0,0.0,2,0
Spain,Male,51.0,0.0,1,1
Spain,Male,38.0,127299.34,2,1
Spain,Female,39.0,0.0,1,0
Spain,Female,32.0,63492.94,1,0
Spain,Male,28.0,0.0,2,0
Spain,Male,29.0,0.0,2,0
Spain,Female,32.0,0.0,2,0
Spain,Male,34.0,0.0,2,0
Spain,Male,56.0,0.0,2,0
Spain,Female,39.0,0.0,2,0
Spain,Female,29.0,103524.58,1,0
Spain,Female,30.0,119208.85,1,0
Spain,Male,33.0,0.0,2,0
Spain,Male,43.0,59893.85,1,0
Spain,Male,40.0,0.0,1,0
Spain,Male,49.0,0.0,2,0
Spain,Male,44.0,96791.47,1,0
Spain,Male,34.0,0.0,2,0
Spain,Male,58.0,0.0,1,0
Spain,Female,29.0,119556.76,2,0
Spain,Female,40.0,92053.44,2,0
Spain,Female,31.0,0.0,2,0
Spain,Male,29.0,0.0,2,0
Spain,Male,32.0,0.0,2,0
Spain,Male,37.0,0.0,2,0
Spain,Male,45.0,88656.81,1,0
Spain,Male,40.0,0.0,1,0
Spain,Female,35.0,131753.95,2,0
Spain,Male,31.0,0.0,2,0
Spain,Male,41.0,0.0,2,0
Spain,Male,49.0,0.0,1,0
Spain,Female,49.0,0.0,1,0
Spain,Male,40.0,0.0,2,0
Spain,Male,38.0,0.0,2,0
Spain,Female,34.0,0.0,1,0
Spain,Female,22.0,0.0,2,0
Spain,Male,29.0,0.0,2,0
Spain,Female,33.0,114634.63,2,0
Spain,Male,40.0,107822.41,1,0
Spain,Female,47.0,0.0,1,1
Spain,Female,42.0,0.0,1,1
Spain,Female,31.0,0.0,2,0
Spain,Male,37.0,0.0,2,0
Spain,Female,37.0,0.0,2,0
Spain,Female,50.0,0.0,2,0
Spain,Male,41.0,0.0,2,0
Spain,Male,29.0,0.0,2,0
Spain,Male,45.0,139825.56,2,0
Spain,Female,37.0,142767.39,2,0
Spain,Female,37.0,101583.11,1,0
Spain,Male,32.0,0.0,2,0
Spain,Male,27.0,0.0,2,0
Spain,Female,40.0,0.0,2,0
Spain,Male,41.0,0.0,2,0
Spain,Female,52.0,0.0,1,1
Spain,Male,34.0,0.0,2,0
Spain,Female,43.0,0.0,2,0
Spain,Female,38.0,0.0,1,1
Spain,Female,40.0,0.0,1,1
Spain,Male,39.0,0.0,2,0
Spain,Male,40.0,0.0,2,0
Spain,Male,38.0,0.0,2,0
Spain,Male,62.0,0.0,1,0
Spain,Female,24.0,0.0,2,0
Spain,Male,30.0,120047.77,1,0
Spain,Male,32.0,161628.66,1,0
Spain,Female,39.0,0.0,2,0
Spain,Male,38.0,0.0,1,0
Spain,Male,41.0,150923.99,1,0
Spain,Male,31.0,0.0,1,0
Spain,Male,46.0,0.0,2,0
Spain,Male,43.0,0.0,2,0
Spain,Male,33.0,0.0,1,0
Spain,Female,43.0,0.0,1,1
Spain,Female,40.0,121691.42,1,0
Spain,Male,45.0,0.0,2,0
Spain,Male,55.0,0.0,1,1
Spain,Female,36.0,133686.52,1,0
Spain,Male,33.0,71996.09,1,0
Spain,Female,32.0,0.0,1,0
Spain,Female,30.0,0.0,2,0
Spain,Female,19.0,0.0,3,1
Spain,Female,20.0,122446.61,2,0
Spain,Male,39.0,0.0,2,0
Spain,Male,43.0,0.0,2,0
Spain,Male,24.0,139825.04,1,0
Spain,Male,30.0,0.0,1,0
Spain,Female,34.0,0.0,2,0
Spain,Female,53.0,157320.51,1,0
Spain,Female,36.0,0.0,1,0
Spain,Female,36.0,146098.43,1,0
Spain,Male,28.0,137984.66,1,0
Spain,Female,54.0,0.0,2,0
Spain,Female,40.0,128882.49,1,0
Spain,Male,38.0,0.0,1,0
Spain,Male,35.0,0.0,1,0
Spain,Female,27.0,0.0,1,0
Spain,Female,36.0,0.0,1,1
Spain,Female,34.0,0.0,2,0
Spain,Male,37.0,0.0,2,0
Spain,Male,41.0,0.0,2,0
Spain,Male,39.0,86824.09,1,0
Spain,Male,40.0,0.0,2,0
Spain,Male,44.0,139835.87,1,1
Spain,Male,29.0,121378.39,1,0
Spain,Female,42.0,156371.61,2,0
Spain,Male,41.0,0.0,2,0
Spain,Female,40.0,0.0,2,0
Spain,Male,23.0,0.0,2,0
Spain,Female,43.0,0.0,2,0
Spain,Female,33.0,0.0,2,0
Spain,Female,25.0,0.0,1,0
Spain,Male,44.0,122570.69,1,1
Spain,Female,43.0,0.0,2,0
Spain,Female,43.0,0.0,1,1
Spain,Female,55.0,0.0,1,1
Spain,Male,35.0,0.0,2,0
Spain,Female,38.0,0.0,2,0
Spain,Female,35.0,0.0,1,1
Spain,Male,35.0,0.0,1,0
Spain,Female,40.0,128389.12,1,0
Spain,Male,44.0,164450.94,1,1
Spain,Male,24.0,81132.21,1,0
Spain,Male,43.0,136689.66,1,0
Spain,Female,33.0,0.0,2,0
Spain,Female,59.0,96947.57,1,1
Spain,Female,47.0,0.0,1,1
Spain,Male,26.0,198113.86,1,0
Spain,Male,40.0,0.0,2,0
Spain,Female,34.0,0.0,2,0
Spain,Male,34.0,0.0,2,0
Spain,Female,40.0,0.0,2,0
Spain,Male,33.0,0.0,3,1
Spain,Male,35.0,0.0,2,0
Spain,Female,28.0,128929.88,1,1
Spain,Female,56.0,132856.95,1,0
Spain,Female,63.0,72541.08,1,1
Spain,Male,30.0,0.0,2,0
Spain,Female,32.0,0.0,1,0
Spain,Female,35.0,0.0,2,0
Spain,Female,40.0,0.0,2,0
Spain,Male,36.0,0.0,2,0
Spain,Male,39.0,0.0,2,0
Spain,Male,32.0,118076.63,1,0
Spain,Female,37.0,0.0,2,0
Spain,Male,28.0,95059.02,3,1
Spain,Male,64.0,121890.08,1,0
Spain,Male,57.0,0.0,1,1
Spain,Female,47.0,169832.53,1,1
Spain,Female,30.0,110741.56,1,0
Spain,Male,34.0,0.0,2,0
Spain,Female,38.0,102276.49,1,0
Spain,Female,26.0,151762.65,1,0
Spain,Male,21.0,0.0,2,0
Spain,Male,53.0,0.0,1,0
Spain,Male,29.0,0.0,1,0
Spain,Male,31.0,0.0,1,0
Spain,Female,21.0,117738.81,1,0
Spain,Male,44.0,0.0,1,0
Spain,Female,71.0,0.0,1,1
Spain,Male,42.0,0.0,2,0
Spain,Female,49.0,0.0,2,0
Spain,Male,45.0,0.0,1,1
Spain,Female,31.0,0.0,2,0
Spain,Male,37.0,0.0,2,0
Spain,Female,31.0,123105.88,2,0
Spain,Female,42.0,0.0,3,1
Spain,Female,66.0,0.0,2,0
Spain,Male,40.0,0.0,2,0
Spain,Male,56.0,106723.28,1,1
Spain,Female,45.0,0.0,2,0
Spain,Male,64.0,78707.16,1,0
Spain,Female,31.0,0.0,1,0
Spain,Male,37.0,0.0,2,0
Spain,Male,40.0,0.0,2,0
Spain,Female,32.0,0.0,2,0
Spain,Female,37.0,0.0,2,0
Spain,Male,27.0,0.0,1,0
Spain,Male,39.0,162485.8,3,1
Spain,Male,29.0,97541.24,1,0
Spain,Female,33.0,0.0,2,0
Spain,Female,49.0,0.0,2,0
Spain,Male,48.0,118899.45,2,0
Spain,Male,36.0,0.0,1,0
Spain,Male,55.0,0.0,1,0
Spain,Male,52.0,0.0,2,0
Spain,Male,38.0,0.0,1,0
Spain,Male,29.0,0.0,2,0
Spain,Male,33.0,0.0,2,0
Spain,Female,30.0,72938.25,1,0
Spain,Male,36.0,142537.18,1,0
Spain,Male,35.0,0.0,1,0
Spain,Male,39.0,0.0,2,0
Spain,Female,33.0,0.0,1,1
Spain,Female,41.0,0.0,2,0
Spain,Female,28.0,0.0,2,0
Spain,Male,50.0,0.0,3,1
Spain,Female,40.0,51582.5,2,0
Spain,Female,41.0,0.0,1,0
Spain,Male,37.0,0.0,2,0
Spain,Male,36.0,0.0,1,1
Spain,Female,36.0,0.0,2,0
Spain,Female,38.0,132057.92,2,1
Spain,Female,48.0,0.0,3,1
Spain,Female,23.0,94464.81,2,0
Spain,Male,72.0,0.0,2,0
Spain,Female,33.0,0.0,2,0
Spain,Male,29.0,0.0,1,0
Spain,Male,35.0,109681.61,1,0
Spain,Female,29.0,112713.34,1,0
Spain,Female,31.0,123873.19,1,0
Spain,Female,38.0,0.0,1,0
Spain,Male,23.0,0.0,2,0
Spain,Male,38.0,0.0,1,0
Spain,Female,38.0,77826.8,1,1
Spain,Male,33.0,0.0,1,0
Spain,Female,37.0,0.0,2,0
Spain,Male,41.0,0.0,1,1
Spain,Male,29.0,106045.92,2,0
Spain,Female,35.0,0.0,1,0
Spain,Female,36.0,0.0,2,0
Spain,Female,62.0,0.0,2,0
Spain,Male,29.0,128751.65,1,0
Spain,Male,39.0,0.0,1,1
Spain,Male,30.0,0.0,1,0
Spain,Female,42.0,0.0,2,0
Spain,Female,48.0,0.0,2,0
Spain,Male,34.0,0.0,2,0
Spain,Female,47.0,0.0,1,1
Spain,Male,42.0,0.0,2,0
Spain,Female,39.0,0.0,1,0
Spain,Male,28.0,0.0,2,0
Spain,Female,40.0,99816.46,1,0
Spain,Female,45.0,0.0,1,1
Spain,Male,39.0,0.0,2,0
Spain,Female,39.0,0.0,1,0
Spain,Male,44.0,118742.74,2,0
Spain,Male,42.0,0.0,2,0
Spain,Male,26.0,0.0,2,0
Spain,Male,38.0,0.0,1,1
Spain,Female,20.0,128306.83,1,0
Spain,Male,71.0,134175.57,1,0
Spain,Male,44.0,0.0,1,0
Spain,Female,28.0,0.0,2,1
Spain,Male,43.0,109153.96,1,0
Spain,Female,24.0,0.0,2,0
Spain,Female,33.0,0.0,2,0
Spain,Female,37.0,0.0,2,0
Spain,Male,33.0,0.0,2,0
Spain,Male,37.0,0.0,2,0
Spain,Female,44.0,0.0,1,1
Spain,Male,44.0,141074.59,1,1
Spain,Female,25.0,0.0,2,0
Spain,Male,31.0,136659.55,1,0
Spain,Female,41.0,0.0,1,1
Spain,Female,28.0,0.0,2,0
Spain,Male,67.0,0.0,3,1
Spain,Male,41.0,0.0,2,0
Spain,Male,29.0,0.0,2,0
Spain,Male,31.0,0.0,2,0
Spain,Female,28.0,0.0,2,0
Spain,Male,45.0,133851.85,1,0
Spain,Male,57.0,0.0,2,0
Spain,Male,33.0,0.0,2,0
Spain,Male,37.0,113958.55,3,1
Spain,Male,34.0,0.0,2,0
Spain,Male,34.0,0.0,2,0
Spain,Female,71.0,0.0,3,0
Spain,Male,37.0,0.0,2,0
Spain,Female,41.0,0.0,2,0
Spain,Male,56.0,142147.32,1,0
Spain,Female,46.0,0.0,1,1
Spain,Male,32.0,123617.33,1,0
Spain,Female,45.0,157848.53,2,1
Spain,Female,35.0,0.0,2,0
Spain,Female,42.0,187997.15,1,0
Spain,Male,30.0,0.0,2,0
Spain,Female,31.0,0.0,1,0
Spain,Male,29.0,0.0,1,0
Spain,Male,38.0,0.0,1,0
Spain,Male,39.0,0.0,1,0
Spain,Female,35.0,0.0,2,0
Spain,Male,50.0,0.0,2,0
Spain,Male,48.0,0.0,1,1
Spain,Female,37.0,0.0,1,0
Spain,Male,36.0,0.0,2,0
Spain,Female,36.0,111629.29,1,1
Spain,Female,24.0,0.0,2,0
Spain,Male,31.0,108862.76,1,0
Spain,Female,31.0,0.0,2,0
Spain,Male,31.0,0.0,2,1
Spain,Male,26.0,0.0,1,0
Spain,Male,32.0,164450.94,1,0
Spain,Female,32.0,0.0,1,0
Spain,Female,31.0,0.0,1,0
Spain,Female,34.0,0.0,2,0
Spain,Male,38.0,0.0,2,0
Spain,Male,46.0,131365.37,2,0
Spain,Female,37.0,0.0,2,0
Spain,Male,47.0,0.0,1,1
Spain,Male,36.0,0.0,2,0
Spain,Female,65.0,106804.26,2,0
Spain,Male,29.0,115518.07,1,0
Spain,Male,36.0,0.0,2,0
Spain,Male,29.0,0.0,2,0
Spain,Male,40.0,0.0,1,0
Spain,Male,46.0,127660.46,3,1
Spain,Female,38.0,0.0,1,0
Spain,Male,39.0,122773.5,2,0
Spain,Male,26.0,0.0,2,0
Spain,Female,38.0,0.0,1,0
Spain,Male,41.0,0.0,2,0
Spain,Male,39.0,0.0,1,0
Spain,Male,31.0,151012.55,2,0
Spain,Female,29.0,0.0,2,0
Spain,Female,32.0,0.0,2,0
Spain,Female,50.0,174330.35,2,1
Spain,Female,31.0,101278.25,2,1
Spain,Female,33.0,0.0,2,0
Spain,Female,22.0,0.0,2,0
Spain,Male,34.0,0.0,2,0
Spain,Female,37.0,114548.74,1,0
Spain,Female,36.0,144581.06,1,0
Spain,Female,33.0,0.0,1,0
Spain,Male,55.0,0.0,1,0
Spain,Female,36.0,0.0,2,0
Spain,Male,34.0,0.0,2,0
Spain,Female,46.0,0.0,2,0
Spain,Female,36.0,0.0,2,0
Spain,Female,40.0,197200.04,2,0
Spain,Male,50.0,0.0,2,0
Spain,Female,32.0,0.0,2,0
Spain,Male,25.0,0.0,2,0
Spain,Male,31.0,0.0,2,0
Spain,Female,35.0,0.0,2,0
Spain,Female,54.0,0.0,1,1
Spain,Male,33.0,0.0,2,0
Spain,Male,40.0,132278.6,1,0
Spain,Female,34.0,82674.15,1,0
Spain,Female,40.0,0.0,1,1
Spain,Male,37.0,175534.78,1,0
Spain,Female,23.0,136258.06,1,0
Spain,Male,42.0,0.0,2,0
Spain,Female,33.0,0.0,3,1
Spain,Male,52.0,0.0,2,0
Spain,Male,41.0,0.0,2,0
Spain,Male,49.0,0.0,1,1
Spain,Male,30.0,0.0,2,0
Spain,Male,33.0,0.0,2,0
Spain,Female,38.0,0.0,2,0
Spain,Male,39.0,0.0,2,0
Spain,Male,42.0,141162.08,2,0
Spain,Female,35.0,0.0,2,0
Spain,Female,44.0,0.0,2,0
Spain,Male,34.0,142880.28,2,0
Spain,Female,37.0,0.0,1,0
Spain,Female,25.0,75212.28,1,0
Spain,Female,30.0,0.0,2,0
Spain,Male,26.0,0.0,2,0
Spain,Female,38.0,0.0,2,0
Spain,Female,29.0,0.0,2,0
Spain,Female,40.0,130334.35,2,0
Spain,Female,29.0,113870.39,1,0
Spain,Female,35.0,0.0,3,1
Spain,Female,34.0,0.0,2,0
Spain,Male,45.0,0.0,1,0
Spain,Female,37.0,112262.84,1,0
Spain,Male,29.0,92674.03,1,0
Spain,Female,37.0,172448.77,1,0
Spain,Male,48.0,0.0,2,1
Spain,Male,32.0,0.0,2,0
Spain,Male,35.0,0.0,2,0
Spain,Female,41.0,0.0,2,0
Spain,Male,45.0,0.0,1,1
Spain,Female,60.0,128366.44,3,1
Spain,Male,30.0,0.0,2,0
Spain,Male,56.0,94231.13,1,0
Spain,Female,49.0,0.0,1,1
Spain,Male,41.0,0.0,2,0
Spain,Male,34.0,0.0,2,0
Spain,Male,47.0,106758.6,1,0
Spain,Female,47.0,0.0,1,1
Spain,Male,50.0,0.0,1,1
Spain,Male,36.0,0.0,1,0
Spain,Male,39.0,0.0,2,0
Spain,Male,24.0,132582.7,1,0
Spain,Male,33.0,0.0,1,1
Spain,Female,39.0,0.0,1,1
Spain,Female,36.0,132628.98,1,0
Spain,Male,35.0,151806.13,1,0
Spain,Male,63.0,0.0,3,1
Spain,Male,41.0,0.0,2,0
Spain,Male,40.0,0.0,1,0
Spain,Male,28.0,0.0,2,0
Spain,Male,32.0,123401.88,1,0
Spain,Female,36.0,135216.8,1,1
Spain,Male,39.0,120107.42,1,0
Spain,Male,25.0,0.0,2,0
Spain,Male,37.0,129022.06,2,0
Spain,Male,26.0,0.0,2,0
Spain,Male,29.0,116084.32,1,0
Spain,Female,35.0,129855.32,1,0
Spain,Male,31.0,0.0,2,0
Spain,Male,39.0,0.0,2,0
Spain,Male,40.0,0.0,1,0
Spain,Male,55.0,0.0,2,0
Spain,Female,37.0,0.0,2,0
Spain,Female,23.0,142862.21,2,0
Spain,Female,25.0,0.0,1,0
Spain,Female,47.0,0.0,1,1
Spain,Male,24.0,0.0,2,0
Spain,Male,31.0,0.0,2,0
Spain,Male,33.0,139183.02,1,0
Spain,Female,31.0,138881.04,1,0
Spain,Male,35.0,0.0,2,0
Spain,Female,28.0,0.0,2,0
Spain,Male,31.0,0.0,2,0
Spain,Male,43.0,124439.49,1,0
Spain,Male,23.0,0.0,2,0
Spain,Male,35.0,104784.23,1,0
Spain,Female,40.0,0.0,2,0
Spain,Female,33.0,0.0,2,0
Spain,Female,49.0,0.0,3,1
Spain,Male,41.0,0.0,2,0
Spain,Male,37.0,123328.7,1,0
Spain,Male,32.0,0.0,2,0
Spain,Female,45.0,0.0,2,0
Spain,Male,30.0,85818.18,1,0
Spain,Female,39.0,122351.26,1,0
Spain,Female,43.0,0.0,2,0
Spain,Male,50.0,107848.45,3,1
Spain,Male,67.0,114084.6,1,0
Spain,Male,33.0,66220.17,2,0
Spain,Female,36.0,0.0,2,0
Spain,Female,52.0,0.0,2,1
Spain,Male,35.0,86967.13,1,0
Spain,Female,56.0,90778.76,2,0
Spain,Female,40.0,166501.17,1,0
Spain,Female,40.0,91711.12,1,0
Spain,Male,32.0,160997.54,2,0
Spain,Female,38.0,0.0,2,0
Spain,Female,41.0,0.0,1,0
Spain,Female,34.0,0.0,2,0
Spain,Male,30.0,0.0,2,0
Spain,Female,45.0,0.0,1,1
Spain,Female,46.0,0.0,1,1
Spain,Male,23.0,0.0,2,0
Spain,Male,42.0,0.0,2,0
Spain,Male,36.0,0.0,1,0
Spain,Female,42.0,0.0,1,1
Spain,Female,33.0,0.0,2,0
Spain,Male,28.0,0.0,2,0
Spain,Male,35.0,0.0,2,0
Spain,Female,52.0,0.0,2,0
Spain,Male,51.0,123082.08,1,1
Spain,Male,25.0,0.0,1,0
Spain,Female,32.0,0.0,2,0
Spain,Male,37.0,121326.42,1,0
Spain,Male,32.0,0.0,1,0
Spain,Female,69.0,0.0,1,0
Spain,Male,32.0,0.0,2,0
Spain,Male,40.0,0.0,2,0
Spain,Male,23.0,0.0,1,0
Spain,Female,35.0,0.0,2,0
Spain,Male,58.0,0.0,2,0
Spain,Male,41.0,0.0,2,0
Spain,Male,33.0,0.0,2,0
Spain,Male,35.0,0.0,2,0
Spain,Male,46.0,0.0,1,1
Spain,Female,49.0,105663.56,1,1
Spain,Female,43.0,0.0,1,1
Spain,Male,41.0,98635.93,1,0
Spain,Male,41.0,0.0,2,0
Spain,Female,35.0,129735.3,1,0
Spain,Male,46.0,0.0,1,1
Spain,Male,26.0,0.0,1,0
Spain,Male,35.0,0.0,2,0
Spain,Female,46.0,145537.31,1,0
Spain,Female,43.0,0.0,2,0
Spain,Female,49.0,0.0,2,0
Spain,Male,36.0,0.0,2,0
Spain,Male,56.0,0.0,1,1
Spain,Male,43.0,82321.49,2,0
Spain,Female,37.0,0.0,1,0
Spain,Female,32.0,0.0,1,0
Spain,Female,31.0,0.0,1,0
Spain,Male,34.0,92576.3,2,0
Spain,Female,40.0,0.0,2,0
Spain,Female,31.0,0.0,1,0
Spain,Male,38.0,0.0,2,0
Spain,Male,50.0,81947.76,1,1
Spain,Male,30.0,81244.65,1,0
Spain,Male,38.0,0.0,2,0
Spain,Male,35.0,0.0,2,0
Spain,Male,44.0,0.0,2,0
Spain,Male,46.0,98912.59,2,0
Spain,Male,24.0,0.0,2,0
Spain,Male,42.0,0.0,1,0
Spain,Male,39.0,0.0,2,0
Spain,Female,36.0,137936.94,1,0
Spain,Female,39.0,0.0,1,0
Spain,Female,52.0,61211.18,1,0
Spain,Male,32.0,161889.81,1,0
Spain,Female,26.0,164046.1,1,0
Spain,Male,39.0,0.0,2,0
Spain,Male,71.0,0.0,2,0
Spain,Female,41.0,0.0,1,1
Spain,Female,29.0,14174.09,2,0
Spain,Male,38.0,176914.8,1,0
Spain,Female,38.0,0.0,1,1
Spain,Female,32.0,0.0,2,0
Spain,Male,43.0,115643.58,2,0
Spain,Male,58.0,0.0,1,0
Spain,Male,46.0,81742.84,2,0
Spain,Male,57.0,0.0,2,0
Spain,Male,42.0,0.0,1,1
Spain,Female,38.0,0.0,2,0
Spain,Female,35.0,0.0,2,0
Spain,Male,40.0,119859.52,2,0
Spain,Male,29.0,0.0,2,0
Spain,Male,44.0,0.0,2,0
Spain,Male,35.0,0.0,2,0
Spain,Female,35.0,108465.65,2,0
Spain,Male,57.0,0.0,1,0
Spain,Male,29.0,0.0,2,0
Spain,Female,41.0,100781.75,1,0
Spain,Male,35.0,0.0,1,0
Spain,Male,38.0,148055.79,1,0
Spain,Male,38.0,0.0,2,0
Spain,Male,46.0,0.0,1,1
Spain,Female,28.0,0.0,1,1
Spain,Male,39.0,0.0,2,0
Spain,Male,26.0,0.0,2,0
Spain,Female,37.0,0.0,1,1
Spain,Male,40.0,126438.57,2,0
Spain,Male,43.0,0.0,1,1
Spain,Female,26.0,109958.15,1,0
Spain,Female,28.0,0.0,2,0
Spain,Male,22.0,152310.5,1,0
Spain,Female,46.0,0.0,2,0
Spain,Male,42.0,0.0,2,0
Spain,Male,45.0,0.0,2,0
Spain,Male,48.0,0.0,2,0
Spain,Female,46.0,0.0,1,0
Spain,Female,36.0,0.0,2,0
Spain,Female,36.0,0.0,2,0
Spain,Male,34.0,0.0,1,0
Spain,Female,24.0,78833.75,2,0
Spain,Male,64.0,0.0,1,1
Spain,Female,32.0,121260.19,1,0
Spain,Male,26.0,59893.85,1,0
Spain,Male,25.0,110783.28,1,0
Spain,Female,37.0,133800.34,1,0
Spain,Female,41.0,0.0,2,0
Spain,Male,37.0,115576.61,1,0
Spain,Male,38.0,0.0,2,0
Spain,Male,32.0,0.0,1,0
Spain,Female,48.0,0.0,2,0
Spain,Male,33.0,0.0,2,0
Spain,Female,20.0,122446.61,2,0
Spain,Female,43.0,116121.67,1,1
Spain,Male,26.0,0.0,2,0
Spain,Female,31.0,0.0,2,0
Spain,Male,45.0,97188.62,1,0
Spain,Male,33.0,124447.79,3,1
Spain,Male,41.0,105969.42,1,1
Spain,Female,33.0,152643.12,1,0
Spain,Male,38.0,0.0,2,0
Spain,Female,27.0,0.0,1,1
Spain,Female,29.0,134543.51,1,0
Spain,Male,55.0,0.0,2,0
Spain,Female,34.0,0.0,2,0
Spain,Female,32.0,0.0,2,0
Spain,Female,40.0,0.0,2,0
Spain,Male,33.0,0.0,2,0
Spain,Female,30.0,119413.62,1,0
Spain,Male,34.0,0.0,2,0
Spain,Female,32.0,121898.58,1,0
Spain,Female,43.0,0.0,1,1
Spain,Male,36.0,0.0,1,1
Spain,Female,66.0,0.0,1,1
Spain,Female,38.0,0.0,1,1
Spain,Female,55.0,99745.95,1,0
Spain,Female,35.0,102908.42,4,1
Spain,Male,31.0,157092.72,1,0
Spain,Male,31.0,0.0,2,0
Spain,Female,38.0,0.0,2,0
Spain,Female,19.0,0.0,2,0
Spain,Female,71.0,156093.65,1,0
Spain,Male,29.0,0.0,2,0
Spain,Male,39.0,116537.6,2,0
Spain,Female,41.0,92799.76,1,1
Spain,Female,36.0,0.0,2,0
Spain,Male,38.0,0.0,2,0
Spain,Male,37.0,0.0,1,1
Spain,Female,39.0,0.0,2,1
Spain,Female,40.0,0.0,2,0
Spain,Male,32.0,0.0,2,0
Spain,Male,38.0,0.0,2,0
Spain,Female,39.0,0.0,2,0
Spain,Female,34.0,0.0,2,0
Spain,Male,49.0,0.0,2,0
Spain,Female,35.0,0.0,2,0
Spain,Female,28.0,0.0,2,0
Spain,Male,36.0,132951.92,2,0
Spain,Male,29.0,105739.61,2,0
Spain,Male,29.0,138296.94,2,0
Spain,Female,54.0,0.0,1,1
Spain,Male,54.0,0.0,2,0
Spain,Male,51.0,135506.58,3,0
Spain,Male,44.0,0.0,2,0
Spain,Female,39.0,0.0,1,1
Spain,Female,33.0,0.0,2,0
Spain,Male,40.0,0.0,2,0
Spain,Male,31.0,0.0,2,0
Spain,Female,38.0,0.0,1,0
Spain,Male,56.0,0.0,1,1
Spain,Male,38.0,0.0,2,0
Spain,Female,34.0,129855.72,1,0
Spain,Female,62.0,122724.56,1,0
Spain,Male,51.0,79811.72,2,1
Spain,Male,32.0,0.0,2,0
Spain,Female,33.0,0.0,2,0
Spain,Female,36.0,169312.72,2,0
Spain,Female,39.0,96473.59,1,0
Spain,Female,33.0,0.0,2,0
Spain,Female,36.0,106901.42,1,0
Spain,Male,30.0,0.0,2,0
Spain,Male,32.0,0.0,2,0
Spain,Female,38.0,0.0,2,0
Spain,Male,30.0,164701.05,1,0
Spain,Male,40.0,0.0,1,1
Spain,Female,34.0,0.0,2,0
Spain,Male,35.0,104339.11,1,0
Spain,Male,44.0,0.0,2,0
Spain,Female,41.0,0.0,1,0
Spain,Male,39.0,0.0,2,0
Spain,Female,28.0,0.0,2,0
Spain,Female,40.0,141788.63,1,0
Spain,Male,60.0,0.0,1,1
Spain,Female,43.0,0.0,1,1
Spain,Male,47.0,0.0,1,1
Spain,Female,37.0,0.0,2,0
Spain,Male,41.0,127157.09,1,1
Spain,Male,66.0,0.0,1,1
Spain,Male,40.0,184552.12,1,0
Spain,Female,38.0,117808.74,1,0
Spain,Female,36.0,0.0,2,0
Spain,Female,28.0,150183.74,1,0
Spain,Male,37.0,0.0,2,0
Spain,Male,34.0,0.0,2,0
Spain,Female,31.0,0.0,2,0
Spain,Male,33.0,92887.04,1,0
Spain,Male,32.0,99883.16,1,0
Spain,Male,22.0,0.0,2,0
Spain,Male,29.0,116800.25,1,0
Spain,Male,45.0,0.0,2,0
Spain,Female,33.0,0.0,2,0
Spain,Male,39.0,154902.35,1,0
Spain,Female,35.0,0.0,2,0
Spain,Female,41.0,0.0,2,0
Spain,Male,42.0,131160.85,1,0
Spain,Male,47.0,0.0,2,0
Spain,Male,58.0,0.0,2,0
Spain,Male,39.0,142391.07,1,0
Spain,Female,26.0,95947.76,1,1
Spain,Male,27.0,102742.91,1,0
Spain,Male,34.0,0.0,2,0
Spain,Female,31.0,80922.75,2,0
Spain,Male,35.0,0.0,2,0
Spain,Female,46.0,0.0,1,1
Spain,Male,29.0,46057.96,3,1
Spain,Male,56.0,142862.21,2,0
Spain,Male,37.0,53773.85,1,0
Spain,Male,32.0,0.0,2,0
Spain,Female,56.0,0.0,2,0
Spain,Male,36.0,0.0,1,0
Spain,Male,37.0,0.0,2,0
Spain,Male,42.0,178820.91,1,0
Spain,Female,35.0,0.0,2,0
Spain,Male,32.0,0.0,1,1
Spain,Male,41.0,109044.6,1,0
Spain,Female,33.0,0.0,2,0
Spain,Female,33.0,142400.61,1,1
Spain,Female,29.0,0.0,2,0
Spain,Female,53.0,0.0,1,0
Spain,Female,32.0,0.0,2,0
Spain,Female,48.0,0.0,1,1
Spain,Male,37.0,115934.74,2,0
Spain,Female,44.0,130786.39,1,0
Spain,Male,42.0,0.0,3,1
Spain,Female,35.0,142051.07,1,0
Spain,Female,36.0,0.0,2,0
Spain,Female,41.0,0.0,1,0
Spain,Male,27.0,0.0,2,0
Spain,Male,34.0,0.0,2,0
Spain,Female,35.0,0.0,2,0
Spain,Female,33.0,0.0,2,0
Spain,Female,26.0,0.0,2,0
Spain,Female,37.0,0.0,2,0
Spain,Female,45.0,0.0,2,0
Spain,Male,26.0,140197.47,1,0
Spain,Male,29.0,0.0,2,0
Spain,Male,36.0,0.0,2,0
Spain,Male,29.0,0.0,2,0
Spain,Male,35.0,0.0,2,0
Spain,Female,31.0,0.0,2,0
Spain,Female,32.0,0.0,1,1
Spain,Male,38.0,124447.28,1,0
Spain,Male,24.0,79858.13,1,0
Spain,Male,32.0,0.0,2,0
Spain,Male,28.0,0.0,2,0
Spain,Male,32.0,83888.54,1,0
Spain,Male,36.0,0.0,1,0
Spain,Male,38.0,161767.81,1,0
Spain,Male,47.0,0.0,1,1
Spain,Male,34.0,0.0,2,0
Spain,Female,36.0,95953.26,1,0
Spain,Male,36.0,0.0,2,0
Spain,Male,41.0,0.0,2,0
Spain,Male,42.0,79360.13,1,0
Spain,Male,34.0,0.0,2,0
Spain,Female,33.0,0.0,2,0
Spain,Male,23.0,0.0,2,0
Spain,Female,49.0,0.0,1,0
Spain,Male,35.0,0.0,2,0
Spain,Female,22.0,0.0,2,0
Spain,Male,41.0,0.0,2,0
Spain,Female,64.0,0.0,1,0
Spain,Male,33.0,79064.34,1,0
Spain,Female,32.0,0.0,1,0
Spain,Female,42.0,0.0,1,1
Spain,Male,43.0,0.0,3,1
Spain,Female,35.0,0.0,2,0
Spain,Female,35.0,124151.09,1,0
Spain,Male,46.0,128918.49,1,0
Spain,Female,39.0,0.0,2,0
Spain,Male,38.0,0.0,2,0
Spain,Male,34.0,0.0,2,0
Spain,Male,32.0,0.0,1,0
Spain,Male,36.0,0.0,2,0
Spain,Male,26.0,0.0,1,0
Spain,Male,43.0,137781.65,1,1
Spain,Female,30.0,0.0,2,0
Spain,Male,72.0,0.0,2,0
Spain,Male,37.0,0.0,2,0
Spain,Male,35.0,121524.56,2,0
Spain,Female,38.0,0.0,2,0
Spain,Male,39.0,0.0,2,0
Spain,Female,38.0,0.0,2,0
Spain,Male,35.0,0.0,1,0
Spain,Male,36.0,114536.6,1,0
Spain,Female,34.0,0.0,2,0
Spain,Female,29.0,0.0,2,0
Spain,Male,26.0,130428.78,1,0
Spain,Female,45.0,0.0,2,0
Spain,Male,47.0,0.0,1,0
Spain,Female,41.0,0.0,2,0
Spain,Male,41.0,119492.64,1,0
Spain,Male,37.0,0.0,2,0
Spain,Male,34.0,0.0,2,0
Spain,Female,37.0,0.0,2,0
Spain,Female,40.0,0.0,2,0
Spain,Male,29.0,0.0,2,0
Spain,Male,57.0,108128.71,2,0
Spain,Male,42.0,0.0,2,0
Spain,Male,46.0,0.0,1,0
Spain,Male,39.0,0.0,2,0
Spain,Male,41.0,155413.06,1,1
Spain,Male,31.0,0.0,2,0
Spain,Female,33.0,120145.54,1,0
Spain,Male,39.0,0.0,2,0
Spain,Female,40.0,0.0,2,0
Spain,Male,40.0,155455.43,1,1
Spain,Female,27.0,0.0,1,0
Spain,Female,34.0,0.0,2,0
Spain,Male,38.0,0.0,2,0
Spain,Male,38.0,0.0,2,0
Spain,Male,41.0,0.0,2,0
Spain,Female,45.0,0.0,2,0
Spain,Female,39.0,0.0,2,0
Spain,Female,35.0,105229.53,1,0
Spain,Male,34.0,105397.8,1,0
Spain,Female,61.0,147832.27,1,1
Spain,Male,30.0,0.0,1,0
Spain,Male,32.0,0.0,2,0
Spain,Male,38.0,0.0,1,0
Spain,Male,42.0,0.0,2,0
Spain,Female,31.0,0.0,1,0
Spain,Male,29.0,121405.05,1,0
Spain,Male,29.0,0.0,2,0
Spain,Female,40.0,149950.19,1,0
Spain,Male,47.0,0.0,2,0
Spain,Male,41.0,0.0,2,0
Spain,Male,37.0,0.0,2,0
Spain,Female,43.0,0.0,1,1
Spain,Male,32.0,0.0,2,0
Spain,Female,35.0,0.0,2,0
Spain,Male,34.0,0.0,2,0
Spain,Male,30.0,0.0,2,0
Spain,Male,38.0,0.0,2,0
Spain,Female,24.0,165692.91,2,0
Spain,Female,45.0,0.0,2,0
Spain,Female,40.0,123200.78,2,1
Spain,Female,46.0,98202.76,1,0
Spain,Female,43.0,0.0,2,0
Spain,Male,35.0,0.0,1,0
Spain,Female,33.0,0.0,2,0
Spain,Male,31.0,0.0,2,0
Spain,Male,33.0,88758.89,2,0
Spain,Female,42.0,0.0,2,0
Spain,Male,29.0,0.0,2,0
Spain,Male,25.0,0.0,2,0
Spain,Male,37.0,0.0,2,0
Spain,Male,33.0,0.0,1,1
Spain,Male,41.0,0.0,1,1
Spain,Male,39.0,0.0,1,0
Spain,Female,37.0,135962.0,1,1
Spain,Male,36.0,65733.41,1,0
Spain,Male,33.0,0.0,1,1
Spain,Male,36.0,0.0,2,0
Spain,Male,37.0,0.0,2,0
Spain,Male,51.0,121898.58,1,0
Spain,Male,42.0,0.0,2,0
Spain,Female,36.0,0.0,1,0
Spain,Female,35.0,0.0,2,0
Spain,Female,40.0,0.0,1,0
Spain,Male,47.0,138705.02,2,0
Spain,Male,32.0,0.0,2,0
Spain,Female,37.0,153195.59,1,0
Spain,Female,50.0,0.0,1,1
Spain,Female,30.0,0.0,2,0
Spain,Female,60.0,185714.17,1,1
Spain,Male,35.0,0.0,2,0
Spain,Male,31.0,0.0,2,0
Spain,Male,48.0,0.0,2,0
Spain,Female,37.0,0.0,2,0
Spain,Female,48.0,0.0,2,0
Spain,Female,41.0,0.0,1,0
Spain,Male,37.0,0.0,2,0
Spain,Male,28.0,0.0,2,0
Spain,Male,37.0,0.0,2,0
Spain,Male,32.0,81290.02,1,0
Spain,Male,35.0,0.0,2,0
Spain,Male,34.0,0.0,2,0
Spain,Male,45.0,0.0,2,0
Spain,Male,31.0,123835.52,1,0
Spain,Male,29.0,0.0,2,0
Spain,Male,31.0,156573.13,1,0
Spain,Male,32.0,109528.15,1,0
Spain,Male,59.0,0.0,2,0
Spain,Female,51.0,0.0,3,1
Spain,Male,41.0,70417.79,2,0
Spain,Female,46.0,0.0,2,0
Spain,Male,38.0,0.0,1,0
Spain,Female,37.0,132562.88,1,0
Spain,Female,36.0,0.0,2,0
Spain,Female,37.0,0.0,2,0
Spain,Female,38.0,0.0,2,0
Spain,Male,21.0,82498.14,2,0
Spain,Female,41.0,0.0,2,0
Spain,Male,42.0,139070.51,1,1
Spain,Male,29.0,92467.58,1,0
Spain,Male,33.0,0.0,1,0
Spain,Male,36.0,114493.68,1,0
Spain,Female,27.0,0.0,2,0
Spain,Male,34.0,104488.17,1,1
Spain,Male,38.0,131955.07,1,0
Spain,Male,24.0,132759.8,1,0
Spain,Female,48.0,0.0,1,1
Spain,Male,34.0,0.0,2,0
Spain,Male,34.0,0.0,2,0
Spain,Male,28.0,128396.33,1,0
Spain,Male,45.0,0.0,1,0
Spain,Male,38.0,117813.27,1,0
Spain,Female,33.0,0.0,1,1
Spain,Male,40.0,0.0,2,0
Spain,Male,33.0,0.0,2,0
Spain,Male,28.0,0.0,2,0
Spain,Female,39.0,0.0,1,0
Spain,Male,33.0,122453.19,1,0
Spain,Male,39.0,0.0,1,0
Spain,Male,44.0,0.0,1,1
Spain,Male,34.0,152806.74,1,0
Spain,Female,33.0,0.0,2,0
Spain,Female,53.0,108716.59,1,1
Spain,Male,28.0,0.0,2,0
Spain,Female,42.0,0.0,2,1
Spain,Male,41.0,0.0,2,0
Spain,Male,44.0,77637.35,2,0
Spain,Male,43.0,0.0,2,0
Spain,Female,35.0,167455.66,2,1
Spain,Female,45.0,0.0,2,0
Spain,Male,45.0,133618.01,1,1
Spain,Male,45.0,0.0,2,0
Spain,Male,38.0,174902.45,1,0
Spain,Male,40.0,0.0,2,0
Spain,Male,29.0,0.0,1,1
Spain,Female,48.0,156282.79,1,1
Spain,Male,31.0,141749.96,1,0
Spain,Male,43.0,0.0,1,1
Spain,Male,25.0,151758.41,1,0
Spain,Female,66.0,0.0,1,1
Spain,Female,47.0,0.0,3,1
Spain,Female,38.0,0.0,2,0
Spain,Female,39.0,151702.72,1,0
Spain,Female,32.0,0.0,2,0
Spain,Male,36.0,0.0,1,0
Spain,Male,32.0,0.0,2,0
Spain,Female,38.0,0.0,2,0
Spain,Female,36.0,0.0,1,0
Spain,Male,36.0,0.0,1,0
Spain,Female,34.0,136620.64,1,0
Spain,Male,27.0,174912.72,1,0
Spain,Female,44.0,0.0,2,1
Spain,Female,30.0,132311.71,1,0
Spain,Female,48.0,76318.05,2,0
Spain,Female,31.0,0.0,2,0
Spain,Male,31.0,0.0,2,0
Spain,Female,45.0,0.0,1,1
Spain,Male,31.0,0.0,2,0
Spain,Male,40.0,0.0,1,0
Spain,Male,32.0,0.0,1,0
Spain,Female,32.0,0.0,2,0
Spain,Male,30.0,0.0,2,0
Spain,Female,35.0,0.0,3,1
Spain,Male,51.0,0.0,2,1
Spain,Female,32.0,0.0,1,0
Spain,Male,33.0,0.0,2,0
Spain,Male,35.0,0.0,2,0
Spain,Female,61.0,0.0,2,0
Spain,Male,38.0,122550.47,2,0
Spain,Male,38.0,0.0,1,1
Spain,Female,34.0,0.0,1,0
Spain,Male,60.0,117813.52,1,0
Spain,Female,45.0,83888.54,2,0
Spain,Male,30.0,103804.97,1,0
Spain,Female,53.0,109330.06,2,0
Spain,Male,33.0,145860.98,1,0
Spain,Male,37.0,0.0,1,0
Spain,Female,27.0,0.0,2,0
Spain,Female,36.0,0.0,1,1
Spain,Male,57.0,0.0,2,0
Spain,Female,37.0,0.0,2,0
Spain,Male,30.0,0.0,1,0
Spain,Female,34.0,64511.23,1,0
Spain,Male,36.0,0.0,2,0
Spain,Female,49.0,136712.91,2,1
Spain,Male,25.0,101465.31,1,0
Spain,Female,60.0,0.0,1,0
Spain,Male,39.0,124757.25,1,0
Spain,Male,37.0,151553.19,1,0
Spain,Female,32.0,0.0,2,1
Spain,Female,27.0,0.0,2,0
Spain,Male,33.0,123082.08,1,0
Spain,Male,39.0,0.0,1,0
Spain,Male,30.0,0.0,2,0
Spain,Female,22.0,0.0,2,0
Spain,Female,38.0,154983.98,1,0
Spain,Female,30.0,0.0,2,0
Spain,Female,37.0,0.0,1,0
Spain,Female,38.0,0.0,2,0
Spain,Female,42.0,0.0,2,0
Spain,Male,38.0,95710.9,1,0
Spain,Male,38.0,113836.27,1,0
Spain,Female,29.0,0.0,2,0
Spain,Male,40.0,123973.28,1,0
Spain,Male,35.0,0.0,2,0
Spain,Male,29.0,126613.51,1,0
Spain,Male,59.0,0.0,1,1
Spain,Male,34.0,0.0,2,0
Spain,Female,40.0,91893.32,1,0
Spain,Male,36.0,0.0,1,0
Spain,Female,49.0,0.0,1,1
Spain,Male,47.0,0.0,2,0
Spain,Male,55.0,0.0,1,1
Spain,Female,45.0,156007.09,1,0
Spain,Female,46.0,0.0,1,1
Spain,Female,33.0,0.0,2,0
Spain,Female,24.0,0.0,2,0
Spain,Female,46.0,78022.61,1,0
Spain,Male,32.0,0.0,2,0
Spain,Female,27.0,0.0,2,0
Spain,Male,54.0,0.0,1,1
Spain,Female,37.0,68598.56,1,0
Spain,Male,35.0,0.0,2,0
Spain,Female,55.0,0.0,1,0
Spain,Male,41.0,0.0,1,0
Spain,Male,31.0,0.0,2,0
Spain,Female,49.0,0.0,1,1
Spain,Female,34.0,0.0,2,0
Spain,Male,66.0,0.0,1,0
Spain,Male,35.0,0.0,2,0
Spain,Male,42.0,0.0,2,0
Spain,Male,40.0,0.0,1,0
Spain,Male,45.0,0.0,1,1
Spain,Female,38.0,0.0,1,1
Spain,Female,41.0,104957.11,1,0
Spain,Female,36.0,122723.67,1,0
Spain,Female,40.0,0.0,1,0
Spain,Female,45.0,0.0,3,1
Spain,Male,24.0,0.0,2,0
Spain,Female,49.0,106518.52,1,1
Spain,Male,31.0,0.0,2,0
Spain,Male,34.0,0.0,2,0
Spain,Female,22.0,0.0,2,0
Spain,Male,33.0,145580.97,1,0
Spain,Male,40.0,0.0,1,1
Spain,Female,29.0,0.0,1,0
Spain,Male,32.0,98920.71,2,0
Spain,Male,33.0,113873.22,1,0
Spain,Male,28.0,116623.31,1,1
Spain,Female,37.0,0.0,2,0
Spain,Male,31.0,0.0,2,0
Spain,Male,29.0,0.0,2,0
Spain,Female,41.0,54098.18,2,0
Spain,Female,39.0,0.0,2,0
Spain,Female,29.0,0.0,2,0
Spain,Male,35.0,0.0,2,0
Spain,Female,35.0,106089.2,1,0
Spain,Male,36.0,0.0,2,0
Spain,Male,34.0,0.0,2,0
Spain,Female,40.0,148884.47,1,0
Spain,Female,34.0,0.0,2,0
Spain,Female,27.0,0.0,2,0
Spain,Female,39.0,0.0,2,0
Spain,Female,46.0,76989.97,1,0
Spain,Male,34.0,0.0,2,0
Spain,Male,45.0,0.0,2,0
Spain,Male,37.0,0.0,2,0
Spain,Female,29.0,0.0,2,0
Spain,Female,42.0,139994.08,1,1
Spain,Male,35.0,0.0,2,0
Spain,Female,23.0,0.0,1,0
Spain,Male,41.0,0.0,1,0
Spain,Male,37.0,103818.43,1,0
Spain,Male,43.0,0.0,2,0
Spain,Male,39.0,0.0,2,0
Spain,Female,20.0,126476.75,1,0
Spain,Male,59.0,155766.05,1,0
Spain,Female,40.0,0.0,2,0
Spain,Male,45.0,132088.66,1,0
Spain,Female,31.0,72783.42,1,1
Spain,Male,32.0,0.0,2,0
Spain,Female,36.0,146350.06,2,0
Spain,Male,34.0,0.0,2,0
Spain,Male,30.0,0.0,2,0
Spain,Female,43.0,0.0,2,1
Spain,Female,38.0,0.0,2,0
Spain,Male,51.0,0.0,2,0
Spain,Female,42.0,144772.69,1,0
Spain,Female,38.0,0.0,2,0
Spain,Female,39.0,0.0,1,1
Spain,Female,33.0,0.0,2,0
Spain,Male,32.0,152992.92,1,0
Spain,Male,32.0,133476.09,1,0
Spain,Male,34.0,0.0,2,0
Spain,Male,38.0,0.0,2,0
Spain,Female,60.0,0.0,2,0
Spain,Female,33.0,0.0,1,0
Spain,Male,47.0,0.0,2,0
Spain,Female,41.0,0.0,2,0
Spain,Male,31.0,0.0,2,0
Spain,Male,39.0,0.0,2,0
Spain,Male,32.0,0.0,2,0
Spain,Male,33.0,0.0,2,0
Spain,Male,38.0,0.0,2,0
Spain,Male,34.0,0.0,1,0
Spain,Female,33.0,0.0,2,0
Spain,Female,36.0,0.0,2,0
Spain,Female,43.0,0.0,1,1
Spain,Female,40.0,156021.31,2,0
Spain,Female,36.0,0.0,2,0
Spain,Male,43.0,0.0,2,0
Spain,Female,38.0,114543.75,1,0
Spain,Female,36.0,139989.0,1,0
Spain,Female,39.0,124832.51,1,0
Spain,Male,42.0,0.0,2,0
Spain,Female,47.0,0.0,1,1
Spain,Male,51.0,0.0,2,0
Spain,Female,37.0,0.0,2,0
Spain,Female,34.0,0.0,2,0
Spain,Female,36.0,109848.6,1,0
Spain,Female,33.0,0.0,1,0
Spain,Female,52.0,0.0,1,1
Spain,Male,32.0,0.0,2,0
Spain,Female,50.0,0.0,1,1
Spain,Male,28.0,0.0,2,0
Spain,Male,21.0,102773.2,1,0
Spain,Male,43.0,0.0,2,0
Spain,Female,33.0,0.0,2,0
Spain,Female,41.0,90350.77,1,0
Spain,Female,55.0,0.0,3,1
Spain,Male,31.0,0.0,1,0
Spain,Male,38.0,0.0,2,0
Spain,Female,49.0,0.0,1,0
Spain,Female,34.0,0.0,2,0
Spain,Male,38.0,129964.75,1,0
Spain,Male,35.0,143656.85,1,0
Spain,Male,28.0,0.0,2,0
Spain,Female,52.0,0.0,1,1
Spain,Female,31.0,0.0,2,0
Spain,Female,41.0,0.0,2,0
Spain,Female,43.0,128514.84,1,0
Spain,Male,35.0,160736.64,1,0
Spain,Female,29.0,0.0,2,0
Spain,Male,33.0,0.0,2,0
Spain,Male,31.0,131384.76,1,0
Spain,Female,27.0,110976.23,2,0
Spain,Female,31.0,125341.69,1,1
Spain,Female,36.0,141642.92,1,0
Spain,Female,39.0,0.0,2,0
Spain,Male,27.0,0.0,2,0
Spain,Female,35.0,0.0,2,0
Spain,Male,28.0,0.0,2,0
Spain,Male,41.0,0.0,2,0
Spain,Female,30.0,0.0,1,0
Spain,Male,29.0,121063.8,1,0
Spain,Male,43.0,184926.61,1,1
Spain,Male,26.0,0.0,2,0
Spain,Female,37.0,0.0,1,1
Spain,Male,72.0,0.0,1,1
Spain,Male,42.0,0.0,1,0
Spain,Female,33.0,109558.02,1,0
Spain,Male,36.0,0.0,2,0
Spain,Female,46.0,103154.66,1,1
Spain,Male,42.0,0.0,2,0
Spain,Male,35.0,0.0,2,0
Spain,Male,48.0,113690.53,1,0
Spain,Female,34.0,0.0,2,0
Spain,Male,56.0,0.0,2,0
Spain,Male,36.0,0.0,2,0
Spain,Male,31.0,0.0,3,1
Spain,Male,38.0,0.0,2,0
Spain,Male,41.0,0.0,2,0
Spain,Male,33.0,117791.06,1,0
Spain,Female,37.0,0.0,2,0
Spain,Male,35.0,0.0,2,0
Spain,Male,48.0,0.0,1,0
Spain,Female,38.0,0.0,1,0
Spain,Male,31.0,121056.63,2,0
Spain,Male,41.0,0.0,2,0
Spain,Male,26.0,0.0,2,0
Spain,Female,45.0,90791.69,1,1
Spain,Female,28.0,0.0,2,0
Spain,Female,59.0,0.0,1,1
Spain,Male,45.0,0.0,2,0
Spain,Male,50.0,164902.43,1,1
Spain,Male,46.0,127723.24,1,0
Spain,Male,51.0,0.0,2,0
Spain,Male,23.0,0.0,2,0
Spain,Male,28.0,0.0,2,0
Spain,Female,37.0,0.0,2,0
Spain,Female,31.0,0.0,2,0
Spain,Male,39.0,0.0,2,0
Spain,Male,35.0,106190.55,1,0
Spain,Female,41.0,122729.25,1,0
Spain,Male,26.0,131778.58,1,0
Spain,Male,31.0,132862.59,1,0
Spain,Male,65.0,0.0,1,1
Spain,Female,31.0,0.0,2,0
Spain,Male,43.0,0.0,1,0
Spain,Male,31.0,0.0,2,0
Spain,Male,38.0,0.0,2,0
Spain,Female,40.0,81732.46,1,0
Spain,Female,30.0,0.0,3,1
Spain,Female,24.0,0.0,2,0
Spain,Male,32.0,0.0,2,0
Spain,Female,51.0,0.0,2,0
Spain,Female,37.0,0.0,1,0
Spain,Female,43.0,0.0,2,0
Spain,Male,29.0,0.0,1,0
Spain,Male,44.0,0.0,2,0
Spain,Male,45.0,0.0,1,1
Spain,Male,32.0,0.0,1,0
Spain,Female,23.0,0.0,2,0
Spain,Female,30.0,0.0,2,0
Spain,Female,42.0,0.0,1,1
Spain,Female,49.0,171178.25,1,1
Spain,Male,43.0,0.0,2,1
Spain,Male,38.0,133970.22,1,0
Spain,Male,39.0,0.0,1,0
Spain,Female,32.0,0.0,2,0
Spain,Female,36.0,134208.22,1,0
Spain,Male,45.0,0.0,2,0
Spain,Male,30.0,0.0,2,0
Spain,Female,25.0,0.0,2,0
Spain,Female,33.0,97188.62,1,0
Spain,Male,35.0,0.0,2,0
Spain,Female,39.0,0.0,2,0
Spain,Female,32.0,0.0,2,0
Spain,Female,45.0,157120.86,3,1
Spain,Male,43.0,0.0,2,0
Spain,Male,30.0,0.0,2,0
Spain,Female,42.0,0.0,2,0
Spain,Male,37.0,96558.66,1,0
Spain,Female,37.0,0.0,2,1
Spain,Female,34.0,0.0,2,0
Spain,Female,41.0,131078.42,1,0
Spain,Female,48.0,0.0,1,1
Spain,Male,32.0,0.0,2,0
Spain,Male,42.0,0.0,2,0
Spain,Male,31.0,0.0,2,0
Spain,Male,34.0,0.0,2,0
Spain,Male,33.0,0.0,2,0
Spain,Female,39.0,0.0,2,0
Spain,Male,40.0,0.0,2,0
Spain,Female,25.0,122874.36,1,0
Spain,Female,60.0,0.0,1,1
Spain,Male,31.0,117438.92,1,0
Spain,Female,32.0,0.0,2,0
Spain,Male,39.0,0.0,2,0
Spain,Male,30.0,0.0,2,0
Spain,Female,29.0,0.0,2,0
Spain,Male,34.0,114514.71,2,0
Spain,Male,46.0,95829.13,1,1
Spain,Female,38.0,0.0,2,0
Spain,Male,37.0,86053.82,1,0
Spain,Male,36.0,0.0,2,0
Spain,Male,36.0,0.0,2,0
Spain,Female,40.0,171671.9,1,0
Spain,Male,28.0,0.0,2,0
Spain,Female,36.0,0.0,2,0
Spain,Female,27.0,165896.52,2,0
Spain,Female,25.0,108738.71,2,0
Spain,Female,35.0,0.0,2,0
Spain,Male,35.0,0.0,2,0
Spain,Male,31.0,0.0,2,0
Spain,Female,27.0,138515.84,1,0
Spain,Male,33.0,0.0,1,0
Spain,Male,28.0,129895.19,1,0
Spain,Female,34.0,0.0,2,0
Spain,Female,35.0,0.0,2,0
Spain,Female,27.0,0.0,1,0
Spain,Male,43.0,98862.54,1,0
Spain,Male,36.0,0.0,2,0
Spain,Male,36.0,0.0,2,0
Spain,Male,32.0,0.0,2,0
Spain,Female,38.0,0.0,2,0
Spain,Male,25.0,0.0,2,0
Spain,Female,46.0,95357.49,1,0
Spain,Female,31.0,0.0,2,0
Spain,Male,52.0,141806.0,1,1
Spain,Male,51.0,0.0,1,1
Spain,Female,35.0,0.0,2,0
Spain,Male,36.0,0.0,2,0
Spain,Female,34.0,0.0,2,0
Spain,Female,51.0,113635.16,1,1
Spain,Female,43.0,0.0,1,0
Spain,Male,44.0,136855.24,2,1
Spain,Male,32.0,0.0,1,0
Spain,Female,55.0,0.0,1,1
Spain,Male,67.0,0.0,2,0
Spain,Male,35.0,121355.19,1,0
Spain,Female,46.0,0.0,2,1
Spain,Female,36.0,83347.25,1,0
Spain,Female,32.0,105525.07,1,0
Spain,Male,40.0,0.0,2,0
Spain,Male,32.0,0.0,2,0
Spain,Male,34.0,0.0,2,0
Spain,Male,51.0,0.0,1,1
Spain,Female,38.0,96134.11,1,0
Spain,Male,34.0,0.0,2,0
Spain,Female,45.0,0.0,2,0
Spain,Male,54.0,0.0,2,0
Spain,Female,51.0,0.0,1,1
Spain,Female,42.0,0.0,2,0
Spain,Female,46.0,0.0,2,0
Spain,Male,35.0,0.0,2,0
Spain,Female,35.0,0.0,1,1
Spain,Male,32.0,0.0,2,0
Spain,Male,28.0,0.0,1,0
Spain,Female,44.0,158633.61,1,1
Spain,Male,59.0,0.0,2,0
Spain,Male,45.0,0.0,2,1
Spain,Male,56.0,70263.83,1,0
Spain,Male,42.0,141749.74,1,0
Spain,Male,41.0,0.0,2,0
Spain,Male,23.0,0.0,2,0
Spain,Male,37.0,138718.82,1,0
Spain,Female,30.0,0.0,1,0
Spain,Female,46.0,0.0,1,1
Spain,Male,32.0,0.0,2,0
Spain,Female,50.0,0.0,2,0
Spain,Male,34.0,0.0,2,0
Spain,Male,36.0,109974.82,1,0
Spain,Female,28.0,0.0,2,0
Spain,Female,32.0,0.0,2,0
Spain,Female,36.0,0.0,2,0
Spain,Male,34.0,0.0,2,0
Spain,Male,38.0,0.0,2,0
Spain,Male,31.0,0.0,2,0
Spain,Female,39.0,0.0,1,1
Spain,Male,37.0,0.0,2,0
Spain,Male,33.0,0.0,2,0
Spain,Male,24.0,0.0,2,0
Spain,Male,33.0,95922.52,1,0
Spain,Female,38.0,0.0,2,0
Spain,Female,47.0,69712.74,1,0
Spain,Male,37.0,0.0,1,1
Spain,Female,26.0,0.0,2,0
Spain,Male,23.0,0.0,1,0
Spain,Female,48.0,0.0,1,1
Spain,Male,41.0,0.0,2,0
Spain,Male,35.0,0.0,2,0
Spain,Female,47.0,79035.95,1,0
Spain,Female,32.0,0.0,1,1
Spain,Male,37.0,0.0,2,0
Spain,Male,33.0,0.0,2,0
Spain,Female,34.0,0.0,2,0
Spain,Male,54.0,136855.24,1,1
Spain,Female,32.0,148962.46,1,0
Spain,Female,33.0,0.0,2,1
Spain,Male,39.0,131365.37,2,0
Spain,Female,40.0,0.0,2,0
Spain,Male,32.0,0.0,2,0
Spain,Male,47.0,102880.56,1,0
Spain,Male,37.0,129895.56,1,0
Spain,Male,39.0,136258.06,1,0
Spain,Female,30.0,0.0,2,0
Spain,Female,41.0,114519.57,2,0
Spain,Male,30.0,0.0,2,0
Spain,Female,53.0,0.0,2,0
Spain,Female,32.0,0.0,2,0
Spain,Female,44.0,113096.41,1,0
Spain,Female,36.0,84438.57,1,0
Spain,Female,44.0,0.0,1,1
Spain,Female,32.0,128718.84,3,1
Spain,Female,38.0,0.0,2,0
Spain,Male,35.0,0.0,2,0
Spain,Male,36.0,0.0,1,0
Spain,Male,32.0,0.0,2,0
Spain,Male,32.0,0.0,1,0
Spain,Female,28.0,127723.25,1,0
Spain,Male,32.0,129669.32,1,0
Spain,Male,26.0,0.0,2,0
Spain,Male,29.0,68375.39,1,0
Spain,Male,31.0,0.0,2,0
Spain,Male,53.0,142703.4,1,1
Spain,Male,54.0,0.0,1,1
Spain,Male,39.0,0.0,2,0
Spain,Male,33.0,0.0,2,0
Spain,Male,35.0,140856.93,1,0
Spain,Female,42.0,0.0,2,0
Spain,Male,29.0,0.0,2,0
Spain,Male,30.0,123328.3,1,0
Spain,Male,37.0,0.0,2,0
Spain,Male,60.0,0.0,2,0
Spain,Male,41.0,0.0,1,0
Spain,Female,40.0,0.0,2,0
Spain,Male,36.0,0.0,2,0
Spain,Female,39.0,0.0,1,1
Spain,Female,38.0,104796.81,1,0
Spain,Male,55.0,0.0,1,1
Spain,Female,38.0,0.0,1,1
Spain,Female,39.0,0.0,2,0
Spain,Male,32.0,0.0,2,0
Spain,Male,34.0,0.0,2,0
Spain,Female,37.0,136689.66,1,1
Spain,Male,52.0,118537.47,1,0
Spain,Male,42.0,0.0,2,0
Spain,Female,38.0,0.0,2,0
Spain,Male,33.0,0.0,2,0
Spain,Male,39.0,0.0,2,0
Spain,Male,30.0,151667.94,1,0
Spain,Male,37.0,0.0,2,0
Spain,Male,38.0,121095.89,2,0
Spain,Male,33.0,0.0,1,0
Spain,Male,40.0,0.0,1,1
Spain,Female,31.0,0.0,2,0
Spain,Female,28.0,0.0,2,0
Spain,Male,37.0,0.0,2,0
Spain,Male,38.0,117559.05,2,0
Spain,Female,42.0,75302.85,2,0
Spain,Male,27.0,118082.07,1,0
Spain,Male,45.0,0.0,2,0
Spain,Male,30.0,0.0,2,0
Spain,Male,28.0,138207.23,1,0
Spain,Male,38.0,97636.56,1,0
Spain,Male,35.0,95139.41,1,0
Spain,Female,48.0,0.0,1,1
Spain,Male,32.0,0.0,2,0
Spain,Female,43.0,90971.85,2,0
Spain,Female,35.0,0.0,2,0
Spain,Male,39.0,0.0,2,0
Spain,Male,40.0,0.0,2,0
Spain,Female,38.0,127924.25,1,0
Spain,Male,28.0,0.0,2,0
Spain,Male,49.0,0.0,2,0
Spain,Female,43.0,173331.52,1,0
Spain,Male,32.0,0.0,2,0
Spain,Male,31.0,0.0,2,0
Spain,Female,45.0,0.0,1,1
Spain,Male,39.0,141829.67,2,0
Spain,Male,33.0,0.0,1,0
Spain,Female,30.0,120777.8,2,0
Spain,Female,71.0,0.0,3,1
Spain,Female,27.0,0.0,1,1
Spain,Female,29.0,0.0,2,0
Spain,Male,45.0,0.0,2,0
Spain,Female,37.0,130575.26,2,0
Spain,Male,32.0,0.0,1,0
Spain,Male,40.0,0.0,2,0
Spain,Male,25.0,0.0,2,0
Spain,Male,41.0,0.0,3,0
Spain,Male,36.0,0.0,2,0
Spain,Male,29.0,0.0,2,0
Spain,Female,39.0,127549.96,1,0
Spain,Male,28.0,0.0,2,0
Spain,Female,29.0,0.0,2,0
Spain,Female,32.0,0.0,2,0
Spain,Male,36.0,0.0,2,0
Spain,Male,41.0,0.0,1,0
Spain,Female,39.0,0.0,2,0
Spain,Female,35.0,0.0,2,0
Spain,Female,52.0,0.0,1,1
Spain,Female,47.0,109819.16,1,0
Spain,Male,34.0,0.0,2,0
Spain,Male,42.0,181671.16,2,1
Spain,Female,27.0,0.0,2,0
Spain,Male,50.0,0.0,1,1
Spain,Female,35.0,0.0,2,0
Spain,Male,63.0,0.0,2,0
Spain,Male,32.0,0.0,2,0
Spain,Male,20.0,88827.33,1,0
Spain,Male,28.0,0.0,1,0
Spain,Male,35.0,0.0,2,0
Spain,Female,47.0,0.0,2,0
Spain,Female,31.0,0.0,1,0
Spain,Male,33.0,0.0,1,0
Spain,Female,46.0,132623.6,1,0
Spain,Male,24.0,0.0,2,0
Spain,Female,43.0,97665.61,1,1
Spain,Male,32.0,0.0,1,0
Spain,Male,37.0,0.0,2,0
Spain,Female,30.0,0.0,2,0
Spain,Female,36.0,0.0,2,0
Spain,Female,49.0,0.0,2,0
Spain,Female,30.0,0.0,2,0
Spain,Female,35.0,176273.95,2,0
Spain,Female,30.0,0.0,2,0
Spain,Male,55.0,0.0,2,1
Spain,Male,63.0,0.0,2,0
Spain,Female,26.0,0.0,2,0
Spain,Female,22.0,111156.52,1,0
Spain,Female,48.0,145241.63,1,1
Spain,Male,41.0,154733.96,1,0
Spain,Male,49.0,0.0,2,0
Spain,Male,37.0,0.0,2,0
Spain,Female,55.0,0.0,2,0
Spain,Female,32.0,0.0,1,1
Spain,Female,38.0,0.0,2,0
Spain,Male,35.0,0.0,2,0
Spain,Male,54.0,105770.14,1,0
Spain,Male,21.0,0.0,2,0
Spain,Male,25.0,0.0,2,0
Spain,Female,30.0,160777.9,1,0
Spain,Male,39.0,167545.32,1,0
Spain,Male,59.0,0.0,1,0
Spain,Male,33.0,0.0,2,0
Spain,Male,31.0,0.0,2,0
Spain,Male,38.0,121527.4,1,0
Spain,Male,37.0,0.0,2,0
Spain,Male,51.0,0.0,1,1
Spain,Male,46.0,0.0,2,0
Spain,Female,28.0,0.0,2,0
Spain,Male,35.0,0.0,2,0
Spain,Male,29.0,0.0,2,0
Spain,Female,29.0,0.0,2,0
Spain,Female,28.0,0.0,1,1
Spain,Female,24.0,0.0,1,0
Spain,Female,35.0,0.0,1,0
Spain,Male,31.0,0.0,1,0
Spain,Male,37.0,0.0,2,0
Spain,Male,37.0,0.0,2,0
Spain,Male,44.0,118336.95,1,1
Spain,Male,27.0,0.0,2,0
Spain,Female,44.0,109908.55,1,1
Spain,Male,37.0,0.0,2,0
Spain,Male,46.0,0.0,2,0
Spain,Female,39.0,0.0,1,0
Spain,Male,45.0,0.0,2,1
Spain,Female,32.0,151582.5,1,0
Spain,Female,33.0,73054.87,1,0
Spain,Male,46.0,103769.22,1,0
Spain,Male,40.0,0.0,1,0
Spain,Female,39.0,140094.59,1,0
Spain,Female,35.0,122570.69,1,0
Spain,Male,39.0,0.0,1,0
Spain,Male,34.0,125898.2,1,1
Spain,Male,58.0,0.0,1,0
Spain,Male,51.0,0.0,1,1
Spain,Male,53.0,0.0,1,0
Spain,Male,28.0,0.0,2,0
Spain,Male,33.0,0.0,2,0
Spain,Male,29.0,0.0,2,0
Spain,Male,40.0,0.0,1,1
Spain,Male,31.0,91592.06,1,0
Spain,Male,40.0,62717.84,1,0
Spain,Male,44.0,118449.21,1,0
Spain,Male,41.0,0.0,1,0
Spain,Male,41.0,126683.8,1,1
Spain,Female,29.0,92887.13,1,0
Spain,Male,31.0,122552.19,1,0
Spain,Male,57.0,0.0,2,0
Spain,Female,38.0,0.0,1,0
Spain,Male,29.0,135536.25,1,0
Spain,Male,43.0,0.0,2,0
Spain,Male,42.0,93656.95,1,0
Spain,Female,36.0,0.0,1,0
Spain,Female,40.0,142880.28,1,0
Spain,Male,41.0,128917.84,1,0
Spain,Female,66.0,0.0,2,0
Spain,Male,41.0,0.0,2,0
Spain,Male,44.0,98205.46,2,0
Spain,Male,30.0,111927.45,1,0
Spain,Female,37.0,0.0,1,0
Spain,Female,47.0,116022.44,1,0
Spain,Female,19.0,106866.69,2,0
Spain,Female,34.0,0.0,2,0
Spain,Male,39.0,0.0,2,0
Spain,Male,43.0,0.0,1,1
Spain,Male,44.0,0.0,2,0
Spain,Female,31.0,127283.95,1,0
Spain,Male,40.0,107779.65,1,1
Spain,Female,31.0,0.0,2,0
Spain,Female,48.0,0.0,1,1
Spain,Male,43.0,0.0,2,0
Spain,Male,28.0,0.0,2,0
Spain,Male,26.0,0.0,2,0
Spain,Male,35.0,0.0,2,0
Spain,Female,41.0,0.0,1,0
Spain,Male,31.0,115406.53,1,0
Spain,Male,37.0,161525.99,1,0
Spain,Female,49.0,0.0,2,0
Spain,Female,31.0,152926.6,1,0
Spain,Male,48.0,125927.22,1,0
Spain,Male,39.0,167557.12,1,0
Spain,Male,62.0,41473.33,1,1
Spain,Male,28.0,0.0,2,0
Spain,Male,39.0,0.0,2,0
Spain,Female,33.0,139562.05,1,0
Spain,Male,30.0,0.0,2,0
Spain,Male,34.0,104488.17,1,1
Spain,Male,31.0,108632.48,1,0
Spain,Male,35.0,141804.29,2,0
Spain,Female,57.0,0.0,1,1
Spain,Male,46.0,186788.96,1,1
Spain,Female,49.0,100549.43,1,1
Spain,Female,31.0,0.0,2,0
Spain,Male,32.0,153867.28,1,0
Spain,Male,32.0,0.0,2,0
Spain,Male,44.0,121399.98,1,1
Spain,Female,39.0,0.0,2,0
Spain,Male,37.0,0.0,2,0
Spain,Female,41.0,142550.57,1,0
Spain,Male,33.0,0.0,2,0
Spain,Female,31.0,155619.58,1,0
Spain,Female,40.0,95452.89,1,1
Spain,Male,37.0,0.0,2,0
Spain,Female,46.0,0.0,1,1
Spain,Male,32.0,0.0,2,0
Spain,Female,32.0,0.0,1,0
Spain,Male,32.0,123889.52,1,0
Spain,Female,41.0,0.0,1,1
Spain,Female,29.0,123785.24,1,0
Spain,Female,29.0,133599.48,1,0
Spain,Male,47.0,0.0,2,0
Spain,Male,30.0,108155.89,2,0
Spain,Female,58.0,0.0,1,1
Spain,Male,44.0,107879.04,1,1
Spain,Female,36.0,154555.65,1,0
Spain,Male,39.0,100249.41,1,0
Spain,Female,39.0,0.0,2,0
Spain,Female,39.0,128578.52,2,0
Spain,Female,35.0,0.0,2,0
Spain,Female,36.0,0.0,2,0
Spain,Male,30.0,0.0,1,0
Spain,Female,57.0,0.0,1,1
Spain,Male,35.0,0.0,2,0
Spain,Female,30.0,0.0,2,0
Spain,Male,30.0,0.0,1,0
Spain,Female,46.0,171837.08,1,0
Spain,Female,32.0,90727.79,1,1
Spain,Female,40.0,0.0,1,1
Spain,Female,38.0,0.0,2,0
Spain,Female,45.0,115290.22,1,0
Spain,Female,21.0,0.0,2,0
Spain,Male,47.0,95741.75,1,0
Spain,Female,38.0,161572.24,1,0
Spain,Female,51.0,85801.83,1,0
Spain,Male,34.0,0.0,1,1
Spain,Male,45.0,0.0,2,0
Spain,Female,47.0,0.0,2,0
Spain,Female,28.0,129502.49,2,0
Spain,Female,35.0,0.0,2,0
Spain,Female,49.0,106937.98,1,1
Spain,Female,42.0,0.0,2,0
Spain,Female,37.0,103033.83,1,0
Spain,Male,35.0,0.0,2,0
Spain,Male,27.0,131996.66,1,1
Spain,Male,41.0,91092.13,2,0
Spain,Male,26.0,0.0,2,0
Spain,Female,22.0,141434.04,1,0
Spain,Male,37.0,0.0,1,1
Spain,Male,31.0,0.0,1,0
Spain,Male,63.0,0.0,2,0
Spain,Female,37.0,0.0,2,0
Spain,Female,39.0,140549.75,1,0
Spain,Male,46.0,126817.13,1,0
Spain,Female,31.0,107637.97,1,0
Spain,Male,36.0,0.0,2,0
Spain,Male,43.0,0.0,2,0
Spain,Male,18.0,0.0,1,1
Spain,Female,22.0,0.0,2,0
Spain,Male,39.0,0.0,2,0
Spain,Female,29.0,0.0,2,0
Spain,Male,33.0,124577.33,2,0
Spain,Male,29.0,0.0,1,0
Spain,Female,50.0,0.0,1,1
Spain,Male,46.0,0.0,2,0
Spain,Male,47.0,0.0,1,0
Spain,Male,29.0,0.0,2,0
Spain,Female,40.0,0.0,1,0
Spain,Male,34.0,0.0,2,0
Spain,Female,51.0,80764.81,1,1
Spain,Female,40.0,148087.55,1,0
Spain,Female,47.0,80538.56,1,1
Spain,Male,36.0,59893.85,1,0
Spain,Male,36.0,140236.98,1,1
Spain,Male,32.0,0.0,2,0
Spain,Male,36.0,0.0,1,0
Spain,Female,50.0,0.0,2,0
Spain,Male,47.0,0.0,1,1
Spain,Male,24.0,0.0,2,1
Spain,Female,63.0,0.0,2,0
Spain,Female,39.0,0.0,2,0
Spain,Female,36.0,0.0,2,0
Spain,Male,35.0,139834.3,2,0
Spain,Female,31.0,121702.73,2,0
Spain,Female,33.0,0.0,2,0
Spain,Female,48.0,125837.73,1,1
Spain,Male,34.0,0.0,2,0
Spain,Male,37.0,0.0,2,0
Spain,Male,34.0,0.0,2,0
Spain,Male,40.0,0.0,1,0
Spain,Male,47.0,91897.8,1,0
Spain,Male,35.0,0.0,2,0
Spain,Female,44.0,133657.0,1,0
Spain,Female,44.0,0.0,1,0
Spain,Female,59.0,130554.51,1,1
Spain,Male,37.0,133379.41,1,0
Spain,Female,39.0,0.0,2,0
Spain,Male,40.0,135289.33,1,0
Spain,Male,33.0,0.0,1,1
Spain,Male,43.0,0.0,2,0
Spain,Male,41.0,0.0,1,1
Spain,Male,36.0,120026.98,1,0
Spain,Female,36.0,0.0,2,0
Spain,Male,35.0,117852.26,1,0
Spain,Male,39.0,142876.98,1,0
Spain,Male,38.0,71269.89,2,0
Spain,Male,28.0,0.0,2,0
Spain,Male,38.0,98668.18,1,0
Spain,Female,31.0,0.0,2,0
Spain,Male,33.0,0.0,2,0
Spain,Male,44.0,107726.93,2,0
Spain,Female,36.0,0.0,2,0
Spain,Male,45.0,0.0,2,0
Spain,Male,30.0,0.0,2,0
Spain,Male,44.0,0.0,2,0
Spain,Female,42.0,90963.26,1,0
Spain,Male,31.0,0.0,2,0
Spain,Male,48.0,112652.96,2,1
Spain,Male,33.0,115406.97,1,0
Spain,Male,32.0,103837.75,1,0
Spain,Male,42.0,130499.09,2,1
Spain,Female,40.0,0.0,2,0
Spain,Male,37.0,137816.08,1,0
Spain,Male,40.0,0.0,2,0
Spain,Female,37.0,132631.07,1,0
Spain,Male,37.0,70291.02,1,0
Spain,Female,39.0,0.0,2,0
Spain,Male,32.0,154970.58,1,0
Spain,Male,49.0,0.0,1,1
Spain,Male,55.0,0.0,1,0
Spain,Male,21.0,0.0,2,0
Spain,Male,35.0,110349.82,1,0
Spain,Female,38.0,0.0,2,0
Spain,Male,36.0,0.0,1,0
Spain,Female,30.0,112281.6,1,0
Spain,Male,29.0,0.0,2,0
Spain,Female,35.0,129934.64,1,1
Spain,Male,41.0,0.0,2,0
Spain,Male,45.0,152759.0,1,1
Spain,Female,42.0,0.0,2,0
Spain,Female,33.0,0.0,2,0
Spain,Female,35.0,0.0,2,0
Spain,Male,33.0,0.0,2,0
Spain,Male,39.0,0.0,1,0
Spain,Male,39.0,0.0,2,0
Spain,Female,39.0,0.0,1,0
Spain,Male,39.0,170930.87,1,1
Spain,Female,40.0,0.0,1,1
Spain,Female,32.0,130334.35,2,0
Spain,Male,39.0,0.0,1,1
Spain,Male,44.0,113581.98,1,0
Spain,Male,39.0,0.0,3,1
Spain,Male,51.0,0.0,1,1
Spain,Male,29.0,0.0,2,0
Spain,Male,30.0,120047.77,1,0
Spain,Male,68.0,0.0,1,1
Spain,Male,41.0,127523.75,1,0
Spain,Male,30.0,0.0,2,0
Spain,Male,33.0,160777.9,1,0
Spain,Male,36.0,0.0,1,0
Spain,Female,41.0,75815.67,1,1
Spain,Male,55.0,0.0,1,1
Spain,Male,32.0,0.0,2,0
Spain,Female,34.0,165896.18,1,0
Spain,Male,39.0,0.0,1,0
Spain,Female,27.0,0.0,2,0
Spain,Male,38.0,0.0,2,0
Spain,Male,36.0,0.0,2,0
Spain,Female,43.0,0.0,2,0
Spain,Female,41.0,0.0,2,0
Spain,Female,36.0,0.0,2,0
Spain,Female,37.0,0.0,2,1
Spain,Female,45.0,0.0,2,0
Spain,Male,62.0,0.0,2,0
Spain,Male,34.0,0.0,2,0
Spain,Male,31.0,0.0,2,0
Spain,Male,39.0,117412.35,2,1
Spain,Male,43.0,134571.5,1,0
Spain,Female,44.0,142392.61,1,1
Spain,Male,36.0,0.0,1,0
Spain,Male,36.0,0.0,2,0
Spain,Male,29.0,90721.52,2,1
Spain,Male,41.0,0.0,2,0
Spain,Male,28.0,0.0,2,0
Spain,Female,50.0,0.0,1,0
Spain,Female,44.0,0.0,2,0
Spain,Male,25.0,0.0,2,0
Spain,Male,44.0,204223.03,1,0
Spain,Female,40.0,0.0,2,0
Spain,Female,46.0,107604.66,1,0
Spain,Male,20.0,0.0,1,0
Spain,Male,24.0,0.0,1,1
Spain,Female,30.0,0.0,2,0
Spain,Male,55.0,112668.7,1,1
Spain,Male,29.0,0.0,2,0
Spain,Male,40.0,110939.3,1,0
Spain,Female,45.0,0.0,2,0
Spain,Female,43.0,140393.65,2,0
Spain,Male,30.0,0.0,2,0
Spain,Female,56.0,0.0,1,1
Spain,Male,32.0,0.0,2,0
Spain,Male,31.0,0.0,1,0
Spain,Male,44.0,85891.55,1,0
Spain,Female,27.0,0.0,2,0
Spain,Male,42.0,76548.6,1,1
Spain,Female,44.0,145747.67,1,1
Spain,Male,42.0,104255.03,1,0
Spain,Male,34.0,0.0,2,0
Spain,Male,44.0,0.0,1,1
Spain,Male,37.0,0.0,1,0
Spain,Female,41.0,165413.43,1,0
Spain,Male,32.0,0.0,2,0
Spain,Female,33.0,90547.11,1,0
Spain,Female,29.0,0.0,2,0
Spain,Male,42.0,0.0,2,0
Spain,Female,34.0,127480.58,1,0
Spain,Male,34.0,0.0,2,0
Spain,Female,40.0,0.0,2,0
Spain,Female,31.0,0.0,2,0
Spain,Female,45.0,121829.71,1,0
Spain,Male,50.0,102645.48,1,1
Spain,Male,44.0,157841.53,1,0
Spain,Female,43.0,146466.46,1,0
Spain,Male,47.0,0.0,2,0
Spain,Male,39.0,125877.65,1,1
Spain,Female,27.0,0.0,2,0
Spain,Male,40.0,0.0,2,0
Spain,Male,41.0,159904.79,1,1
Spain,Male,35.0,145081.73,2,1
Spain,Female,62.0,0.0,2,0
Spain,Male,32.0,0.0,2,0
Spain,Male,43.0,0.0,2,0
Spain,Male,51.0,88980.32,2,1
Spain,Female,46.0,82321.88,1,1
Spain,Male,37.0,0.0,2,0
Spain,Male,39.0,0.0,2,0
Spain,Male,36.0,126431.54,1,0
Spain,Male,31.0,115406.97,1,1
Spain,Female,37.0,114835.43,1,0
Spain,Female,38.0,0.0,2,0
Spain,Male,29.0,0.0,2,0
Spain,Female,32.0,110738.89,1,1
Spain,Male,36.0,0.0,1,0
Spain,Female,32.0,112610.77,1,0
Spain,Male,22.0,156576.79,1,0
Spain,Male,31.0,0.0,1,0
Spain,Male,31.0,0.0,2,0
Spain,Male,37.0,0.0,2,0
Spain,Male,38.0,0.0,1,1
Spain,Male,37.0,0.0,2,0
Spain,Female,35.0,0.0,1,1
Spain,Female,35.0,0.0,2,0
Spain,Male,44.0,0.0,1,0
Spain,Female,43.0,97403.18,1,1
Spain,Female,35.0,0.0,2,0
Spain,Female,64.0,0.0,2,0
Spain,Female,49.0,0.0,2,0
Spain,Male,43.0,131647.01,1,0
Spain,Male,50.0,0.0,2,0
Spain,Male,26.0,95140.44,1,0
Spain,Female,44.0,117412.35,1,0
Spain,Male,36.0,0.0,2,0
Spain,Male,39.0,0.0,2,1
Spain,Male,40.0,0.0,2,0
Spain,Female,34.0,0.0,1,0
Spain,Male,30.0,0.0,2,0
Spain,Female,33.0,165749.61,1,0
Spain,Female,48.0,123601.91,1,1
Spain,Male,62.0,0.0,2,0
Spain,Male,35.0,0.0,2,0
Spain,Male,45.0,57327.34,1,1
Spain,Female,31.0,0.0,2,0
Spain,Male,45.0,142641.42,2,1
Spain,Male,32.0,115557.0,1,0
Spain,Male,36.0,0.0,1,0
Spain,Male,44.0,0.0,2,0
Spain,Female,43.0,0.0,1,1
Spain,Male,35.0,0.0,2,0
Spain,Male,51.0,0.0,1,1
Spain,Male,50.0,0.0,1,0
Spain,Female,38.0,0.0,2,0
Spain,Male,33.0,0.0,2,0
Spain,Female,46.0,0.0,1,1
Spain,Male,38.0,142663.46,2,0
Spain,Female,46.0,129934.64,1,0
Spain,Female,41.0,90350.77,2,0
Spain,Female,41.0,0.0,2,0
Spain,Male,38.0,123681.32,2,0
Spain,Female,42.0,99056.22,2,1
Spain,Female,36.0,0.0,1,0
Spain,Male,48.0,0.0,1,1
Spain,Female,46.0,100565.94,1,0
Spain,Female,33.0,0.0,2,0
Spain,Male,32.0,0.0,2,0
Spain,Male,30.0,141665.86,1,0
Spain,Male,36.0,0.0,2,0
Spain,Male,40.0,0.0,1,0
Spain,Female,36.0,0.0,2,0
Spain,Male,32.0,145166.09,2,0
Spain,Female,35.0,0.0,2,0
Spain,Female,62.0,0.0,1,1
Spain,Female,34.0,143988.0,1,0
Spain,Male,29.0,0.0,2,0
Spain,Female,35.0,0.0,2,0
Spain,Female,55.0,0.0,3,0
Spain,Male,45.0,93680.43,1,0
Spain,Female,42.0,0.0,2,0
Spain,Female,26.0,0.0,1,0
Spain,Female,31.0,0.0,2,0
Spain,Male,58.0,61319.63,1,1
Spain,Female,35.0,0.0,2,0
Spain,Male,32.0,0.0,2,0
Spain,Male,48.0,0.0,1,0
Spain,Male,33.0,131764.96,1,0
Spain,Male,29.0,0.0,1,1
Spain,Male,40.0,0.0,1,0
Spain,Female,32.0,0.0,2,0
Spain,Female,28.0,146033.62,1,0
Spain,Male,32.0,0.0,2,0
Spain,Male,39.0,127773.48,1,0
Spain,Male,45.0,0.0,2,0
Spain,Female,35.0,0.0,2,0
Spain,Male,33.0,0.0,2,0
Spain,Female,30.0,0.0,2,0
Spain,Female,37.0,121541.53,1,0
Spain,Male,28.0,0.0,2,0
Spain,Male,35.0,0.0,1,0
Spain,Male,38.0,0.0,2,0
Spain,Male,31.0,104631.67,1,0
Spain,Male,38.0,0.0,2,0
Spain,Male,32.0,0.0,2,0
Spain,Female,40.0,123356.63,1,0
Spain,Male,53.0,0.0,1,0
Spain,Male,36.0,0.0,1,0
Spain,Female,61.0,0.0,1,0
Spain,Male,35.0,0.0,1,0
Spain,Male,41.0,0.0,2,0
Spain,Male,30.0,112013.81,1,0
Spain,Female,34.0,0.0,2,0
Spain,Male,34.0,0.0,2,0
Spain,Male,23.0,164902.43,1,0
Spain,Female,44.0,0.0,1,1
Spain,Male,35.0,0.0,2,0
Spain,Male,34.0,162701.65,1,0
Spain,Male,38.0,0.0,2,0
Spain,Female,27.0,107592.89,1,0
Spain,Female,41.0,106920.91,1,0
Spain,Male,53.0,0.0,2,0
Spain,Male,45.0,135095.47,1,0
Spain,Male,22.0,0.0,2,1
Spain,Male,39.0,0.0,2,0
Spain,Female,49.0,0.0,2,1
Spain,Male,43.0,161807.18,2,0
Spain,Female,36.0,0.0,2,0
Spain,Male,38.0,0.0,2,0
Spain,Female,40.0,0.0,2,1
Spain,Female,48.0,134204.67,1,0
Spain,Female,35.0,71843.85,1,0
Spain,Male,32.0,0.0,2,0
Spain,Male,39.0,0.0,2,0
Spain,Female,43.0,0.0,1,1
Spain,Male,41.0,109570.21,2,0
Spain,Female,39.0,0.0,1,0
Spain,Male,38.0,0.0,2,0
Spain,Male,37.0,0.0,1,1
Spain,Male,52.0,0.0,1,1
Spain,Male,35.0,0.0,2,0
Spain,Female,25.0,0.0,2,0
Spain,Male,35.0,0.0,2,0
Spain,Male,62.0,119009.67,2,1
Spain,Male,54.0,0.0,2,0
Spain,Female,35.0,0.0,2,0
Spain,Male,60.0,95984.69,1,1
Spain,Male,43.0,0.0,3,1
Spain,Male,48.0,98780.92,2,0
Spain,Female,36.0,0.0,2,0
Spain,Male,36.0,174894.53,1,0
Spain,Male,38.0,0.0,2,0
Spain,Male,42.0,0.0,1,0
Spain,Female,55.0,0.0,1,1
Spain,Female,37.0,0.0,2,0
Spain,Female,31.0,0.0,2,0
Spain,Female,39.0,63349.75,1,0
Spain,Male,39.0,0.0,2,0
Spain,Male,27.0,0.0,2,0
Spain,Male,31.0,0.0,1,0
Spain,Female,41.0,0.0,2,1
Spain,Female,47.0,0.0,2,0
Spain,Male,25.0,0.0,1,0
Spain,Male,54.0,105770.14,1,0
Spain,Female,53.0,187602.18,1,1
Spain,Female,24.0,0.0,2,0
Spain,Male,35.0,0.0,1,0
Spain,Male,64.0,136770.67,1,0
Spain,Female,42.0,0.0,1,1
Spain,Male,28.0,142645.64,1,0
Spain,Female,41.0,0.0,1,0
Spain,Female,38.0,0.0,2,0
Spain,Male,32.0,125524.42,1,0
Spain,Male,60.0,0.0,2,0
Spain,Female,51.0,0.0,3,1
Spain,Male,29.0,0.0,2,0
Spain,Male,39.0,0.0,2,0
Spain,Male,39.0,0.0,2,0
Spain,Female,37.0,0.0,2,0
Spain,Female,39.0,0.0,2,1
Spain,Female,46.0,0.0,2,0
Spain,Male,26.0,0.0,2,0
Spain,Male,41.0,0.0,2,0
Spain,Male,41.0,0.0,2,0
Spain,Female,57.0,0.0,2,1
Spain,Female,31.0,100116.82,2,0
Spain,Male,19.0,0.0,1,0
Spain,Male,36.0,0.0,2,0
Spain,Female,37.0,0.0,2,0
Spain,Male,30.0,0.0,2,0
Spain,Female,42.0,0.0,2,0
Spain,Male,35.0,0.0,2,0
Spain,Female,29.0,81818.49,1,0
Spain,Male,32.0,0.0,2,0
Spain,Male,30.0,113723.23,1,0
Spain,Female,30.0,0.0,2,0
Spain,Female,33.0,95523.16,1,0
Spain,Male,40.0,0.0,2,0
Spain,Male,31.0,0.0,2,0
Spain,Female,39.0,125211.55,2,0
Spain,Male,41.0,0.0,2,1
Spain,Male,31.0,0.0,2,0
Spain,Female,34.0,0.0,2,0
Spain,Male,51.0,132739.26,2,1
Spain,Female,28.0,120047.77,1,0
Spain,Female,39.0,0.0,2,0
Spain,Male,36.0,0.0,2,0
Spain,Male,37.0,0.0,2,0
Spain,Male,46.0,0.0,1,0
Spain,Male,48.0,0.0,1,1
Spain,Male,36.0,111629.29,1,0
Spain,Female,51.0,0.0,1,1
Spain,Male,35.0,0.0,2,0
Spain,Male,42.0,0.0,2,0
Spain,Male,22.0,93833.86,2,0
Spain,Female,35.0,137948.51,1,0
Spain,Male,32.0,124483.53,1,0
Spain,Male,29.0,0.0,2,0
Spain,Male,32.0,0.0,2,0
Spain,Female,60.0,0.0,2,0
Spain,Male,36.0,0.0,1,0
Spain,Male,31.0,113674.2,2,0
Spain,Male,55.0,0.0,3,1
Spain,Male,40.0,0.0,2,1
Spain,Male,29.0,0.0,2,0
Spain,Male,37.0,128486.98,1,0
Spain,Female,42.0,0.0,2,0
Spain,Male,32.0,0.0,2,0
Spain,Female,44.0,142084.04,1,1
Spain,Female,40.0,0.0,2,0
Spain,Female,74.0,0.0,2,0
Spain,Male,39.0,0.0,1,1
Spain,Male,30.0,97408.03,1,0
Spain,Female,27.0,0.0,2,0
Spain,Male,40.0,123599.49,1,0
Spain,Male,38.0,88293.13,2,0
Spain,Female,40.0,0.0,2,0
Spain,Male,36.0,127286.79,1,0
Spain,Female,37.0,99263.09,2,0
Spain,Female,41.0,0.0,1,1
Spain,Male,34.0,0.0,2,0
Spain,Male,44.0,0.0,2,0
Spain,Female,26.0,0.0,2,0
Spain,Female,26.0,0.0,2,0
Spain,Female,32.0,128306.72,1,0
Spain,Male,34.0,0.0,1,0
Spain,Male,37.0,113680.53,1,0
Spain,Female,29.0,0.0,2,0
Spain,Female,67.0,0.0,2,0
Spain,Female,28.0,0.0,2,0
Spain,Female,52.0,0.0,1,0
Spain,Female,34.0,0.0,1,0
Spain,Male,29.0,0.0,2,0
Spain,Female,35.0,0.0,2,0
Spain,Male,40.0,103421.32,1,0
Spain,Male,29.0,69413.44,1,0
Spain,Male,39.0,95297.11,1,0
Spain,Female,27.0,0.0,1,1
Spain,Female,26.0,124577.33,1,0
Spain,Female,33.0,0.0,2,0
Spain,Female,35.0,0.0,2,0
Spain,Male,41.0,0.0,2,0
Spain,Male,28.0,0.0,1,0
Spain,Female,35.0,174894.53,1,0
Spain,Female,57.0,110934.54,2,0
Spain,Male,58.0,87926.24,1,0
Spain,Male,26.0,147904.31,1,0
Spain,Female,49.0,110941.57,1,0
Spain,Male,43.0,118780.57,2,0
Spain,Male,35.0,0.0,2,0
Spain,Male,42.0,0.0,1,1
Spain,Female,37.0,99816.46,1,0
Spain,Female,44.0,0.0,2,0
Spain,Male,29.0,0.0,2,1
Spain,Male,37.0,0.0,2,0
Spain,Male,37.0,96032.22,1,0
Spain,Male,55.0,0.0,1,1
Spain,Female,37.0,0.0,2,1
Spain,Male,31.0,0.0,2,0
Spain,Male,43.0,92340.69,1,0
Spain,Male,36.0,0.0,2,0
Spain,Female,56.0,0.0,1,1
Spain,Male,30.0,117864.21,1,0
Spain,Male,38.0,0.0,2,0
Spain,Male,34.0,111835.94,1,0
Spain,Female,45.0,0.0,2,0
Spain,Female,38.0,100565.94,1,0
Spain,Female,52.0,0.0,2,0
Spain,Female,41.0,101993.12,1,0
Spain,Male,40.0,0.0,2,0
Spain,Female,52.0,134960.98,1,1
Spain,Male,39.0,0.0,2,0
Spain,Female,34.0,0.0,2,0
Spain,Female,21.0,0.0,2,0
Spain,Male,33.0,0.0,2,0
Spain,Male,34.0,0.0,2,0
Spain,Female,28.0,61581.97,1,1
Spain,Male,34.0,137853.0,1,0
Spain,Male,33.0,0.0,2,0
Spain,Female,37.0,83061.26,2,1
Spain,Female,31.0,103696.97,1,1
Spain,Male,28.0,0.0,1,0
Spain,Female,39.0,0.0,1,0
Spain,Male,48.0,0.0,2,0
Spain,Female,34.0,144870.21,1,0
Spain,Male,35.0,156848.13,1,0
Spain,Female,43.0,0.0,2,0
Spain,Male,34.0,0.0,2,0
Spain,Female,66.0,106345.24,1,0
Spain,Male,31.0,0.0,2,0
Spain,Female,39.0,101993.12,1,1
Spain,Female,26.0,0.0,2,0
Spain,Male,33.0,0.0,2,0
Spain,Male,28.0,0.0,1,0
Spain,Male,50.0,0.0,2,0
Spain,Female,37.0,0.0,2,0
Spain,Male,40.0,0.0,1,1
Spain,Male,49.0,0.0,1,1
Spain,Male,33.0,0.0,2,0
Spain,Male,44.0,0.0,2,0
Spain,Female,34.0,0.0,1,0
Spain,Male,42.0,133701.07,2,0
Spain,Male,29.0,0.0,2,0
Spain,Male,45.0,0.0,2,0
Spain,Female,54.0,0.0,1,1
Spain,Female,35.0,0.0,2,0
Spain,Male,34.0,0.0,2,0
Spain,Male,42.0,0.0,2,0
Spain,Male,36.0,0.0,2,0
Spain,Female,47.0,0.0,3,1
Spain,Male,42.0,0.0,1,0
Spain,Female,31.0,0.0,1,0
Spain,Female,30.0,0.0,1,0
Spain,Male,23.0,0.0,2,0
Spain,Female,44.0,0.0,2,0
Spain,Female,39.0,0.0,2,0
Spain,Female,54.0,141528.88,1,0
Spain,Male,45.0,84903.33,1,0
Spain,Male,44.0,0.0,1,1
Spain,Male,63.0,0.0,1,0
Spain,Female,48.0,0.0,1,1
Spain,Female,33.0,0.0,2,0
Spain,Female,34.0,0.0,2,0
Spain,Male,25.0,0.0,2,0
Spain,Male,22.0,0.0,2,0
Spain,Female,29.0,80542.81,1,0
Spain,Male,35.0,0.0,2,0
Spain,Male,31.0,0.0,2,0
Spain,Male,38.0,141099.43,1,0
Spain,Male,32.0,131698.57,1,0
Spain,Female,34.0,0.0,1,0
Spain,Male,30.0,0.0,2,0
Spain,Male,34.0,142880.28,1,0
Spain,Male,33.0,0.0,2,0
Spain,Male,30.0,107465.91,2,0
Spain,Male,52.0,0.0,1,0
Spain,Female,49.0,0.0,2,0
Spain,Male,35.0,0.0,2,0
Spain,Male,38.0,0.0,2,0
Spain,Male,37.0,0.0,2,0
Spain,Male,37.0,0.0,1,0
Spain,Male,49.0,0.0,1,1
Spain,Female,36.0,0.0,1,1
Spain,Male,38.0,149620.88,1,0
Spain,Female,43.0,93616.35,1,0
Spain,Male,34.0,122929.42,2,0
Spain,Male,28.0,0.0,2,0
Spain,Male,21.0,0.0,2,0
Spain,Female,47.0,0.0,1,1
Spain,Male,33.0,0.0,2,0
Spain,Male,61.0,0.0,1,1
Spain,Female,25.0,0.0,1,1
Spain,Male,35.0,0.0,2,0
Spain,Male,37.0,0.0,2,0
Spain,Female,34.0,134169.62,1,0
Spain,Male,33.0,0.0,2,0
Spain,Female,40.0,139129.44,1,0
Spain,Male,29.0,0.0,2,0
Spain,Male,38.0,0.0,2,0
Spain,Male,51.0,100116.93,1,0
Spain,Female,28.0,0.0,2,0
Spain,Male,27.0,0.0,1,0
Spain,Male,40.0,0.0,2,0
Spain,Female,33.0,0.0,1,0
Spain,Female,43.0,89800.14,1,0
Spain,Female,75.0,177619.71,2,0
Spain,Male,53.0,146593.61,1,1
Spain,Male,40.0,90536.81,1,0
Spain,Male,36.0,0.0,2,0
Spain,Female,30.0,0.0,2,0
Spain,Male,36.0,135096.79,1,0
Spain,Male,38.0,0.0,2,1
Spain,Male,38.0,0.0,2,0
Spain,Female,33.0,0.0,1,0
Spain,Female,41.0,0.0,2,0
Spain,Female,43.0,0.0,1,1
Spain,Female,43.0,0.0,2,0
Spain,Male,29.0,0.0,2,0
Spain,Male,39.0,0.0,1,0
Spain,Male,39.0,0.0,2,0
Spain,Female,18.0,71843.15,2,0
Spain,Male,39.0,96947.59,2,0
Spain,Male,32.0,123084.63,1,0
Spain,Female,39.0,0.0,2,0
Spain,Female,43.0,0.0,1,1
Spain,Male,41.0,0.0,2,0
Spain,Male,31.0,111233.6,2,0
Spain,Female,40.0,0.0,2,0
Spain,Female,29.0,98759.89,2,0
Spain,Male,37.0,135536.32,1,0
Spain,Male,34.0,0.0,2,0
Spain,Male,38.0,0.0,2,0
Spain,Female,34.0,0.0,2,0
Spain,Male,41.0,0.0,1,1
Spain,Female,37.0,0.0,2,0
Spain,Female,42.0,136658.98,1,0
Spain,Male,35.0,107852.81,1,0
Spain,Female,37.0,122447.76,1,0
Spain,Male,29.0,120307.58,1,0
Spain,Male,37.0,136674.51,1,0
Spain,Male,38.0,0.0,2,0
Spain,Male,33.0,0.0,1,0
Spain,Male,33.0,0.0,2,0
Spain,Female,35.0,0.0,1,0
Spain,Female,33.0,108078.56,1,1
Spain,Female,46.0,157559.59,2,0
Spain,Male,24.0,0.0,2,0
Spain,Female,67.0,0.0,2,0
Spain,Female,32.0,0.0,2,0
Spain,Female,56.0,0.0,3,1
Spain,Male,40.0,0.0,2,0
Spain,Female,32.0,0.0,1,0
Spain,Male,32.0,0.0,1,0
Spain,Male,27.0,175619.51,1,0
Spain,Female,34.0,0.0,2,0
Spain,Male,37.0,0.0,2,0
Spain,Male,38.0,135289.33,2,0
Spain,Female,36.0,0.0,2,0
Spain,Male,35.0,121365.39,1,0
Spain,Male,40.0,0.0,1,0
Spain,Female,40.0,0.0,1,0
Spain,Female,30.0,0.0,2,0
Spain,Male,24.0,0.0,2,1
Spain,Male,35.0,106518.52,1,1
Spain,Male,44.0,0.0,2,0
Spain,Male,41.0,0.0,2,0
Spain,Male,30.0,0.0,2,0
Spain,Female,39.0,182123.79,1,0
Spain,Female,63.0,0.0,1,1
Spain,Female,35.0,0.0,1,0
Spain,Male,41.0,0.0,2,0
Spain,Female,47.0,0.0,1,1
Spain,Female,30.0,0.0,2,0
Spain,Female,40.0,0.0,2,1
Spain,Male,36.0,0.0,2,0
Spain,Male,35.0,185891.71,1,0
Spain,Female,33.0,0.0,1,0
Spain,Male,38.0,0.0,2,1
Spain,Female,29.0,0.0,2,0
Spain,Male,34.0,115074.02,2,0
Spain,Male,35.0,0.0,2,0
Spain,Male,35.0,0.0,2,0
Spain,Female,39.0,0.0,2,0
Spain,Female,43.0,0.0,2,0
Spain,Male,34.0,0.0,2,0
Spain,Male,42.0,93608.28,2,0
Spain,Male,32.0,128389.63,1,0
Spain,Female,32.0,104944.1,1,0
Spain,Female,32.0,0.0,2,0
Spain,Male,46.0,0.0,2,0
Spain,Female,40.0,0.0,1,1
Spain,Male,34.0,0.0,2,0
Spain,Female,39.0,0.0,3,1
Spain,Female,33.0,0.0,2,0
Spain,Female,32.0,0.0,2,0
Spain,Female,32.0,100433.8,1,0
Spain,Female,23.0,0.0,2,0
Spain,Female,49.0,0.0,2,0
Spain,Female,48.0,0.0,2,1
Spain,Female,37.0,0.0,2,0
Spain,Female,29.0,142765.24,1,1
Spain,Male,40.0,0.0,2,0
Spain,Female,32.0,144954.63,2,0
Spain,Female,36.0,84327.77,2,0
Spain,Male,39.0,0.0,2,0
Spain,Female,28.0,128509.63,1,0
Spain,Male,48.0,0.0,2,0
Spain,Female,34.0,133889.1,1,0
Spain,Female,30.0,0.0,2,0
Spain,Female,30.0,0.0,2,0
Spain,Male,56.0,0.0,2,1
Spain,Female,34.0,0.0,2,0
Spain,Female,24.0,0.0,2,1
Spain,Male,36.0,98977.9,1,0
Spain,Male,55.0,91893.32,1,0
Spain,Male,34.0,0.0,2,0
Spain,Male,32.0,96473.59,2,0
Spain,Male,49.0,0.0,2,0
Spain,Female,36.0,0.0,2,0
Spain,Female,35.0,174851.9,1,0
Spain,Female,34.0,0.0,2,0
Spain,Male,48.0,131659.59,2,0
Spain,Female,42.0,0.0,1,1
Spain,Male,45.0,0.0,2,0
Spain,Female,39.0,123536.52,2,0
Spain,Female,46.0,0.0,1,0
Spain,Male,33.0,0.0,2,0
Spain,Female,32.0,0.0,2,0
Spain,Male,30.0,0.0,2,0
Spain,Female,38.0,0.0,1,0
Spain,Male,38.0,0.0,2,0
Spain,Male,42.0,117633.4,2,0
Spain,Male,31.0,84560.04,2,1
Spain,Male,22.0,0.0,2,0
Spain,Male,25.0,0.0,2,0
Spain,Male,35.0,0.0,2,0
Spain,Male,26.0,0.0,2,0
Spain,Female,38.0,0.0,1,1
Spain,Male,48.0,80777.42,1,0
Spain,Female,31.0,0.0,2,0
Spain,Male,36.0,0.0,2,1
Spain,Female,29.0,0.0,2,0
Spain,Male,42.0,0.0,2,0
Spain,Male,48.0,0.0,2,0
Spain,Male,28.0,108541.04,1,0
Spain,Female,34.0,0.0,2,0
Spain,Male,33.0,0.0,2,0
Spain,Male,38.0,0.0,2,0
Spain,Female,23.0,0.0,1,1
Spain,Female,38.0,99432.37,1,0
Spain,Male,38.0,0.0,2,0
Spain,Female,39.0,174701.75,1,0
Spain,Male,26.0,0.0,2,0
Spain,Male,40.0,0.0,2,0
Spain,Male,34.0,0.0,1,0
Spain,Male,38.0,0.0,2,0
Spain,Male,23.0,0.0,1,0
Spain,Female,34.0,0.0,2,0
Spain,Male,26.0,140931.91,1,0
Spain,Male,25.0,136658.44,1,0
Spain,Male,43.0,119413.76,1,0
Spain,Male,39.0,0.0,2,0
Spain,Female,41.0,0.0,1,0
Spain,Male,34.0,0.0,2,1
Spain,Male,29.0,0.0,2,0
Spain,Female,60.0,0.0,1,0
Spain,Male,40.0,0.0,2,0
Spain,Female,50.0,0.0,2,1
Spain,Male,36.0,0.0,2,0
Spain,Female,46.0,98723.67,1,0
Spain,Male,71.0,93796.42,2,0
Spain,Male,52.0,0.0,2,0
Spain,Male,43.0,106687.76,1,0
Spain,Male,38.0,161807.18,2,0
Spain,Male,35.0,0.0,1,0
Spain,Female,43.0,0.0,1,1
Spain,Male,48.0,0.0,2,0
Spain,Male,29.0,0.0,2,0
Spain,Female,40.0,0.0,2,0
Spain,Male,39.0,0.0,2,0
Spain,Male,43.0,0.0,1,1
Spain,Male,31.0,0.0,2,0
Spain,Female,37.0,0.0,1,0
Spain,Female,48.0,127132.96,3,1
Spain,Male,32.0,122384.22,1,0
Spain,Female,45.0,91292.7,1,0
Spain,Male,31.0,137638.69,1,0
Spain,Male,34.0,0.0,2,0
Spain,Female,49.0,0.0,2,0
Spain,Male,57.0,106920.73,1,1
Spain,Male,31.0,0.0,2,0
Spain,Male,42.0,126428.58,2,0
Spain,Female,34.0,0.0,2,0
Spain,Female,27.0,0.0,2,0
Spain,Female,33.0,0.0,2,0
Spain,Male,34.0,0.0,2,0
Spain,Female,32.0,113657.83,1,0
Spain,Male,46.0,123859.6,1,0
Spain,Female,27.0,0.0,2,0
Spain,Male,29.0,0.0,2,0
Spain,Female,31.0,0.0,2,0
Spain,Female,32.0,0.0,2,0
Spain,Female,34.0,0.0,1,1
Spain,Male,35.0,0.0,2,0
Spain,Male,31.0,141581.72,2,0
Spain,Female,25.0,0.0,2,0
Spain,Female,32.0,81091.02,1,0
Spain,Male,46.0,157780.84,3,1
Spain,Male,37.0,145052.18,1,0
Spain,Male,40.0,0.0,1,0
Spain,Male,31.0,0.0,2,0
Spain,Female,31.0,0.0,2,0
Spain,Male,54.0,0.0,1,1
Spain,Male,31.0,127609.59,1,0
Spain,Male,29.0,135827.55,1,0
Spain,Male,47.0,0.0,2,0
Spain,Female,47.0,0.0,1,1
Spain,Male,25.0,0.0,2,0
Spain,Female,27.0,149349.58,1,0
Spain,Male,35.0,0.0,2,0
Spain,Female,34.0,0.0,2,0
Spain,Female,32.0,0.0,1,0
Spain,Female,34.0,0.0,2,0
Spain,Male,32.0,155655.46,1,0
Spain,Male,50.0,0.0,1,0
Spain,Male,38.0,164701.68,1,0
Spain,Male,49.0,122029.15,1,1
Spain,Male,63.0,0.0,1,0
Spain,Female,36.0,0.0,1,0
Spain,Male,41.0,28082.95,1,0
Spain,Female,44.0,118742.74,2,0
Spain,Male,40.0,89047.14,2,0
Spain,Female,30.0,0.0,2,0
Spain,Male,42.0,137848.07,2,0
Spain,Male,23.0,0.0,2,0
Spain,Male,43.0,137204.77,1,1
Spain,Male,33.0,128514.84,1,0
Spain,Female,20.0,0.0,2,0
Spain,Male,32.0,166883.07,2,0
Spain,Female,35.0,0.0,1,0
Spain,Female,34.0,0.0,2,0
Spain,Male,38.0,139542.73,1,0
Spain,Male,37.0,121063.9,2,0
Spain,Female,30.0,0.0,1,0
Spain,Male,35.0,137492.28,2,0
Spain,Female,51.0,131402.36,1,0
Spain,Female,29.0,0.0,1,0
Spain,Female,30.0,0.0,2,0
Spain,Female,27.0,123826.07,2,0
Spain,Female,35.0,0.0,2,0
Spain,Male,32.0,0.0,1,0
Spain,Male,40.0,0.0,1,0
Spain,Male,40.0,0.0,2,0
Spain,Female,33.0,0.0,1,0
Spain,Male,30.0,0.0,1,0
Spain,Male,38.0,0.0,2,0
Spain,Male,36.0,190678.02,1,0
Spain,Male,35.0,0.0,1,1
Spain,Female,40.0,0.0,1,1
Spain,Female,28.0,116973.57,1,0
Spain,Male,45.0,0.0,2,1
Spain,Male,28.0,122797.9,1,0
Spain,Male,33.0,0.0,1,0
Spain,Female,32.0,0.0,3,1
Spain,Female,37.0,0.0,1,1
Spain,Male,36.0,0.0,1,1
Spain,Male,35.0,0.0,2,0
Spain,Male,33.0,0.0,2,0
Spain,Male,29.0,0.0,1,0
Spain,Male,22.0,0.0,2,0
Spain,Male,31.0,89039.23,1,0
Spain,Female,28.0,0.0,2,0
Spain,Female,51.0,0.0,1,1
Spain,Female,31.0,88161.84,2,0
Spain,Male,34.0,0.0,2,0
Spain,Female,32.0,109869.32,1,0
Spain,Male,66.0,0.0,1,0
Spain,Male,31.0,142120.91,2,0
Spain,Male,38.0,117438.92,1,0
Spain,Male,28.0,0.0,2,0
Spain,Male,36.0,0.0,2,0
Spain,Female,39.0,0.0,1,1
Spain,Female,32.0,126473.33,1,0
Spain,Male,34.0,0.0,2,0
Spain,Male,32.0,125437.71,1,0
Spain,Male,31.0,0.0,1,0
Spain,Female,59.0,0.0,1,1
Spain,Male,63.0,138082.16,1,0
Spain,Male,40.0,0.0,2,0
Spain,Male,34.0,105967.75,2,0
Spain,Male,43.0,0.0,2,0
Spain,Male,30.0,0.0,1,0
Spain,Male,41.0,0.0,2,0
Spain,Female,35.0,0.0,2,0
Spain,Male,33.0,0.0,2,0
Spain,Male,27.0,125427.37,2,0
Spain,Female,48.0,95679.29,1,0
Spain,Female,49.0,0.0,1,1
Spain,Male,27.0,0.0,2,0
Spain,Male,41.0,0.0,1,0
Spain,Female,34.0,0.0,2,0
Spain,Male,39.0,0.0,2,0
Spain,Female,34.0,0.0,1,1
Spain,Female,30.0,72788.03,1,0
Spain,Female,40.0,0.0,2,0
Spain,Male,63.0,0.0,1,1
Spain,Male,21.0,0.0,2,0
Spain,Male,43.0,0.0,1,0
Spain,Male,39.0,0.0,2,0
Spain,Male,37.0,98443.75,2,0
Spain,Female,50.0,125845.66,1,1
Spain,Male,35.0,0.0,2,0
Spain,Female,56.0,209767.31,1,0
Spain,Female,34.0,170600.78,2,1
Spain,Male,26.0,122330.7,2,0
Spain,Male,36.0,156948.41,1,1
Spain,Female,39.0,130147.98,1,1
Spain,Male,50.0,94464.81,1,1
Spain,Male,27.0,0.0,2,0
Spain,Female,26.0,0.0,2,0
Spain,Female,34.0,0.0,2,0
Spain,Female,37.0,0.0,1,0
Spain,Female,33.0,104857.21,1,0
Spain,Female,37.0,0.0,2,0
Spain,Male,39.0,0.0,1,0
Spain,Female,35.0,102773.26,1,0
Spain,Female,37.0,136689.99,1,0
Spain,Female,43.0,0.0,1,1
Spain,Female,34.0,0.0,2,0
Spain,Male,39.0,142051.07,2,0
Spain,Male,36.0,0.0,2,0
Spain,Male,29.0,0.0,2,0
Spain,Male,30.0,0.0,2,0
Spain,Male,33.0,106891.42,1,0
Spain,Female,29.0,0.0,1,0
Spain,Male,30.0,0.0,1,0
Spain,Female,38.0,0.0,2,0
Spain,Male,60.0,137482.19,1,1
Spain,Female,43.0,0.0,2,1
Spain,Female,51.0,0.0,1,0
Spain,Female,39.0,132434.88,1,0
Spain,Male,32.0,63349.75,1,0
Spain,Female,53.0,0.0,1,1
Spain,Female,27.0,0.0,1,0
Spain,Male,27.0,0.0,2,0
Spain,Male,29.0,0.0,2,0
Spain,Female,46.0,0.0,4,1
Spain,Female,38.0,0.0,2,0
Spain,Male,50.0,0.0,1,1
Spain,Male,31.0,57098.96,2,0
Spain,Female,36.0,0.0,1,0
Spain,Male,38.0,0.0,3,1
Spain,Female,47.0,151844.74,1,0
Spain,Female,44.0,0.0,2,0
Spain,Male,32.0,106070.85,1,0
Spain,Male,34.0,82674.15,1,0
Spain,Male,52.0,0.0,1,1
Spain,Male,27.0,134559.8,1,0
Spain,Female,36.0,0.0,2,0
Spain,Female,35.0,0.0,2,0
Spain,Female,36.0,0.0,2,0
Spain,Female,39.0,0.0,2,1
Spain,Male,31.0,132615.73,2,0
Spain,Male,31.0,0.0,2,0
Spain,Male,51.0,0.0,2,0
Spain,Female,30.0,0.0,1,0
Spain,Female,38.0,0.0,2,0
Spain,Male,39.0,124548.99,3,1
Spain,Male,39.0,0.0,2,0
Spain,Male,23.0,0.0,2,0
Spain,Female,33.0,91857.66,1,0
Spain,Male,40.0,0.0,2,0
Spain,Female,20.0,168920.75,1,0
Spain,Male,20.0,0.0,2,0
Spain,Male,57.0,123981.31,3,1
Spain,Female,39.0,0.0,1,1
Spain,Male,46.0,0.0,1,1
Spain,Female,41.0,0.0,3,1
Spain,Female,21.0,0.0,2,0
Spain,Female,29.0,133702.89,1,0
Spain,Female,32.0,0.0,2,0
Spain,Male,33.0,122318.19,1,0
Spain,Female,37.0,0.0,2,0
Spain,Male,28.0,133060.63,1,1
Spain,Female,61.0,0.0,1,0
Spain,Female,27.0,0.0,1,0
Spain,Female,32.0,137494.02,1,0
Spain,Female,62.0,0.0,1,1
Spain,Female,36.0,0.0,2,0
Spain,Female,58.0,0.0,1,1
Spain,Male,34.0,0.0,2,0
Spain,Female,33.0,0.0,2,0
Spain,Male,33.0,0.0,2,0
Spain,Male,46.0,0.0,2,0
Spain,Male,36.0,0.0,2,0
Spain,Male,62.0,141173.17,1,1
Spain,Female,37.0,0.0,2,0
Spain,Female,40.0,0.0,1,1
Spain,Female,29.0,0.0,2,0
Spain,Male,33.0,0.0,2,0
Spain,Male,36.0,0.0,1,0
Spain,Male,47.0,162702.35,1,1
Spain,Female,30.0,0.0,2,0
Spain,Male,29.0,123761.68,1,0
Spain,Male,41.0,0.0,2,0
Spain,Male,23.0,107433.48,1,0
Spain,Male,34.0,0.0,2,0
Spain,Male,46.0,115024.5,1,0
Spain,Female,42.0,0.0,2,0
Spain,Male,31.0,0.0,2,0
Spain,Male,38.0,0.0,2,0
Spain,Female,48.0,0.0,1,1
Spain,Male,29.0,122311.21,1,0
Spain,Female,33.0,0.0,2,0
Spain,Female,30.0,136570.82,1,0
Spain,Female,36.0,82729.49,2,0
Spain,Male,33.0,0.0,1,0
Spain,Female,37.0,0.0,1,0
Spain,Male,37.0,66220.17,1,0
Spain,Male,25.0,122314.5,1,0
Spain,Female,38.0,79523.13,1,0
Spain,Male,60.0,0.0,1,1
Spain,Female,38.0,0.0,2,0
Spain,Male,27.0,127845.84,2,0
Spain,Male,20.0,122822.0,1,0
Spain,Female,33.0,0.0,2,0
Spain,Male,32.0,0.0,2,0
Spain,Female,42.0,112670.48,1,0
Spain,Male,35.0,0.0,1,0
Spain,Male,72.0,160541.0,2,0
Spain,Female,22.0,0.0,1,0
Spain,Female,36.0,0.0,2,0
Spain,Female,28.0,0.0,2,0
Spain,Female,30.0,0.0,2,0
Spain,Female,33.0,125566.9,1,1
Spain,Male,38.0,0.0,1,1
Spain,Male,48.0,142742.52,1,0
Spain,Male,33.0,0.0,2,0
Spain,Female,51.0,101629.3,1,0
Spain,Male,24.0,0.0,2,0
Spain,Female,48.0,0.0,2,0
Spain,Male,37.0,0.0,2,0
Spain,Male,31.0,83494.83,1,0
Spain,Male,33.0,0.0,2,0
Spain,Male,31.0,0.0,2,0
Spain,Male,26.0,144238.7,1,0
Spain,Male,32.0,0.0,1,1
Spain,Female,57.0,0.0,2,0
Spain,Male,35.0,148172.44,1,0
Spain,Male,40.0,160625.17,1,0
Spain,Male,41.0,127523.75,1,0
Spain,Male,27.0,0.0,2,0
Spain,Female,30.0,100683.54,1,0
Spain,Male,63.0,123859.5,1,0
Spain,Male,31.0,0.0,2,0
Spain,Male,39.0,0.0,2,0
Spain,Male,25.0,0.0,2,0
Spain,Male,40.0,0.0,2,0
Spain,Male,34.0,0.0,2,0
Spain,Female,43.0,0.0,2,1
Spain,Female,34.0,0.0,2,0
Spain,Female,37.0,0.0,2,0
Spain,Female,31.0,115462.07,1,0
Spain,Female,38.0,0.0,2,0
Spain,Female,33.0,72494.69,1,0
Spain,Female,28.0,0.0,2,0
Spain,Male,48.0,0.0,1,1
Spain,Female,42.0,0.0,3,1
Spain,Female,30.0,69974.66,2,0
Spain,Male,34.0,0.0,2,0
Spain,Female,31.0,0.0,2,0
Spain,Female,38.0,130554.54,2,0
Spain,Female,54.0,0.0,1,0
Spain,Male,38.0,0.0,2,0
Spain,Female,29.0,0.0,2,0
Spain,Male,37.0,0.0,2,0
Spain,Female,44.0,0.0,2,0
Spain,Female,28.0,0.0,2,0
Spain,Male,35.0,80793.58,1,0
Spain,Male,41.0,0.0,1,1
Spain,Male,47.0,81553.83,1,0
Spain,Male,40.0,134560.62,1,1
Spain,Male,28.0,0.0,2,0
Spain,Male,67.0,0.0,1,0
Spain,Female,51.0,0.0,1,1
Spain,Female,35.0,129667.77,1,0
Spain,Male,30.0,0.0,2,0
Spain,Male,49.0,0.0,2,1
Spain,Male,62.0,97157.76,1,0
Spain,Male,43.0,0.0,2,0
Spain,Male,37.0,128932.4,2,0
Spain,Male,31.0,0.0,2,0
Spain,Male,29.0,0.0,2,0
Spain,Male,36.0,0.0,1,0
Spain,Female,48.0,0.0,2,0
Spain,Female,32.0,0.0,2,0
Spain,Male,30.0,182275.23,1,1
Spain,Male,47.0,0.0,2,0
Spain,Female,24.0,154733.97,1,0
Spain,Male,65.0,136858.59,1,1
Spain,Female,37.0,121231.39,1,0
Spain,Female,34.0,0.0,2,0
Spain,Male,33.0,0.0,2,0
Spain,Male,40.0,0.0,2,0
Spain,Female,40.0,0.0,1,0
Spain,Male,41.0,0.0,1,0
Spain,Female,60.0,0.0,2,0
Spain,Male,44.0,141797.54,1,0
Spain,Female,37.0,114959.12,1,0
Spain,Female,37.0,120530.34,2,0
Spain,Male,38.0,0.0,2,0
Spain,Male,34.0,104784.23,1,0
Spain,Female,50.0,0.0,1,1
Spain,Female,36.0,0.0,2,0
Spain,Male,18.0,0.0,2,0
Spain,Male,40.0,0.0,2,0
Spain,Male,28.0,0.0,2,0
Spain,Female,37.0,0.0,1,0
Spain,Male,32.0,146466.46,2,0
Spain,Male,30.0,0.0,2,0
Spain,Male,40.0,152883.98,1,0
Spain,Male,31.0,0.0,1,1
Spain,Female,37.0,98431.37,2,0
Spain,Male,33.0,0.0,2,0
Spain,Female,26.0,55732.92,1,1
Spain,Male,54.0,0.0,1,1
Spain,Female,28.0,98308.77,1,0
Spain,Male,35.0,0.0,2,0
Spain,Female,34.0,0.0,2,0
Spain,Male,27.0,0.0,2,0
Spain,Male,37.0,0.0,2,0
Spain,Male,40.0,108585.35,1,1
Spain,Female,36.0,0.0,2,0
Spain,Male,26.0,0.0,2,0
Spain,Female,36.0,0.0,2,0
Spain,Male,64.0,139663.37,1,0
Spain,Female,25.0,0.0,2,0
Spain,Male,29.0,0.0,2,0
Spain,Female,28.0,142084.04,1,0
Spain,Male,36.0,76665.71,1,0
Spain,Female,44.0,0.0,2,0
Spain,Male,28.0,76692.08,1,0
Spain,Male,38.0,121823.4,1,0
Spain,Male,37.0,0.0,2,0
Spain,Male,39.0,0.0,1,0
Spain,Male,36.0,0.0,2,0
Spain,Female,53.0,187602.18,1,1
Spain,Male,31.0,0.0,2,0
Spain,Male,39.0,0.0,1,0
Spain,Male,31.0,0.0,2,0
Spain,Female,30.0,0.0,2,0
Spain,Female,18.0,0.0,2,0
Spain,Female,36.0,0.0,3,1
Spain,Female,35.0,0.0,2,0
Spain,Female,34.0,126547.76,2,0
Spain,Male,32.0,0.0,2,0
Spain,Male,34.0,0.0,2,0
Spain,Male,46.0,95858.37,1,0
Spain,Female,34.0,0.0,1,1
Spain,Female,34.0,0.0,1,0
Spain,Male,21.0,161525.96,2,0
Spain,Male,40.0,0.0,2,0
Spain,Male,43.0,81076.8,1,1
Spain,Male,35.0,0.0,2,0
Spain,Female,40.0,0.0,1,1
Spain,Male,31.0,0.0,2,0
Spain,Female,48.0,0.0,1,0
Spain,Male,47.0,109876.82,2,0
Spain,Female,34.0,160376.61,1,0
Spain,Female,31.0,0.0,2,0
Spain,Male,33.0,141792.61,1,0
Spain,Female,27.0,116320.68,1,0
Spain,Male,43.0,0.0,1,0
Spain,Female,28.0,102714.65,1,0
Spain,Female,41.0,121250.04,1,0
Spain,Female,50.0,0.0,1,1
Spain,Male,34.0,63488.7,1,0
Spain,Male,22.0,66483.32,1,1
Spain,Male,26.0,0.0,1,1
Spain,Male,24.0,121161.57,1,0
Spain,Female,44.0,90450.0,1,0
Spain,Male,33.0,0.0,2,0
Spain,Male,35.0,0.0,2,0
Spain,Female,32.0,0.0,2,0
Spain,Male,67.0,0.0,2,0
Spain,Female,24.0,0.0,1,0
Spain,Male,34.0,0.0,2,0
Spain,Male,39.0,0.0,2,0
Spain,Female,39.0,0.0,2,0
Spain,Female,50.0,0.0,1,0
Spain,Female,32.0,134446.04,1,0
Spain,Female,27.0,0.0,2,0
Spain,Female,33.0,0.0,2,0
Spain,Female,41.0,129674.89,1,0
Spain,Male,31.0,0.0,2,0
Spain,Female,31.0,0.0,2,0
Spain,Male,29.0,165272.13,1,0
Spain,Male,62.0,119096.55,2,0
Spain,Female,31.0,121702.73,1,0
Spain,Male,28.0,0.0,2,0
Spain,Male,32.0,0.0,1,0
Spain,Female,39.0,122570.69,2,0
Spain,Male,32.0,140691.07,1,0
Spain,Female,39.0,149379.66,2,0
Spain,Male,29.0,137964.51,1,0
Spain,Female,40.0,0.0,2,0
Spain,Male,40.0,0.0,2,0
Spain,Male,43.0,0.0,1,1
Spain,Female,29.0,0.0,1,0
Spain,Female,35.0,0.0,2,0
Spain,Female,41.0,0.0,2,0
Spain,Male,33.0,0.0,1,0
Spain,Male,37.0,101707.8,1,0
Spain,Female,41.0,0.0,2,0
Spain,Male,23.0,0.0,2,0
Spain,Female,38.0,0.0,3,1
Spain,Female,46.0,129269.27,1,1
Spain,Male,34.0,0.0,1,0
Spain,Male,29.0,0.0,2,0
Spain,Female,38.0,126436.29,1,1
Spain,Male,41.0,0.0,1,0
Spain,Male,48.0,112499.42,1,1
Spain,Male,32.0,0.0,2,0
Spain,Male,34.0,0.0,1,0
Spain,Female,31.0,0.0,2,0
Spain,Male,47.0,138032.83,1,0
Spain,Male,43.0,154902.43,1,0
Spain,Female,67.0,0.0,1,0
Spain,Female,41.0,0.0,2,0
Spain,Male,37.0,0.0,2,0
Spain,Female,46.0,0.0,1,1
Spain,Male,35.0,121542.85,1,0
Spain,Male,34.0,0.0,2,0
Spain,Female,42.0,156371.61,2,0
Spain,Female,37.0,136659.24,1,0
Spain,Male,34.0,0.0,2,0
Spain,Female,26.0,79543.59,1,0
Spain,Female,48.0,119769.77,1,0
Spain,Male,37.0,0.0,2,0
Spain,Male,28.0,0.0,2,0
Spain,Male,32.0,0.0,2,0
Spain,Male,29.0,0.0,2,0
Spain,Male,33.0,105799.32,1,0
Spain,Female,38.0,126473.33,1,0
Spain,Male,53.0,126436.29,1,0
Spain,Female,55.0,0.0,2,0
Spain,Female,32.0,0.0,2,0
Spain,Female,25.0,0.0,2,0
Spain,Male,52.0,78707.16,1,1
Spain,Female,39.0,102535.85,2,0
Spain,Male,41.0,109681.61,1,0
Spain,Male,34.0,0.0,1,0
Spain,Female,41.0,0.0,2,0
Spain,Male,24.0,108058.07,2,0
Spain,Female,26.0,126104.98,1,0
Spain,Male,33.0,118838.75,1,0
Spain,Male,39.0,0.0,2,0
Spain,Male,44.0,0.0,2,0
Spain,Male,45.0,0.0,1,0
Spain,Female,36.0,0.0,2,0
Spain,Female,29.0,0.0,1,1
Spain,Male,27.0,0.0,2,1
Spain,Female,31.0,185078.26,2,0
Spain,Female,55.0,0.0,3,1
Spain,Male,57.0,0.0,1,1
Spain,Female,37.0,0.0,2,0
Spain,Male,30.0,0.0,1,0
Spain,Female,30.0,0.0,3,1
Spain,Male,35.0,0.0,2,0
Spain,Male,36.0,0.0,1,0
Spain,Male,33.0,0.0,2,0
Spain,Female,35.0,0.0,2,0
Spain,Male,48.0,0.0,1,1
Spain,Female,47.0,0.0,2,0
Spain,Female,47.0,116528.15,1,0
Spain,Female,32.0,0.0,1,0
Spain,Female,35.0,0.0,2,0
Spain,Male,25.0,0.0,1,1
Spain,Female,49.0,0.0,2,0
Spain,Female,45.0,0.0,1,1
Spain,Male,32.0,0.0,2,0
Spain,Male,40.0,0.0,2,0
Spain,Female,44.0,96486.57,1,0
Spain,Female,42.0,0.0,3,1
Spain,Male,32.0,0.0,2,0
Spain,Male,37.0,0.0,2,0
Spain,Male,40.0,0.0,2,0
Spain,Male,37.0,0.0,2,0
Spain,Female,37.0,116537.2,1,0
Spain,Female,29.0,0.0,2,0
Spain,Female,41.0,0.0,2,0
Spain,Male,44.0,106290.64,1,1
Spain,Female,42.0,108738.52,1,0
Spain,Male,31.0,128410.71,2,0
Spain,Female,35.0,133868.21,1,0
Spain,Male,43.0,175735.5,2,0
Spain,Male,35.0,0.0,1,0
Spain,Female,35.0,100768.77,1,0
Spain,Male,42.0,0.0,1,1
Spain,Male,39.0,0.0,2,0
Spain,Female,40.0,86376.29,3,0
Spain,Female,44.0,0.0,1,1
Spain,Female,42.0,177657.35,1,0
Spain,Female,46.0,0.0,1,1
Spain,Female,34.0,0.0,2,0
Spain,Female,57.0,99760.22,1,0
Spain,Female,39.0,0.0,2,0
Spain,Male,19.0,0.0,1,0
Spain,Male,34.0,0.0,2,0
Spain,Male,33.0,0.0,1,0
Spain,Female,44.0,113873.33,2,0
Spain,Male,34.0,0.0,2,0
Spain,Female,24.0,0.0,2,0
Spain,Female,50.0,0.0,2,0
Spain,Female,65.0,0.0,2,1
Spain,Female,40.0,0.0,2,0
Spain,Female,34.0,0.0,1,0
Spain,Male,32.0,0.0,2,0
Spain,Female,41.0,0.0,2,0
Spain,Male,30.0,0.0,2,0
Spain,Female,40.0,94153.56,1,0
Spain,Male,36.0,0.0,2,0
Spain,Female,37.0,0.0,2,0
Spain,Female,30.0,161802.92,1,0
Spain,Female,59.0,93822.69,2,1
Spain,Male,34.0,0.0,2,0
Spain,Male,35.0,0.0,2,0
Spain,Male,27.0,0.0,2,0
Spain,Female,35.0,147285.52,2,0
Spain,Male,44.0,126113.28,2,0
Spain,Male,40.0,0.0,1,0
Spain,Female,39.0,0.0,2,0
Spain,Female,37.0,0.0,2,0
Spain,Male,26.0,136650.89,1,1
Spain,Female,41.0,0.0,2,0
Spain,Male,47.0,99835.17,1,1
Spain,Male,42.0,0.0,2,1
Spain,Female,50.0,160761.41,2,0
Spain,Female,25.0,115406.97,1,0
Spain,Male,36.0,0.0,1,1
Spain,Female,32.0,0.0,2,0
Spain,Female,46.0,0.0,1,1
Spain,Male,43.0,0.0,1,0
Spain,Female,29.0,99835.15,1,0
Spain,Female,38.0,0.0,2,0
Spain,Female,46.0,0.0,1,1
Spain,Male,27.0,129321.44,1,0
Spain,Female,31.0,141827.75,1,0
Spain,Male,26.0,85891.55,1,0
Spain,Female,31.0,0.0,2,0
Spain,Male,42.0,0.0,2,0
Spain,Male,50.0,0.0,1,1
Spain,Male,35.0,0.0,2,0
Spain,Female,56.0,0.0,1,1
Spain,Male,37.0,135851.24,1,0
Spain,Female,33.0,0.0,2,0
Spain,Female,25.0,0.0,2,0
Spain,Male,31.0,0.0,2,0
Spain,Female,29.0,91292.7,4,1
Spain,Male,37.0,109698.41,1,0
Spain,Male,38.0,0.0,1,0
Spain,Female,31.0,122703.8,1,0
Spain,Male,31.0,0.0,2,0
Spain,Male,51.0,65340.78,1,1
Spain,Female,64.0,0.0,2,0
Spain,Male,37.0,0.0,2,0
Spain,Male,46.0,0.0,2,0
Spain,Female,33.0,119782.72,1,0
Spain,Male,34.0,0.0,2,0
Spain,Female,38.0,0.0,2,0
Spain,Female,45.0,100359.56,1,1
Spain,Male,38.0,132255.99,1,0
Spain,Male,28.0,0.0,2,0
Spain,Male,45.0,0.0,2,0
Spain,Male,34.0,102773.6,1,0
Spain,Female,28.0,0.0,1,0
Spain,Male,50.0,107747.65,2,1
Spain,Male,39.0,166824.59,1,0
Spain,Female,35.0,0.0,1,0
Spain,Male,24.0,145081.72,1,0
Spain,Male,48.0,121428.51,1,1
Spain,Male,41.0,0.0,2,0
Spain,Female,32.0,0.0,1,0
Spain,Male,35.0,0.0,2,0
Spain,Female,27.0,0.0,1,0
Spain,Female,32.0,0.0,1,0
Spain,Male,42.0,0.0,2,0
Spain,Male,31.0,163588.22,1,0
Spain,Female,37.0,119839.75,2,0
Spain,Female,35.0,0.0,2,0
Spain,Male,38.0,0.0,2,0
Spain,Male,45.0,0.0,1,1
Spain,Female,37.0,177795.14,1,0
Spain,Male,39.0,0.0,2,0
Spain,Male,39.0,0.0,2,0
Spain,Male,34.0,118633.08,1,0
Spain,Male,45.0,0.0,1,0
Spain,Female,30.0,0.0,2,0
Spain,Male,39.0,116121.6,1,0
Spain,Male,33.0,0.0,1,0
Spain,Male,29.0,79760.31,1,0
Spain,Male,44.0,0.0,1,1
Spain,Female,44.0,126623.29,1,0
Spain,Male,29.0,0.0,1,0
Spain,Male,36.0,0.0,2,0
Spain,Male,30.0,0.0,2,0
Spain,Male,41.0,127289.28,1,0
Spain,Male,35.0,123761.68,1,0
Spain,Male,25.0,96950.21,1,1
Spain,Female,26.0,0.0,3,0
Spain,Male,37.0,147736.54,1,0
Spain,Female,40.0,0.0,1,0
Spain,Male,36.0,131325.96,1,0
Spain,Male,43.0,145081.72,1,1
Spain,Female,37.0,0.0,2,0
Spain,Female,34.0,0.0,2,0
Spain,Male,41.0,0.0,2,0
Spain,Male,57.0,159397.75,2,1
Spain,Female,34.0,0.0,2,0
Spain,Male,32.0,94762.16,1,0
Spain,Female,36.0,0.0,1,1
Spain,Male,48.0,0.0,1,0
Spain,Male,29.0,0.0,2,0
Spain,Male,30.0,0.0,2,0
Spain,Male,28.0,0.0,2,0
Spain,Male,35.0,0.0,2,0
Spain,Male,41.0,0.0,2,0
Spain,Male,37.0,176913.52,1,0
Spain,Male,36.0,0.0,1,0
Spain,Male,32.0,147107.91,1,0
Spain,Male,40.0,0.0,2,0
Spain,Male,30.0,0.0,1,0
Spain,Male,26.0,0.0,2,0
Spain,Female,50.0,0.0,1,1
Spain,Female,31.0,0.0,2,0
Spain,Male,36.0,0.0,2,0
Spain,Male,34.0,123870.07,1,0
Spain,Male,38.0,96947.58,1,0
Spain,Male,29.0,0.0,2,0
Spain,Female,29.0,0.0,2,0
Spain,Male,34.0,62052.28,3,1
Spain,Female,34.0,0.0,2,0
Spain,Male,26.0,0.0,2,0
Spain,Male,37.0,0.0,2,0
Spain,Female,36.0,0.0,2,0
Spain,Male,39.0,0.0,2,0
Spain,Female,44.0,84903.51,2,1
Spain,Male,32.0,81811.71,1,0
Spain,Female,42.0,0.0,2,0
Spain,Female,44.0,0.0,2,0
Spain,Female,37.0,0.0,2,0
Spain,Male,30.0,121345.88,1,0
Spain,Female,67.0,0.0,2,1
Spain,Female,39.0,0.0,2,0
Spain,Male,42.0,134936.97,2,0
Spain,Female,38.0,0.0,2,0
Spain,Male,66.0,157228.61,2,0
Spain,Female,49.0,0.0,2,1
Spain,Female,30.0,113913.32,1,0
Spain,Male,33.0,0.0,2,0
Spain,Male,36.0,0.0,2,0
Spain,Male,24.0,0.0,2,0
Spain,Male,63.0,0.0,1,1
Spain,Male,35.0,109869.32,2,0
Spain,Female,41.0,0.0,2,0
Spain,Male,39.0,0.0,1,0
Spain,Female,50.0,0.0,2,1
Spain,Male,47.0,0.0,2,0
Spain,Female,40.0,154251.67,1,1
Spain,Male,39.0,152685.4,1,0
Spain,Male,29.0,0.0,2,0
Spain,Female,49.0,0.0,3,1
Spain,Female,21.0,0.0,2,0
Spain,Female,31.0,0.0,1,1
Spain,Male,35.0,0.0,2,0
Spain,Male,30.0,0.0,1,0
Spain,Male,36.0,0.0,2,0
Spain,Female,39.0,101675.22,2,0
Spain,Male,39.0,106683.52,1,0
Spain,Male,42.0,194532.66,1,1
Spain,Female,34.0,0.0,2,0
Spain,Male,49.0,0.0,1,1
Spain,Male,56.0,0.0,2,1
Spain,Male,41.0,62078.21,2,1
Spain,Male,28.0,0.0,1,0
Spain,Male,45.0,0.0,2,0
Spain,Male,24.0,0.0,1,0
Spain,Female,37.0,0.0,1,0
Spain,Male,31.0,0.0,2,0
Spain,Male,42.0,222267.63,1,0
Spain,Female,29.0,0.0,1,0
Spain,Female,36.0,0.0,2,0
Spain,Male,30.0,153360.02,1,0
Spain,Male,37.0,0.0,2,0
Spain,Male,36.0,0.0,2,0
Spain,Female,32.0,0.0,1,1
Spain,Female,28.0,157597.61,2,0
Spain,Female,55.0,137592.31,2,0
Spain,Male,40.0,0.0,2,0
Spain,Female,20.0,88141.81,2,0
Spain,Female,43.0,104929.51,1,0
Spain,Male,40.0,0.0,2,0
Spain,Female,43.0,0.0,2,0
Spain,Male,61.0,127397.34,1,1
Spain,Male,39.0,0.0,1,1
Spain,Male,46.0,112668.7,1,0
Spain,Male,30.0,0.0,2,0
Spain,Male,40.0,0.0,1,0
Spain,Male,32.0,98899.91,1,0
Spain,Female,44.0,0.0,3,1
Spain,Male,34.0,98108.82,1,0
Spain,Male,57.0,0.0,2,0
Spain,Female,28.0,0.0,2,0
Spain,Male,32.0,0.0,2,0
Spain,Male,36.0,131414.76,1,1
Spain,Female,31.0,0.0,2,0
Spain,Male,49.0,0.0,2,0
Spain,Male,34.0,125921.37,1,0
Spain,Male,28.0,113657.83,1,0
Spain,Female,24.0,0.0,1,0
Spain,Female,36.0,120026.98,2,0
Spain,Male,46.0,0.0,2,0
Spain,Male,42.0,67996.23,1,1
Spain,Male,32.0,125437.73,1,0
Spain,Female,45.0,0.0,1,1
Spain,Male,37.0,0.0,2,0
Spain,Female,39.0,0.0,1,0
Spain,Male,47.0,129440.3,1,0
Spain,Male,41.0,104631.67,1,1
Spain,Male,46.0,0.0,2,0
Spain,Female,33.0,0.0,2,0
Spain,Male,34.0,71379.53,1,0
Spain,Female,32.0,0.0,2,0
Spain,Female,55.0,0.0,3,1
Spain,Male,22.0,0.0,1,0
Spain,Male,38.0,0.0,1,1
Spain,Male,38.0,111525.02,1,0
Spain,Male,32.0,130483.95,1,0
Spain,Female,54.0,0.0,2,0
Spain,Female,53.0,0.0,2,0
Spain,Male,44.0,146584.19,2,0
Spain,Female,49.0,0.0,2,0
Spain,Female,41.0,89743.05,1,0
Spain,Male,29.0,0.0,2,0
Spain,Female,19.0,0.0,2,0
Spain,Male,40.0,0.0,1,1
Spain,Male,33.0,66101.89,2,0
Spain,Female,36.0,0.0,1,0
Spain,Male,34.0,0.0,2,0
Spain,Male,27.0,0.0,2,0
Spain,Male,24.0,0.0,2,0
Spain,Male,36.0,0.0,2,0
Spain,Female,43.0,0.0,2,0
Spain,Female,46.0,0.0,1,1
Spain,Male,37.0,0.0,2,0
Spain,Male,29.0,0.0,2,0
Spain,Male,62.0,0.0,2,0
Spain,Male,64.0,119413.76,1,0
Spain,Male,37.0,0.0,1,0
Spain,Male,38.0,107851.57,1,0
Spain,Male,27.0,0.0,1,0
Spain,Female,40.0,0.0,2,0
Spain,Male,40.0,0.0,2,0
Spain,Female,30.0,0.0,2,0
Spain,Male,33.0,141078.17,2,0
Spain,Male,38.0,0.0,2,0
Spain,Male,50.0,0.0,1,1
Spain,Male,42.0,133377.8,1,1
Spain,Female,43.0,0.0,2,0
Spain,Male,37.0,99811.66,1,1
Spain,Male,54.0,0.0,2,1
Spain,Female,33.0,0.0,2,0
Spain,Female,34.0,0.0,2,0
Spain,Female,41.0,0.0,1,1
Spain,Male,33.0,0.0,2,0
Spain,Female,55.0,0.0,1,0
Spain,Male,31.0,125191.69,1,0
Spain,Male,30.0,143922.84,1,0
Spain,Female,48.0,133903.12,1,0
Spain,Male,29.0,0.0,2,0
Spain,Male,32.0,0.0,2,0
Spain,Female,30.0,0.0,2,0
Spain,Female,37.0,0.0,2,0
Spain,Female,65.0,137781.65,2,1
Spain,Female,28.0,112652.08,1,0
Spain,Female,41.0,0.0,2,0
Spain,Female,43.0,0.0,2,0
Spain,Male,44.0,0.0,2,0
Spain,Female,41.0,0.0,2,0
Spain,Male,47.0,0.0,2,1
Spain,Male,23.0,143139.87,2,0
Spain,Female,40.0,0.0,2,0
Spain,Male,38.0,108891.06,1,0
Spain,Female,28.0,0.0,2,0
Spain,Female,33.0,0.0,2,0
Spain,Male,57.0,0.0,2,0
Spain,Female,33.0,0.0,2,0
Spain,Male,40.0,125961.51,2,1
Spain,Male,36.0,0.0,1,0
Spain,Male,38.0,0.0,2,0
Spain,Male,40.0,138160.0,1,0
Spain,Male,37.0,0.0,2,0
Spain,Male,25.0,0.0,1,1
Spain,Female,51.0,0.0,1,1
Spain,Male,36.0,0.0,2,0
Spain,Female,33.0,0.0,2,0
Spain,Female,38.0,0.0,2,0
Spain,Male,35.0,0.0,2,0
Spain,Male,38.0,83888.54,2,0
Spain,Male,39.0,96947.76,1,1
Spain,Male,41.0,0.0,1,0
Spain,Female,43.0,0.0,1,1
Spain,Female,33.0,0.0,2,0
Spain,Male,40.0,0.0,2,0
Spain,Female,29.0,0.0,2,0
Spain,Female,43.0,0.0,1,1
Spain,Female,39.0,0.0,2,1
Spain,Female,47.0,0.0,1,1
Spain,Female,26.0,0.0,2,0
Spain,Female,28.0,0.0,2,0
Spain,Male,71.0,0.0,2,0
Spain,Female,24.0,0.0,2,0
Spain,Male,30.0,123692.0,1,1
Spain,Female,56.0,0.0,2,0
Spain,Male,24.0,0.0,2,0
Spain,Male,66.0,0.0,2,0
Spain,Male,25.0,0.0,2,0
Spain,Female,38.0,0.0,2,0
Spain,Male,37.0,0.0,2,0
Spain,Female,46.0,63349.75,1,1
Spain,Female,30.0,83722.95,1,0
Spain,Male,40.0,65326.4,1,0
Spain,Male,35.0,0.0,2,0
Spain,Male,27.0,0.0,2,0
Spain,Female,28.0,0.0,2,0
Spain,Male,35.0,96296.78,2,0
Spain,Male,53.0,95231.91,1,0
Spain,Female,36.0,165969.26,2,0
Spain,Female,34.0,88294.6,1,0
Spain,Male,40.0,0.0,2,0
Spain,Female,27.0,0.0,2,0
Spain,Female,27.0,0.0,2,0
Spain,Female,46.0,0.0,1,1
Spain,Female,25.0,0.0,2,0
Spain,Female,64.0,0.0,1,0
Spain,Female,28.0,0.0,1,1
Spain,Male,47.0,0.0,2,0
Spain,Female,20.0,0.0,2,0
Spain,Male,38.0,75075.14,2,0
Spain,Female,31.0,0.0,2,0
Spain,Male,41.0,0.0,2,0
Spain,Male,41.0,85891.55,1,0
Spain,Female,29.0,108185.81,2,0
Spain,Female,36.0,0.0,2,0
Spain,Male,29.0,0.0,2,0
Spain,Male,37.0,0.0,2,0
Spain,Male,38.0,0.0,1,0
Spain,Male,34.0,126473.53,1,0
Spain,Male,46.0,0.0,2,0
Spain,Female,40.0,0.0,2,1
Spain,Male,46.0,107238.85,2,0
Spain,Female,32.0,0.0,2,0
Spain,Female,45.0,115462.02,1,0
Spain,Male,29.0,104077.19,2,0
Spain,Male,43.0,161601.72,1,0
Spain,Female,43.0,146193.6,1,0
Spain,Male,56.0,154669.77,1,1
Spain,Female,37.0,0.0,2,1
Spain,Female,44.0,0.0,2,1
Spain,Female,30.0,0.0,2,0
Spain,Female,39.0,0.0,1,1
Spain,Female,37.0,0.0,2,0
Spain,Male,43.0,0.0,2,0
Spain,Female,45.0,122774.55,1,1
Spain,Male,63.0,0.0,2,0
Spain,Female,46.0,106521.49,1,1
Spain,Male,41.0,98088.09,1,0
Spain,Male,32.0,0.0,2,0
Spain,Male,33.0,0.0,2,0
Spain,Female,40.0,0.0,2,0
Spain,Male,53.0,118342.26,1,1
Spain,Male,32.0,0.0,2,0
Spain,Female,38.0,0.0,2,0
Spain,Female,40.0,0.0,2,0
Spain,Male,42.0,131754.11,1,0
Spain,Female,36.0,102741.15,1,0
Spain,Female,29.0,0.0,2,0
Spain,Female,46.0,0.0,2,0
Spain,Male,28.0,110728.39,1,0
Spain,Male,46.0,0.0,2,0
Spain,Female,33.0,0.0,1,1
Spain,Male,36.0,146652.01,2,0
Spain,Male,35.0,133656.44,1,0
Spain,Female,40.0,0.0,2,0
Spain,Female,28.0,0.0,1,0
Spain,Male,56.0,83568.55,1,1
Spain,Female,33.0,118448.15,2,1
Spain,Male,39.0,131394.38,1,0
Spain,Female,57.0,0.0,2,0
Spain,Female,60.0,0.0,1,1
Spain,Male,42.0,0.0,2,0
Spain,Male,42.0,0.0,2,0
Spain,Male,40.0,103804.97,1,0
Spain,Female,24.0,111098.85,1,0
Spain,Male,34.0,0.0,1,0
Spain,Male,41.0,0.0,2,0
Spain,Female,44.0,0.0,1,1
Spain,Male,39.0,0.0,1,1
Spain,Male,20.0,173434.9,2,0
Spain,Male,47.0,0.0,1,1
Spain,Male,26.0,77927.99,1,0
Spain,Male,48.0,0.0,2,0
Spain,Male,30.0,0.0,1,0
Spain,Male,29.0,0.0,2,0
Spain,Male,25.0,0.0,2,0
Spain,Female,46.0,122549.64,1,1
Spain,Male,31.0,0.0,2,0
Spain,Male,34.0,0.0,1,0
Spain,Male,36.0,0.0,2,0
Spain,Female,45.0,0.0,2,0
Spain,Male,34.0,132836.6,1,0
Spain,Male,41.0,111565.91,1,0
Spain,Male,31.0,107818.63,3,1
Spain,Male,30.0,0.0,1,0
Spain,Male,34.0,121132.26,2,0
Spain,Male,36.0,0.0,2,0
Spain,Female,30.0,80613.93,2,0
Spain,Male,29.0,0.0,2,0
Spain,Male,32.0,161628.66,1,0
Spain,Female,32.0,0.0,1,0
Spain,Female,31.0,130170.05,1,0
Spain,Male,50.0,131669.02,1,0
Spain,Female,42.0,0.0,2,0
Spain,Male,41.0,142880.28,1,0
Spain,Female,31.0,0.0,2,0
Spain,Male,30.0,0.0,2,0
Spain,Female,28.0,0.0,2,0
Spain,Female,36.0,0.0,1,0
Spain,Male,47.0,0.0,1,0
Spain,Male,32.0,0.0,2,0
Spain,Female,39.0,134168.5,1,0
Spain,Female,45.0,0.0,2,0
Spain,Male,30.0,0.0,2,0
Spain,Male,26.0,0.0,2,0
Spain,Female,28.0,110936.54,1,0
Spain,Male,29.0,123401.58,1,0
Spain,Female,33.0,0.0,2,0
Spain,Male,44.0,166594.78,1,0
Spain,Female,37.0,0.0,2,0
Spain,Male,46.0,125927.51,1,0
Spain,Female,38.0,0.0,3,1
Spain,Female,28.0,0.0,2,0
Spain,Female,40.0,0.0,2,1
Spain,Female,32.0,144880.34,1,0
Spain,Female,30.0,134152.29,1,0
Spain,Male,35.0,122265.24,1,0
Spain,Male,35.0,0.0,2,0
Spain,Male,48.0,0.0,2,0
Spain,Male,32.0,101198.17,2,0
Spain,Male,34.0,0.0,2,0
Spain,Male,36.0,0.0,1,0
Spain,Female,46.0,127660.46,1,0
Spain,Female,31.0,128486.11,1,0
Spain,Male,37.0,0.0,2,0
Spain,Female,52.0,115451.05,1,1
Spain,Female,29.0,141099.43,1,0
Spain,Male,41.0,0.0,2,1
Spain,Male,42.0,0.0,2,0
Spain,Female,36.0,0.0,2,0
Spain,Female,53.0,0.0,2,0
Spain,Female,31.0,139443.61,1,0
Spain,Male,43.0,0.0,1,1
Spain,Female,35.0,0.0,2,0
Spain,Male,30.0,0.0,2,0
Spain,Male,32.0,76087.98,2,0
Spain,Male,30.0,121355.34,1,0
Spain,Female,31.0,186796.37,1,0
Spain,Male,28.0,0.0,1,1
Spain,Male,34.0,0.0,2,0
Spain,Male,44.0,0.0,2,0
Spain,Female,35.0,0.0,2,1
Spain,Female,22.0,0.0,3,0
Spain,Male,52.0,0.0,2,0
Spain,Male,41.0,0.0,1,0
Spain,Female,29.0,0.0,2,0
Spain,Male,28.0,96381.68,2,0
Spain,Female,34.0,145080.53,1,0
Spain,Male,28.0,99162.55,2,0
Spain,Female,39.0,0.0,2,0
Spain,Male,40.0,0.0,1,0
Spain,Female,41.0,128306.96,1,0
Spain,Female,34.0,119413.77,1,0
Spain,Female,49.0,0.0,2,0
Spain,Female,29.0,0.0,2,0
Spain,Female,56.0,0.0,1,1
Spain,Female,41.0,125268.03,1,0
Spain,Male,55.0,116969.35,1,1
Spain,Male,39.0,0.0,2,0
Spain,Male,31.0,0.0,2,0
Spain,Male,35.0,0.0,2,0
Spain,Female,40.0,0.0,2,0
Spain,Female,38.0,0.0,2,0
Spain,Female,37.0,175534.78,2,0
Spain,Female,50.0,0.0,1,0
Spain,Male,28.0,68639.57,1,0
Spain,Male,39.0,0.0,1,0
Spain,Male,35.0,0.0,2,0
Spain,Male,43.0,0.0,2,0
Spain,Male,29.0,130274.26,2,0
Spain,Male,54.0,0.0,2,0
Spain,Male,34.0,121092.53,1,0
Spain,Female,30.0,0.0,2,0
Spain,Male,33.0,0.0,2,0
Spain,Male,51.0,0.0,1,1
Spain,Female,29.0,0.0,2,0
Spain,Female,48.0,75075.31,1,1
Spain,Female,32.0,117549.6,1,0
Spain,Male,34.0,105588.66,1,0
Spain,Male,46.0,0.0,2,0
Spain,Female,33.0,0.0,2,0
Spain,Male,41.0,76915.84,1,0
Spain,Male,37.0,100654.8,1,0
Spain,Female,37.0,95900.04,1,0
Spain,Male,39.0,0.0,1,0
Spain,Male,34.0,0.0,1,0
Spain,Male,45.0,0.0,3,1
Spain,Male,33.0,0.0,2,0
Spain,Female,33.0,0.0,2,0
Spain,Female,29.0,0.0,2,0
Spain,Male,38.0,105352.58,1,0
Spain,Male,48.0,190227.46,1,1
Spain,Female,66.0,0.0,2,0
Spain,Male,32.0,0.0,2,0
Spain,Male,54.0,119852.01,1,1
Spain,Female,43.0,134919.85,1,1
Spain,Male,29.0,119889.84,1,0
Spain,Female,45.0,131355.3,1,0
Spain,Female,29.0,0.0,2,0
Spain,Male,35.0,95452.86,1,0
Spain,Male,54.0,172231.93,1,0
Spain,Male,54.0,81811.71,1,1
Spain,Male,35.0,148045.45,1,0
Spain,Male,43.0,0.0,1,0
Spain,Male,30.0,0.0,1,0
Spain,Male,38.0,0.0,2,0
Spain,Male,40.0,0.0,2,0
Spain,Male,41.0,142644.64,1,0
Spain,Male,38.0,0.0,2,0
Spain,Female,33.0,99339.0,2,0
Spain,Female,36.0,0.0,2,0
Spain,Male,35.0,0.0,1,0
Spain,Female,30.0,150635.3,2,0
Spain,Female,30.0,122924.75,1,1
Spain,Male,35.0,97560.16,1,1
Spain,Female,46.0,0.0,1,1
Spain,Male,41.0,0.0,2,0
Spain,Female,25.0,0.0,2,0
Spain,Female,50.0,121394.42,1,1
Spain,Female,37.0,0.0,2,0
Spain,Male,33.0,0.0,2,0
Spain,Male,32.0,0.0,1,0
Spain,Male,58.0,0.0,2,0
Spain,Male,62.0,113599.22,1,1
Spain,Female,81.0,0.0,1,1
Spain,Male,33.0,0.0,2,0
Spain,Female,37.0,0.0,1,0
Spain,Male,33.0,0.0,2,0
Spain,Male,33.0,0.0,2,0
Spain,Female,34.0,0.0,2,0
Spain,Male,46.0,0.0,1,0
Spain,Female,43.0,0.0,1,1
Spain,Female,31.0,0.0,2,0
Spain,Female,38.0,0.0,1,1
Spain,Female,28.0,61274.7,2,0
Spain,Male,36.0,128524.51,1,0
Spain,Male,50.0,0.0,2,0
Spain,Female,40.0,107576.23,1,1
Spain,Male,38.0,0.0,2,0
Spain,Male,33.0,0.0,2,0
Spain,Male,32.0,0.0,2,0
Spain,Female,36.0,0.0,2,0
Spain,Male,25.0,0.0,2,0
Spain,Male,59.0,0.0,1,1
Spain,Male,66.0,0.0,2,0
Spain,Male,44.0,0.0,1,1
Spain,Male,30.0,0.0,2,0
Spain,Male,35.0,0.0,1,0
Spain,Male,39.0,0.0,2,0
Spain,Male,37.0,0.0,2,0
Spain,Male,45.0,0.0,1,1
Spain,Female,31.0,0.0,2,0
Spain,Male,35.0,112940.04,2,0
Spain,Male,37.0,136487.86,1,1
Spain,Male,41.0,0.0,1,0
Spain,Male,43.0,135650.88,1,1
Spain,Male,47.0,0.0,1,1
Spain,Male,35.0,0.0,2,0
Spain,Female,62.0,0.0,2,0
Spain,Male,33.0,0.0,2,0
Spain,Male,34.0,151839.26,2,0
Spain,Male,30.0,0.0,2,0
Spain,Female,37.0,0.0,2,0
Spain,Female,40.0,0.0,1,1
Spain,Male,28.0,129938.07,1,0
Spain,Female,44.0,117302.62,1,1
Spain,Male,47.0,0.0,2,0
Spain,Male,66.0,0.0,2,0
Spain,Male,27.0,0.0,2,0
Spain,Female,29.0,0.0,1,1
Spain,Male,61.0,0.0,1,1
Spain,Male,56.0,68213.99,1,1
Spain,Male,43.0,0.0,2,0
Spain,Male,34.0,0.0,2,0
Spain,Female,52.0,141642.92,2,1
Spain,Female,38.0,0.0,2,0
Spain,Male,28.0,0.0,2,0
Spain,Female,44.0,0.0,1,0
Spain,Female,56.0,174506.1,2,0
Spain,Male,37.0,0.0,1,0
Spain,Female,35.0,0.0,1,0
Spain,Male,37.0,88141.1,2,0
Spain,Male,34.0,155877.9,1,0
Spain,Male,49.0,127731.35,1,1
Spain,Male,39.0,130969.77,1,1
Spain,Female,44.0,142663.46,1,1
Spain,Male,30.0,136622.74,1,0
Spain,Female,38.0,128366.44,1,0
Spain,Female,41.0,0.0,1,1
Spain,Female,25.0,133707.09,1,0
Spain,Female,59.0,0.0,2,0
Spain,Male,37.0,0.0,2,0
Spain,Female,54.0,0.0,1,1
Spain,Male,29.0,0.0,2,0
Spain,Male,42.0,0.0,2,0
Spain,Male,38.0,0.0,2,0
Spain,Male,37.0,0.0,2,0
Spain,Male,40.0,0.0,2,0
Spain,Female,56.0,174506.1,2,0
Spain,Female,37.0,112609.67,1,0
Spain,Male,35.0,0.0,1,0
Spain,Male,45.0,0.0,2,0
Spain,Male,29.0,107876.1,1,0
Spain,Female,35.0,142318.74,1,1
Spain,Male,39.0,0.0,1,0
Spain,Female,31.0,91292.7,1,0
Spain,Female,35.0,0.0,2,0
Spain,Female,38.0,153313.77,1,0
Spain,Female,20.0,0.0,2,0
Spain,Male,34.0,0.0,2,0
Spain,Female,47.0,0.0,1,0
Spain,Male,39.0,0.0,1,0
Spain,Male,35.0,0.0,3,1
Spain,Female,45.0,0.0,1,0
Spain,Female,33.0,0.0,2,0
Spain,Male,30.0,0.0,2,0
Spain,Male,44.0,145751.03,1,0
Spain,Male,36.0,0.0,1,0
Spain,Male,32.0,96997.33,2,0
Spain,Female,31.0,112291.34,1,0
Spain,Male,37.0,169902.92,1,1
Spain,Female,37.0,0.0,2,0
Spain,Male,60.0,0.0,1,1
Spain,Male,43.0,126436.29,1,0
Spain,Female,31.0,0.0,2,0
Spain,Male,42.0,132467.97,1,1
Spain,Female,34.0,0.0,2,0
Spain,Male,34.0,124023.29,1,0
Spain,Female,32.0,69423.52,1,0
Spain,Female,58.0,0.0,2,0
Spain,Male,67.0,0.0,2,0
Spain,Female,43.0,0.0,1,1
Spain,Male,46.0,80780.24,1,0
Spain,Male,31.0,0.0,2,0
Spain,Male,38.0,147687.24,1,0
Spain,Male,43.0,0.0,2,0
Spain,Female,43.0,128743.55,1,1
Spain,Male,40.0,0.0,2,0
Spain,Female,48.0,0.0,2,0
Spain,Female,30.0,0.0,2,0
Spain,Male,29.0,0.0,2,0
Spain,Female,36.0,0.0,2,0
Spain,Male,34.0,0.0,1,0
Spain,Female,29.0,0.0,2,0
Spain,Male,27.0,0.0,2,0
Spain,Female,46.0,0.0,2,0
Spain,Male,60.0,0.0,1,0
Spain,Male,32.0,0.0,2,0
Spain,Female,35.0,131283.11,1,0
Spain,Male,67.0,0.0,2,0
Spain,Female,31.0,0.0,2,0
Spain,Male,31.0,183744.98,1,0
Spain,Female,23.0,0.0,1,0
Spain,Female,44.0,0.0,1,0
Spain,Male,31.0,152283.39,2,0
Spain,Male,41.0,129897.53,1,0
Spain,Female,35.0,0.0,1,0
Spain,Female,33.0,0.0,2,0
Spain,Female,28.0,0.0,2,0
Spain,Female,36.0,0.0,1,0
Spain,Female,34.0,0.0,2,0
Spain,Female,33.0,0.0,2,0
Spain,Female,42.0,0.0,2,0
Spain,Male,60.0,92566.53,3,1
Spain,Male,35.0,0.0,2,0
Spain,Female,36.0,0.0,1,0
Spain,Male,38.0,0.0,1,1
Spain,Male,39.0,0.0,2,0
Spain,Female,37.0,0.0,2,0
Spain,Female,43.0,65971.61,2,0
Spain,Female,50.0,0.0,2,0
Spain,Male,56.0,98488.08,1,0
Spain,Female,27.0,0.0,2,0
Spain,Male,31.0,0.0,2,0
Spain,Male,30.0,0.0,1,0
Spain,Female,22.0,146329.57,1,0
Spain,Male,25.0,0.0,1,0
Spain,Female,43.0,0.0,2,0
Spain,Male,42.0,0.0,2,0
Spain,Female,33.0,0.0,2,0
Spain,Female,25.0,0.0,2,0
Spain,Female,42.0,0.0,2,0
Spain,Male,40.0,0.0,2,0
Spain,Female,57.0,88294.6,2,1
Spain,Female,27.0,0.0,2,0
Spain,Male,36.0,110765.68,1,0
Spain,Male,37.0,0.0,1,0
Spain,Female,35.0,117280.23,1,0
Spain,Male,38.0,0.0,2,0
Spain,Male,34.0,0.0,2,0
Spain,Male,42.0,119658.49,2,0
Spain,Male,42.0,139979.07,1,0
Spain,Male,40.0,116393.67,1,0
Spain,Female,45.0,124619.33,2,0
Spain,Male,34.0,0.0,2,0
Spain,Male,46.0,0.0,2,1
Spain,Female,29.0,0.0,2,0
Spain,Female,27.0,152522.47,1,0
Spain,Female,40.0,84437.97,1,0
Spain,Male,30.0,84474.62,2,0
Spain,Male,37.0,109563.63,2,0
Spain,Male,39.0,132628.98,1,1
Spain,Female,37.0,0.0,2,0
Spain,Female,53.0,0.0,2,0
Spain,Female,22.0,0.0,1,0
Spain,Female,38.0,151637.82,1,0
Spain,Male,42.0,0.0,2,0
Spain,Female,36.0,108905.85,1,0
Spain,Male,50.0,0.0,1,0
Spain,Male,50.0,0.0,2,0
Spain,Male,39.0,150956.71,1,0
Spain,Male,40.0,88293.13,1,0
Spain,Male,45.0,0.0,1,0
Spain,Male,39.0,0.0,2,0
Spain,Male,49.0,0.0,1,1
Spain,Female,29.0,0.0,2,0
Spain,Female,45.0,0.0,2,0
Spain,Male,24.0,101827.57,1,0
Spain,Male,37.0,0.0,2,0
Spain,Male,34.0,0.0,2,0
Spain,Male,45.0,0.0,2,0
Spain,Female,43.0,0.0,2,0
Spain,Male,38.0,0.0,2,0
Spain,Male,36.0,0.0,2,0
Spain,Male,30.0,80764.33,1,0
Spain,Female,34.0,0.0,2,0
Spain,Male,28.0,0.0,2,0
Spain,Male,41.0,152685.4,1,0
Spain,Male,40.0,0.0,1,0
Spain,Female,33.0,0.0,2,0
Spain,Male,37.0,0.0,2,0
Spain,Female,39.0,113488.7,2,1
Spain,Female,23.0,0.0,1,0
Spain,Male,40.0,0.0,2,0
Spain,Female,40.0,0.0,2,0
Spain,Male,37.0,0.0,2,0
Spain,Male,47.0,91536.93,1,0
Spain,Male,26.0,109472.81,2,0
Spain,Female,38.0,117206.3,1,0
Spain,Male,58.0,0.0,1,0
Spain,Female,49.0,141434.04,1,0
Spain,Male,33.0,0.0,2,0
Spain,Female,63.0,0.0,2,1
Spain,Male,44.0,133550.01,1,0
Spain,Male,32.0,0.0,2,0
Spain,Female,29.0,141784.02,2,0
Spain,Female,52.0,138106.75,1,1
Spain,Female,39.0,94435.45,1,0
Spain,Female,31.0,0.0,1,1
Spain,Male,30.0,103845.01,1,0
Spain,Male,38.0,0.0,2,0
Spain,Female,36.0,79475.3,3,1
Spain,Female,44.0,178058.06,2,1
Spain,Female,39.0,182065.85,1,0
Spain,Female,56.0,0.0,1,1
Spain,Male,33.0,0.0,2,0
Spain,Female,27.0,135889.13,1,0
Spain,Male,39.0,0.0,2,0
Spain,Male,24.0,121151.37,2,0
Spain,Male,22.0,121681.82,1,0
Spain,Male,36.0,0.0,2,0
Spain,Male,36.0,0.0,2,0
Spain,Female,40.0,88915.84,1,1
Spain,Female,24.0,0.0,2,0
Spain,Male,35.0,0.0,1,0
Spain,Female,59.0,0.0,1,1
Spain,Female,64.0,0.0,1,1
Spain,Female,31.0,86006.3,1,0
Spain,Female,33.0,70416.75,1,0
Spain,Female,45.0,0.0,2,0
Spain,Female,45.0,124620.01,2,0
Spain,Female,34.0,81742.72,1,0
Spain,Female,38.0,122726.6,2,0
Spain,Male,38.0,0.0,1,1
Spain,Male,39.0,0.0,2,0
Spain,Male,40.0,0.0,2,0
Spain,Female,34.0,0.0,2,0
Spain,Male,27.0,0.0,2,0
Spain,Male,39.0,118989.83,1,0
Spain,Male,44.0,0.0,2,0
Spain,Male,35.0,0.0,2,0
Spain,Male,35.0,0.0,2,0
Spain,Male,71.0,0.0,2,0
Spain,Male,41.0,0.0,2,0
Spain,Male,30.0,0.0,2,0
Spain,Male,56.0,0.0,1,1
Spain,Female,42.0,0.0,2,0
Spain,Female,32.0,0.0,2,0
Spain,Female,34.0,0.0,1,0
Spain,Male,38.0,0.0,2,0
Spain,Male,34.0,0.0,2,0
Spain,Male,34.0,107949.72,1,0
Spain,Male,33.0,113316.56,1,0
Spain,Male,44.0,0.0,2,1
Spain,Male,42.0,0.0,2,0
Spain,Male,39.0,0.0,3,1
Spain,Male,44.0,0.0,2,0
Spain,Female,35.0,0.0,2,0
Spain,Male,33.0,122570.07,1,0
Spain,Female,22.0,0.0,2,0
Spain,Male,22.0,0.0,2,0
Spain,Male,37.0,0.0,1,0
Spain,Male,29.0,122314.5,2,0
Spain,Male,36.0,0.0,2,0
Spain,Male,43.0,137843.8,1,1
Spain,Female,57.0,123536.52,2,0
Spain,Female,50.0,0.0,1,0
Spain,Male,35.0,121092.47,2,1
Spain,Female,27.0,121824.11,1,0
Spain,Female,32.0,0.0,2,0
Spain,Male,50.0,138778.15,1,0
Spain,Male,28.0,0.0,2,0
Spain,Male,41.0,0.0,2,0
Spain,Male,53.0,95826.49,1,1
Spain,Male,40.0,0.0,2,0
Spain,Female,33.0,0.0,2,0
Spain,Female,34.0,107980.37,1,0
Spain,Male,38.0,0.0,1,0
Spain,Female,24.0,0.0,2,0
Spain,Female,36.0,0.0,2,0
Spain,Female,36.0,0.0,1,0
Spain,Male,29.0,0.0,1,0
Spain,Female,40.0,0.0,2,0
Spain,Male,18.0,0.0,2,0
Spain,Male,46.0,122964.88,1,1
Spain,Male,37.0,0.0,2,0
Spain,Female,22.0,0.0,2,0
Spain,Male,36.0,0.0,2,0
Spain,Male,40.0,0.0,2,0
Spain,Female,50.0,0.0,3,1
Spain,Male,35.0,102286.6,1,0
Spain,Male,34.0,125534.85,1,0
Spain,Male,42.0,0.0,2,0
Spain,Male,38.0,0.0,1,0
Spain,Female,28.0,168253.21,1,0
Spain,Female,41.0,0.0,2,0
Spain,Female,42.0,0.0,2,0
Spain,Male,35.0,0.0,2,0
Spain,Female,37.0,0.0,2,0
Spain,Male,66.0,129848.61,1,0
Spain,Male,45.0,129964.13,1,0
Spain,Female,30.0,0.0,2,0
Spain,Male,36.0,0.0,2,0
Spain,Male,41.0,0.0,1,0
Spain,Male,37.0,0.0,2,0
Spain,Female,28.0,0.0,2,0
Spain,Male,44.0,0.0,2,0
Spain,Female,51.0,0.0,3,1
Spain,Female,53.0,0.0,2,1
Spain,Male,43.0,0.0,1,0
Spain,Male,28.0,0.0,2,0
Spain,Female,42.0,95386.82,2,0
Spain,Female,41.0,0.0,2,0
Spain,Male,38.0,175735.5,1,0
Spain,Female,27.0,115625.07,2,0
Spain,Male,42.0,0.0,3,1
Spain,Male,49.0,100160.75,1,1
Spain,Female,33.0,0.0,1,0
Spain,Male,53.0,0.0,1,1
Spain,Male,40.0,0.0,2,0
Spain,Male,26.0,0.0,2,0
Spain,Male,36.0,0.0,2,0
Spain,Male,38.0,0.0,2,0
Spain,Male,32.0,0.0,2,0
Spain,Female,37.0,0.0,1,1
Spain,Female,35.0,0.0,2,0
Spain,Male,28.0,0.0,2,0
Spain,Female,37.0,0.0,2,0
Spain,Male,34.0,131747.51,1,0
Spain,Female,32.0,187997.15,1,0
Spain,Male,44.0,0.0,2,0
Spain,Female,38.0,0.0,2,0
Spain,Male,39.0,0.0,2,0
Spain,Male,49.0,0.0,2,0
Spain,Male,30.0,0.0,2,0
Spain,Female,52.0,0.0,1,1
Spain,Male,47.0,0.0,1,0
Spain,Male,26.0,141726.88,1,0
Spain,Female,42.0,0.0,1,0
Spain,Female,24.0,0.0,2,0
Spain,Female,38.0,0.0,2,0
Spain,Male,33.0,0.0,2,0
Spain,Female,35.0,0.0,1,1
Spain,Male,44.0,0.0,1,0
Spain,Female,27.0,93556.4,1,0
Spain,Female,31.0,0.0,2,0
Spain,Male,64.0,0.0,2,0
Spain,Male,40.0,0.0,2,0
Spain,Female,34.0,0.0,1,0
Spain,Male,33.0,0.0,2,0
Spain,Female,33.0,111063.73,1,0
Spain,Female,45.0,0.0,1,1
Spain,Male,42.0,0.0,2,0
Spain,Male,27.0,132576.25,1,0
Spain,Male,28.0,0.0,2,0
Spain,Male,40.0,143390.72,1,0
Spain,Male,35.0,171653.17,1,1
Spain,Male,43.0,0.0,2,0
Spain,Male,52.0,96893.22,1,0
Spain,Female,31.0,0.0,2,0
Spain,Female,40.0,0.0,2,0
Spain,Female,40.0,0.0,2,0
Spain,Female,32.0,144853.74,1,0
Spain,Male,30.0,0.0,2,0
Spain,Female,38.0,0.0,3,1
Spain,Female,55.0,125537.72,1,0
Spain,Male,31.0,0.0,1,0
Spain,Male,50.0,163085.79,1,0
Spain,Male,29.0,141078.37,1,0
Spain,Male,41.0,0.0,2,0
Spain,Male,32.0,0.0,1,0
Spain,Male,29.0,139986.65,1,0
Spain,Male,42.0,90212.0,3,1
Spain,Male,32.0,0.0,2,0
Spain,Male,27.0,0.0,2,0
Spain,Female,45.0,0.0,1,1
Spain,Female,53.0,137794.18,1,1
Spain,Female,31.0,102289.85,1,0
Spain,Male,37.0,0.0,2,0
Spain,Male,27.0,101352.78,1,0
Spain,Female,40.0,120135.55,1,1
Spain,Male,25.0,0.0,2,0
Spain,Male,38.0,0.0,2,0
Spain,Male,66.0,0.0,2,0
Spain,Male,46.0,0.0,1,0
Spain,Female,37.0,0.0,1,0
Spain,Male,32.0,0.0,2,0
Spain,Male,29.0,0.0,3,0
Spain,Male,55.0,0.0,1,1
Spain,Male,35.0,141581.04,1,0
Spain,Male,29.0,0.0,2,0
Spain,Male,45.0,0.0,1,1
Spain,Male,32.0,0.0,1,0
Spain,Male,30.0,0.0,1,0
Spain,Female,29.0,0.0,2,0
Spain,Male,36.0,0.0,2,0
Spain,Male,37.0,0.0,1,0
Spain,Male,34.0,0.0,2,0
Spain,Female,55.0,0.0,1,1
Spain,Male,51.0,0.0,1,1
Spain,Female,34.0,0.0,2,0
Spain,Female,30.0,0.0,2,0
Spain,Female,24.0,0.0,2,0
Spain,Male,47.0,0.0,1,0
Spain,Female,49.0,63349.75,3,1
Spain,Male,43.0,0.0,2,0
Spain,Female,19.0,0.0,1,0
Spain,Male,33.0,0.0,2,0
Spain,Female,34.0,109663.47,1,0
Spain,Female,41.0,0.0,1,1
Spain,Female,27.0,0.0,2,0
Spain,Female,24.0,135555.8,3,1
Spain,Male,31.0,0.0,2,0
Spain,Female,36.0,0.0,2,0
Spain,Female,32.0,0.0,2,0
Spain,Male,33.0,0.0,2,0
Spain,Female,40.0,0.0,2,0
Spain,Male,32.0,141827.33,1,0
Spain,Male,37.0,0.0,1,1
Spain,Male,42.0,0.0,2,1
Spain,Male,39.0,0.0,1,0
Spain,Male,29.0,93833.86,1,0
Spain,Male,30.0,0.0,2,0
Spain,Male,56.0,0.0,1,1
Spain,Male,38.0,0.0,2,0
Spain,Female,35.0,0.0,1,1
Spain,Male,42.0,0.0,1,0
Spain,Male,43.0,0.0,2,0
Spain,Female,40.0,129755.99,2,1
Spain,Female,49.0,0.0,2,0
Spain,Female,33.0,0.0,2,0
Spain,Male,37.0,0.0,1,0
Spain,Female,33.0,0.0,2,0
Spain,Male,30.0,0.0,3,0
Spain,Female,30.0,166930.76,1,0
Spain,Female,34.0,0.0,2,0
Spain,Male,32.0,0.0,2,0
Spain,Male,28.0,0.0,2,0
Spain,Male,39.0,100895.54,2,0
Spain,Male,44.0,0.0,2,0
Spain,Male,42.0,0.0,1,1
Spain,Female,22.0,0.0,1,0
Spain,Female,35.0,114510.57,1,0
Spain,Female,41.0,0.0,2,0
Spain,Female,39.0,0.0,2,0
Spain,Female,46.0,0.0,2,0
Spain,Female,37.0,0.0,2,0
Spain,Female,44.0,0.0,2,0
Spain,Male,35.0,156815.71,1,0
Spain,Male,32.0,81951.74,1,0
Spain,Female,41.0,124577.33,1,0
Spain,Female,39.0,0.0,2,0
Spain,Female,38.0,148061.89,1,0
Spain,Female,36.0,132412.38,1,0
Spain,Male,35.0,0.0,2,0
Spain,Male,40.0,76769.13,1,0
Spain,Male,45.0,142721.52,1,0
Spain,Female,45.0,176666.62,1,1
Spain,Female,52.0,0.0,2,0
Spain,Male,33.0,0.0,2,0
Spain,Male,46.0,168735.74,2,1
Spain,Female,49.0,0.0,1,0
Spain,Male,42.0,108019.27,1,0
Spain,Female,35.0,0.0,2,0
Spain,Female,41.0,0.0,2,0
Spain,Female,34.0,0.0,2,0
Spain,Male,30.0,0.0,2,0
Spain,Female,63.0,61319.87,1,0
Spain,Female,37.0,85146.36,2,0
Spain,Female,30.0,111063.35,1,0
Spain,Female,31.0,128061.0,2,0
Spain,Male,31.0,0.0,2,0
Spain,Male,38.0,145553.07,1,0
Spain,Male,32.0,0.0,2,0
Spain,Male,41.0,0.0,2,0
Spain,Female,31.0,121863.61,1,0
Spain,Male,33.0,0.0,1,0
Spain,Male,39.0,132835.9,1,0
Spain,Female,47.0,121260.19,4,1
Spain,Male,37.0,114493.68,1,0
Spain,Male,37.0,0.0,2,0
Spain,Female,32.0,147511.26,2,0
Spain,Female,57.0,0.0,2,0
Spain,Male,32.0,81760.3,1,0
Spain,Male,44.0,0.0,2,0
Spain,Female,38.0,0.0,2,0
Spain,Female,33.0,0.0,1,1
Spain,Male,53.0,121056.63,1,0
Spain,Female,33.0,164701.68,1,0
Spain,Male,34.0,0.0,2,0
Spain,Male,36.0,0.0,2,0
Spain,Male,39.0,0.0,2,0
Spain,Female,38.0,131365.37,1,0
Spain,Male,50.0,0.0,1,1
Spain,Male,27.0,108477.14,1,0
Spain,Female,40.0,113978.58,1,0
Spain,Female,54.0,0.0,1,1
Spain,Male,24.0,0.0,1,0
Spain,Male,42.0,0.0,2,0
Spain,Female,34.0,117810.79,1,0
Spain,Male,22.0,0.0,1,0
Spain,Female,37.0,121404.64,1,0
Spain,Male,33.0,0.0,2,0
Spain,Male,38.0,0.0,2,0
Spain,Female,38.0,0.0,2,0
Spain,Male,42.0,0.0,2,0
Spain,Female,57.0,0.0,1,1
Spain,Male,34.0,0.0,2,0
Spain,Female,34.0,0.0,1,0
Spain,Male,33.0,0.0,2,0
Spain,Female,47.0,0.0,2,0
Spain,Female,35.0,0.0,2,0
Spain,Male,33.0,0.0,2,0
Spain,Male,20.0,0.0,2,0
Spain,Female,39.0,0.0,2,0
Spain,Male,33.0,144900.97,1,0
Spain,Female,20.0,109570.34,1,0
Spain,Male,29.0,135962.0,1,0
Spain,Female,35.0,181627.14,2,0
Spain,Male,37.0,0.0,2,0
Spain,Male,39.0,0.0,1,0
Spain,Male,39.0,0.0,2,0
Spain,Female,35.0,152303.66,1,0
Spain,Female,35.0,0.0,2,0
Spain,Female,39.0,0.0,2,0
Spain,Male,40.0,0.0,1,0
Spain,Male,28.0,0.0,1,0
Spain,Male,46.0,96951.21,1,0
Spain,Male,43.0,0.0,2,0
Spain,Female,41.0,0.0,2,0
Spain,Male,37.0,0.0,2,0
Spain,Female,36.0,145731.62,1,0
Spain,Male,38.0,0.0,2,0
Spain,Male,37.0,113657.85,1,0
Spain,Female,25.0,0.0,2,0
Spain,Female,36.0,0.0,2,0
Spain,Male,32.0,96147.55,2,0
Spain,Female,38.0,0.0,2,0
Spain,Male,40.0,0.0,2,0
Spain,Male,42.0,148667.81,1,1
Spain,Female,22.0,114440.24,1,1
Spain,Male,40.0,102541.1,1,0
Spain,Female,35.0,0.0,1,1
Spain,Male,26.0,111687.57,1,1
Spain,Female,42.0,0.0,2,1
Spain,Male,47.0,102050.47,1,0
Spain,Male,32.0,0.0,2,0
Spain,Male,31.0,129853.6,1,0
Spain,Female,22.0,0.0,2,0
Spain,Male,39.0,0.0,2,0
Spain,Male,30.0,0.0,2,1
Spain,Male,33.0,0.0,2,0
Spain,Female,52.0,185966.64,1,1
Spain,Female,45.0,0.0,2,0
Spain,Female,45.0,0.0,1,1
Spain,Female,31.0,90826.27,2,0
Spain,Female,30.0,0.0,2,0
Spain,Female,31.0,141675.65,1,0
Spain,Male,25.0,0.0,1,1
Spain,Female,22.0,0.0,2,0
Spain,Male,57.0,0.0,2,0
Spain,Male,54.0,0.0,1,1
Spain,Male,61.0,109027.09,1,0
Spain,Female,35.0,0.0,2,0
Spain,Female,32.0,0.0,2,0
Spain,Female,37.0,135847.47,1,0
Spain,Female,28.0,0.0,1,0
Spain,Male,44.0,134467.26,1,0
Spain,Female,31.0,150923.97,1,0
Spain,Female,41.0,0.0,2,0
Spain,Female,35.0,0.0,2,0
Spain,Male,32.0,0.0,1,0
Spain,Male,42.0,0.0,2,0
Spain,Female,42.0,0.0,2,0
Spain,Male,34.0,122949.45,1,0
Spain,Male,35.0,0.0,2,0
Spain,Female,59.0,150186.22,1,1
Spain,Male,46.0,0.0,1,0
Spain,Female,38.0,0.0,2,0
Spain,Male,31.0,0.0,1,0
Spain,Male,34.0,145843.67,1,0
Spain,Male,33.0,98800.0,1,0
Spain,Male,34.0,0.0,2,0
Spain,Male,28.0,0.0,2,0
Spain,Female,35.0,0.0,1,0
Spain,Female,32.0,0.0,2,0
Spain,Male,49.0,66582.81,1,0
Spain,Female,41.0,66220.17,4,1
Spain,Female,39.0,134168.5,2,0
Spain,Female,32.0,0.0,2,0
Spain,Female,28.0,89158.94,1,1
Spain,Male,35.0,124857.69,1,0
Spain,Male,29.0,0.0,2,0
Spain,Female,32.0,0.0,1,0
Spain,Male,34.0,0.0,2,0
Spain,Male,44.0,0.0,3,1
Spain,Male,51.0,129055.13,1,0
Spain,Male,33.0,0.0,2,0
Spain,Female,26.0,0.0,2,0
Spain,Female,47.0,80927.56,1,1
Spain,Female,38.0,116968.97,1,0
Spain,Male,31.0,0.0,2,0
Spain,Male,32.0,0.0,2,0
Spain,Male,55.0,0.0,2,0
Spain,Male,37.0,0.0,2,0
Spain,Male,39.0,121907.97,1,0
Spain,Male,49.0,117438.43,1,0
Spain,Male,45.0,164450.94,2,0
Spain,Male,32.0,0.0,2,0
Spain,Female,43.0,119492.88,1,0
Spain,Female,25.0,0.0,2,0
Spain,Female,47.0,125437.51,1,0
Spain,Female,36.0,116338.68,1,0
Spain,Female,40.0,0.0,2,0
Spain,Male,33.0,149594.02,2,0
Spain,Male,37.0,0.0,2,0
Spain,Male,50.0,3768.69,2,0
Spain,Female,32.0,0.0,1,0
Spain,Female,29.0,0.0,2,0
Spain,Male,25.0,0.0,2,0
Spain,Male,29.0,0.0,2,0
Spain,Female,35.0,100606.02,1,0
Spain,Female,46.0,0.0,1,1
Spain,Male,39.0,0.0,1,1
Spain,Male,38.0,89799.28,1,0
Spain,Female,36.0,0.0,2,0
Spain,Male,35.0,112808.18,1,0
Spain,Female,39.0,152685.4,1,0
Spain,Male,35.0,106957.28,1,0
Spain,Female,46.0,0.0,1,1
Spain,Female,33.0,0.0,2,0
Spain,Female,41.0,91297.81,1,1
Spain,Male,28.0,106089.3,1,0
Spain,Male,34.0,0.0,2,0
Spain,Male,31.0,0.0,2,0
Spain,Male,33.0,0.0,2,0
Spain,Male,64.0,161607.32,1,0
Spain,Female,28.0,0.0,2,0
Spain,Male,27.0,0.0,2,0
Spain,Female,33.0,0.0,2,0
Spain,Male,40.0,0.0,1,1
Spain,Female,35.0,0.0,2,0
Spain,Male,39.0,0.0,1,0
Spain,Male,32.0,0.0,2,0
Spain,Male,26.0,97720.35,1,0
Spain,Male,38.0,0.0,1,0
Spain,Male,71.0,0.0,2,0
Spain,Male,32.0,113978.22,1,0
Spain,Male,47.0,0.0,2,0
Spain,Male,35.0,108269.2,2,0
Spain,Female,39.0,135483.17,1,1
Spain,Female,35.0,128415.45,1,0
Spain,Male,39.0,122552.33,1,0
Spain,Male,46.0,0.0,2,0
Spain,Female,37.0,146798.81,1,0
Spain,Male,38.0,0.0,2,0
Spain,Male,67.0,151691.44,1,1
Spain,Male,30.0,0.0,2,0
Spain,Female,30.0,0.0,2,0
Spain,Female,32.0,0.0,1,0
Spain,Male,45.0,97382.6,1,0
Spain,Male,31.0,105603.76,1,0
Spain,Male,38.0,164496.99,1,0
Spain,Female,56.0,143988.0,1,1
Spain,Female,49.0,94684.27,1,1
Spain,Male,48.0,127771.3,1,0
Spain,Female,43.0,0.0,1,1
Spain,Male,36.0,0.0,2,0
Spain,Female,51.0,110610.41,2,0
Spain,Female,31.0,0.0,1,0
Spain,Male,22.0,72945.29,1,1
Spain,Female,31.0,0.0,2,0
Spain,Male,38.0,93608.28,1,0
Spain,Female,25.0,0.0,2,0
Spain,Female,64.0,0.0,1,1
Spain,Female,53.0,169025.83,1,1
Spain,Female,59.0,0.0,1,0
Spain,Female,59.0,0.0,1,0
Spain,Male,38.0,141078.37,1,0
Spain,Male,37.0,0.0,2,0
Spain,Female,33.0,0.0,1,0
Spain,Male,38.0,0.0,1,0
Spain,Male,54.0,77526.66,3,1
Spain,Male,53.0,69434.4,1,0
Spain,Male,42.0,0.0,2,0
Spain,Male,45.0,0.0,2,0
Spain,Female,34.0,0.0,2,0
Spain,Male,42.0,0.0,1,0
Spain,Male,33.0,128940.24,1,0
Spain,Male,24.0,141078.57,1,0
Spain,Female,46.0,0.0,2,0
Spain,Female,29.0,0.0,2,0
Spain,Female,26.0,76554.06,1,0
Spain,Female,42.0,0.0,2,0
Spain,Female,34.0,0.0,2,0
Spain,Male,36.0,0.0,2,0
Spain,Female,38.0,0.0,2,0
Spain,Male,32.0,0.0,2,0
Spain,Male,33.0,140197.71,1,0
Spain,Female,59.0,123681.32,1,1
Spain,Male,76.0,122446.61,2,0
Spain,Female,36.0,0.0,2,0
Spain,Male,60.0,124447.73,1,0
Spain,Male,49.0,0.0,2,1
Spain,Female,36.0,152812.64,1,0
Spain,Female,39.0,81733.11,1,0
Spain,Male,31.0,0.0,2,0
Spain,Male,31.0,155741.45,1,0
Spain,Male,33.0,0.0,2,0
Spain,Male,30.0,165257.2,1,0
Spain,Male,31.0,0.0,2,0
Spain,Female,56.0,0.0,1,1
Spain,Male,50.0,0.0,1,1
Spain,Male,35.0,111812.52,2,0
Spain,Male,32.0,141334.98,1,0
Spain,Male,63.0,0.0,2,0
Spain,Female,36.0,91760.11,1,0
Spain,Female,29.0,0.0,2,0
Spain,Male,57.0,0.0,2,0
Spain,Female,30.0,0.0,2,0
Spain,Male,43.0,0.0,1,0
Spain,Female,32.0,0.0,2,0
Spain,Male,36.0,0.0,2,0
Spain,Male,34.0,0.0,2,0
Spain,Male,50.0,148942.0,1,0
Spain,Female,42.0,0.0,2,0
Spain,Male,38.0,0.0,2,0
Spain,Male,34.0,0.0,2,0
Spain,Male,35.0,0.0,2,0
Spain,Male,41.0,0.0,2,0
Spain,Female,39.0,0.0,2,0
Spain,Female,54.0,0.0,1,1
Spain,Male,40.0,0.0,1,0
Spain,Male,39.0,0.0,2,0
Spain,Male,33.0,146408.68,1,0
Spain,Male,33.0,137843.8,2,0
Spain,Male,50.0,115095.59,1,1
Spain,Female,37.0,121063.8,1,0
Spain,Male,43.0,0.0,1,1
Spain,Male,43.0,0.0,3,1
Spain,Male,32.0,134571.04,1,0
Spain,Male,25.0,0.0,2,0
Spain,Male,34.0,0.0,2,0
Spain,Male,40.0,119496.88,1,0
Spain,Female,31.0,0.0,2,0
Spain,Male,35.0,0.0,2,0
Spain,Female,36.0,121237.65,1,1
Spain,Female,26.0,76548.6,1,0
Spain,Male,33.0,107073.27,2,0
Spain,Female,35.0,0.0,1,1
Spain,Female,50.0,0.0,2,0
Spain,Male,53.0,154409.74,1,1
Spain,Female,45.0,131583.59,1,1
Spain,Male,44.0,0.0,2,0
Spain,Male,29.0,0.0,1,0
Spain,Female,40.0,0.0,2,0
Spain,Male,35.0,0.0,2,0
Spain,Female,33.0,91612.91,2,0
Spain,Female,54.0,0.0,2,0
Spain,Male,36.0,0.0,2,0
Spain,Male,32.0,0.0,2,0
Spain,Female,31.0,156771.36,1,0
Spain,Female,31.0,0.0,2,0
Spain,Female,56.0,102989.3,1,1
Spain,Female,47.0,0.0,1,1
Spain,Female,33.0,0.0,2,0
Spain,Male,41.0,0.0,2,0
Spain,Male,39.0,0.0,2,0
Spain,Male,26.0,0.0,2,0
Spain,Female,29.0,0.0,2,0
Spain,Female,38.0,99056.22,2,0
Spain,Male,34.0,0.0,2,0
Spain,Male,44.0,0.0,2,0
Spain,Male,40.0,0.0,2,1
Spain,Female,49.0,126615.94,2,0
Spain,Male,67.0,0.0,2,0
Spain,Female,41.0,0.0,2,0
Spain,Female,25.0,127510.99,2,0
Spain,Female,20.0,122446.61,2,0
Spain,Male,37.0,0.0,2,0
Spain,Female,46.0,101528.3,2,0
Spain,Male,30.0,0.0,2,0
Spain,Male,47.0,0.0,2,0
Spain,Male,46.0,92783.68,2,0
Spain,Female,29.0,0.0,1,0
Spain,Male,42.0,0.0,2,0
Spain,Male,37.0,113817.06,1,0
Spain,Male,20.0,0.0,1,0
Spain,Male,38.0,0.0,2,0
Spain,Female,33.0,0.0,2,0
Spain,Female,30.0,0.0,1,1
Spain,Female,48.0,126872.6,1,1
Spain,Male,32.0,0.0,2,0
Spain,Male,37.0,157084.99,1,0
Spain,Male,48.0,133297.24,1,0
Spain,Male,33.0,134740.24,1,0
Spain,Female,32.0,0.0,2,0
Spain,Female,37.0,0.0,2,0
Spain,Male,33.0,0.0,2,0
Spain,Female,33.0,150092.8,1,0
Spain,Male,46.0,0.0,1,0
Spain,Female,35.0,115576.44,1,1
Spain,Male,41.0,0.0,2,0
Spain,Male,38.0,0.0,2,0
Spain,Female,34.0,134954.53,1,0
Spain,Female,25.0,0.0,2,0
Spain,Male,23.0,100988.39,1,0
Spain,Female,37.0,133970.23,1,0
Spain,Male,38.0,183572.19,1,0
Spain,Female,42.0,0.0,2,0
Spain,Male,34.0,0.0,2,0
Spain,Male,30.0,90418.14,2,0
Spain,Male,45.0,134644.19,1,0
Spain,Female,34.0,108289.56,1,0
Spain,Female,36.0,0.0,2,0
Spain,Female,36.0,137452.09,1,0
Spain,Female,47.0,0.0,2,0
Spain,Male,39.0,0.0,2,0
Spain,Female,22.0,139874.23,1,0
Spain,Female,34.0,0.0,2,0
Spain,Male,41.0,0.0,2,0
Spain,Male,41.0,0.0,2,1
Spain,Male,30.0,0.0,2,0
Spain,Female,38.0,0.0,2,0
Spain,Male,53.0,111061.01,2,0
Spain,Male,42.0,0.0,2,0
Spain,Male,47.0,0.0,1,0
Spain,Male,42.0,0.0,2,0
Spain,Female,34.0,0.0,1,0
Spain,Female,41.0,142872.36,1,0
Spain,Female,39.0,0.0,1,1
Spain,Male,36.0,0.0,2,0
Spain,Male,38.0,0.0,1,0
Spain,Male,24.0,0.0,2,0
Spain,Male,36.0,0.0,1,1
Spain,Female,35.0,0.0,2,0
Spain,Female,40.0,0.0,2,0
Spain,Female,39.0,0.0,2,0
Spain,Male,39.0,106290.72,1,0
Spain,Male,23.0,61211.18,1,0
Spain,Female,53.0,118129.87,1,1
Spain,Female,36.0,107193.82,1,0
Spain,Male,37.0,0.0,1,0
Spain,Male,48.0,0.0,2,0
Spain,Male,50.0,0.0,1,1
Spain,Female,39.0,0.0,2,0
Spain,Female,34.0,113599.74,1,0
Spain,Female,38.0,127616.56,1,0
Spain,Male,30.0,145396.49,1,0
Spain,Male,48.0,0.0,2,0
Spain,Male,35.0,116932.59,2,0
Spain,Male,57.0,0.0,2,0
Spain,Male,24.0,0.0,2,0
Spain,Male,46.0,110929.96,2,0
Spain,Male,27.0,105128.85,1,0
Spain,Male,54.0,0.0,1,1
Spain,Male,40.0,0.0,2,0
Spain,Male,42.0,93608.28,1,0
Spain,Male,38.0,0.0,2,0
Spain,Female,42.0,88827.13,2,0
Spain,Male,67.0,0.0,2,0
Spain,Female,42.0,0.0,2,0
Spain,Female,61.0,0.0,2,0
Spain,Male,21.0,0.0,1,0
Spain,Male,40.0,0.0,2,0
Spain,Male,28.0,135936.1,2,0
Spain,Male,38.0,0.0,2,0
Spain,Male,38.0,0.0,2,0
Spain,Female,52.0,0.0,1,1
Spain,Male,45.0,117020.08,2,1
Spain,Female,37.0,0.0,2,0
Spain,Female,33.0,0.0,2,0
Spain,Female,22.0,0.0,1,0
Spain,Male,38.0,0.0,2,0
Spain,Male,41.0,0.0,2,0
Spain,Female,27.0,0.0,2,0
Spain,Female,56.0,0.0,2,0
Spain,Male,32.0,0.0,2,0
Spain,Male,35.0,0.0,2,0
Spain,Male,38.0,0.0,2,0
Spain,Male,27.0,0.0,2,0
Spain,Male,20.0,0.0,2,0
Spain,Female,57.0,0.0,1,1
Spain,Male,40.0,105770.14,1,0
Spain,Male,42.0,0.0,1,0
Spain,Female,33.0,0.0,2,0
Spain,Male,31.0,0.0,2,0
Spain,Female,40.0,0.0,1,0
Spain,Male,35.0,0.0,1,0
Spain,Female,57.0,147856.82,1,1
Spain,Male,39.0,0.0,2,0
Spain,Male,46.0,117640.39,2,0
Spain,Male,41.0,127237.28,1,1
Spain,Female,40.0,0.0,2,0
Spain,Male,25.0,0.0,2,0
Spain,Male,37.0,0.0,2,0
Spain,Female,52.0,0.0,1,1
Spain,Male,46.0,104753.79,1,1
Spain,Male,36.0,0.0,2,0
Spain,Male,47.0,76326.75,1,1
Spain,Male,36.0,0.0,2,0
Spain,Female,43.0,172360.55,1,0
Spain,Female,39.0,0.0,2,0
Spain,Female,34.0,0.0,2,0
Spain,Female,36.0,84906.47,1,0
Spain,Female,33.0,90594.55,1,0
Spain,Male,32.0,106070.28,1,0
Spain,Female,37.0,0.0,2,0
Spain,Female,24.0,92760.55,1,0
Spain,Male,79.0,0.0,1,0
Spain,Male,39.0,0.0,1,1
Spain,Female,38.0,0.0,2,0
Spain,Female,29.0,0.0,2,0
Spain,Male,34.0,0.0,2,0
Spain,Female,35.0,112392.45,2,0
Spain,Female,60.0,0.0,1,0
Spain,Female,30.0,139542.52,1,1
Spain,Male,54.0,99774.5,1,0
Spain,Male,26.0,153325.1,1,0
Spain,Male,36.0,0.0,2,0
Spain,Female,50.0,137388.01,2,0
Spain,Female,39.0,0.0,2,0
Spain,Male,26.0,0.0,2,0
Spain,Male,29.0,139974.55,1,0
Spain,Male,37.0,0.0,2,0
Spain,Male,31.0,98795.61,2,0
Spain,Female,41.0,0.0,2,0
Spain,Male,39.0,112701.04,1,0
Spain,Male,46.0,0.0,2,0
Spain,Male,35.0,0.0,2,1
Spain,Male,34.0,123599.77,1,0
Spain,Female,36.0,139183.06,2,0
Spain,Male,33.0,110635.35,1,1
Spain,Male,36.0,0.0,1,0
Spain,Female,32.0,0.0,2,0
Spain,Male,22.0,0.0,1,1
Spain,Male,34.0,141136.71,1,0
Spain,Female,28.0,0.0,2,0
Spain,Female,50.0,0.0,3,1
Spain,Male,48.0,0.0,2,0
Spain,Male,33.0,0.0,2,0
Spain,Male,48.0,0.0,1,1
Spain,Female,34.0,0.0,2,0
Spain,Male,27.0,0.0,2,0
Spain,Male,31.0,151233.09,1,1
Spain,Male,36.0,115309.75,1,0
Spain,Male,60.0,0.0,1,1
Spain,Male,35.0,0.0,2,0
Spain,Male,33.0,0.0,2,0
Spain,Male,38.0,114756.14,1,0
Spain,Male,53.0,0.0,1,0
Spain,Female,35.0,0.0,1,1
Spain,Male,36.0,0.0,2,0
Spain,Female,30.0,0.0,1,0
Spain,Male,37.0,0.0,2,0
Spain,Male,49.0,144954.75,2,0
Spain,Female,40.0,105209.54,1,0
Spain,Male,31.0,0.0,2,0
Spain,Male,38.0,0.0,2,0
Spain,Female,32.0,0.0,1,0
Spain,Male,22.0,82559.42,2,0
Spain,Female,33.0,98854.34,1,1
Spain,Male,39.0,0.0,1,1
Spain,Male,36.0,0.0,2,0
Spain,Male,37.0,0.0,1,1
Spain,Male,40.0,0.0,1,1
Spain,Male,41.0,0.0,2,0
Spain,Male,45.0,0.0,1,1
Spain,Male,26.0,131643.25,1,0
Spain,Female,37.0,109532.95,1,0
Spain,Male,53.0,62732.65,1,1
Spain,Male,29.0,0.0,2,0
Spain,Male,41.0,0.0,2,0
Spain,Female,38.0,0.0,1,0
Spain,Female,31.0,0.0,2,0
Spain,Male,36.0,0.0,2,0
Spain,Male,33.0,0.0,1,0
Spain,Male,34.0,0.0,2,0
Spain,Male,43.0,112372.96,1,1
Spain,Female,41.0,108431.87,1,0
Spain,Male,33.0,0.0,2,0
Spain,Male,35.0,0.0,2,0
Spain,Male,27.0,0.0,2,0
Spain,Male,46.0,71996.09,1,0
Spain,Male,46.0,0.0,2,0
Spain,Male,32.0,0.0,2,0
Spain,Male,38.0,0.0,2,0
Spain,Female,29.0,0.0,2,0
Spain,Male,24.0,142876.98,1,1
Spain,Male,43.0,0.0,2,0
Spain,Male,25.0,0.0,2,0
Spain,Male,32.0,0.0,2,0
Spain,Female,35.0,0.0,1,0
Spain,Female,35.0,0.0,2,0
Spain,Female,39.0,0.0,2,0
Spain,Female,33.0,127541.05,1,0
Spain,Male,41.0,0.0,2,0
Spain,Male,37.0,113922.44,1,0
Spain,Male,40.0,97990.49,2,0
Spain,Male,49.0,0.0,1,0
Spain,Female,48.0,96473.59,1,1
Spain,Male,33.0,0.0,2,0
Spain,Male,43.0,0.0,2,0
Spain,Male,34.0,0.0,2,0
Spain,Male,47.0,0.0,2,0
Spain,Female,36.0,0.0,2,0
Spain,Female,35.0,123909.68,1,0
Spain,Male,41.0,161274.46,2,0
Spain,Female,46.0,167978.74,1,0
Spain,Male,31.0,0.0,2,0
Spain,Female,51.0,0.0,2,0
Spain,Male,38.0,0.0,1,1
Spain,Female,36.0,0.0,1,0
Spain,Female,43.0,0.0,1,1
Spain,Female,47.0,0.0,1,1
Spain,Female,50.0,138668.18,1,0
Spain,Male,35.0,0.0,2,0
Spain,Male,33.0,0.0,2,0
Spain,Female,64.0,0.0,2,0
Spain,Male,35.0,0.0,1,0
Spain,Male,35.0,0.0,2,0
Spain,Male,32.0,112666.67,1,0
Spain,Male,38.0,123692.0,1,0
Spain,Male,38.0,0.0,2,0
Spain,Male,50.0,0.0,2,0
Spain,Male,49.0,0.0,1,1
Spain,Male,39.0,157691.98,2,0
Spain,Female,33.0,0.0,2,0
Spain,Female,31.0,114422.85,1,0
Spain,Male,27.0,0.0,2,0
Spain,Male,34.0,0.0,2,0
Spain,Female,28.0,178718.19,1,0
Spain,Female,30.0,0.0,2,0
Spain,Female,35.0,0.0,2,0
Spain,Male,67.0,0.0,2,0
Spain,Male,66.0,0.0,2,0
Spain,Female,38.0,0.0,2,0
Spain,Male,30.0,0.0,2,0
Spain,Male,29.0,143773.07,1,0
Spain,Female,36.0,153313.67,3,1
Spain,Male,34.0,0.0,2,0
Spain,Male,39.0,0.0,1,0
Spain,Female,29.0,0.0,2,0
Spain,Male,31.0,136857.0,1,0
Spain,Male,40.0,0.0,2,0
Spain,Male,32.0,0.0,2,0
Spain,Male,35.0,0.0,2,0
Spain,Male,39.0,0.0,1,0
Spain,Male,35.0,133377.8,1,1
Spain,Male,41.0,0.0,1,1
Spain,Female,49.0,0.0,1,1
Spain,Female,43.0,140726.55,2,0
Spain,Male,34.0,92474.05,3,1
Spain,Female,35.0,0.0,2,0
Spain,Female,38.0,0.0,1,1
Spain,Male,37.0,99835.17,1,0
Spain,Female,33.0,0.0,2,0
Spain,Male,28.0,0.0,1,0
Spain,Male,35.0,0.0,2,0
Spain,Female,34.0,0.0,3,1
Spain,Male,22.0,0.0,1,0
Spain,Male,37.0,152532.62,1,0
Spain,Male,27.0,143562.21,1,0
Spain,Female,40.0,76915.4,1,0
Spain,Male,29.0,0.0,2,0
Spain,Male,46.0,152400.27,1,0
Spain,Male,23.0,0.0,2,0
Spain,Male,28.0,0.0,2,0
Spain,Male,29.0,0.0,2,0
Spain,Female,22.0,0.0,2,0
Spain,Male,45.0,82448.51,1,1
Spain,Male,35.0,91857.66,1,0
Spain,Female,52.0,0.0,1,1
Spain,Male,36.0,0.0,2,0
Spain,Female,43.0,103399.87,1,0
Spain,Male,29.0,105229.53,1,0
Spain,Male,31.0,0.0,2,0
Spain,Male,44.0,0.0,2,0
Spain,Male,40.0,99883.16,1,0
Spain,Female,49.0,0.0,2,1
Spain,Female,51.0,72500.28,1,1
Spain,Female,40.0,0.0,2,0
Spain,Female,43.0,0.0,2,0
Spain,Male,28.0,0.0,2,0
Spain,Male,40.0,0.0,1,0
Spain,Male,41.0,0.0,1,1
Spain,Male,28.0,140950.97,1,0
Spain,Female,47.0,93616.35,2,0
Spain,Female,35.0,71996.29,1,0
Spain,Male,35.0,88915.85,1,0
Spain,Female,26.0,0.0,2,0
Spain,Male,51.0,152212.88,2,1
Spain,Male,56.0,128472.8,1,0
Spain,Female,23.0,141786.81,1,0
Spain,Male,25.0,0.0,2,0
Spain,Male,35.0,0.0,2,0
Spain,Female,41.0,0.0,2,0
Spain,Male,29.0,0.0,2,0
Spain,Female,35.0,0.0,2,0
Spain,Female,33.0,0.0,2,0
Spain,Male,46.0,133191.19,1,0
Spain,Female,41.0,0.0,1,0
Spain,Female,40.0,0.0,2,0
Spain,Male,28.0,120047.77,2,0
Spain,Male,32.0,134446.04,1,0
Spain,Male,36.0,123660.46,2,0
Spain,Female,50.0,0.0,2,0
Spain,Male,54.0,0.0,1,0
Spain,Female,39.0,137657.25,1,0
Spain,Female,51.0,0.0,1,1
Spain,Female,66.0,71336.67,1,0
Spain,Female,30.0,0.0,2,0
Spain,Female,45.0,0.0,2,0
Spain,Male,36.0,167735.94,1,0
Spain,Female,30.0,0.0,2,0
Spain,Female,46.0,105969.42,2,0
Spain,Female,31.0,124580.69,1,0
Spain,Female,28.0,0.0,1,0
Spain,Female,35.0,99095.73,1,0
Spain,Female,25.0,132742.6,1,0
Spain,Female,28.0,0.0,2,0
Spain,Male,55.0,132558.26,1,1
Spain,Female,40.0,114857.69,1,0
Spain,Male,27.0,0.0,2,0
Spain,Female,42.0,0.0,2,0
Spain,Male,33.0,0.0,2,0
Spain,Female,49.0,121235.05,1,0
Spain,Male,39.0,0.0,2,0
Spain,Female,39.0,0.0,2,0
Spain,Male,35.0,164902.43,1,0
Spain,Male,20.0,0.0,1,1
Spain,Female,33.0,0.0,2,0
Spain,Female,61.0,0.0,1,0
Spain,Female,41.0,0.0,2,0
Spain,Male,38.0,170600.78,1,0
Spain,Male,33.0,0.0,2,0
Spain,Male,33.0,0.0,1,0
Spain,Male,39.0,0.0,2,0
Spain,Female,32.0,0.0,1,0
Spain,Male,41.0,0.0,1,0
Spain,Female,30.0,0.0,2,0
Spain,Male,48.0,90194.34,1,1
Spain,Male,36.0,0.0,1,1
Spain,Female,33.0,113311.11,1,0
Spain,Male,50.0,0.0,1,1
Spain,Male,39.0,0.0,2,0
Spain,Male,41.0,0.0,2,0
Spain,Female,26.0,0.0,2,0
Spain,Female,31.0,0.0,2,0
Spain,Female,30.0,0.0,2,0
Spain,Female,29.0,129938.07,1,1
Spain,Female,43.0,96152.82,2,0
Spain,Male,48.0,0.0,2,0
Spain,Female,32.0,0.0,2,0
Spain,Female,38.0,0.0,2,1
Spain,Male,45.0,0.0,2,0
Spain,Female,36.0,0.0,2,1
Spain,Male,41.0,0.0,2,0
Spain,Female,29.0,0.0,2,0
Spain,Male,26.0,114088.19,1,0
Spain,Female,33.0,0.0,2,0
Spain,Male,41.0,126477.42,1,0
Spain,Male,49.0,81310.34,1,1
Spain,Male,34.0,139584.57,2,0
Spain,Male,34.0,127545.92,1,0
Spain,Female,29.0,0.0,1,0
Spain,Male,39.0,0.0,2,0
Spain,Male,39.0,0.0,1,1
Spain,Female,45.0,105204.99,1,1
Spain,Male,37.0,0.0,1,0
Spain,Female,32.0,0.0,1,0
Spain,Female,37.0,0.0,2,0
Spain,Female,56.0,0.0,1,1
Spain,Female,39.0,0.0,2,0
Spain,Male,38.0,0.0,1,0
Spain,Male,45.0,0.0,2,0
Spain,Male,36.0,0.0,1,0
Spain,Male,31.0,148071.39,1,0
Spain,Female,46.0,124575.24,2,0
Spain,Female,43.0,102395.79,1,0
Spain,Male,47.0,93694.42,1,0
Spain,Male,31.0,0.0,2,0
Spain,Female,34.0,0.0,1,0
Spain,Male,42.0,138734.94,1,0
Spain,Female,34.0,0.0,2,0
Spain,Male,36.0,0.0,2,0
Spain,Male,24.0,99004.24,1,0
Spain,Male,31.0,0.0,2,0
Spain,Male,45.0,0.0,3,1
Spain,Female,38.0,0.0,2,1
Spain,Male,36.0,0.0,2,0
Spain,Female,28.0,0.0,2,0
Spain,Male,40.0,0.0,2,0
Spain,Male,32.0,0.0,1,0
Spain,Female,63.0,108004.64,1,0
Spain,Female,46.0,120599.97,2,0
Spain,Male,43.0,0.0,2,0
Spain,Female,40.0,172463.45,1,1
Spain,Female,42.0,0.0,1,0
Spain,Male,35.0,0.0,1,0
Spain,Male,32.0,130404.92,2,0
Spain,Male,38.0,156848.13,1,1
Spain,Male,32.0,0.0,2,0
Spain,Female,54.0,119889.84,2,0
Spain,Female,49.0,0.0,2,0
Spain,Male,55.0,0.0,1,1
Spain,Male,40.0,0.0,2,0
Spain,Male,27.0,93796.42,1,0
Spain,Female,51.0,0.0,1,1
Spain,Male,36.0,0.0,2,0
Spain,Female,32.0,0.0,2,0
Spain,Male,31.0,0.0,2,0
Spain,Female,35.0,125265.61,1,1
Spain,Male,31.0,142929.16,2,0
Spain,Male,37.0,0.0,2,0
Spain,Male,57.0,0.0,1,1
Spain,Female,36.0,121898.54,1,0
Spain,Female,35.0,0.0,2,0
Spain,Male,31.0,0.0,2,0
Spain,Male,30.0,120355.0,1,0
Spain,Male,32.0,121440.8,1,1
Spain,Male,27.0,0.0,2,0
Spain,Female,33.0,88046.88,1,0
Spain,Male,43.0,0.0,2,0
Spain,Male,32.0,0.0,2,0
Spain,Female,47.0,0.0,1,0
Spain,Female,40.0,0.0,2,0
Spain,Male,39.0,0.0,2,0
Spain,Male,38.0,122933.32,2,1
Spain,Female,51.0,0.0,1,1
Spain,Male,37.0,115137.26,1,1
Spain,Male,32.0,0.0,2,0
Spain,Male,60.0,0.0,2,0
Spain,Male,30.0,0.0,2,0
Spain,Male,62.0,0.0,1,0
Spain,Male,35.0,0.0,2,0
Spain,Female,35.0,0.0,1,0
Spain,Male,39.0,0.0,1,1
Spain,Male,28.0,0.0,2,0
Spain,Female,36.0,0.0,2,0
Spain,Male,41.0,0.0,1,0
Spain,Female,31.0,0.0,2,0
Spain,Male,61.0,0.0,2,0
Spain,Male,44.0,164978.01,2,0
Spain,Female,42.0,81564.1,1,1
Spain,Male,32.0,0.0,2,0
Spain,Male,28.0,0.0,2,0
Spain,Female,45.0,144432.04,3,1
Spain,Female,40.0,0.0,1,0
Spain,Female,30.0,102721.49,1,1
Spain,Male,34.0,0.0,2,0
Spain,Male,33.0,168094.01,1,0
Spain,Male,46.0,0.0,1,1
Spain,Female,41.0,0.0,2,0
Spain,Male,34.0,127864.83,1,0
Spain,Male,30.0,0.0,2,0
Spain,Female,67.0,0.0,2,0
Spain,Female,52.0,0.0,1,1
Spain,Female,32.0,0.0,2,0
Spain,Female,29.0,0.0,2,0
Spain,Male,35.0,135519.27,1,0
Spain,Female,38.0,0.0,2,0
Spain,Male,37.0,106116.5,1,0
Spain,Male,46.0,0.0,2,1
Spain,Male,37.0,0.0,2,0
Spain,Male,38.0,68079.8,1,0
Spain,Female,33.0,102278.79,1,0
Spain,Male,23.0,0.0,2,0
Spain,Male,43.0,0.0,1,1
Spain,Male,38.0,0.0,2,0
Spain,Male,61.0,125977.81,1,0
Spain,Female,30.0,0.0,2,0
Spain,Female,29.0,0.0,2,0
Spain,Male,44.0,0.0,2,0
Spain,Male,51.0,103818.49,1,1
Spain,Female,36.0,107553.33,1,0
Spain,Female,39.0,126834.81,1,0
Spain,Male,46.0,0.0,2,0
Spain,Male,35.0,0.0,2,0
Spain,Female,40.0,0.0,1,1
Spain,Male,34.0,123818.38,1,0
Spain,Male,41.0,0.0,2,0
Spain,Female,35.0,136526.26,1,0
Spain,Male,40.0,0.0,1,1
Spain,Male,36.0,0.0,1,0
Spain,Male,35.0,0.0,1,0
Spain,Male,37.0,0.0,2,0
Spain,Female,21.0,134498.54,1,0
Spain,Female,35.0,134737.07,1,1
Spain,Female,29.0,0.0,2,0
Spain,Female,46.0,0.0,3,1
Spain,Male,46.0,0.0,2,0
Spain,Male,31.0,0.0,2,0
Spain,Male,38.0,0.0,2,0
Spain,Male,32.0,0.0,2,0
Spain,Female,50.0,0.0,1,0
Spain,Male,22.0,0.0,2,0
Spain,Male,44.0,118899.45,1,0
Spain,Female,41.0,0.0,1,0
Spain,Male,35.0,0.0,2,0
Spain,Male,33.0,0.0,2,0
Spain,Male,25.0,0.0,2,0
Spain,Female,41.0,0.0,1,1
Spain,Male,33.0,0.0,2,0
Spain,Male,40.0,0.0,2,0
Spain,Male,37.0,0.0,2,0
Spain,Female,40.0,0.0,1,0
Spain,Female,34.0,0.0,2,0
Spain,Female,42.0,72535.45,1,0
Spain,Male,30.0,127545.94,1,0
Spain,Female,33.0,86569.76,1,1
Spain,Female,45.0,0.0,1,1
Spain,Female,34.0,99162.64,1,0
Spain,Male,31.0,0.0,2,0
Spain,Male,39.0,0.0,2,0
Spain,Female,49.0,0.0,2,0
Spain,Female,33.0,164704.38,1,0
Spain,Female,37.0,121063.7,2,0
Spain,Female,38.0,0.0,1,0
Spain,Male,34.0,132044.6,1,0
Spain,Male,38.0,161378.02,1,0
Spain,Male,28.0,120047.77,1,0
Spain,Female,46.0,0.0,2,0
Spain,Male,45.0,0.0,1,1
Spain,Male,39.0,108010.78,1,0
Spain,Female,34.0,121166.89,1,0
Spain,Male,35.0,0.0,2,0
Spain,Male,29.0,0.0,2,0
Spain,Male,30.0,98986.13,2,0
Spain,Female,38.0,0.0,2,0
Spain,Male,36.0,0.0,2,0
Spain,Male,54.0,95377.51,1,0
Spain,Female,26.0,136659.39,1,0
Spain,Female,43.0,186788.96,2,0
Spain,Female,32.0,0.0,2,0
Spain,Male,28.0,120047.77,1,0
Spain,Female,20.0,122446.61,1,0
Spain,Male,43.0,0.0,2,0
Spain,Male,34.0,137179.39,1,0
Spain,Male,35.0,0.0,2,0
Spain,Male,39.0,122267.85,1,0
Spain,Male,49.0,0.0,1,1
Spain,Female,41.0,124944.0,2,0
Spain,Male,40.0,0.0,2,0
Spain,Female,48.0,0.0,2,0
Spain,Male,41.0,100880.76,1,1
Spain,Male,22.0,126663.51,1,0
Spain,Male,43.0,0.0,2,0
Spain,Female,44.0,0.0,2,0
Spain,Male,39.0,0.0,2,0
Spain,Female,29.0,0.0,2,0
Spain,Female,46.0,0.0,2,0
Spain,Female,63.0,61274.7,2,0
Spain,Female,39.0,106261.63,1,0
Spain,Male,38.0,122267.85,1,0
Spain,Female,36.0,0.0,2,0
Spain,Male,41.0,0.0,1,0
Spain,Female,32.0,0.0,2,0
Spain,Female,35.0,139410.85,1,0
Spain,Male,24.0,145751.03,1,0
Spain,Male,50.0,160982.57,1,1
Spain,Male,65.0,134714.7,2,0
Spain,Male,37.0,0.0,2,0
Spain,Male,36.0,0.0,2,0
Spain,Female,38.0,0.0,1,1
Spain,Male,66.0,136425.18,1,0
Spain,Male,29.0,0.0,2,0
Spain,Female,32.0,95813.76,1,0
Spain,Male,39.0,0.0,2,0
Spain,Male,45.0,116585.97,1,0
Spain,Male,57.0,0.0,2,0
Spain,Female,28.0,0.0,1,0
Spain,Female,37.0,0.0,2,0
Spain,Female,32.0,0.0,2,0
Spain,Male,18.0,0.0,1,0
Spain,Female,25.0,0.0,2,0
Spain,Male,42.0,0.0,2,0
Spain,Female,42.0,0.0,1,1
Spain,Female,50.0,0.0,1,1
Spain,Male,38.0,61172.04,1,1
Spain,Male,35.0,0.0,1,0
Spain,Male,44.0,0.0,2,0
Spain,Female,33.0,0.0,1,0
Spain,Female,32.0,91611.12,1,1
Spain,Male,55.0,133676.65,1,0
Spain,Male,35.0,121063.49,1,0
Spain,Female,27.0,0.0,2,0
Spain,Female,41.0,141434.04,1,0
Spain,Male,32.0,79450.09,1,0
Spain,Male,39.0,0.0,2,0
Spain,Female,45.0,0.0,2,0
Spain,Male,29.0,154983.95,1,0
Spain,Male,40.0,114493.03,1,0
Spain,Male,36.0,0.0,2,0
Spain,Male,34.0,116880.53,1,0
Spain,Male,29.0,0.0,2,0
Spain,Female,34.0,0.0,2,0
Spain,Male,39.0,0.0,2,0
Spain,Male,28.0,99097.33,1,0
Spain,Female,36.0,84557.82,1,0
Spain,Female,45.0,0.0,2,0
Spain,Female,24.0,0.0,1,1
Spain,Male,40.0,0.0,1,0
Spain,Male,40.0,154863.15,1,0
Spain,Male,41.0,0.0,2,1
Spain,Female,39.0,0.0,2,0
Spain,Male,36.0,0.0,2,0
Spain,Male,34.0,145536.96,1,0
Spain,Male,32.0,0.0,2,0
Spain,Female,41.0,0.0,2,0
Spain,Female,28.0,144889.18,1,0
Spain,Female,34.0,118207.69,2,0
Spain,Male,39.0,168069.98,1,0
Spain,Female,42.0,0.0,1,0
Spain,Female,32.0,122486.11,2,0
Spain,Female,38.0,0.0,2,0
Spain,Female,32.0,88814.4,1,0
Spain,Male,37.0,0.0,2,0
Spain,Male,51.0,153590.61,2,1
Spain,Female,66.0,0.0,2,1
Spain,Male,30.0,107764.75,2,0
Spain,Male,31.0,0.0,2,0
Spain,Male,33.0,0.0,2,0
Spain,Male,40.0,0.0,1,0
Spain,Male,33.0,0.0,1,0
Spain,Male,21.0,137910.45,1,0
Spain,Male,41.0,0.0,2,0
Spain,Female,38.0,0.0,2,0
Spain,Female,32.0,0.0,2,0
Spain,Female,39.0,0.0,2,0
Spain,Female,31.0,64097.75,1,0
Spain,Female,26.0,0.0,2,0
Spain,Male,55.0,110495.27,1,1
Spain,Female,38.0,0.0,2,0
Spain,Male,39.0,132187.73,1,0
Spain,Female,34.0,110646.54,2,0
Spain,Male,43.0,133434.57,1,1
Spain,Male,39.0,122773.5,2,0
Spain,Female,56.0,89492.62,1,1
Spain,Female,47.0,0.0,1,1
Spain,Male,34.0,0.0,2,0
Spain,Female,35.0,80931.75,1,1
Spain,Male,46.0,0.0,2,0
Spain,Female,25.0,0.0,2,0
Spain,Female,43.0,0.0,1,0
Spain,Female,38.0,0.0,2,0
Spain,Male,38.0,0.0,2,0
Spain,Male,37.0,0.0,1,0
Spain,Female,40.0,81232.64,2,0
Spain,Male,38.0,85109.21,1,0
Spain,Female,32.0,0.0,2,0
Spain,Male,30.0,0.0,2,0
Spain,Male,32.0,0.0,2,0
Spain,Male,36.0,0.0,2,0
Spain,Male,44.0,105261.76,2,1
Spain,Male,41.0,146034.74,1,0
Spain,Male,29.0,147737.63,1,0
Spain,Female,31.0,0.0,2,0
Spain,Female,33.0,0.0,2,0
Spain,Female,39.0,0.0,2,0
Spain,Male,32.0,0.0,2,0
Spain,Male,51.0,81710.46,1,1
Spain,Male,37.0,0.0,2,0
Spain,Male,43.0,0.0,2,0
Spain,Male,29.0,0.0,2,1
Spain,Male,31.0,106486.66,1,0
Spain,Male,35.0,0.0,2,0
Spain,Female,34.0,0.0,2,0
Spain,Male,21.0,132312.06,1,0
Spain,Female,28.0,0.0,1,0
Spain,Male,48.0,0.0,2,0
Spain,Male,36.0,0.0,1,0
Spain,Male,32.0,136082.0,2,0
Spain,Male,30.0,129968.67,1,0
Spain,Female,40.0,0.0,1,1
Spain,Female,46.0,0.0,2,0
Spain,Male,38.0,102773.15,2,1
Spain,Female,27.0,0.0,2,0
Spain,Female,38.0,0.0,2,0
Spain,Female,58.0,0.0,1,1
Spain,Female,59.0,0.0,2,0
Spain,Male,35.0,0.0,1,0
Spain,Male,44.0,0.0,2,0
Spain,Female,36.0,0.0,2,1
Spain,Male,35.0,91285.26,1,0
Spain,Male,31.0,122453.97,1,0
Spain,Female,48.0,0.0,1,0
Spain,Female,37.0,114212.6,1,0
Spain,Male,51.0,98567.1,1,1
Spain,Male,53.0,65407.16,2,0
Spain,Male,36.0,0.0,1,0
Spain,Male,43.0,106414.57,1,0
Spain,Male,39.0,0.0,1,0
Spain,Male,32.0,143542.36,1,0
Spain,Male,52.0,0.0,2,0
Spain,Male,36.0,82696.09,2,0
Spain,Female,26.0,0.0,2,0
Spain,Female,33.0,0.0,1,1
Spain,Male,38.0,0.0,2,0
Spain,Female,38.0,0.0,1,1
Spain,Male,43.0,0.0,1,1
Spain,Male,33.0,0.0,2,0
Spain,Female,36.0,0.0,2,0
Spain,Male,40.0,0.0,2,0
Spain,Female,43.0,96173.17,1,0
Spain,Male,43.0,115643.58,2,0
Spain,Female,32.0,0.0,1,1
Spain,Female,60.0,0.0,2,0
Spain,Male,29.0,97541.24,1,1
Spain,Male,35.0,0.0,2,0
Spain,Female,33.0,0.0,2,0
Spain,Male,41.0,0.0,2,0
Spain,Male,28.0,144238.7,1,0
Spain,Male,36.0,0.0,2,0
Spain,Male,27.0,0.0,2,0
Spain,Female,34.0,0.0,2,0
Spain,Female,36.0,0.0,2,0
Spain,Female,36.0,0.0,2,0
Spain,Male,37.0,136659.4,1,0
Spain,Male,43.0,133310.28,1,0
Spain,Male,57.0,0.0,1,0
Spain,Male,25.0,0.0,1,0
Spain,Female,39.0,116320.68,1,1
Spain,Male,29.0,0.0,2,0
Spain,Male,35.0,142584.77,1,0
Spain,Male,43.0,0.0,1,1
Spain,Male,44.0,0.0,2,0
Spain,Female,54.0,112822.26,1,0
Spain,Male,36.0,0.0,2,0
Spain,Male,31.0,0.0,2,0
Spain,Male,35.0,140891.46,1,0
Spain,Female,39.0,0.0,2,0
Spain,Female,36.0,0.0,2,0
Spain,Male,42.0,89974.89,1,0
Spain,Male,33.0,0.0,1,0
Spain,Male,62.0,0.0,1,0
Spain,Female,43.0,0.0,2,0
Spain,Female,43.0,0.0,2,0
Spain,Male,24.0,0.0,2,0
Spain,Male,50.0,116932.59,1,0
Spain,Female,52.0,154733.97,2,0
Spain,Male,33.0,114991.45,1,0
Spain,Male,44.0,0.0,1,1
Spain,Male,44.0,104145.65,1,1
Spain,Male,50.0,0.0,1,1
Spain,Male,28.0,0.0,2,0
Spain,Male,31.0,0.0,2,0
Spain,Male,41.0,0.0,2,0
Spain,Female,30.0,140931.82,1,0
Spain,Male,31.0,0.0,2,0
Spain,Male,28.0,0.0,2,0
Spain,Female,30.0,91718.4,1,0
Spain,Male,30.0,152063.59,1,0
Spain,Male,31.0,0.0,2,0
Spain,Male,43.0,0.0,2,0
Spain,Male,38.0,91092.52,1,0
Spain,Male,32.0,172448.14,1,1
Spain,Male,32.0,96462.84,1,0
Spain,Male,32.0,0.0,2,0
Spain,Female,62.0,0.0,2,0
Spain,Female,38.0,0.0,2,0
Spain,Male,42.0,0.0,2,0
Spain,Female,40.0,106518.52,1,0
Spain,Female,29.0,0.0,2,0
Spain,Female,44.0,0.0,2,0
Spain,Male,43.0,0.0,2,0
Spain,Female,26.0,0.0,2,0
Spain,Male,35.0,79460.96,1,0
Spain,Male,39.0,0.0,2,0
Spain,Male,29.0,0.0,2,0
Spain,Male,49.0,0.0,1,1
Spain,Male,51.0,88827.53,1,0
Spain,Female,44.0,0.0,2,0
Spain,Male,37.0,117559.05,2,0
Spain,Male,33.0,81042.42,2,0
Spain,Male,40.0,0.0,2,0
Spain,Female,31.0,136912.57,1,0
Spain,Female,32.0,0.0,2,0
Spain,Female,41.0,0.0,1,1
Spain,Male,59.0,0.0,1,0
Spain,Male,36.0,81554.58,1,0
Spain,Female,34.0,122029.15,1,0
Spain,Female,52.0,0.0,2,0
Spain,Male,36.0,0.0,2,0
Spain,Male,34.0,0.0,2,0
Spain,Male,43.0,0.0,2,0
Spain,Male,34.0,0.0,2,0
Spain,Male,55.0,164557.95,1,1
Spain,Female,37.0,137852.96,2,0
Spain,Male,61.0,0.0,2,0
Spain,Male,35.0,79974.55,1,0
Spain,Female,35.0,0.0,1,0
Spain,Male,39.0,0.0,1,0
Spain,Male,52.0,0.0,2,0
Spain,Male,44.0,0.0,1,0
Spain,Male,52.0,0.0,1,1
Spain,Male,32.0,0.0,2,0
Spain,Female,48.0,0.0,2,0
Spain,Male,32.0,0.0,2,0
Spain,Female,50.0,0.0,1,1
Spain,Male,32.0,0.0,2,0
Spain,Male,37.0,0.0,2,0
Spain,Male,37.0,142643.51,2,0
Spain,Male,43.0,0.0,1,0
Spain,Male,45.0,95922.9,2,0
Spain,Male,38.0,0.0,1,0
Spain,Male,39.0,136622.34,1,0
Spain,Female,43.0,0.0,2,0
Spain,Male,31.0,144427.96,1,0
Spain,Female,80.0,0.0,1,0
Spain,Female,31.0,0.0,2,0
Spain,Male,36.0,98899.76,2,0
Spain,Female,38.0,148021.12,1,0
Spain,Male,35.0,0.0,2,0
Spain,Female,34.0,0.0,2,0
Spain,Female,35.0,57784.22,2,0
Spain,Female,23.0,126542.82,1,0
Spain,Male,32.0,0.0,2,0
Spain,Female,40.0,0.0,1,1
Spain,Male,55.0,91897.8,1,0
Spain,Female,39.0,106045.92,1,1
Spain,Male,37.0,178742.71,1,1
Spain,Female,35.0,0.0,2,1
Spain,Male,34.0,110654.02,2,0
Spain,Female,29.0,0.0,2,0
Spain,Female,37.0,0.0,3,1
Spain,Male,32.0,0.0,2,0
Spain,Female,40.0,0.0,1,1
Spain,Female,46.0,0.0,2,0
Spain,Female,39.0,0.0,2,0
Spain,Male,27.0,129731.64,1,0
Spain,Male,38.0,92674.94,2,0
Spain,Male,34.0,0.0,2,0
Spain,Male,36.0,117696.44,1,0
Spain,Male,29.0,0.0,2,0
Spain,Male,50.0,0.0,2,0
Spain,Female,36.0,0.0,2,0
Spain,Male,67.0,0.0,2,0
Spain,Male,35.0,0.0,2,0
Spain,Female,34.0,151839.26,1,0
Spain,Male,38.0,118772.5,1,0
Spain,Female,36.0,0.0,2,0
Spain,Female,35.0,0.0,2,0
Spain,Male,33.0,0.0,2,0
Spain,Female,25.0,0.0,2,0
Spain,Female,61.0,103480.56,1,0
Spain,Female,36.0,0.0,2,0
Spain,Female,37.0,121207.65,1,0
Spain,Female,40.0,0.0,2,1
Spain,Male,22.0,0.0,2,0
Spain,Male,52.0,121854.45,1,1
Spain,Male,39.0,0.0,2,0
Spain,Male,53.0,0.0,1,0
Spain,Female,34.0,114948.76,1,0
Spain,Male,33.0,0.0,1,0
Spain,Female,49.0,0.0,1,0
Spain,Male,38.0,0.0,2,0
Spain,Male,33.0,90727.79,2,0
Spain,Female,43.0,0.0,2,0
Spain,Female,29.0,0.0,2,0
Spain,Female,44.0,0.0,2,0
Spain,Male,41.0,150148.51,2,0
Spain,Female,39.0,98927.59,3,1
Spain,Male,61.0,0.0,1,0
Spain,Female,39.0,71283.06,1,0
Spain,Female,31.0,0.0,2,0
Spain,Female,32.0,0.0,2,0
Spain,Male,33.0,0.0,2,0
Spain,Male,31.0,0.0,2,0
Spain,Male,66.0,0.0,2,0
Spain,Female,35.0,0.0,2,0
Spain,Female,40.0,112045.67,3,1
Spain,Female,33.0,0.0,2,0
Spain,Male,38.0,125547.75,1,0
Spain,Female,28.0,0.0,2,0
Spain,Male,24.0,172478.15,1,0
Spain,Male,35.0,81828.22,1,0
Spain,Male,29.0,0.0,1,1
Spain,Male,27.0,151421.44,1,0
Spain,Male,32.0,0.0,2,0
Spain,Female,50.0,0.0,2,0
Spain,Male,36.0,0.0,2,0
Spain,Female,38.0,125540.05,1,0
Spain,Female,38.0,0.0,2,0
Spain,Male,32.0,0.0,2,0
Spain,Male,45.0,0.0,1,1
Spain,Female,34.0,108901.0,1,0
Spain,Male,48.0,0.0,1,1
Spain,Female,44.0,0.0,2,0
Spain,Female,34.0,0.0,2,0
Spain,Male,36.0,0.0,2,0
Spain,Male,27.0,135847.76,2,0
Spain,Male,38.0,0.0,1,1
Spain,Female,31.0,112211.5,2,0
Spain,Female,57.0,103070.39,1,0
Spain,Male,34.0,0.0,2,0
Spain,Male,34.0,180530.51,2,0
Spain,Female,33.0,109052.04,2,0
Spain,Male,32.0,0.0,2,0
Spain,Female,27.0,0.0,2,0
Spain,Female,40.0,0.0,2,0
Spain,Male,31.0,0.0,2,0
Spain,Male,53.0,114493.68,1,0
Spain,Female,43.0,0.0,3,1
Spain,Male,34.0,0.0,2,0
Spain,Female,32.0,0.0,1,0
Spain,Male,39.0,0.0,1,1
Spain,Male,66.0,0.0,2,0
Spain,Male,35.0,0.0,1,1
Spain,Female,57.0,102553.08,1,1
Spain,Male,38.0,0.0,2,0
Spain,Male,24.0,146466.46,2,0
Spain,Male,31.0,0.0,2,0
Spain,Male,35.0,0.0,2,0
Spain,Male,37.0,0.0,2,0
Spain,Female,33.0,0.0,2,0
Spain,Male,37.0,0.0,2,0
Spain,Male,35.0,0.0,2,0
Spain,Female,41.0,143318.37,1,0
Spain,Male,25.0,0.0,1,0
Spain,Male,22.0,0.0,2,0
Spain,Male,48.0,148116.48,1,0
Spain,Female,31.0,0.0,2,0
Spain,Female,25.0,0.0,2,0
Spain,Female,37.0,0.0,2,0
Spain,Male,36.0,0.0,2,0
Spain,Female,37.0,0.0,2,0
Spain,Female,37.0,115915.53,1,0
Spain,Male,38.0,122442.26,2,0
Spain,Female,32.0,0.0,1,0
Spain,Male,39.0,0.0,2,0
Spain,Female,29.0,0.0,2,0
Spain,Female,32.0,116537.73,1,0
Spain,Female,33.0,0.0,2,0
Spain,Male,35.0,0.0,2,0
Spain,Male,38.0,99640.89,2,0
Spain,Female,34.0,0.0,1,0
Spain,Male,48.0,146466.46,1,0
Spain,Female,28.0,0.0,2,0
Spain,Female,21.0,0.0,1,0
Spain,Female,41.0,146466.46,2,0
Spain,Male,42.0,139070.51,1,1
Spain,Male,38.0,142663.46,1,0
Spain,Male,39.0,0.0,2,0
Spain,Male,36.0,0.0,2,0
Spain,Female,50.0,0.0,1,0
Spain,Female,28.0,0.0,2,0
Spain,Female,23.0,0.0,1,1
Spain,Male,47.0,0.0,2,0
Spain,Female,36.0,0.0,2,0
Spain,Male,36.0,0.0,2,0
Spain,Female,42.0,0.0,2,0
Spain,Male,34.0,141989.27,2,0
Spain,Male,40.0,0.0,2,0
Spain,Male,40.0,102708.97,1,0
Spain,Female,42.0,0.0,2,0
Spain,Female,35.0,81076.8,1,0
Spain,Male,39.0,0.0,1,1
Spain,Female,45.0,97792.42,1,0
Spain,Female,49.0,110132.55,3,1
Spain,Female,41.0,0.0,2,0
Spain,Female,49.0,0.0,1,0
Spain,Male,51.0,0.0,2,0
Spain,Male,36.0,0.0,2,0
Spain,Male,39.0,46161.18,1,0
Spain,Female,81.0,0.0,2,0
Spain,Male,39.0,0.0,2,0
Spain,Female,36.0,0.0,2,0
Spain,Male,45.0,0.0,1,0
Spain,Female,39.0,0.0,2,0
Spain,Male,40.0,0.0,2,0
Spain,Male,42.0,0.0,2,0
Spain,Female,45.0,126495.57,2,0
Spain,Male,36.0,146780.39,1,0
Spain,Male,31.0,0.0,1,0
Spain,Male,38.0,0.0,2,0
Spain,Male,49.0,0.0,1,1
Spain,Female,36.0,0.0,1,0
Spain,Female,39.0,0.0,2,0
Spain,Male,34.0,83492.07,1,0
Spain,Male,31.0,122949.14,1,0
Spain,Female,61.0,152160.21,1,1
Spain,Male,56.0,174506.1,2,0
Spain,Male,39.0,0.0,1,0
Spain,Male,43.0,120827.88,1,1
Spain,Male,34.0,0.0,2,0
Spain,Female,29.0,0.0,2,0
Spain,Male,50.0,0.0,2,0
Spain,Male,39.0,116084.32,1,1
Spain,Male,47.0,0.0,2,0
Spain,Male,42.0,0.0,2,0
Spain,Male,41.0,0.0,1,1
Spain,Male,55.0,0.0,2,0
Spain,Male,33.0,0.0,1,1
Spain,Male,44.0,112119.48,1,0
Spain,Male,37.0,0.0,2,0
Spain,Male,29.0,0.0,2,0
Spain,Female,31.0,152926.6,2,0
Spain,Female,29.0,121898.58,1,0
Spain,Male,38.0,0.0,1,0
Spain,Male,30.0,132623.42,1,0
Spain,Female,34.0,0.0,2,0
Spain,Male,31.0,94108.54,1,0
Spain,Female,35.0,0.0,2,0
Spain,Female,40.0,0.0,2,0
Spain,Male,34.0,0.0,1,0
Spain,Male,32.0,102386.35,1,0
Spain,Male,31.0,0.0,2,0
Spain,Male,33.0,0.0,2,0
Spain,Male,28.0,0.0,2,0
Spain,Male,23.0,0.0,2,0
Spain,Female,36.0,0.0,2,0
Spain,Female,34.0,102800.72,1,0
Spain,Female,30.0,0.0,2,0
Spain,Male,40.0,0.0,2,0
Spain,Male,40.0,0.0,1,1
Spain,Male,39.0,0.0,2,0
Spain,Female,34.0,0.0,2,0
Spain,Female,38.0,0.0,2,0
Spain,Male,31.0,110752.15,1,1
Spain,Female,25.0,92472.1,2,0
Spain,Female,46.0,0.0,2,0
Spain,Female,29.0,0.0,2,0
Spain,Male,34.0,153313.67,1,0
Spain,Male,24.0,131691.33,1,0
Spain,Male,32.0,91285.13,1,0
Spain,Female,33.0,0.0,2,0
Spain,Male,23.0,181671.16,2,0
Spain,Male,31.0,0.0,2,0
Spain,Female,35.0,113348.5,1,0
Spain,Female,43.0,0.0,2,0
Spain,Female,37.0,0.0,2,0
Spain,Male,27.0,0.0,1,0
Spain,Male,36.0,0.0,1,0
Spain,Male,42.0,0.0,2,0
Spain,Male,30.0,0.0,2,0
Spain,Male,46.0,0.0,2,0
Spain,Male,28.0,0.0,2,0
Spain,Male,37.0,122311.58,1,0
Spain,Male,31.0,120355.0,2,0
Spain,Female,38.0,130931.83,2,0
Spain,Male,36.0,0.0,1,0
Spain,Male,32.0,0.0,2,0
Spain,Male,27.0,0.0,2,0
Spain,Male,38.0,0.0,2,0
Spain,Male,25.0,0.0,2,0
Spain,Male,34.0,0.0,2,0
Spain,Male,41.0,0.0,2,1
Spain,Male,54.0,80926.02,2,1
Spain,Female,65.0,151659.52,2,0
Spain,Female,24.0,97378.54,1,0
Spain,Male,50.0,137946.39,1,0
Spain,Female,42.0,0.0,1,1
Spain,Female,44.0,0.0,1,1
Spain,Male,46.0,0.0,2,0
Spain,Male,35.0,141074.05,1,0
Spain,Female,38.0,0.0,2,0
Spain,Female,37.0,120867.18,1,0
Spain,Male,44.0,0.0,1,0
Spain,Female,41.0,0.0,2,0
Spain,Female,43.0,0.0,2,0
Spain,Female,52.0,0.0,1,0
Spain,Male,38.0,160980.03,1,0
Spain,Male,32.0,0.0,2,0
Spain,Male,32.0,0.0,2,0
Spain,Female,36.0,115617.24,1,0
Spain,Male,28.0,0.0,2,0
Spain,Male,42.0,0.0,2,1
Spain,Male,29.0,0.0,2,0
Spain,Female,35.0,79858.13,2,0
Spain,Female,33.0,0.0,2,0
Spain,Male,38.0,0.0,1,1
Spain,Male,39.0,170288.38,1,1
Spain,Female,62.0,108738.92,1,1
Spain,Female,35.0,0.0,2,0
Spain,Male,28.0,146042.0,2,0
Spain,Male,43.0,125920.79,2,0
Spain,Male,55.0,0.0,1,0
Spain,Male,34.0,0.0,2,0
Spain,Female,23.0,110805.42,2,0
Spain,Female,40.0,0.0,2,0
Spain,Male,38.0,0.0,2,0
Spain,Female,29.0,0.0,1,0
Spain,Female,34.0,0.0,2,0
Spain,Female,32.0,0.0,2,0
Spain,Male,48.0,103154.66,1,0
Spain,Male,42.0,109346.14,2,0
Spain,Female,43.0,0.0,2,0
Spain,Male,40.0,0.0,2,0
Spain,Male,35.0,0.0,1,1
Spain,Male,45.0,0.0,1,1
Spain,Male,33.0,0.0,2,0
Spain,Female,28.0,122831.58,2,0
Spain,Female,42.0,0.0,1,0
Spain,Female,34.0,0.0,2,0
Spain,Male,37.0,0.0,2,0
Spain,Male,35.0,96997.09,1,1
Spain,Female,40.0,108410.87,2,1
Spain,Male,35.0,125828.71,1,0
Spain,Male,26.0,87098.09,2,0
Spain,Female,32.0,0.0,2,0
Spain,Female,32.0,0.0,2,0
Spain,Female,38.0,128718.78,1,0
Spain,Female,37.0,0.0,2,0
Spain,Male,43.0,0.0,1,1
Spain,Male,24.0,0.0,2,0
Spain,Female,30.0,0.0,1,0
Spain,Male,36.0,0.0,1,0
Spain,Female,39.0,141829.67,1,0
Spain,Female,39.0,128917.84,1,0
Spain,Female,43.0,102365.49,1,0
Spain,Female,39.0,141581.08,1,1
Spain,Male,53.0,0.0,1,0
Spain,Male,48.0,0.0,1,1
Spain,Male,31.0,0.0,2,0
Spain,Female,48.0,0.0,2,0
Spain,Male,36.0,0.0,2,0
Spain,Female,36.0,0.0,2,0
Spain,Female,67.0,0.0,1,1
Spain,Male,34.0,0.0,2,0
Spain,Male,37.0,0.0,1,1
Spain,Male,32.0,0.0,2,0
Spain,Male,32.0,0.0,2,0
Spain,Female,33.0,88798.34,1,0
Spain,Female,31.0,0.0,2,0
Spain,Male,39.0,0.0,2,0
Spain,Female,23.0,0.0,2,0
Spain,Male,29.0,0.0,2,0
Spain,Female,26.0,0.0,2,0
Spain,Male,26.0,0.0,2,0
Spain,Female,35.0,0.0,1,0
Spain,Female,35.0,100781.02,1,0
Spain,Female,30.0,0.0,2,0
Spain,Female,30.0,0.0,1,0
Spain,Male,35.0,0.0,2,0
Spain,Female,44.0,0.0,2,0
Spain,Male,27.0,103399.87,1,0
Spain,Male,24.0,0.0,2,0
Spain,Male,31.0,128264.03,1,0
Spain,Female,48.0,155413.06,2,0
Spain,Male,50.0,0.0,2,0
Spain,Male,35.0,0.0,2,0
Spain,Male,39.0,98293.86,1,1
Spain,Female,41.0,0.0,2,0
Spain,Male,26.0,116318.23,1,0
Spain,Female,42.0,0.0,2,0
Spain,Male,34.0,0.0,1,0
Spain,Female,46.0,109799.22,1,1
Spain,Male,35.0,139834.4,1,0
Spain,Male,39.0,81818.61,1,0
Spain,Female,30.0,0.0,2,0
Spain,Male,34.0,131081.66,1,0
Spain,Male,31.0,0.0,2,0
Spain,Male,40.0,0.0,2,0
Spain,Female,38.0,110941.93,2,0
Spain,Female,49.0,0.0,1,1
Spain,Male,42.0,0.0,2,0
Spain,Female,29.0,0.0,2,0
Spain,Female,39.0,0.0,1,1
Spain,Male,44.0,116917.07,1,0
Spain,Male,38.0,0.0,2,0
Spain,Male,35.0,89900.24,1,0
Spain,Male,35.0,0.0,2,0
Spain,Female,30.0,0.0,1,0
Spain,Male,38.0,0.0,1,0
Spain,Male,34.0,0.0,1,0
Spain,Male,46.0,119889.84,1,1
Spain,Male,27.0,0.0,2,0
Spain,Male,23.0,0.0,2,0
Spain,Female,24.0,0.0,2,0
Spain,Male,34.0,113958.55,2,1
Spain,Male,39.0,152400.29,1,0
Spain,Male,53.0,0.0,2,0
Spain,Male,36.0,0.0,2,0
Spain,Male,39.0,0.0,2,0
Spain,Female,34.0,0.0,2,0
Spain,Female,34.0,108632.46,1,0
Spain,Male,52.0,0.0,2,0
Spain,Female,32.0,0.0,2,0
Spain,Female,45.0,101012.77,1,0
Spain,Male,34.0,0.0,2,1
Spain,Female,53.0,134760.21,1,1
Spain,Male,39.0,95010.02,1,0
Spain,Male,38.0,0.0,2,0
Spain,Male,35.0,0.0,1,0
Spain,Female,32.0,124577.33,1,1
Spain,Male,26.0,0.0,2,0
Spain,Female,43.0,0.0,1,0
Spain,Male,25.0,83889.03,1,0
Spain,Male,30.0,128065.12,1,0
Spain,Female,46.0,135962.0,1,0
Spain,Male,33.0,89928.99,1,0
Spain,Male,60.0,0.0,1,1
Spain,Male,44.0,0.0,2,0
Spain,Male,32.0,0.0,1,0
Spain,Male,42.0,0.0,1,1
Spain,Male,27.0,0.0,1,0
Spain,Female,47.0,0.0,2,0
Spain,Male,42.0,0.0,2,0
Spain,Female,35.0,0.0,2,0
Spain,Male,40.0,110153.37,1,0
Spain,Male,43.0,0.0,3,1
Spain,Male,35.0,0.0,2,0
Spain,Male,29.0,0.0,2,0
Spain,Male,37.0,0.0,2,0
Spain,Female,38.0,0.0,2,0
Spain,Male,38.0,0.0,2,0
Spain,Male,50.0,0.0,3,1
Spain,Male,40.0,0.0,2,0
Spain,Male,35.0,0.0,2,0
Spain,Male,49.0,0.0,2,0
Spain,Female,25.0,172478.15,1,0
Spain,Male,43.0,0.0,1,0
Spain,Female,27.0,0.0,2,0
Spain,Female,35.0,144581.06,1,0
Spain,Female,42.0,0.0,2,1
Spain,Male,29.0,0.0,2,0
Spain,Male,51.0,0.0,2,0
Spain,Male,40.0,0.0,2,0
Spain,Female,40.0,98443.15,1,1
Spain,Female,39.0,131283.11,1,0
Spain,Male,40.0,155619.36,1,0
Spain,Male,43.0,0.0,1,0
Spain,Male,41.0,0.0,1,0
Spain,Male,36.0,141749.68,1,0
Spain,Male,42.0,0.0,2,0
Spain,Male,43.0,0.0,2,1
Spain,Male,28.0,133968.24,1,0
Spain,Male,32.0,108004.64,1,0
Spain,Female,47.0,0.0,1,1
Spain,Male,43.0,0.0,1,1
Spain,Male,37.0,0.0,1,0
Spain,Female,37.0,152303.8,2,0
Spain,Male,38.0,0.0,2,0
Spain,Male,29.0,90145.04,1,0
Spain,Female,46.0,117701.83,1,1
Spain,Female,43.0,0.0,2,1
Spain,Female,37.0,0.0,2,0
Spain,Male,38.0,0.0,2,0
Spain,Male,38.0,0.0,1,0
Spain,Male,33.0,0.0,2,0
Spain,Male,44.0,113402.14,1,0
Spain,Female,35.0,128415.45,1,0
Spain,Male,22.0,0.0,2,0
Spain,Male,32.0,165438.26,1,0
Spain,Male,35.0,0.0,2,0
Spain,Female,42.0,146033.62,1,0
Spain,Male,62.0,162482.76,1,0
Spain,Female,26.0,0.0,2,0
Spain,Male,55.0,137714.9,1,1
Spain,Male,38.0,0.0,2,0
Spain,Female,43.0,0.0,2,0
Spain,Female,36.0,0.0,2,0
Spain,Male,28.0,0.0,1,0
Spain,Male,31.0,0.0,1,0
Spain,Female,23.0,0.0,2,0
Spain,Female,32.0,0.0,1,0
Spain,Female,33.0,0.0,2,0
Spain,Female,34.0,0.0,1,1
Spain,Female,45.0,72079.71,1,1
Spain,Female,28.0,120727.3,1,0
Spain,Male,32.0,0.0,1,0
Spain,Male,58.0,0.0,1,0
Spain,Male,41.0,130969.77,1,1
Spain,Male,28.0,0.0,2,0
Spain,Male,55.0,0.0,1,1
Spain,Male,37.0,107915.94,1,1
Spain,Male,45.0,0.0,1,1
Spain,Male,42.0,148580.03,1,0
Spain,Male,30.0,0.0,2,0
Spain,Female,42.0,121056.63,2,0
Spain,Female,32.0,0.0,2,0
Spain,Female,40.0,0.0,2,0
Spain,Male,42.0,0.0,2,0
Spain,Female,28.0,102645.43,1,0
Spain,Male,39.0,120193.42,1,0
Spain,Male,39.0,0.0,1,1
Spain,Male,37.0,0.0,2,0
Spain,Male,34.0,0.0,1,0
Spain,Male,34.0,96854.75,1,0
Spain,Male,38.0,0.0,2,0
Spain,Male,37.0,0.0,1,0
Spain,Male,33.0,0.0,1,1
Spain,Male,35.0,124067.32,1,0
Spain,Male,60.0,114779.35,1,1
Spain,Male,58.0,57530.06,1,0
Spain,Female,40.0,0.0,1,0
Spain,Female,39.0,106270.72,2,0
Spain,Female,35.0,0.0,2,0
Spain,Male,35.0,0.0,2,0
Spain,Male,39.0,0.0,2,0
Spain,Female,39.0,135842.49,1,0
Spain,Male,20.0,106871.81,2,0
Spain,Male,27.0,0.0,2,0
Spain,Female,32.0,0.0,2,0
Spain,Female,43.0,0.0,1,1
Spain,Male,41.0,78885.88,1,0
Spain,Male,24.0,0.0,2,0
Spain,Female,41.0,0.0,1,1
Spain,Female,43.0,0.0,2,0
Spain,Male,44.0,164870.81,1,0
Spain,Male,28.0,0.0,2,0
Spain,Female,29.0,117866.92,1,0
Spain,Male,28.0,79974.55,1,0
Spain,Male,41.0,0.0,2,0
Spain,Male,42.0,0.0,2,0
Spain,Male,39.0,0.0,1,1
Spain,Male,46.0,91897.8,1,0
Spain,Male,32.0,76595.08,1,0
Spain,Female,42.0,0.0,2,0
Spain,Female,39.0,0.0,2,0
Spain,Female,43.0,0.0,2,0
Spain,Male,29.0,0.0,2,0
Spain,Male,48.0,0.0,1,1
Spain,Male,41.0,0.0,2,0
Spain,Male,33.0,0.0,2,0
Spain,Male,30.0,72945.84,2,0
Spain,Female,45.0,129855.32,1,0
Spain,Male,40.0,99095.13,1,0
Spain,Female,32.0,0.0,2,0
Spain,Male,33.0,0.0,2,0
Spain,Male,46.0,118886.57,1,0
Spain,Female,29.0,98759.89,1,0
Spain,Female,33.0,0.0,1,0
Spain,Male,35.0,154861.98,1,0
Spain,Male,27.0,0.0,2,0
Spain,Male,22.0,127637.96,1,0
Spain,Male,35.0,119924.8,1,0
Spain,Female,31.0,133868.21,1,0
Spain,Female,38.0,0.0,2,0
Spain,Male,38.0,0.0,2,0
Spain,Male,34.0,0.0,2,0
Spain,Female,49.0,68799.72,1,1
Spain,Female,45.0,158621.04,2,0
Spain,Male,34.0,0.0,2,0
Spain,Female,35.0,0.0,2,0
Spain,Male,46.0,0.0,2,0
Spain,Male,32.0,0.0,2,0
Spain,Male,50.0,0.0,1,1
Spain,Female,48.0,142882.11,3,1
Spain,Female,41.0,122823.8,2,0
Spain,Female,32.0,0.0,2,0
Spain,Male,41.0,0.0,2,0
Spain,Female,27.0,0.0,1,0
Spain,Male,42.0,0.0,2,0
Spain,Male,32.0,0.0,2,0
Spain,Male,26.0,0.0,2,0
Spain,Male,42.0,0.0,2,0
Spain,Male,48.0,92786.12,1,1
Spain,Female,38.0,0.0,2,0
Spain,Male,39.0,0.0,1,1
Spain,Female,49.0,0.0,3,1
Spain,Male,37.0,0.0,2,0
Spain,Male,36.0,0.0,2,0
Spain,Male,31.0,55853.95,1,0
Spain,Male,43.0,0.0,2,0
Spain,Female,42.0,129826.59,1,0
Spain,Female,34.0,0.0,2,0
Spain,Female,37.0,128647.98,1,0
Spain,Female,71.0,0.0,2,0
Spain,Male,34.0,0.0,2,0
Spain,Female,43.0,0.0,1,1
Spain,Female,39.0,0.0,1,1
Spain,Male,41.0,118626.15,1,0
Spain,Male,35.0,113690.83,1,0
Spain,Female,35.0,0.0,2,0
Spain,Male,49.0,92562.23,2,0
Spain,Male,36.0,81070.34,2,0
Spain,Male,28.0,0.0,2,0
Spain,Male,37.0,0.0,2,0
Spain,Male,36.0,0.0,1,1
Spain,Male,32.0,0.0,1,0
Spain,Male,34.0,0.0,2,0
Spain,Male,33.0,112181.08,1,0
Spain,Male,41.0,112609.91,1,0
Spain,Female,34.0,0.0,2,0
Spain,Male,30.0,107726.93,2,0
Spain,Female,60.0,0.0,1,1
Spain,Female,50.0,128061.0,2,1
Spain,Female,48.0,0.0,2,0
Spain,Female,55.0,103176.62,1,1
Spain,Male,31.0,0.0,1,0
Spain,Female,30.0,127806.83,1,0
Spain,Female,34.0,0.0,1,0
Spain,Female,48.0,0.0,1,0
Spain,Male,49.0,114421.55,1,0
Spain,Male,25.0,124349.34,1,0
Spain,Female,24.0,0.0,2,0
Spain,Male,39.0,0.0,2,0
Spain,Male,42.0,0.0,3,0
Spain,Female,38.0,97257.41,2,0
Spain,Female,61.0,0.0,2,0
Spain,Female,34.0,145843.24,2,0
Spain,Male,44.0,0.0,3,1
Spain,Male,38.0,0.0,2,0
Spain,Male,31.0,0.0,2,0
Spain,Female,28.0,0.0,1,0
Spain,Female,26.0,0.0,2,0
Spain,Male,28.0,0.0,2,0
Spain,Female,39.0,0.0,2,0
Spain,Male,59.0,0.0,1,0
Spain,Female,38.0,0.0,2,0
Spain,Male,44.0,0.0,2,0
Spain,Female,33.0,0.0,2,0
Spain,Male,39.0,0.0,1,0
Spain,Female,21.0,0.0,2,0
Spain,Male,35.0,121152.23,1,0
Spain,Male,37.0,104784.23,1,0
Spain,Male,29.0,0.0,2,0
Spain,Female,31.0,130622.34,2,0
Spain,Male,42.0,0.0,2,0
Spain,Female,54.0,135889.13,1,1
Spain,Female,32.0,0.0,2,0
Spain,Female,28.0,122825.32,1,1
Spain,Female,40.0,0.0,2,1
Spain,Male,65.0,0.0,1,1
Spain,Male,31.0,0.0,2,0
Spain,Male,36.0,178742.71,1,0
Spain,Male,32.0,125870.47,1,0
Spain,Female,70.0,0.0,2,0
Spain,Male,38.0,115335.32,2,0
Spain,Female,51.0,0.0,1,1
Spain,Female,57.0,0.0,1,1
Spain,Male,38.0,0.0,2,0
Spain,Female,32.0,108004.64,1,1
Spain,Male,38.0,0.0,2,0
Spain,Male,54.0,0.0,1,0
Spain,Female,35.0,0.0,2,0
Spain,Male,37.0,0.0,2,0
Spain,Male,39.0,0.0,2,0
Spain,Male,35.0,0.0,2,0
Spain,Female,41.0,0.0,2,0
Spain,Male,43.0,0.0,2,0
Spain,Male,35.0,0.0,2,0
Spain,Male,47.0,89550.11,1,1
Spain,Female,40.0,129667.77,2,0
Spain,Female,54.0,0.0,3,1
Spain,Female,62.0,0.0,2,1
Spain,Male,23.0,0.0,2,0
Spain,Female,29.0,0.0,1,0
Spain,Female,32.0,70729.88,1,0
Spain,Female,39.0,109805.2,1,0
Spain,Male,37.0,121250.04,1,0
Spain,Male,40.0,0.0,2,0
Spain,Male,29.0,0.0,1,0
Spain,Male,25.0,0.0,2,0
Spain,Female,38.0,0.0,2,0
Spain,Male,39.0,145536.9,1,0
Spain,Male,55.0,0.0,1,0
Spain,Male,26.0,0.0,2,0
Spain,Male,41.0,0.0,2,0
Spain,Male,29.0,0.0,2,0
Spain,Male,22.0,126875.53,1,1
Spain,Male,44.0,0.0,2,0
Spain,Female,51.0,0.0,2,0
Spain,Female,38.0,0.0,2,0
Spain,Female,33.0,0.0,2,0
Spain,Female,32.0,0.0,2,0
Spain,Female,44.0,0.0,2,0
Spain,Female,31.0,0.0,2,0
Spain,Female,39.0,0.0,2,0
Spain,Female,44.0,0.0,1,1
Spain,Male,35.0,82845.24,1,0
Spain,Male,29.0,0.0,1,1
Spain,Female,28.0,0.0,2,0
Spain,Female,35.0,0.0,2,0
Spain,Male,37.0,0.0,1,0
Spain,Female,45.0,142880.28,3,1
Spain,Female,24.0,0.0,2,0
Spain,Female,26.0,0.0,1,0
Spain,Female,38.0,0.0,2,1
Spain,Male,30.0,145295.31,1,0
Spain,Male,37.0,0.0,2,0
Spain,Male,47.0,0.0,2,0
Spain,Male,41.0,0.0,2,0
Spain,Male,47.0,127937.42,1,0
Spain,Male,75.0,87140.85,1,0
Spain,Male,23.0,0.0,2,0
Spain,Male,40.0,98433.07,1,0
Spain,Male,48.0,0.0,1,0
Spain,Female,29.0,0.0,2,0
Spain,Female,71.0,0.0,2,0
Spain,Male,41.0,0.0,2,0
Spain,Male,42.0,0.0,1,1
Spain,Female,38.0,0.0,1,1
Spain,Female,44.0,200322.45,1,0
Spain,Male,32.0,0.0,2,0
Spain,Male,37.0,0.0,2,0
Spain,Male,34.0,133214.88,1,0
Spain,Female,52.0,91132.18,2,1
Spain,Female,39.0,0.0,2,0
Spain,Male,31.0,0.0,2,0
Spain,Male,28.0,0.0,2,0
Spain,Female,38.0,0.0,2,0
Spain,Male,29.0,143390.22,1,0
Spain,Male,27.0,0.0,2,0
Spain,Female,29.0,0.0,2,0
Spain,Male,22.0,0.0,2,0
Spain,Male,34.0,132576.75,1,0
Spain,Female,41.0,0.0,2,0
Spain,Female,27.0,104581.06,1,0
Spain,Male,35.0,0.0,1,0
Spain,Female,43.0,0.0,1,1
Spain,Male,50.0,0.0,1,1
Spain,Male,35.0,0.0,1,0
Spain,Female,56.0,106758.6,1,0
Spain,Male,43.0,0.0,2,0
Spain,Female,24.0,115074.02,1,0
Spain,Female,33.0,152264.81,1,0
Spain,Female,45.0,76968.61,1,1
Spain,Female,29.0,0.0,1,0
Spain,Female,43.0,130499.09,1,1
Spain,Female,39.0,0.0,2,0
Spain,Male,24.0,129855.72,1,1
Spain,Male,48.0,0.0,1,1
Spain,Female,31.0,0.0,2,0
Spain,Female,36.0,129901.06,1,0
Spain,Female,33.0,0.0,1,1
Spain,Female,56.0,0.0,1,1
Spain,Female,36.0,0.0,2,0
Spain,Male,25.0,0.0,2,0
Spain,Female,43.0,0.0,2,1
Spain,Female,39.0,128140.17,1,0
Spain,Female,34.0,0.0,2,0
Spain,Female,33.0,0.0,2,0
Spain,Male,25.0,0.0,2,0
Spain,Male,41.0,115462.09,2,0
Spain,Male,61.0,133040.38,1,1
Spain,Male,36.0,0.0,2,0
Spain,Male,39.0,0.0,1,0
Spain,Male,35.0,0.0,2,0
Spain,Male,37.0,0.0,3,1
Spain,Female,30.0,0.0,2,0
Spain,Male,36.0,0.0,2,0
Spain,Male,22.0,0.0,2,0
Spain,Female,40.0,150900.29,1,0
Spain,Female,29.0,0.0,2,0
Spain,Male,25.0,118623.14,1,0
Spain,Female,27.0,0.0,2,0
Spain,Male,36.0,0.0,2,0
Spain,Female,44.0,96951.1,2,0
Spain,Male,38.0,81273.13,1,1
Spain,Male,44.0,0.0,1,0
Spain,Male,36.0,93817.69,1,0
Spain,Female,40.0,99685.06,2,0
Spain,Female,43.0,0.0,2,0
Spain,Male,54.0,0.0,1,1
Spain,Male,36.0,0.0,2,0
Spain,Female,48.0,144855.34,1,1
Spain,Female,38.0,0.0,2,0
Spain,Female,31.0,0.0,2,0
Spain,Female,44.0,0.0,2,0
Spain,Female,26.0,0.0,2,0
Spain,Male,32.0,102562.88,1,0
Spain,Female,30.0,0.0,2,0
Spain,Male,38.0,0.0,2,0
Spain,Female,37.0,84560.04,2,0
Spain,Female,36.0,0.0,1,1
Spain,Male,45.0,0.0,2,0
Spain,Male,39.0,0.0,2,0
Spain,Male,51.0,144326.09,1,0
Spain,Male,34.0,0.0,2,0
Spain,Male,38.0,114609.55,2,0
Spain,Male,26.0,169023.33,1,0
Spain,Male,32.0,0.0,2,0
Spain,Male,55.0,0.0,1,1
Spain,Male,19.0,0.0,2,0
Spain,Male,32.0,0.0,2,0
Spain,Female,47.0,173340.2,1,1
Spain,Male,32.0,125536.13,1,0
Spain,Female,37.0,0.0,2,0
Spain,Female,30.0,0.0,2,0
Spain,Male,39.0,70417.84,2,0
Spain,Female,37.0,0.0,2,0
Spain,Male,41.0,72948.58,1,0
Spain,Male,44.0,122568.05,2,0
Spain,Male,37.0,168066.87,2,0
Spain,Female,50.0,0.0,2,0
Spain,Male,38.0,0.0,2,0
Spain,Male,24.0,0.0,1,0
Spain,Male,33.0,0.0,2,0
Spain,Male,29.0,0.0,2,0
Spain,Male,57.0,0.0,1,1
Spain,Female,32.0,0.0,2,0
Spain,Female,34.0,127815.56,1,0
Spain,Female,40.0,137776.15,1,0
Spain,Female,50.0,142644.64,1,1
Spain,Female,50.0,154872.08,1,1
Spain,Male,43.0,0.0,1,0
Spain,Male,35.0,98899.91,1,0
Spain,Female,39.0,82766.43,1,1
Spain,Female,37.0,163097.55,2,0
Spain,Female,34.0,127095.14,2,0
Spain,Female,35.0,0.0,2,0
Spain,Male,28.0,0.0,2,0
Spain,Male,39.0,131694.59,1,0
Spain,Male,40.0,115101.5,1,0
Spain,Male,36.0,0.0,2,0
Spain,Female,29.0,0.0,2,0
Spain,Female,29.0,0.0,2,0
Spain,Male,32.0,0.0,1,1
Spain,Female,57.0,0.0,3,1
Spain,Female,32.0,87814.89,1,0
Spain,Male,36.0,0.0,2,0
Spain,Male,32.0,92887.13,1,0
Spain,Male,47.0,0.0,2,0
Spain,Female,39.0,0.0,1,1
Spain,Female,35.0,0.0,2,0
Spain,Male,40.0,121286.54,1,0
Spain,Female,27.0,0.0,2,0
Spain,Female,33.0,0.0,2,0
Spain,Male,53.0,0.0,1,0
Spain,Female,28.0,0.0,2,0
Spain,Male,28.0,206014.94,2,0
Spain,Male,26.0,0.0,2,0
Spain,Female,43.0,156864.2,1,0
Spain,Male,57.0,0.0,2,0
Spain,Male,31.0,57929.81,2,1
Spain,Male,46.0,0.0,1,1
Spain,Male,47.0,0.0,2,0
Spain,Male,42.0,0.0,2,0
Spain,Male,43.0,153316.14,2,0
Spain,Male,33.0,206014.94,2,0
Spain,Male,30.0,146502.07,1,0
Spain,Male,33.0,106870.12,1,0
Spain,Male,34.0,0.0,1,0
Spain,Female,40.0,146345.52,1,0
Spain,Male,36.0,0.0,2,0
Spain,Male,29.0,127095.14,1,0
Spain,Male,29.0,0.0,2,0
Spain,Female,60.0,0.0,1,1
Spain,Female,42.0,0.0,2,1
Spain,Male,57.0,0.0,2,0
Spain,Male,41.0,0.0,1,0
Spain,Female,37.0,0.0,2,0
Spain,Female,60.0,0.0,2,1
Spain,Male,32.0,0.0,2,0
Spain,Male,29.0,0.0,2,0
Spain,Female,38.0,0.0,1,0
Spain,Female,26.0,137930.59,2,0
Spain,Female,32.0,0.0,2,0
Spain,Male,42.0,194532.66,1,0
Spain,Female,45.0,0.0,2,0
Spain,Male,21.0,178095.79,1,0
Spain,Female,41.0,0.0,2,0
Spain,Female,25.0,145731.83,2,0
Spain,Female,28.0,109958.15,1,1
Spain,Male,40.0,0.0,2,0
Spain,Male,30.0,0.0,1,0
Spain,Female,33.0,83415.04,2,0
Spain,Male,37.0,0.0,2,0
Spain,Female,40.0,102767.97,1,1
Spain,Male,38.0,0.0,2,0
Spain,Male,34.0,116662.96,2,0
Spain,Female,31.0,127570.93,1,0
Spain,Female,28.0,0.0,2,0
Spain,Male,35.0,0.0,2,0
Spain,Female,41.0,0.0,2,0
Spain,Female,33.0,143006.7,1,0
Spain,Male,28.0,0.0,1,0
Spain,Male,33.0,0.0,2,0
Spain,Female,33.0,187602.18,1,0
Spain,Male,37.0,0.0,2,0
Spain,Female,34.0,110219.41,1,0
Spain,Female,36.0,0.0,2,0
Spain,Male,38.0,81589.04,1,0
Spain,Female,32.0,0.0,2,0
Spain,Female,29.0,121215.43,1,0
Spain,Male,37.0,0.0,2,0
Spain,Male,34.0,0.0,2,0
Spain,Male,34.0,112465.19,1,0
Spain,Female,32.0,0.0,2,0
Spain,Female,33.0,0.0,2,0
Spain,Female,47.0,0.0,2,0
Spain,Male,33.0,0.0,2,0
Spain,Male,46.0,0.0,1,1
Spain,Female,44.0,0.0,2,0
Spain,Female,29.0,99610.89,1,0
Spain,Male,33.0,0.0,2,0
Spain,Male,39.0,0.0,1,0
Spain,Male,37.0,130274.22,1,0
Spain,Male,31.0,161546.68,2,0
Spain,Female,36.0,0.0,2,0
Spain,Female,40.0,91621.69,1,0
Spain,Male,39.0,0.0,2,0
Spain,Female,42.0,0.0,2,0
Spain,Female,33.0,0.0,2,0
Spain,Female,29.0,0.0,2,0
Spain,Female,40.0,0.0,1,1
Spain,Female,41.0,0.0,2,0
Spain,Female,33.0,0.0,2,0
Spain,Female,39.0,0.0,2,0
Spain,Female,35.0,0.0,2,0
Spain,Male,24.0,152657.65,2,1
Spain,Female,43.0,0.0,2,0
Spain,Male,36.0,132623.57,1,0
Spain,Male,44.0,0.0,1,0
Spain,Female,32.0,0.0,2,0
Spain,Male,47.0,143656.55,1,1
Spain,Female,35.0,0.0,1,1
Spain,Female,56.0,115518.46,3,1
Spain,Male,38.0,0.0,2,0
Spain,Female,35.0,86006.3,2,0
Spain,Female,32.0,0.0,1,0
Spain,Male,36.0,0.0,1,0
Spain,Male,58.0,0.0,1,0
Spain,Female,37.0,0.0,2,0
Spain,Male,40.0,0.0,2,0
Spain,Male,29.0,0.0,2,0
Spain,Male,31.0,0.0,2,0
Spain,Female,40.0,141786.78,1,1
Spain,Female,49.0,0.0,2,1
Spain,Male,33.0,148045.97,1,0
Spain,Female,31.0,0.0,2,0
Spain,Male,40.0,24043.45,1,1
Spain,Male,69.0,0.0,2,0
Spain,Female,51.0,0.0,2,0
Spain,Female,42.0,0.0,2,0
Spain,Male,27.0,103421.32,1,0
Spain,Female,47.0,95252.79,1,0
Spain,Male,28.0,0.0,2,0
Spain,Female,30.0,0.0,1,0
Spain,Female,35.0,0.0,1,0
Spain,Female,44.0,0.0,1,1
Spain,Female,36.0,0.0,2,0
Spain,Female,36.0,0.0,2,0
Spain,Male,31.0,0.0,1,0
Spain,Male,22.0,137852.96,1,0
Spain,Female,39.0,0.0,2,0
Spain,Male,35.0,0.0,2,0
Spain,Female,57.0,0.0,2,0
Spain,Female,29.0,0.0,2,0
Spain,Male,38.0,0.0,2,0
Spain,Female,39.0,0.0,2,0
Spain,Female,48.0,0.0,1,1
Spain,Female,30.0,102800.65,1,0
Spain,Female,29.0,0.0,2,0
Spain,Male,40.0,154962.99,1,0
Spain,Male,34.0,0.0,2,0
Spain,Male,36.0,0.0,2,0
Spain,Female,40.0,129824.4,1,0
Spain,Male,34.0,174060.46,1,0
Spain,Female,38.0,102772.67,1,0
Spain,Male,45.0,0.0,2,0
Spain,Female,44.0,0.0,1,1
Spain,Female,43.0,0.0,1,1
Spain,Male,45.0,0.0,3,1
Spain,Female,37.0,113674.05,1,0
Spain,Female,43.0,0.0,2,0
Spain,Female,32.0,125918.1,1,0
Spain,Male,29.0,0.0,2,0
Spain,Male,34.0,0.0,2,0
Spain,Male,39.0,0.0,2,0
Spain,Male,41.0,0.0,2,0
Spain,Male,28.0,0.0,1,0
Spain,Male,36.0,0.0,2,0
Spain,Female,30.0,0.0,1,0
Spain,Female,32.0,0.0,1,0
Spain,Male,36.0,0.0,2,0
Spain,Female,37.0,0.0,2,0
Spain,Male,27.0,0.0,2,0
Spain,Male,29.0,0.0,2,0
Spain,Male,47.0,0.0,1,0
Spain,Female,26.0,127864.62,1,0
Spain,Male,32.0,0.0,2,0
Spain,Female,34.0,83061.63,1,0
Spain,Female,26.0,124443.88,1,0
Spain,Male,36.0,0.0,2,0
Spain,Female,31.0,175443.75,1,1
Spain,Female,33.0,137388.01,2,0
Spain,Female,39.0,97378.54,1,0
Spain,Male,21.0,119556.98,2,0
Spain,Male,39.0,0.0,2,0
Spain,Male,35.0,0.0,1,0
Spain,Female,35.0,0.0,2,0
Spain,Female,62.0,0.0,2,0
Spain,Female,35.0,0.0,2,0
Spain,Male,29.0,0.0,2,0
Spain,Female,57.0,0.0,2,0
Spain,Male,34.0,0.0,2,0
Spain,Male,29.0,0.0,2,0
Spain,Female,45.0,0.0,4,1
Spain,Male,43.0,152303.8,1,0
Spain,Female,32.0,0.0,2,0
Spain,Male,35.0,138843.8,1,0
Spain,Male,35.0,125920.98,1,0
Spain,Female,33.0,0.0,1,0
Spain,Male,32.0,137102.71,1,0
Spain,Female,27.0,0.0,2,0
Spain,Female,23.0,143672.9,1,0
Spain,Female,40.0,155455.43,1,0
Spain,Female,41.0,129398.32,2,0
Spain,Male,44.0,0.0,2,0
Spain,Male,48.0,0.0,1,1
Spain,Male,58.0,0.0,2,0
Spain,Female,37.0,0.0,1,1
Spain,Male,38.0,0.0,2,0
Spain,Female,36.0,128663.39,1,0
Spain,Female,34.0,0.0,2,0
Spain,Male,36.0,0.0,1,0
Spain,Male,50.0,0.0,1,1
Spain,Male,39.0,0.0,1,0
Spain,Male,40.0,98400.61,1,0
Spain,Male,42.0,80780.16,1,1
Spain,Male,34.0,0.0,2,0
Spain,Male,41.0,0.0,2,0
Spain,Male,33.0,97408.03,1,0
Spain,Male,32.0,0.0,2,0
Spain,Female,44.0,0.0,2,1
Spain,Female,37.0,142989.69,1,0
Spain,Female,26.0,0.0,2,0
Spain,Female,57.0,0.0,1,0
Spain,Female,45.0,144837.74,1,1
Spain,Female,41.0,0.0,2,0
Spain,Female,42.0,0.0,2,0
Spain,Male,36.0,141234.98,1,0
Spain,Male,42.0,0.0,1,0
Spain,Male,29.0,0.0,2,0
Spain,Male,32.0,0.0,1,0
Spain,Male,34.0,0.0,2,0
Spain,Female,35.0,0.0,3,1
Spain,Male,22.0,112615.86,1,1
Spain,Female,58.0,133658.5,1,1
Spain,Male,30.0,157084.99,1,1
Spain,Male,33.0,118084.45,1,0
Spain,Female,39.0,0.0,1,1
Spain,Male,37.0,0.0,1,0
Spain,Male,49.0,0.0,1,1
Spain,Male,36.0,71083.98,1,0
Spain,Female,35.0,0.0,2,0
Spain,Female,43.0,0.0,1,1
Spain,Male,29.0,0.0,2,0
Spain,Male,40.0,95053.1,2,0
Spain,Female,38.0,0.0,2,0
Spain,Female,33.0,63663.93,1,0
Spain,Male,22.0,79468.96,1,1
Spain,Male,35.0,0.0,2,0
Spain,Male,41.0,0.0,2,0
Spain,Female,51.0,0.0,3,1
Spain,Male,52.0,0.0,2,0
Spain,Male,26.0,0.0,2,0
Spain,Male,41.0,125889.3,1,0
Spain,Male,33.0,146777.44,1,0
Spain,Male,41.0,0.0,2,0
Spain,Male,46.0,170840.08,1,1
Spain,Female,58.0,0.0,2,1
Spain,Male,44.0,0.0,1,1
Spain,Female,35.0,0.0,2,0
Spain,Male,25.0,0.0,2,0
Spain,Male,24.0,143656.55,2,0
Spain,Female,35.0,0.0,2,0
Spain,Female,38.0,135942.24,1,0
Spain,Female,48.0,0.0,1,0
Spain,Male,61.0,126606.63,1,0
Spain,Male,42.0,0.0,2,0
Spain,Female,40.0,123906.55,1,0
Spain,Male,39.0,129289.98,1,0
Spain,Male,25.0,0.0,2,0
Spain,Female,28.0,73344.14,1,0
Spain,Female,31.0,0.0,1,1
Spain,Female,31.0,0.0,1,1
Spain,Male,38.0,0.0,2,0
Spain,Female,45.0,0.0,1,1
Spain,Male,38.0,141581.04,1,0
Spain,Male,30.0,97792.21,1,0
Spain,Male,35.0,0.0,2,0
Spain,Female,41.0,0.0,2,0
Spain,Female,24.0,0.0,2,0
Spain,Male,56.0,0.0,2,0
Spain,Male,30.0,100238.35,1,0
Spain,Female,29.0,127773.55,1,0
Spain,Female,56.0,0.0,1,1
Spain,Male,46.0,0.0,2,0
Spain,Female,40.0,148884.47,2,1
Spain,Male,26.0,115651.6,1,0
Spain,Female,22.0,0.0,4,1
Spain,Female,50.0,113873.22,1,0
Spain,Male,33.0,0.0,2,0
Spain,Male,40.0,0.0,2,0
Spain,Male,50.0,142931.74,1,1
Spain,Male,38.0,0.0,2,0
Spain,Male,41.0,0.0,2,0
Spain,Female,59.0,0.0,1,1
Spain,Male,46.0,0.0,1,1
Spain,Female,23.0,165272.13,1,0
Spain,Female,27.0,0.0,2,0
Spain,Male,39.0,0.0,2,0
Spain,Male,31.0,0.0,1,0
Spain,Female,28.0,0.0,2,0
Spain,Male,37.0,132312.66,2,0
Spain,Male,34.0,0.0,2,0
Spain,Male,39.0,0.0,2,0
Spain,Male,36.0,0.0,2,0
Spain,Male,40.0,91285.37,1,0
Spain,Male,41.0,0.0,2,0
Spain,Male,37.0,0.0,2,0
Spain,Male,35.0,74371.49,1,0
Spain,Male,28.0,0.0,2,0
Spain,Male,35.0,0.0,1,0
Spain,Male,38.0,0.0,1,1
Spain,Male,33.0,0.0,2,0
Spain,Male,34.0,117578.35,1,0
Spain,Male,37.0,151218.98,1,0
Spain,Female,44.0,152309.13,2,0
Spain,Male,32.0,110929.52,1,0
Spain,Male,43.0,0.0,1,1
Spain,Male,25.0,109342.82,1,0
Spain,Male,32.0,0.0,2,0
Spain,Female,29.0,0.0,2,0
Spain,Male,35.0,0.0,2,0
Spain,Female,25.0,120150.19,2,0
Spain,Female,34.0,143962.16,1,0
Spain,Male,53.0,0.0,2,0
Spain,Male,37.0,113882.33,1,0
Spain,Female,50.0,0.0,1,1
Spain,Male,44.0,81732.82,1,0
Spain,Female,41.0,172478.81,1,0
Spain,Female,34.0,122021.92,1,1
Spain,Male,41.0,0.0,2,0
Spain,Female,26.0,141665.55,1,0
Spain,Female,54.0,0.0,2,0
Spain,Female,33.0,71460.67,1,0
Spain,Male,36.0,0.0,1,0
Spain,Male,38.0,0.0,1,0
Spain,Male,27.0,147069.78,1,0
Spain,Male,45.0,0.0,1,1
Spain,Male,48.0,0.0,2,0
Spain,Male,31.0,0.0,2,0
Spain,Female,47.0,0.0,2,0
Spain,Female,32.0,0.0,1,0
Spain,Female,29.0,0.0,2,0
Spain,Female,34.0,0.0,1,0
Spain,Male,29.0,0.0,1,0
Spain,Male,33.0,0.0,2,0
Spain,Male,28.0,61671.19,2,0
Spain,Female,47.0,0.0,2,0
Spain,Male,36.0,0.0,2,0
Spain,Female,37.0,0.0,2,0
Spain,Female,33.0,0.0,2,0
Spain,Male,31.0,0.0,2,0
Spain,Female,34.0,83549.3,1,0
Spain,Male,30.0,0.0,2,0
Spain,Female,29.0,116805.82,2,0
Spain,Male,42.0,132571.67,2,0
Spain,Male,29.0,0.0,1,0
Spain,Male,38.0,118537.57,1,0
Spain,Female,37.0,0.0,1,0
Spain,Male,35.0,0.0,1,1
Spain,Male,35.0,0.0,2,0
Spain,Male,51.0,0.0,1,1
Spain,Male,29.0,167878.5,2,0
Spain,Female,40.0,155414.66,1,1
Spain,Female,50.0,126689.72,1,0
Spain,Female,44.0,0.0,2,0
Spain,Male,29.0,0.0,2,0
Spain,Male,29.0,0.0,2,0
Spain,Male,38.0,143636.52,1,0
Spain,Female,37.0,105209.56,2,0
Spain,Female,21.0,122446.61,2,0
Spain,Male,34.0,0.0,2,0
Spain,Female,60.0,0.0,1,1
Spain,Male,41.0,0.0,1,0
Spain,Male,40.0,0.0,2,0
Spain,Male,36.0,0.0,2,0
Spain,Male,30.0,121173.83,1,0
Spain,Female,33.0,88798.34,1,0
Spain,Male,26.0,0.0,2,0
Spain,Male,22.0,131363.89,1,0
Spain,Female,39.0,0.0,1,1
Spain,Male,34.0,0.0,1,0
Spain,Female,33.0,0.0,2,0
Spain,Male,39.0,0.0,2,0
Spain,Female,39.0,0.0,2,0
Spain,Male,34.0,0.0,2,0
Spain,Female,38.0,75212.28,2,0
Spain,Male,39.0,135650.88,1,0
Spain,Male,33.0,0.0,2,0
Spain,Female,50.0,100895.54,1,1
Spain,Female,45.0,0.0,1,1
Spain,Male,60.0,0.0,2,0
Spain,Male,41.0,0.0,2,0
Spain,Male,42.0,0.0,2,0
Spain,Male,37.0,0.0,2,0
Spain,Female,32.0,0.0,2,0
Spain,Female,41.0,163715.86,1,0
Spain,Male,33.0,76548.6,1,1
Spain,Female,36.0,0.0,2,0
Spain,Male,41.0,97792.21,1,0
Spain,Female,33.0,0.0,2,0
Spain,Female,41.0,0.0,2,0
Spain,Male,36.0,0.0,2,0
Spain,Male,48.0,0.0,2,0
Spain,Female,63.0,0.0,2,0
Spain,Male,36.0,0.0,2,0
Spain,Female,35.0,0.0,2,0
Spain,Female,39.0,207034.96,1,1
Spain,Female,42.0,0.0,1,0
Spain,Male,32.0,0.0,2,0
Spain,Female,32.0,0.0,2,0
Spain,Male,34.0,142929.16,1,0
Spain,Male,32.0,0.0,1,0
Spain,Female,47.0,63488.7,1,1
Spain,Female,36.0,140197.18,1,0
Spain,Female,26.0,135889.13,1,0
Spain,Male,32.0,0.0,2,0
Spain,Female,39.0,0.0,2,0
Spain,Male,33.0,0.0,2,0
Spain,Male,30.0,128065.12,1,0
Spain,Male,40.0,97700.02,1,0
Spain,Female,37.0,111739.6,2,0
Spain,Male,39.0,0.0,2,0
Spain,Female,39.0,0.0,1,0
Spain,Female,37.0,116805.72,1,0
Spain,Male,33.0,90971.85,1,0
Spain,Male,38.0,0.0,2,0
Spain,Male,38.0,0.0,2,0
Spain,Male,33.0,0.0,2,0
Spain,Male,43.0,0.0,2,1
Spain,Female,50.0,0.0,2,1
Spain,Female,40.0,0.0,2,0
Spain,Female,38.0,0.0,2,0
Spain,Female,20.0,0.0,2,0
Spain,Male,46.0,0.0,1,1
Spain,Male,26.0,0.0,2,0
Spain,Female,26.0,150795.79,1,0
Spain,Male,43.0,141528.88,1,0
Spain,Female,38.0,0.0,2,0
Spain,Female,46.0,0.0,2,1
Spain,Male,26.0,0.0,2,0
Spain,Male,38.0,0.0,2,0
Spain,Male,24.0,0.0,1,0
Spain,Male,42.0,0.0,1,0
Spain,Female,38.0,0.0,2,0
Spain,Male,36.0,0.0,2,0
Spain,Male,36.0,0.0,2,0
Spain,Male,27.0,117733.8,1,0
Spain,Male,39.0,0.0,3,1
Spain,Male,44.0,0.0,1,0
Spain,Male,34.0,73194.52,2,0
Spain,Male,41.0,0.0,2,0
Spain,Female,26.0,76554.06,2,0
Spain,Male,39.0,121207.31,1,0
Spain,Male,34.0,0.0,2,0
Spain,Male,51.0,0.0,2,0
Spain,Female,45.0,152265.66,1,1
Spain,Male,61.0,0.0,1,1
Spain,Female,31.0,0.0,2,0
Spain,Female,35.0,0.0,2,0
Spain,Male,31.0,0.0,2,0
Spain,Female,28.0,99705.69,1,0
Spain,Male,24.0,116084.32,1,0
Spain,Female,35.0,167455.66,2,1
Spain,Male,35.0,106596.22,1,0
Spain,Male,38.0,0.0,2,0
Spain,Male,37.0,106968.96,1,0
Spain,Female,42.0,0.0,2,0
Spain,Female,45.0,0.0,2,1
Spain,Male,35.0,0.0,1,0
Spain,Male,61.0,0.0,3,1
Spain,Male,33.0,0.0,2,0
Spain,Male,40.0,0.0,2,0
Spain,Female,33.0,151801.44,2,0
Spain,Male,32.0,0.0,2,0
Spain,Male,40.0,103023.26,1,0
Spain,Male,32.0,139930.22,1,0
Spain,Female,33.0,0.0,2,0
Spain,Male,33.0,137843.0,1,0
Spain,Female,31.0,0.0,2,0
Spain,Male,40.0,0.0,2,0
Spain,Female,45.0,0.0,2,0
Spain,Male,34.0,85141.79,1,0
Spain,Female,60.0,0.0,2,0
Spain,Female,49.0,83888.54,1,1
Spain,Female,32.0,0.0,2,0
Spain,Male,33.0,184552.68,2,0
Spain,Male,46.0,0.0,2,0
Spain,Male,31.0,0.0,1,0
Spain,Male,22.0,161628.66,1,0
Spain,Male,31.0,0.0,2,0
Spain,Female,38.0,0.0,2,0
Spain,Female,32.0,0.0,2,0
Spain,Female,31.0,145874.35,1,0
Spain,Male,37.0,0.0,1,1
Spain,Male,37.0,0.0,2,0
Spain,Male,28.0,159900.38,1,0
Spain,Male,35.0,0.0,2,0
Spain,Male,31.0,0.0,2,0
Spain,Female,44.0,0.0,2,0
Spain,Female,33.0,0.0,2,0
Spain,Male,37.0,165896.22,2,0
Spain,Male,38.0,0.0,2,0
Spain,Male,38.0,0.0,1,0
Spain,Male,37.0,0.0,1,0
Spain,Male,44.0,0.0,2,0
Spain,Female,30.0,0.0,2,0
Spain,Male,33.0,137842.76,1,0
Spain,Female,30.0,0.0,2,0
Spain,Female,38.0,0.0,2,0
Spain,Male,30.0,0.0,1,0
Spain,Male,28.0,0.0,1,0
Spain,Male,38.0,0.0,2,0
Spain,Female,28.0,0.0,2,0
Spain,Male,35.0,0.0,2,0
Spain,Male,32.0,0.0,2,0
Spain,Female,50.0,0.0,1,1
Spain,Male,38.0,0.0,1,0
Spain,Male,35.0,0.0,1,0
Spain,Female,46.0,0.0,2,0
Spain,Female,27.0,0.0,2,0
Spain,Male,29.0,62974.64,1,0
Spain,Male,42.0,105021.28,1,1
Spain,Male,45.0,63609.92,1,0
Spain,Male,42.0,0.0,2,0
Spain,Female,45.0,114779.35,2,1
Spain,Female,36.0,103873.39,1,0
Spain,Male,39.0,0.0,1,0
Spain,Female,43.0,0.0,2,0
Spain,Female,32.0,0.0,2,0
Spain,Male,31.0,140956.99,1,0
Spain,Male,38.0,96694.55,1,0
Spain,Male,36.0,0.0,2,0
Spain,Female,42.0,0.0,1,1
Spain,Female,40.0,0.0,2,0
Spain,Female,43.0,0.0,2,0
Spain,Female,34.0,128929.88,1,0
Spain,Male,35.0,0.0,2,0
Spain,Female,34.0,82482.97,1,0
Spain,Male,36.0,0.0,2,0
Spain,Male,33.0,72835.56,2,0
Spain,Male,46.0,0.0,1,1
Spain,Male,42.0,0.0,2,0
Spain,Female,29.0,0.0,2,0
Spain,Female,46.0,67563.31,1,1
Spain,Female,49.0,0.0,1,1
Spain,Female,47.0,0.0,1,1
Spain,Male,39.0,0.0,2,0
Spain,Male,36.0,130929.02,1,0
Spain,Female,33.0,0.0,2,0
Spain,Female,46.0,69311.16,1,0
Spain,Male,26.0,118287.01,2,0
Spain,Male,36.0,0.0,2,0
Spain,Female,18.0,151955.65,2,0
Spain,Male,48.0,0.0,1,1
Spain,Female,33.0,0.0,2,0
Spain,Male,32.0,162482.75,1,0
Spain,Female,37.0,141099.43,1,0
Spain,Male,33.0,0.0,2,0
Spain,Male,31.0,0.0,1,0
Spain,Female,41.0,0.0,2,1
Spain,Male,36.0,0.0,2,0
Spain,Female,32.0,139840.36,1,1
Spain,Male,49.0,103302.37,1,0
Spain,Male,32.0,155619.36,1,0
Spain,Male,30.0,0.0,2,0
Spain,Male,25.0,0.0,1,1
Spain,Female,32.0,139542.83,1,0
Spain,Female,31.0,0.0,2,0
Spain,Male,39.0,170288.38,1,0
Spain,Female,54.0,95830.43,1,1
Spain,Male,33.0,0.0,2,0
Spain,Male,44.0,0.0,2,0
Spain,Male,29.0,0.0,1,0
Spain,Male,32.0,0.0,2,0
Spain,Female,39.0,0.0,1,1
Spain,Female,51.0,107798.85,1,1
Spain,Male,35.0,0.0,1,0
Spain,Male,34.0,0.0,2,0
Spain,Female,40.0,0.0,2,0
Spain,Male,29.0,101993.12,1,0
Spain,Male,32.0,0.0,2,0
Spain,Female,36.0,0.0,2,0
Spain,Male,36.0,133658.24,1,0
Spain,Male,40.0,90593.17,1,0
Spain,Male,35.0,0.0,2,0
Spain,Male,39.0,111096.91,1,0
Spain,Male,32.0,123912.78,1,0
Spain,Female,41.0,0.0,2,0
Spain,Female,38.0,0.0,2,0
Spain,Female,35.0,0.0,2,0
Spain,Female,31.0,125175.58,1,0
Spain,Female,33.0,0.0,1,0
Spain,Female,34.0,0.0,2,0
Spain,Female,37.0,0.0,1,1
Spain,Male,35.0,0.0,2,0
Spain,Male,40.0,0.0,2,0
Spain,Male,40.0,0.0,1,0
Spain,Male,50.0,0.0,3,1
Spain,Male,28.0,134760.21,2,0
Spain,Male,30.0,0.0,2,0
Spain,Male,37.0,0.0,2,0
Spain,Male,35.0,132576.25,1,0
Spain,Male,55.0,0.0,1,0
Spain,Male,39.0,100446.57,1,0
Spain,Male,37.0,0.0,2,0
Spain,Male,28.0,87873.39,1,0
Spain,Female,36.0,0.0,2,1
Spain,Male,37.0,0.0,2,0
Spain,Male,35.0,0.0,1,1
Spain,Male,36.0,0.0,1,1
Spain,Male,25.0,0.0,2,0
Spain,Male,30.0,0.0,2,0
Spain,Male,24.0,102984.91,1,0
Spain,Male,41.0,132838.07,1,0
Spain,Male,39.0,82255.51,1,0
Spain,Female,33.0,76595.95,1,0
Spain,Male,46.0,0.0,1,1
Spain,Female,27.0,100912.19,1,1
Spain,Male,64.0,0.0,1,0
Spain,Female,27.0,141782.57,1,0
Spain,Female,38.0,150200.23,1,0
Spain,Female,37.0,0.0,2,0
Spain,Female,43.0,0.0,2,0
Spain,Female,43.0,0.0,2,0
Spain,Male,32.0,0.0,2,0
Spain,Female,37.0,0.0,2,0
Spain,Male,33.0,0.0,2,0
Spain,Male,59.0,0.0,1,0
Spain,Male,34.0,0.0,1,0
Spain,Male,38.0,186825.57,2,0
Spain,Female,40.0,168964.77,1,1
Spain,Male,38.0,0.0,2,0
Spain,Male,37.0,0.0,1,0
Spain,Male,40.0,0.0,2,0
Spain,Male,43.0,0.0,2,0
Spain,Male,38.0,122552.51,1,0
Spain,Male,33.0,0.0,2,0
Spain,Male,32.0,0.0,2,0
Spain,Female,36.0,107784.65,1,0
Spain,Male,46.0,137933.39,1,0
Spain,Female,24.0,129502.42,1,0
Spain,Male,34.0,0.0,2,0
Spain,Male,38.0,139561.55,1,0
Spain,Female,41.0,85660.96,3,1
Spain,Male,30.0,0.0,1,0
Spain,Male,39.0,0.0,2,0
Spain,Female,34.0,0.0,2,0
Spain,Male,25.0,0.0,3,0
Spain,Male,36.0,0.0,2,0
Spain,Male,31.0,0.0,2,0
Spain,Female,45.0,0.0,2,0
Spain,Male,36.0,0.0,2,0
Spain,Male,42.0,97792.21,1,0
Spain,Male,39.0,129574.98,2,0
Spain,Female,43.0,0.0,2,0
Spain,Male,38.0,57745.76,1,0
Spain,Female,37.0,0.0,2,0
Spain,Male,31.0,122552.34,1,0
Spain,Male,33.0,0.0,2,0
Spain,Female,53.0,0.0,1,0
Spain,Female,71.0,0.0,2,0
Spain,Male,37.0,65733.35,1,0
Spain,Female,45.0,135923.16,1,1
Spain,Male,37.0,0.0,1,0
Spain,Female,39.0,111629.29,1,0
Spain,Female,51.0,0.0,2,0
Spain,Female,39.0,0.0,2,0
Spain,Male,36.0,0.0,1,1
Spain,Male,38.0,0.0,2,0
Spain,Female,37.0,131283.96,1,0
Spain,Male,25.0,0.0,2,0
Spain,Male,40.0,0.0,2,0
Spain,Male,36.0,0.0,1,0
Spain,Female,31.0,0.0,2,0
Spain,Male,31.0,0.0,2,0
Spain,Male,35.0,119939.3,1,0
Spain,Male,41.0,0.0,2,0
Spain,Female,29.0,0.0,2,0
Spain,Male,37.0,0.0,2,0
Spain,Male,31.0,0.0,2,0
Spain,Male,39.0,130786.92,1,1
Spain,Male,44.0,0.0,2,0
Spain,Female,45.0,119799.27,3,1
Spain,Male,31.0,0.0,2,0
Spain,Female,39.0,0.0,2,0
Spain,Female,35.0,0.0,2,0
Spain,Male,32.0,134794.02,1,0
Spain,Female,51.0,76510.52,1,1
Spain,Male,30.0,0.0,2,0
Spain,Male,25.0,0.0,2,0
Spain,Female,32.0,121629.22,1,0
Spain,Female,45.0,0.0,2,0
Spain,Female,59.0,0.0,2,0
Spain,Male,32.0,0.0,2,0
Spain,Female,32.0,0.0,2,0
Spain,Male,32.0,142412.43,1,0
Spain,Male,36.0,0.0,3,1
Spain,Male,32.0,154485.74,1,0
Spain,Female,39.0,107714.65,1,0
Spain,Female,35.0,0.0,2,0
Spain,Female,51.0,125997.53,1,0
Spain,Female,38.0,0.0,2,0
Spain,Female,35.0,83338.75,1,0
Spain,Male,38.0,0.0,2,0
Spain,Female,37.0,95859.71,1,0
Spain,Female,38.0,0.0,2,0
Spain,Male,35.0,0.0,2,0
Spain,Male,39.0,0.0,2,0
Spain,Male,29.0,94222.53,2,0
Spain,Female,37.0,152303.8,1,0
Spain,Female,26.0,97786.32,1,0
Spain,Male,37.0,120764.07,4,1
Spain,Female,36.0,0.0,2,0
Spain,Male,32.0,161628.66,2,0
Spain,Male,24.0,177799.83,2,0
Spain,Female,35.0,119565.92,1,0
Spain,Female,26.0,135889.13,3,1
Spain,Male,39.0,146050.65,1,0
Spain,Female,39.0,0.0,2,0
Spain,Female,30.0,87739.08,1,0
Spain,Female,34.0,86893.28,1,0
Spain,Female,34.0,0.0,2,0
Spain,Male,33.0,0.0,2,0
Spain,Female,35.0,0.0,2,0
Spain,Male,51.0,0.0,2,0
Spain,Female,33.0,0.0,2,0
Spain,Male,34.0,123943.54,1,0
Spain,Male,38.0,98955.13,1,0
Spain,Male,59.0,0.0,2,0
Spain,Male,37.0,0.0,2,0
Spain,Female,32.0,156812.71,1,0
Spain,Male,47.0,91091.06,1,0
Spain,Male,41.0,0.0,1,1
Spain,Female,29.0,129731.64,1,1
Spain,Male,40.0,0.0,1,1
Spain,Male,32.0,0.0,1,0
Spain,Male,33.0,0.0,1,0
Spain,Male,57.0,0.0,2,0
Spain,Male,42.0,0.0,2,0
Spain,Female,25.0,0.0,2,0
Spain,Female,43.0,145081.72,1,0
Spain,Female,35.0,0.0,2,0
Spain,Male,27.0,0.0,1,0
Spain,Female,44.0,141461.07,1,0
Spain,Male,40.0,99162.29,1,0
Spain,Male,31.0,141541.25,1,0
Spain,Male,40.0,0.0,2,0
Spain,Female,38.0,0.0,2,0
Spain,Male,39.0,133550.74,1,0
Spain,Male,62.0,0.0,1,1
Spain,Female,59.0,0.0,1,0
Spain,Male,46.0,0.0,2,0
Spain,Female,35.0,0.0,2,0
Spain,Female,36.0,0.0,2,0
Spain,Male,43.0,0.0,3,1
Spain,Female,42.0,142688.57,1,1
Spain,Female,34.0,0.0,2,0
Spain,Male,62.0,0.0,2,0
Spain,Male,42.0,0.0,2,0
Spain,Male,48.0,0.0,2,0
Spain,Female,37.0,0.0,1,0
Spain,Male,30.0,0.0,1,0
Spain,Male,42.0,97331.19,1,0
Spain,Female,41.0,0.0,2,0
Spain,Female,32.0,0.0,2,0
Spain,Male,32.0,134896.03,1,0
Spain,Female,34.0,109783.69,2,0
Spain,Female,35.0,0.0,2,0
Spain,Female,45.0,0.0,2,1
Spain,Male,36.0,0.0,1,1
Spain,Female,28.0,124365.29,1,0
Spain,Male,25.0,0.0,2,0
Spain,Male,29.0,0.0,2,0
Spain,Female,43.0,0.0,2,0
Spain,Male,27.0,107948.59,2,0
Spain,Male,35.0,0.0,2,0
Spain,Female,21.0,0.0,2,0
Spain,Male,39.0,0.0,2,0
Spain,Female,35.0,0.0,1,1
Spain,Male,34.0,0.0,2,0
Spain,Male,39.0,0.0,2,0
Spain,Male,48.0,0.0,2,0
Spain,Male,39.0,132876.08,1,0
Spain,Male,38.0,0.0,2,0
Spain,Female,39.0,0.0,2,0
Spain,Female,37.0,0.0,2,0
Spain,Female,30.0,106261.63,1,0
Spain,Male,39.0,152309.18,1,0
Spain,Male,29.0,0.0,2,0
Spain,Male,26.0,151510.17,2,0
Spain,Male,36.0,153340.12,1,0
Spain,Male,45.0,0.0,2,0
Spain,Female,38.0,0.0,1,0
Spain,Female,38.0,0.0,1,0
Spain,Female,29.0,0.0,2,0
Spain,Female,36.0,0.0,2,0
Spain,Female,35.0,163601.01,1,0
Spain,Male,29.0,0.0,2,0
Spain,Male,34.0,147910.07,1,0
Spain,Female,56.0,0.0,1,1
Spain,Male,25.0,96950.21,1,0
Spain,Male,39.0,120599.38,1,0
Spain,Male,33.0,0.0,2,0
Spain,Male,40.0,0.0,2,0
Spain,Male,29.0,0.0,2,0
Spain,Male,45.0,0.0,2,0
Spain,Female,38.0,0.0,1,1
Spain,Female,38.0,105617.73,1,1
Spain,Female,38.0,0.0,2,0
Spain,Male,48.0,142905.51,1,0
Spain,Male,31.0,0.0,2,0
Spain,Male,51.0,0.0,3,1
Spain,Male,48.0,107073.27,1,1
Spain,Female,31.0,0.0,2,0
Spain,Male,34.0,0.0,2,0
Spain,Female,31.0,0.0,2,0
Spain,Male,41.0,0.0,2,0
Spain,Male,33.0,0.0,2,0
Spain,Male,38.0,0.0,2,0
Spain,Male,29.0,0.0,2,0
Spain,Female,37.0,168066.87,1,1
Spain,Male,40.0,113348.14,1,0
Spain,Female,38.0,0.0,1,1
Spain,Female,35.0,84474.62,2,0
Spain,Female,37.0,0.0,1,0
Spain,Female,26.0,0.0,2,0
Spain,Male,35.0,148042.97,1,0
Spain,Male,41.0,0.0,2,0
Spain,Male,26.0,132944.53,1,0
Spain,Male,59.0,0.0,1,0
Spain,Female,35.0,0.0,2,0
Spain,Male,46.0,0.0,1,1
Spain,Male,37.0,113522.52,1,0
Spain,Male,33.0,0.0,2,0
Spain,Male,32.0,0.0,2,0
Spain,Male,38.0,98926.15,1,0
Spain,Female,34.0,0.0,2,0
Spain,Male,30.0,0.0,2,0
Spain,Male,39.0,0.0,2,0
Spain,Female,29.0,0.0,2,0
Spain,Male,26.0,0.0,2,0
Spain,Male,26.0,0.0,2,0
Spain,Male,45.0,83888.54,2,0
Spain,Male,54.0,0.0,1,0
Spain,Male,49.0,133686.52,1,1
Spain,Female,47.0,0.0,2,0
Spain,Male,35.0,143390.07,1,0
Spain,Male,40.0,120811.08,1,0
Spain,Male,22.0,83181.29,1,0
Spain,Female,34.0,0.0,2,0
Spain,Male,41.0,0.0,1,0
Spain,Male,43.0,0.0,2,0
Spain,Female,46.0,0.0,1,1
Spain,Female,42.0,0.0,2,0
Spain,Female,29.0,0.0,1,0
Spain,Male,27.0,0.0,1,0
Spain,Male,26.0,153455.72,2,0
Spain,Female,42.0,0.0,1,0
Spain,Male,34.0,0.0,2,0
Spain,Female,45.0,125130.28,2,0
Spain,Female,33.0,0.0,1,1
Spain,Female,29.0,0.0,2,0
Spain,Female,34.0,0.0,1,0
Spain,Male,41.0,142658.04,2,0
Spain,Male,37.0,102800.72,1,0
Spain,Male,32.0,0.0,1,0
Spain,Male,33.0,0.0,2,0
Spain,Female,28.0,0.0,2,0
Spain,Female,39.0,0.0,2,0
Spain,Female,22.0,0.0,2,0
Spain,Female,39.0,107868.14,2,0
Spain,Female,34.0,0.0,2,0
Spain,Male,35.0,125920.98,1,1
Spain,Male,35.0,0.0,2,0
Spain,Male,32.0,110717.69,1,0
Spain,Male,35.0,95760.2,1,0
Spain,Female,57.0,0.0,3,0
Spain,Male,38.0,0.0,1,0
Spain,Male,36.0,135756.96,1,0
Spain,Male,31.0,0.0,1,0
Spain,Male,23.0,96654.76,1,0
Spain,Female,37.0,0.0,3,0
Spain,Male,34.0,172170.36,2,0
Spain,Female,35.0,126619.27,1,0
Spain,Male,32.0,0.0,2,0
Spain,Male,48.0,0.0,2,0
Spain,Male,26.0,133436.52,1,0
Spain,Male,39.0,0.0,2,0
Spain,Female,36.0,0.0,2,0
Spain,Male,34.0,133835.28,1,0
Spain,Male,38.0,0.0,1,0
Spain,Female,42.0,156371.61,2,1
Spain,Female,36.0,0.0,1,1
Spain,Male,34.0,91285.13,1,0
Spain,Male,32.0,0.0,2,0
Spain,Male,32.0,145987.06,1,0
Spain,Female,43.0,170826.07,2,0
Spain,Male,50.0,121235.05,1,0
Spain,Male,30.0,0.0,1,0
Spain,Male,29.0,0.0,2,0
Spain,Female,40.0,0.0,2,0
Spain,Male,24.0,171922.72,2,0
Spain,Male,49.0,174853.46,1,1
Spain,Male,42.0,0.0,1,0
Spain,Female,37.0,124140.57,2,0
Spain,Male,27.0,121451.75,1,0
Spain,Male,37.0,0.0,2,0
Spain,Male,28.0,0.0,1,0
Spain,Female,35.0,141356.43,2,0
Spain,Male,39.0,0.0,2,0
Spain,Male,33.0,0.0,2,0
Spain,Male,27.0,0.0,2,0
Spain,Female,35.0,108019.27,2,1
Spain,Female,35.0,0.0,2,0
Spain,Male,38.0,120530.33,2,0
Spain,Male,33.0,112930.52,2,0
Spain,Male,32.0,123889.39,1,0
Spain,Female,40.0,119009.25,2,0
Spain,Male,23.0,0.0,1,0
Spain,Female,31.0,0.0,2,0
Spain,Female,39.0,0.0,1,1
Spain,Female,29.0,0.0,1,0
Spain,Female,26.0,150186.89,2,0
Spain,Female,28.0,0.0,2,0
Spain,Male,36.0,152341.59,1,0
Spain,Male,44.0,0.0,2,0
Spain,Male,31.0,0.0,2,0
Spain,Male,41.0,0.0,2,0
Spain,Male,40.0,0.0,1,0
Spain,Male,43.0,98546.29,1,0
Spain,Female,36.0,0.0,2,0
Spain,Female,26.0,0.0,2,0
Spain,Female,30.0,0.0,1,0
Spain,Female,39.0,0.0,2,0
Spain,Male,27.0,110666.29,1,0
Spain,Female,39.0,0.0,1,0
Spain,Female,67.0,0.0,2,0
Spain,Female,39.0,0.0,2,0
Spain,Male,59.0,101430.8,3,1
Spain,Male,42.0,179305.09,1,0
Spain,Male,36.0,163657.64,2,0
Spain,Female,48.0,115290.27,1,0
Spain,Male,46.0,0.0,1,1
Spain,Male,59.0,155766.05,1,0
Spain,Male,36.0,0.0,2,0
Spain,Male,53.0,0.0,2,0
Spain,Male,35.0,0.0,2,0
Spain,Male,20.0,86102.27,2,0
Spain,Male,45.0,0.0,2,1
Spain,Female,52.0,0.0,1,1
Spain,Male,36.0,92599.55,2,1
Spain,Male,43.0,116326.07,1,0
Spain,Female,29.0,0.0,2,0
Spain,Male,39.0,0.0,1,0
Spain,Male,33.0,0.0,2,0
Spain,Male,34.0,167962.7,1,0
Spain,Female,69.0,137453.43,1,0
Spain,Male,40.0,0.0,2,0
Spain,Female,56.0,0.0,1,1
Spain,Female,25.0,0.0,2,0
Spain,Female,33.0,0.0,2,0
Spain,Male,37.0,0.0,2,0
Spain,Female,41.0,133313.38,1,0
Spain,Male,57.0,0.0,1,1
Spain,Female,29.0,83548.33,1,0
Spain,Female,54.0,0.0,1,1
Spain,Female,34.0,0.0,2,0
Spain,Male,42.0,0.0,2,0
Spain,Male,36.0,96863.58,1,0
Spain,Female,39.0,0.0,1,0
Spain,Female,46.0,139859.54,1,0
Spain,Female,39.0,0.0,2,0
Spain,Female,37.0,160761.41,1,0
Spain,Male,38.0,0.0,2,0
Spain,Male,38.0,113607.47,1,0
Spain,Male,46.0,0.0,2,1
Spain,Female,37.0,0.0,2,0
Spain,Male,37.0,0.0,2,0
Spain,Male,27.0,141616.55,1,0
Spain,Female,43.0,0.0,2,0
Spain,Male,42.0,0.0,2,0
Spain,Female,40.0,0.0,2,0
Spain,Female,32.0,0.0,2,0
Spain,Male,30.0,0.0,2,0
Spain,Male,33.0,81844.81,1,0
Spain,Female,43.0,160474.59,2,0
Spain,Female,40.0,109632.85,1,0
Spain,Male,37.0,0.0,2,0
Spain,Male,37.0,0.0,2,0
Spain,Male,60.0,0.0,2,0
Spain,Female,41.0,0.0,2,0
Spain,Male,36.0,120193.42,2,0
Spain,Female,38.0,0.0,2,0
Spain,Male,35.0,0.0,2,0
Spain,Male,32.0,0.0,2,0
Spain,Male,25.0,0.0,1,1
Spain,Male,27.0,92616.66,1,0
Spain,Female,29.0,61482.47,2,0
Spain,Female,46.0,131414.76,1,0
Spain,Male,28.0,128929.88,1,1
Spain,Female,38.0,0.0,2,0
Spain,Male,35.0,0.0,2,0
Spain,Male,41.0,0.0,2,0
Spain,Male,38.0,92674.94,2,0
Spain,Male,43.0,0.0,1,0
Spain,Male,34.0,0.0,2,0
Spain,Male,34.0,0.0,1,1
Spain,Female,31.0,0.0,2,0
Spain,Male,42.0,0.0,1,0
Spain,Female,32.0,161887.81,1,0
Spain,Female,43.0,0.0,2,1
Spain,Male,31.0,0.0,1,0
Spain,Male,43.0,101979.16,1,0
Spain,Male,22.0,146098.43,1,0
Spain,Male,37.0,0.0,2,0
Spain,Male,38.0,83569.95,1,0
Spain,Male,33.0,0.0,2,0
Spain,Female,43.0,0.0,2,0
Spain,Male,31.0,144326.09,1,1
Spain,Male,39.0,0.0,2,0
Spain,Male,43.0,183276.32,1,1
Spain,Male,34.0,0.0,2,0
Spain,Male,29.0,0.0,2,0
Spain,Male,41.0,138053.79,1,0
Spain,Female,39.0,0.0,2,0
Spain,Female,37.0,0.0,2,0
Spain,Male,35.0,0.0,1,1
Spain,Male,41.0,0.0,2,0
Spain,Female,41.0,0.0,2,0
Spain,Female,44.0,61196.54,1,1
Spain,Female,25.0,121166.89,2,0
Spain,Female,30.0,0.0,2,0
Spain,Female,51.0,0.0,3,1
Spain,Male,37.0,0.0,2,0
Spain,Male,71.0,0.0,2,0
Spain,Male,30.0,131778.58,1,0
Spain,Male,30.0,0.0,2,0
Spain,Female,29.0,0.0,2,0
Spain,Male,65.0,92599.55,3,1
Spain,Male,49.0,0.0,1,1
Spain,Female,46.0,0.0,2,0
Spain,Male,25.0,0.0,2,0
Spain,Female,30.0,0.0,2,0
Spain,Male,31.0,0.0,1,0
Spain,Male,36.0,0.0,1,0
Spain,Female,43.0,129964.46,1,0
Spain,Female,51.0,0.0,1,1
Spain,Female,29.0,0.0,2,0
Spain,Male,46.0,0.0,2,1
Spain,Female,45.0,0.0,2,0
Spain,Male,37.0,0.0,1,0
Spain,Female,36.0,120530.33,1,0
Spain,Female,33.0,80780.16,1,1
Spain,Male,31.0,0.0,2,0
Spain,Male,26.0,111525.71,2,0
Spain,Female,43.0,141462.13,1,0
Spain,Female,37.0,0.0,2,0
Spain,Male,41.0,0.0,2,0
Spain,Male,31.0,130385.82,1,0
Spain,Female,26.0,0.0,1,0
Spain,Female,33.0,0.0,2,0
Spain,Male,37.0,138668.18,1,0
Spain,Female,41.0,109508.66,1,1
Spain,Male,29.0,131355.3,1,0
Spain,Male,40.0,0.0,2,0
Spain,Female,33.0,0.0,1,0
Spain,Female,32.0,0.0,2,0
Spain,Male,28.0,141204.65,1,0
Spain,Female,38.0,166930.76,2,0
Spain,Male,50.0,0.0,1,0
Spain,Male,38.0,129980.13,2,0
Spain,Male,45.0,0.0,2,0
Spain,Male,33.0,0.0,1,0
Spain,Female,41.0,0.0,1,1
Spain,Male,28.0,0.0,2,0
Spain,Female,35.0,116662.96,2,0
Spain,Female,31.0,98592.88,2,0
Spain,Female,47.0,0.0,1,0
Spain,Male,37.0,152958.29,1,0
Spain,Male,32.0,0.0,2,0
Spain,Male,33.0,0.0,2,0
Spain,Female,37.0,0.0,2,0
Spain,Male,39.0,163097.55,2,0
Spain,Male,39.0,0.0,2,0
Spain,Female,32.0,0.0,2,0
Spain,Male,27.0,0.0,1,0
Spain,Female,39.0,144880.34,1,0
Spain,Male,35.0,126576.21,2,0
Spain,Female,29.0,79811.56,1,0
Spain,Male,41.0,0.0,1,0
Spain,Female,20.0,0.0,1,0
Spain,Female,48.0,0.0,1,0
Spain,Female,33.0,0.0,1,0
Spain,Female,29.0,93577.3,1,0
Spain,Male,36.0,0.0,2,0
Spain,Male,39.0,120962.59,2,0
Spain,Male,36.0,0.0,2,0
Spain,Male,43.0,117438.17,1,0
Spain,Male,37.0,0.0,1,0
Spain,Male,30.0,0.0,2,0
Spain,Female,57.0,0.0,2,0
Spain,Female,39.0,0.0,1,0
Spain,Male,44.0,139432.37,2,1
Spain,Male,44.0,0.0,2,0
Spain,Male,48.0,0.0,2,0
Spain,Female,37.0,147361.57,1,0
Spain,Female,52.0,74973.61,1,1
Spain,Female,23.0,0.0,2,0
Spain,Male,31.0,0.0,2,0
Spain,Male,53.0,0.0,2,0
Spain,Male,40.0,0.0,1,1
Spain,Male,32.0,0.0,2,0
Spain,Male,47.0,0.0,1,0
Spain,Male,28.0,0.0,2,0
Spain,Male,35.0,0.0,2,0
Spain,Male,30.0,0.0,2,0
Spain,Male,28.0,0.0,1,0
Spain,Female,50.0,0.0,1,1
Spain,Male,41.0,147167.25,1,1
Spain,Male,33.0,0.0,2,0
Spain,Male,44.0,0.0,2,0
Spain,Male,30.0,120355.0,1,0
Spain,Male,36.0,0.0,2,0
Spain,Male,35.0,0.0,1,0
Spain,Female,65.0,0.0,1,1
Spain,Male,34.0,0.0,1,0
Spain,Female,29.0,0.0,2,0
Spain,Male,36.0,136659.74,1,0
Spain,Female,50.0,0.0,2,0
Spain,Female,30.0,0.0,2,1
Spain,Female,48.0,0.0,2,1
Spain,Female,42.0,0.0,2,0
Spain,Female,43.0,0.0,2,0
Spain,Female,29.0,83061.26,1,0
Spain,Female,31.0,0.0,1,1
Spain,Male,28.0,0.0,2,0
Spain,Male,58.0,0.0,2,0
Spain,Male,37.0,90778.76,1,0
Spain,Female,39.0,0.0,1,0
Spain,Male,52.0,130866.35,1,1
Spain,Male,39.0,0.0,2,0
Spain,Male,42.0,0.0,2,0
Spain,Female,38.0,0.0,3,1
Spain,Female,36.0,0.0,2,0
Spain,Male,37.0,125834.4,1,0
Spain,Female,32.0,0.0,1,0
Spain,Male,29.0,118098.54,1,0
Spain,Female,61.0,142570.52,2,0
Spain,Female,38.0,0.0,2,0
Spain,Male,38.0,0.0,2,0
Spain,Female,37.0,0.0,2,0
Spain,Male,43.0,0.0,2,0
Spain,Female,39.0,0.0,2,0
Spain,Female,51.0,182491.57,2,0
Spain,Male,33.0,133683.11,2,0
Spain,Male,31.0,136855.94,1,1
Spain,Male,30.0,137936.56,1,0
Spain,Female,33.0,0.0,2,0
Spain,Male,26.0,0.0,1,0
Spain,Female,45.0,0.0,1,0
Spain,Female,30.0,99685.06,1,0
Spain,Female,42.0,0.0,1,1
Spain,Female,32.0,0.0,2,0
Spain,Male,29.0,84438.57,2,0
Spain,Male,38.0,0.0,2,0
Spain,Female,30.0,94738.78,1,0
Spain,Female,55.0,172310.55,1,0
Spain,Female,30.0,0.0,1,0
Spain,Female,38.0,139973.65,2,0
Spain,Male,37.0,101609.01,1,0
Spain,Female,35.0,0.0,2,0
Spain,Male,50.0,127154.14,1,0
Spain,Male,37.0,157691.98,1,0
Spain,Female,37.0,0.0,2,0
Spain,Female,26.0,142708.74,1,0
Spain,Male,30.0,0.0,2,0
Spain,Male,40.0,0.0,2,0
Spain,Male,26.0,0.0,2,0
Spain,Female,48.0,0.0,1,1
Spain,Male,38.0,166082.18,1,0
Spain,Male,39.0,122084.63,1,0
Spain,Male,43.0,0.0,2,0
Spain,Male,40.0,0.0,1,0
Spain,Male,37.0,0.0,1,0
Spain,Male,40.0,160980.03,1,0
Spain,Female,38.0,0.0,2,0
Spain,Male,42.0,79811.72,2,0
Spain,Male,53.0,101070.69,2,0
Spain,Female,26.0,0.0,2,0
Spain,Male,37.0,0.0,2,0
Spain,Female,38.0,0.0,2,0
Spain,Male,32.0,88786.81,1,0
Spain,Male,31.0,109949.05,1,0
Spain,Male,35.0,0.0,1,1
Spain,Male,33.0,99773.68,1,0
Spain,Female,33.0,0.0,2,0
Spain,Male,33.0,0.0,2,0
Spain,Male,52.0,0.0,1,1
Spain,Male,50.0,0.0,1,0
Spain,Female,37.0,0.0,2,0
Spain,Female,63.0,0.0,1,0
Spain,Male,26.0,120962.59,1,0
Spain,Male,43.0,0.0,1,1
Spain,Male,35.0,0.0,2,0
Spain,Male,41.0,179915.85,2,0
Spain,Male,25.0,0.0,2,0
Spain,Female,36.0,0.0,2,0
Spain,Male,24.0,0.0,2,0
Spain,Male,36.0,134851.59,1,0
Spain,Male,29.0,122451.54,1,1
Spain,Male,42.0,0.0,2,0
Spain,Male,38.0,0.0,1,0
Spain,Female,36.0,0.0,2,0
Spain,Female,44.0,0.0,2,0
Spain,Female,62.0,0.0,1,1
Spain,Female,46.0,0.0,2,0
Spain,Male,37.0,115137.26,1,1
Spain,Female,31.0,156848.13,2,0
Spain,Male,25.0,103560.55,2,0
Spain,Male,32.0,0.0,2,0
Spain,Male,46.0,0.0,2,0
Spain,Female,38.0,0.0,1,1
Spain,Male,38.0,0.0,2,0
Spain,Male,35.0,104833.79,1,0
Spain,Male,29.0,103176.62,1,0
Spain,Female,34.0,0.0,1,0
Spain,Male,46.0,0.0,2,0
Spain,Male,30.0,0.0,2,0
Spain,Male,36.0,0.0,2,0
Spain,Male,35.0,102773.2,1,0
Spain,Female,29.0,0.0,2,0
Spain,Female,33.0,0.0,1,0
Spain,Female,33.0,121205.29,1,0
Spain,Male,32.0,0.0,2,0
Spain,Male,29.0,0.0,2,0
Spain,Female,49.0,0.0,2,0
Spain,Male,34.0,0.0,2,0
Spain,Male,46.0,0.0,1,1
Spain,Male,36.0,0.0,2,0
Spain,Female,28.0,92347.61,1,0
Spain,Female,50.0,0.0,2,0
Spain,Male,38.0,63492.02,1,0
Spain,Male,34.0,0.0,2,0
Spain,Female,33.0,137853.0,1,1
Spain,Male,23.0,152264.81,3,1
Spain,Female,46.0,169312.72,3,1
Spain,Male,39.0,0.0,2,0
Spain,Male,37.0,69323.38,2,0
Spain,Male,39.0,141604.95,1,0
Spain,Male,43.0,148580.12,1,0
Spain,Male,28.0,109876.82,2,0
Spain,Female,40.0,174912.65,1,0
Spain,Male,38.0,0.0,2,0
Spain,Female,31.0,0.0,2,0
Spain,Male,47.0,141918.07,1,0
Spain,Female,29.0,0.0,2,0
Spain,Female,26.0,0.0,2,0
Spain,Male,31.0,0.0,2,0
Spain,Female,40.0,0.0,2,0
Spain,Male,43.0,64740.12,1,0
Spain,Male,28.0,131834.8,1,0
Spain,Female,36.0,155417.61,1,0
Spain,Male,39.0,0.0,2,0
Spain,Female,28.0,0.0,2,0
Spain,Female,26.0,69974.66,1,0
Spain,Female,34.0,0.0,2,0
Spain,Male,29.0,147511.26,1,0
Spain,Male,21.0,86674.8,1,0
Spain,Female,39.0,0.0,1,0
Spain,Female,48.0,0.0,1,0
Spain,Male,31.0,0.0,2,0
Spain,Female,40.0,0.0,2,0
Spain,Female,38.0,0.0,2,0
Spain,Male,35.0,0.0,1,1
Spain,Male,29.0,141806.33,1,0
Spain,Male,35.0,112499.65,2,0
Spain,Male,31.0,0.0,2,0
Spain,Male,34.0,0.0,1,0
Spain,Male,33.0,0.0,2,0
Spain,Male,27.0,0.0,1,0
Spain,Male,66.0,0.0,2,0
Spain,Female,43.0,0.0,2,0
Spain,Male,31.0,0.0,1,0
Spain,Female,43.0,0.0,1,0
Spain,Female,53.0,150200.23,1,1
Spain,Male,39.0,0.0,1,0
Spain,Male,24.0,0.0,2,0
Spain,Male,26.0,79932.41,1,0
Spain,Female,56.0,0.0,2,0
Spain,Male,46.0,94231.13,1,1
Spain,Male,41.0,0.0,1,0
Spain,Female,50.0,0.0,1,1
Spain,Male,33.0,0.0,1,0
Spain,Female,33.0,0.0,1,0
Spain,Female,43.0,123845.36,1,0
Spain,Female,48.0,132057.92,1,0
Spain,Female,39.0,0.0,2,0
Spain,Male,37.0,100829.57,1,0
Spain,Male,32.0,197436.82,1,0
Spain,Male,71.0,132838.07,1,1
Spain,Female,30.0,0.0,2,0
Spain,Male,43.0,135070.58,1,0
Spain,Male,40.0,83870.86,1,0
Spain,Female,48.0,0.0,1,1
Spain,Female,49.0,0.0,1,0
Spain,Male,31.0,0.0,1,0
Spain,Male,51.0,0.0,1,1
Spain,Male,29.0,166930.76,1,0
Spain,Female,38.0,0.0,2,0
Spain,Female,37.0,102955.14,2,0
Spain,Female,34.0,0.0,2,1
Spain,Male,34.0,0.0,2,0
Spain,Male,38.0,0.0,1,0
Spain,Female,57.0,99786.7,1,0
Spain,Female,28.0,0.0,2,0
Spain,Female,70.0,0.0,1,1
Spain,Female,35.0,127425.55,1,0
Spain,Male,31.0,0.0,2,0
Spain,Male,29.0,0.0,2,1
Spain,Male,40.0,118633.56,1,0
Spain,Male,46.0,0.0,1,1
Spain,Male,63.0,0.0,2,1
Spain,Female,40.0,0.0,2,0
Spain,Female,63.0,0.0,1,0
Spain,Female,29.0,0.0,2,0
Spain,Female,40.0,163856.76,1,1
Spain,Male,41.0,0.0,2,0
Spain,Female,33.0,0.0,2,0
Spain,Male,28.0,167557.12,1,0
Spain,Female,27.0,0.0,1,0
Spain,Male,40.0,0.0,1,0
Spain,Male,51.0,80541.64,1,1
Spain,Female,56.0,0.0,1,1
Spain,Male,30.0,0.0,1,0
Spain,Female,35.0,0.0,2,0
Spain,Female,55.0,0.0,2,0
Spain,Male,31.0,0.0,2,0
Spain,Male,29.0,0.0,2,0
Spain,Male,26.0,152623.69,2,0
Spain,Male,49.0,113537.73,1,1
Spain,Male,61.0,0.0,2,0
Spain,Male,35.0,0.0,2,0
Spain,Male,56.0,134249.7,1,1
Spain,Male,34.0,0.0,2,0
Spain,Female,37.0,0.0,2,0
Spain,Male,29.0,90920.75,1,0
Spain,Female,26.0,0.0,2,0
Spain,Male,60.0,0.0,2,0
Spain,Female,55.0,0.0,2,1
Spain,Female,54.0,0.0,1,1
Spain,Female,36.0,88466.82,1,0
Spain,Female,43.0,0.0,2,0
Spain,Female,37.0,0.0,2,0
Spain,Male,31.0,0.0,2,0
Spain,Male,29.0,104832.49,1,0
Spain,Female,35.0,91091.06,1,0
Spain,Male,35.0,0.0,2,0
Spain,Female,50.0,0.0,1,0
Spain,Male,72.0,0.0,2,0
Spain,Female,33.0,0.0,1,1
Spain,Female,29.0,80922.75,1,0
Spain,Female,41.0,0.0,2,0
Spain,Female,27.0,106116.5,1,0
Spain,Male,33.0,0.0,2,0
Spain,Female,59.0,0.0,1,1
Spain,Female,40.0,89047.14,1,1
Spain,Male,25.0,0.0,2,0
Spain,Female,37.0,0.0,1,0
Spain,Male,45.0,100212.13,2,0
Spain,Male,42.0,0.0,2,0
Spain,Female,44.0,158024.38,2,0
Spain,Male,23.0,0.0,2,0
Spain,Male,31.0,112465.07,1,0
Spain,Male,38.0,0.0,2,0
Spain,Female,48.0,0.0,1,0
Spain,Female,34.0,129748.54,2,1
Spain,Female,62.0,0.0,2,0
Spain,Male,26.0,142712.52,1,0
Spain,Female,37.0,64897.75,1,0
Spain,Female,63.0,114552.6,1,1
Spain,Male,36.0,0.0,1,0
Spain,Male,52.0,106518.52,4,1
Spain,Female,60.0,91829.62,1,0
Spain,Male,39.0,0.0,2,0
Spain,Female,26.0,0.0,1,1
Spain,Female,46.0,140355.6,2,0
Spain,Female,37.0,0.0,2,0
Spain,Male,37.0,0.0,2,0
Spain,Male,28.0,113882.31,1,0
Spain,Female,36.0,0.0,2,0
Spain,Male,27.0,0.0,2,0
Spain,Female,29.0,0.0,2,0
Spain,Female,34.0,0.0,2,0
Spain,Male,20.0,0.0,2,1
Spain,Male,37.0,0.0,2,0
Spain,Female,44.0,133793.89,2,0
Spain,Female,32.0,83459.86,1,0
Spain,Male,66.0,0.0,2,0
Spain,Male,42.0,0.0,2,0
Spain,Female,32.0,0.0,2,0
Spain,Female,33.0,0.0,1,1
Spain,Male,41.0,131593.66,1,0
Spain,Female,34.0,0.0,2,0
Spain,Female,29.0,95139.19,1,0
Spain,Male,32.0,0.0,2,0
Spain,Female,38.0,0.0,2,0
Spain,Male,30.0,141078.47,1,0
Spain,Male,33.0,84462.93,1,0
Spain,Female,44.0,0.0,2,0
Spain,Male,26.0,0.0,2,0
Spain,Male,60.0,127187.86,1,1
Spain,Female,41.0,0.0,2,0
Spain,Male,32.0,0.0,2,0
Spain,Male,35.0,0.0,2,0
Spain,Female,46.0,78737.53,1,1
Spain,Female,39.0,0.0,2,0
Spain,Female,33.0,118889.66,1,0
Spain,Male,32.0,0.0,2,0
Spain,Male,25.0,0.0,2,0
Spain,Male,22.0,66483.32,1,0
Spain,Male,42.0,0.0,1,0
Spain,Male,36.0,118022.98,1,0
Spain,Male,62.0,0.0,2,1
Spain,Female,25.0,0.0,2,0
Spain,Male,56.0,129945.66,1,0
Spain,Male,28.0,0.0,2,0
Spain,Male,32.0,125920.98,1,0
Spain,Male,38.0,0.0,2,0
Spain,Male,41.0,0.0,2,0
Spain,Male,31.0,0.0,2,0
Spain,Female,38.0,128929.88,2,0
Spain,Male,37.0,0.0,2,0
Spain,Female,38.0,0.0,2,0
Spain,Female,33.0,87099.77,1,0
Spain,Male,39.0,0.0,2,0
Spain,Female,31.0,168078.52,2,0
Spain,Male,36.0,0.0,2,0
Spain,Male,51.0,0.0,1,1
Spain,Male,35.0,0.0,1,0
Spain,Female,32.0,0.0,1,0
Spain,Female,36.0,0.0,2,0
Spain,Female,46.0,0.0,1,1
Spain,Female,28.0,95059.02,1,0
Spain,Male,45.0,143129.41,2,0
Spain,Male,28.0,0.0,1,0
Spain,Male,28.0,0.0,2,0
Spain,Male,38.0,0.0,2,0
Spain,Female,42.0,103210.27,1,0
Spain,Male,49.0,0.0,1,1
Spain,Male,45.0,0.0,2,0
Spain,Male,35.0,0.0,2,0
Spain,Female,53.0,0.0,1,1
Spain,Male,35.0,0.0,2,0
Spain,Female,36.0,130334.84,2,1
Spain,Male,38.0,126835.32,1,0
Spain,Female,62.0,115462.07,3,1
Spain,Male,29.0,46057.96,2,0
Spain,Male,44.0,0.0,2,0
Spain,Female,39.0,0.0,2,0
Spain,Male,41.0,0.0,1,0
Spain,Male,29.0,0.0,2,0
Spain,Male,36.0,0.0,2,0
Spain,Female,41.0,0.0,2,0
Spain,Female,63.0,0.0,1,0
Spain,Male,38.0,0.0,2,0
Spain,Male,35.0,0.0,2,0
Spain,Male,45.0,0.0,2,0
Spain,Male,33.0,160777.9,1,0
Spain,Female,42.0,0.0,2,0
Spain,Female,40.0,0.0,2,0
Spain,Female,75.0,89118.26,1,0
Spain,Female,39.0,121152.05,1,0
Spain,Male,26.0,0.0,2,0
Spain,Female,41.0,155619.58,1,0
Spain,Male,42.0,0.0,2,0
Spain,Female,48.0,115796.68,1,0
Spain,Female,31.0,0.0,1,0
Spain,Male,46.0,114347.95,1,0
Spain,Female,47.0,0.0,2,1
Spain,Female,39.0,0.0,2,0
Spain,Male,31.0,0.0,2,0
Spain,Male,37.0,0.0,2,0
Spain,Female,38.0,101207.75,2,0
Spain,Female,32.0,0.0,1,0
Spain,Female,32.0,0.0,2,0
Spain,Male,48.0,137453.44,1,1
Spain,Male,55.0,0.0,1,1
Spain,Male,36.0,91238.21,1,0
Spain,Male,24.0,0.0,2,0
Spain,Female,67.0,0.0,2,0
Spain,Female,27.0,0.0,2,0
Spain,Female,33.0,115409.6,1,1
Spain,Male,47.0,138521.24,2,0
Spain,Male,25.0,0.0,2,0
Spain,Female,25.0,127637.42,2,0
Spain,Female,34.0,165896.0,1,0
Spain,Female,40.0,203715.15,1,0
Spain,Female,42.0,0.0,1,1
Spain,Female,39.0,121455.63,1,0
Spain,Male,37.0,80612.49,1,0
Spain,Female,52.0,0.0,1,1
Spain,Female,31.0,0.0,1,0
Spain,Female,30.0,139676.95,2,0
Spain,Male,34.0,0.0,2,0
Spain,Male,35.0,137948.51,1,1
Spain,Female,44.0,115764.32,1,0
Spain,Female,44.0,0.0,2,0
Spain,Female,33.0,0.0,2,0
Spain,Male,25.0,90920.75,1,0
Spain,Female,48.0,0.0,2,0
Spain,Male,39.0,0.0,3,1
Spain,Male,29.0,0.0,1,0
Spain,Male,38.0,0.0,2,0
Spain,Male,32.0,82613.66,1,0
Spain,Female,32.0,0.0,2,0
Spain,Male,28.0,0.0,1,0
Spain,Female,27.0,0.0,2,0
Spain,Male,41.0,108431.87,1,0
Spain,Male,30.0,112666.67,1,0
Spain,Female,40.0,0.0,1,1
Spain,Male,34.0,0.0,2,0
Spain,Male,28.0,0.0,2,0
Spain,Female,29.0,0.0,2,0
Spain,Female,32.0,102827.44,1,0
Spain,Male,30.0,132446.01,1,0
Spain,Male,48.0,0.0,1,1
Spain,Male,35.0,0.0,2,0
Spain,Female,56.0,93577.3,1,1
Spain,Male,40.0,0.0,1,1
Spain,Male,46.0,0.0,2,0
Spain,Female,63.0,162278.32,3,1
Spain,Female,30.0,107592.89,1,0
Spain,Male,29.0,0.0,2,0
Spain,Female,38.0,0.0,2,0
Spain,Female,31.0,125341.69,1,0
Spain,Female,55.0,0.0,2,0
Spain,Male,29.0,0.0,2,0
Spain,Male,43.0,108436.74,2,0
Spain,Female,37.0,0.0,2,0
Spain,Female,35.0,0.0,1,0
Spain,Female,39.0,0.0,2,0
Spain,Male,64.0,0.0,2,0
Spain,Male,28.0,0.0,2,0
Spain,Female,35.0,0.0,2,0
Spain,Female,35.0,0.0,2,0
Spain,Female,44.0,0.0,2,0
Spain,Female,39.0,0.0,2,1
Spain,Female,29.0,0.0,2,0
Spain,Male,34.0,121165.11,2,0
Spain,Female,46.0,115920.62,1,1
Spain,Male,24.0,0.0,2,0
Spain,Female,55.0,59893.85,1,1
Spain,Female,46.0,0.0,1,0
Spain,Male,42.0,102585.88,1,0
Spain,Female,54.0,0.0,1,1
Spain,Male,32.0,0.0,2,0
Spain,Female,34.0,51116.26,1,0
Spain,Male,29.0,153340.01,1,0
Spain,Male,47.0,79450.09,1,1
Spain,Male,28.0,138668.18,1,0
Spain,Female,26.0,172310.33,1,0
Spain,Male,33.0,163549.68,1,0
Spain,Male,26.0,0.0,2,0
Spain,Female,35.0,0.0,2,1
Spain,Male,33.0,0.0,2,0
Spain,Male,34.0,0.0,1,1
Spain,Male,57.0,0.0,2,0
Spain,Male,29.0,0.0,2,0
Spain,Male,30.0,0.0,2,0
Spain,Male,41.0,0.0,1,0
Spain,Male,41.0,0.0,1,0
Spain,Male,38.0,0.0,1,0
Spain,Male,46.0,0.0,1,1
Spain,Male,37.0,97792.21,1,0
Spain,Male,35.0,0.0,2,0
Spain,Female,44.0,0.0,2,0
Spain,Female,36.0,0.0,1,0
Spain,Female,28.0,0.0,2,0
Spain,Male,38.0,0.0,2,0
Spain,Male,34.0,0.0,2,0
Spain,Female,57.0,174318.13,1,0
Spain,Male,34.0,0.0,1,0
Spain,Male,42.0,0.0,2,0
Spain,Male,42.0,0.0,2,0
Spain,Male,52.0,0.0,2,0
Spain,Male,26.0,153195.59,1,0
Spain,Male,28.0,0.0,2,0
Spain,Male,44.0,113873.23,1,0
Spain,Female,57.0,175575.95,1,0
Spain,Male,42.0,0.0,2,0
Spain,Female,35.0,124580.69,1,0
Spain,Male,62.0,0.0,1,0
Spain,Female,41.0,100524.69,1,0
Spain,Male,58.0,0.0,2,0
Spain,Male,34.0,141667.33,1,0
Spain,Male,42.0,0.0,2,0
Spain,Female,40.0,97435.85,1,0
Spain,Female,29.0,125921.32,1,0
Spain,Male,50.0,0.0,2,0
Spain,Male,28.0,0.0,2,0
Spain,Male,40.0,0.0,2,0
Spain,Male,36.0,0.0,2,0
Spain,Male,39.0,140736.56,1,0
Spain,Female,49.0,102289.85,1,1
Spain,Male,28.0,0.0,2,0
Spain,Female,31.0,125724.95,1,0
Spain,Female,39.0,137851.79,1,1
Spain,Female,42.0,0.0,2,0
Spain,Male,42.0,0.0,2,0
Spain,Female,36.0,108289.71,1,0
Spain,Male,27.0,0.0,2,0
Spain,Female,45.0,0.0,1,1
Spain,Male,36.0,131287.36,1,0
Spain,Male,29.0,0.0,2,0
Spain,Male,30.0,0.0,2,0
Spain,Male,45.0,132576.3,2,0
Spain,Male,36.0,0.0,2,0
Spain,Male,29.0,125427.37,1,0
Spain,Female,29.0,101352.78,2,0
Spain,Female,44.0,0.0,2,0
Spain,Female,25.0,0.0,2,0
Spain,Male,40.0,0.0,2,0
Spain,Male,49.0,0.0,1,0
Spain,Male,25.0,171770.55,2,0
Spain,Female,35.0,122925.65,1,0
Spain,Female,35.0,0.0,1,0
Spain,Female,38.0,0.0,2,0
Spain,Male,39.0,106301.75,2,0
Spain,Male,40.0,127343.4,1,1
Spain,Female,43.0,114754.08,1,0
Spain,Male,34.0,0.0,2,0
Spain,Female,33.0,0.0,2,0
Spain,Male,37.0,141541.25,2,0
Spain,Male,36.0,0.0,1,0
Spain,Male,36.0,0.0,2,0
Spain,Female,29.0,91955.61,1,0
Spain,Male,33.0,0.0,1,0
Spain,Female,28.0,191402.82,2,0
Spain,Female,36.0,0.0,1,1
Spain,Male,46.0,0.0,2,0
Spain,Female,41.0,0.0,1,0
Spain,Male,39.0,0.0,1,1
Spain,Male,33.0,0.0,2,0
Spain,Female,40.0,0.0,1,0
Spain,Male,39.0,0.0,2,0
Spain,Male,31.0,92476.22,2,0
Spain,Male,33.0,0.0,2,0
Spain,Male,41.0,0.0,2,0
Spain,Female,25.0,0.0,2,0
Spain,Female,41.0,0.0,2,0
Spain,Male,33.0,0.0,2,0
Spain,Female,49.0,0.0,2,1
Spain,Male,33.0,0.0,1,0
Spain,Male,35.0,0.0,1,0
Spain,Male,39.0,0.0,2,0
Spain,Male,35.0,135842.9,1,0
Spain,Female,35.0,115007.08,1,0
Spain,Female,24.0,0.0,2,0
Spain,Male,39.0,89039.9,1,0
Spain,Male,38.0,0.0,1,0
Spain,Female,38.0,0.0,2,0
Spain,Male,58.0,0.0,2,0
Spain,Female,34.0,62347.47,1,0
Spain,Male,77.0,0.0,2,0
Spain,Male,35.0,0.0,2,0
Spain,Male,71.0,75888.2,1,0
Spain,Female,48.0,93578.68,1,0
Spain,Male,36.0,99462.66,1,0
Spain,Female,36.0,0.0,2,0
Spain,Female,39.0,102800.87,1,0
Spain,Male,39.0,0.0,2,0
Spain,Male,47.0,138160.0,1,1
Spain,Female,55.0,0.0,1,1
Spain,Male,46.0,0.0,1,0
Spain,Male,36.0,0.0,2,0
Spain,Male,44.0,0.0,1,1
Spain,Male,32.0,0.0,2,0
Spain,Female,39.0,0.0,2,0
Spain,Male,29.0,0.0,2,0
Spain,Female,28.0,83772.95,1,1
Spain,Male,40.0,0.0,2,0
Spain,Male,31.0,132450.24,1,0
Spain,Male,24.0,0.0,2,0
Spain,Male,44.0,0.0,2,1
Spain,Male,34.0,165896.22,1,0
Spain,Male,35.0,136623.19,1,0
Spain,Male,45.0,0.0,2,0
Spain,Male,38.0,0.0,2,0
Spain,Male,26.0,0.0,2,0
Spain,Male,34.0,142310.52,1,0
Spain,Female,36.0,0.0,2,0
Spain,Male,49.0,0.0,2,1
Spain,Female,35.0,119349.69,2,0
Spain,Female,35.0,0.0,2,0
Spain,Male,36.0,84386.57,1,0
Spain,Female,28.0,141428.99,1,0
Spain,Male,39.0,0.0,1,0
Spain,Female,56.0,0.0,1,1
Spain,Male,38.0,0.0,2,0
Spain,Male,41.0,0.0,2,0
Spain,Male,33.0,0.0,2,0
Spain,Male,38.0,0.0,2,0
Spain,Female,46.0,0.0,2,0
Spain,Male,34.0,0.0,1,0
Spain,Male,39.0,146547.78,1,0
Spain,Female,33.0,0.0,2,0
Spain,Male,34.0,0.0,2,0
Spain,Male,41.0,135095.47,3,1
Spain,Female,24.0,0.0,1,1
Spain,Male,37.0,92794.56,1,0
Spain,Female,32.0,0.0,2,0
Spain,Female,39.0,0.0,1,1
Spain,Female,46.0,0.0,1,0
Spain,Male,35.0,127997.83,1,1
Spain,Female,36.0,108019.27,1,0
Spain,Female,34.0,0.0,2,0
Spain,Male,32.0,0.0,1,0
Spain,Female,36.0,0.0,2,0
Spain,Female,34.0,0.0,2,0
Spain,Male,34.0,0.0,2,0
Spain,Male,29.0,0.0,2,0
Spain,Female,50.0,103819.47,1,0
Spain,Female,38.0,0.0,1,0
Spain,Female,37.0,0.0,2,0
Spain,Female,32.0,128808.65,1,0
Spain,Female,41.0,0.0,1,1
Spain,Female,29.0,0.0,2,0
Spain,Male,38.0,0.0,2,0
Spain,Female,27.0,0.0,2,0
Spain,Male,30.0,0.0,2,1
Spain,Male,32.0,0.0,2,0
Spain,Male,35.0,0.0,2,0
Spain,Male,37.0,158024.38,2,0
Spain,Female,48.0,0.0,1,1
Spain,Male,29.0,0.0,1,0
Spain,Male,33.0,0.0,2,0
Spain,Female,54.0,0.0,1,1
Spain,Male,49.0,111213.64,1,1
Spain,Male,39.0,109733.2,1,0
Spain,Female,37.0,0.0,1,0
Spain,Female,35.0,100524.69,1,0
Spain,Female,37.0,0.0,2,0
Spain,Male,32.0,0.0,2,0
Spain,Male,38.0,135289.33,2,0
Spain,Male,43.0,0.0,2,0
Spain,Female,51.0,0.0,1,1
Spain,Female,33.0,128262.65,1,0
Spain,Female,29.0,87946.39,1,0
Spain,Female,28.0,0.0,2,0
Spain,Female,35.0,0.0,2,0
Spain,Female,40.0,113688.64,1,1
Spain,Female,43.0,0.0,1,1
Spain,Female,49.0,152303.8,1,0
Spain,Male,28.0,135096.08,1,0
Spain,Male,40.0,0.0,2,0
Spain,Female,31.0,0.0,2,0
Spain,Female,41.0,0.0,2,0
Spain,Female,44.0,0.0,1,0
Spain,Male,36.0,0.0,2,0
Spain,Male,42.0,0.0,2,0
Spain,Male,34.0,0.0,2,0
Spain,Male,35.0,0.0,1,0
Spain,Male,35.0,0.0,1,0
Spain,Female,36.0,136652.87,1,0
Spain,Male,35.0,0.0,2,0
Spain,Male,37.0,171646.76,1,0
Spain,Male,54.0,0.0,1,1
Spain,Male,31.0,0.0,2,0
Spain,Male,39.0,0.0,2,0
Spain,Male,28.0,170835.53,1,0
Spain,Female,38.0,0.0,2,0
Spain,Female,43.0,121205.44,1,0
Spain,Female,42.0,156371.61,2,0
Spain,Female,41.0,0.0,1,0
Spain,Female,29.0,0.0,1,1
Spain,Male,27.0,116474.28,2,0
Spain,Female,34.0,0.0,2,0
Spain,Male,47.0,116121.67,1,0
Spain,Female,48.0,0.0,2,0
Spain,Male,31.0,0.0,2,0
Spain,Male,38.0,0.0,2,0
Spain,Female,44.0,0.0,2,0
Spain,Female,31.0,0.0,1,1
Spain,Female,55.0,117294.12,4,0
Spain,Male,40.0,0.0,2,0
Spain,Male,68.0,78707.16,1,0
Spain,Female,54.0,0.0,2,0
Spain,Male,34.0,0.0,1,1
Spain,Female,40.0,0.0,2,1
Spain,Female,40.0,0.0,1,1
Spain,Male,48.0,0.0,2,0
Spain,Male,31.0,0.0,2,0
Spain,Male,35.0,0.0,2,0
Spain,Female,44.0,0.0,2,0
Spain,Female,35.0,0.0,3,1
Spain,Male,40.0,123885.49,1,0
Spain,Male,39.0,0.0,2,0
Spain,Male,35.0,0.0,1,0
Spain,Female,29.0,0.0,2,0
Spain,Male,49.0,117585.79,1,1
Spain,Female,56.0,0.0,2,0
Spain,Male,31.0,115406.97,1,1
Spain,Female,36.0,0.0,2,0
Spain,Female,48.0,0.0,1,1
Spain,Female,44.0,0.0,1,1
Spain,Female,55.0,0.0,4,1
Spain,Female,34.0,0.0,2,0
Spain,Male,43.0,0.0,2,0
Spain,Male,31.0,0.0,2,0
Spain,Female,27.0,0.0,2,0
Spain,Male,35.0,0.0,2,0
Spain,Male,58.0,0.0,2,0
Spain,Female,34.0,0.0,2,0
Spain,Male,57.0,129735.3,1,0
Spain,Male,51.0,0.0,1,1
Spain,Male,35.0,0.0,1,1
Spain,Male,39.0,0.0,2,0
Spain,Male,36.0,177619.71,1,0
Spain,Female,46.0,131414.76,1,1
Spain,Female,37.0,0.0,2,0
Spain,Male,25.0,80764.03,1,0
Spain,Female,50.0,0.0,2,1
Spain,Male,48.0,81068.21,1,1
Spain,Female,35.0,0.0,1,0
Spain,Female,55.0,0.0,1,1
Spain,Male,52.0,0.0,2,0
Spain,Female,40.0,130334.84,1,0
Spain,Male,35.0,0.0,2,0
Spain,Female,45.0,0.0,1,0
Spain,Male,34.0,0.0,2,0
Spain,Female,38.0,0.0,2,0
Spain,Female,40.0,0.0,1,1
Spain,Male,41.0,0.0,2,0
Spain,Male,41.0,103907.28,2,0
Spain,Male,39.0,0.0,2,0
Spain,Female,56.0,122442.26,3,1
Spain,Male,38.0,82599.26,1,0
Spain,Female,37.0,0.0,2,1
Spain,Female,38.0,124469.97,2,0
Spain,Male,35.0,0.0,2,0
Spain,Female,38.0,0.0,1,0
Spain,Female,36.0,0.0,1,0
Spain,Female,33.0,0.0,2,0
Spain,Female,57.0,0.0,2,0
Spain,Male,25.0,125877.65,1,0
Spain,Female,31.0,0.0,2,0
Spain,Female,35.0,0.0,2,0
Spain,Female,46.0,134593.79,1,1
Spain,Male,36.0,109740.02,2,0
Spain,Female,57.0,0.0,2,1
Spain,Male,39.0,0.0,2,0
Spain,Male,44.0,0.0,2,0
Spain,Female,29.0,0.0,2,0
Spain,Female,52.0,0.0,1,1
Spain,Female,42.0,0.0,2,0
Spain,Male,37.0,0.0,2,0
Spain,Female,52.0,145222.99,1,1
Spain,Female,41.0,0.0,2,0
Spain,Female,58.0,82441.75,1,1
Spain,Female,32.0,114512.59,1,1
Spain,Female,73.0,0.0,2,0
Spain,Male,32.0,0.0,2,0
Spain,Female,43.0,0.0,2,0
Spain,Female,39.0,142231.76,1,1
Spain,Male,39.0,100988.39,1,0
Spain,Male,39.0,0.0,2,0
Spain,Male,38.0,0.0,1,1
Spain,Female,36.0,0.0,2,0
Spain,Female,38.0,0.0,2,0
Spain,Male,35.0,0.0,4,1
Spain,Male,35.0,106365.29,2,0
Spain,Female,38.0,0.0,1,0
Spain,Male,37.0,0.0,2,0
Spain,Female,30.0,0.0,2,0
Spain,Male,44.0,146587.3,1,0
Spain,Female,62.0,0.0,2,0
Spain,Male,30.0,0.0,2,0
Spain,Female,40.0,0.0,2,0
Spain,Male,28.0,97408.03,1,1
Spain,Female,33.0,0.0,2,0
Spain,Female,22.0,0.0,2,0
Spain,Female,44.0,123709.46,2,0
Spain,Female,48.0,108128.96,2,0
Spain,Female,45.0,146781.24,1,0
Spain,Female,42.0,0.0,2,0
Spain,Male,41.0,0.0,2,0
Spain,Male,40.0,0.0,2,0
Spain,Male,34.0,0.0,2,0
Spain,Male,33.0,0.0,2,0
Spain,Female,31.0,112212.14,2,0
Spain,Male,38.0,0.0,1,1
Spain,Female,52.0,0.0,2,0
Spain,Male,36.0,0.0,2,0
Spain,Female,32.0,167988.71,2,0
Spain,Male,36.0,84719.13,1,0
Spain,Male,32.0,162702.35,1,0
Spain,Male,42.0,0.0,1,0
Spain,Female,40.0,138843.0,1,0
Spain,Male,32.0,125724.95,1,0
Spain,Male,43.0,0.0,2,1
Spain,Female,44.0,141136.79,1,0
Spain,Female,31.0,115406.97,1,1
Spain,Male,31.0,74963.5,1,0
Spain,Male,57.0,0.0,2,0
Spain,Female,24.0,0.0,2,0
Spain,Male,66.0,0.0,2,0
Spain,Male,27.0,122275.69,1,0
Spain,Male,34.0,0.0,2,0
Spain,Female,30.0,127570.93,2,0
Spain,Female,38.0,0.0,2,0
Spain,Male,29.0,174852.89,1,0
Spain,Female,46.0,120731.56,1,1
Spain,Male,53.0,0.0,2,0
Spain,Male,40.0,115409.6,1,0
Spain,Male,34.0,139914.67,1,0
Spain,Female,36.0,0.0,2,0
Spain,Male,40.0,0.0,2,1
Spain,Male,34.0,0.0,2,0
Spain,Male,45.0,0.0,2,0
Spain,Female,46.0,155681.72,1,1
Spain,Female,31.0,0.0,2,1
Spain,Male,61.0,0.0,1,0
Spain,Male,39.0,0.0,2,0
Spain,Female,45.0,0.0,2,0
Spain,Female,36.0,0.0,2,0
Spain,Female,29.0,0.0,2,0
Spain,Female,59.0,0.0,2,0
Spain,Female,49.0,0.0,2,0
Spain,Female,37.0,0.0,2,0
Spain,Female,47.0,113688.82,1,1
Spain,Female,46.0,92961.61,1,0
Spain,Male,32.0,135927.71,1,0
Spain,Male,44.0,0.0,1,1
Spain,Female,43.0,0.0,1,1
Spain,Male,52.0,0.0,1,1
Spain,Male,30.0,178787.54,2,0
Spain,Male,50.0,0.0,2,0
Spain,Male,24.0,98626.13,1,0
Spain,Female,34.0,0.0,2,0
Spain,Female,46.0,146776.58,1,1
Spain,Male,38.0,0.0,2,0
Spain,Male,45.0,164450.94,2,0
Spain,Male,35.0,0.0,2,0
Spain,Female,31.0,76665.71,1,0
Spain,Female,38.0,0.0,2,0
Spain,Male,36.0,0.0,2,0
Spain,Male,41.0,0.0,2,0
Spain,Female,29.0,99786.07,1,0
Spain,Male,47.0,0.0,3,1
Spain,Male,36.0,0.0,2,0
Spain,Male,29.0,134096.01,1,0
Spain,Female,44.0,0.0,2,0
Spain,Female,35.0,0.0,2,0
Spain,Male,35.0,90826.27,1,0
Spain,Male,42.0,114946.26,1,0
Spain,Male,28.0,113873.23,1,0
Spain,Female,42.0,0.0,2,0
Spain,Male,37.0,145580.61,1,0
Spain,Male,40.0,89696.24,1,0
Spain,Male,38.0,82696.09,2,1
Spain,Female,36.0,0.0,2,0
Spain,Male,29.0,0.0,1,0
Spain,Male,33.0,0.0,1,0
Spain,Male,37.0,0.0,2,0
Spain,Male,34.0,129722.57,2,0
Spain,Male,39.0,0.0,2,0
Spain,Male,43.0,0.0,1,1
Spain,Male,42.0,0.0,2,0
Spain,Female,67.0,0.0,1,1
Spain,Female,38.0,119658.49,1,1
Spain,Female,30.0,117879.32,1,0
Spain,Female,31.0,0.0,2,0
Spain,Female,47.0,0.0,2,0
Spain,Male,27.0,0.0,2,0
Spain,Male,32.0,0.0,2,0
Spain,Female,34.0,0.0,2,0
Spain,Female,44.0,0.0,2,0
Spain,Female,33.0,135759.5,1,1
Spain,Female,37.0,102901.61,1,0
Spain,Male,30.0,0.0,1,0
Spain,Male,39.0,0.0,2,0
Spain,Male,30.0,103138.17,1,1
Spain,Male,31.0,0.0,2,0
Spain,Male,34.0,95441.28,1,0
Spain,Male,26.0,0.0,2,0
Spain,Male,32.0,0.0,1,1
Spain,Female,47.0,116438.64,2,1
Spain,Female,41.0,0.0,2,0
Spain,Female,45.0,0.0,2,0
Spain,Female,42.0,0.0,1,1
Spain,Male,37.0,0.0,2,0
Spain,Female,29.0,149542.52,1,0
Spain,Female,58.0,121818.6,1,0
Spain,Female,34.0,0.0,1,0
Spain,Female,29.0,0.0,1,1
Spain,Female,24.0,0.0,1,0
Spain,Female,33.0,0.0,2,0
Spain,Male,30.0,121263.63,1,0
Spain,Female,35.0,0.0,2,0
Spain,Male,41.0,98879.71,1,0
Spain,Female,39.0,100717.85,1,0
Spain,Female,37.0,0.0,1,0
Spain,Female,71.0,0.0,2,0
Spain,Female,30.0,0.0,2,0
Spain,Male,34.0,0.0,2,0
Spain,Female,33.0,87116.71,1,0
Spain,Female,41.0,0.0,2,0
Spain,Female,29.0,0.0,2,0
Spain,Female,33.0,0.0,1,0
Spain,Female,33.0,0.0,2,0
Spain,Male,32.0,154983.98,1,0
Spain,Male,26.0,0.0,1,1
Spain,Female,38.0,123959.97,1,0
Spain,Male,40.0,0.0,2,0
Spain,Female,37.0,0.0,1,0
Spain,Male,34.0,116150.65,1,1
Spain,Female,19.0,0.0,2,0
Spain,Female,63.0,0.0,1,1
Spain,Male,41.0,0.0,1,0
Spain,Male,52.0,0.0,1,1
Spain,Female,46.0,0.0,1,1
Spain,Male,52.0,131753.92,1,0
Spain,Male,25.0,0.0,2,0
Spain,Male,54.0,142412.13,1,1
Spain,Male,42.0,91612.91,1,0
Spain,Female,32.0,0.0,2,0
Spain,Male,40.0,115465.98,1,0
Spain,Female,61.0,0.0,2,0
Spain,Female,46.0,150593.59,1,0
Spain,Female,58.0,0.0,1,1
Spain,Male,47.0,0.0,2,0
Spain,Male,35.0,0.0,1,0
Spain,Male,43.0,161807.18,2,0
Spain,Male,22.0,103210.27,1,0
Spain,Male,59.0,119380.37,1,0
Spain,Female,43.0,111284.53,1,1
Spain,Male,23.0,122996.18,1,0
Spain,Male,36.0,0.0,2,0
Spain,Male,38.0,0.0,2,0
Spain,Female,42.0,0.0,2,0
Spain,Male,38.0,0.0,2,0
Spain,Female,32.0,0.0,2,0
Spain,Male,24.0,97297.09,1,0
Spain,Male,32.0,102727.15,2,0
Spain,Male,38.0,0.0,2,0
Spain,Male,44.0,0.0,2,0
Spain,Male,31.0,0.0,2,0
Spain,Male,31.0,131938.51,1,0
Spain,Female,28.0,0.0,2,0
Spain,Female,41.0,0.0,1,0
Spain,Female,37.0,0.0,2,0
Spain,Female,34.0,88477.14,1,0
Spain,Female,33.0,0.0,1,0
Spain,Female,41.0,0.0,1,0
Spain,Male,38.0,0.0,2,0
Spain,Male,42.0,0.0,1,0
Spain,Male,48.0,0.0,3,1
Spain,Male,48.0,109349.29,2,0
Spain,Male,37.0,96652.86,2,0
Spain,Male,33.0,0.0,2,0
Spain,Male,58.0,0.0,2,0
Spain,Male,32.0,121063.9,2,0
Spain,Male,44.0,0.0,2,0
Spain,Female,35.0,0.0,2,1
Spain,Male,31.0,0.0,2,0
Spain,Male,33.0,0.0,2,0
Spain,Male,40.0,0.0,2,0
Spain,Male,38.0,0.0,1,0
Spain,Female,39.0,0.0,2,0
Spain,Female,46.0,0.0,1,1
Spain,Male,46.0,0.0,1,1
Spain,Female,27.0,120962.56,1,0
Spain,Male,39.0,65521.2,1,0
Spain,Male,28.0,0.0,2,0
Spain,Male,32.0,95556.31,1,0
Spain,Male,26.0,0.0,2,0
Spain,Female,47.0,0.0,1,1
Spain,Female,38.0,0.0,1,0
Spain,Female,37.0,0.0,1,0
Spain,Female,40.0,193858.2,1,0
Spain,Female,39.0,133964.3,2,0
Spain,Female,38.0,102980.44,1,0
Spain,Female,64.0,0.0,1,1
Spain,Female,35.0,0.0,2,0
Spain,Female,41.0,0.0,2,0
Spain,Male,42.0,0.0,2,1
Spain,Male,31.0,0.0,2,0
Spain,Female,34.0,171671.9,1,1
Spain,Male,36.0,0.0,2,0
Spain,Male,35.0,0.0,2,0
Spain,Male,30.0,0.0,2,0
Spain,Male,51.0,0.0,1,0
Spain,Male,42.0,0.0,2,0
Spain,Male,20.0,0.0,2,0
Spain,Female,34.0,0.0,4,1
Spain,Male,33.0,0.0,2,0
Spain,Female,37.0,0.0,2,0
Spain,Male,43.0,103362.14,1,0
Spain,Female,34.0,0.0,2,0
Spain,Male,64.0,122029.15,1,0
Spain,Female,31.0,0.0,1,1
Spain,Male,43.0,0.0,2,0
Spain,Female,44.0,133866.22,1,0
Spain,Male,23.0,0.0,2,0
Spain,Female,33.0,0.0,2,0
Spain,Female,33.0,0.0,2,0
Spain,Male,39.0,105683.63,1,0
Spain,Male,28.0,0.0,2,0
Spain,Female,35.0,0.0,2,0
Spain,Male,25.0,0.0,1,0
Spain,Female,36.0,0.0,2,0
Spain,Male,32.0,0.0,2,0
Spain,Female,45.0,0.0,2,0
Spain,Male,40.0,0.0,2,0
Spain,Male,27.0,119496.67,2,0
Spain,Male,28.0,122876.48,1,0
Spain,Female,29.0,0.0,2,0
Spain,Female,57.0,0.0,2,1
Spain,Female,22.0,0.0,2,1
Spain,Male,38.0,0.0,2,0
Spain,Male,34.0,123870.07,1,0
Spain,Male,39.0,0.0,1,0
Spain,Male,39.0,104349.45,1,0
Spain,Male,32.0,99811.71,1,0
Spain,Female,36.0,121250.04,1,0
Spain,Male,19.0,0.0,2,0
Spain,Male,27.0,0.0,2,0
Spain,Male,31.0,0.0,1,0
Spain,Female,54.0,119963.45,1,0
Spain,Female,40.0,59877.33,2,0
Spain,Male,29.0,0.0,2,0
Spain,Male,30.0,122550.05,1,0
Spain,Male,36.0,0.0,2,0
Spain,Male,41.0,0.0,2,0
Spain,Female,32.0,79450.09,1,0
Spain,Male,24.0,114739.92,1,0
Spain,Female,36.0,0.0,1,0
Spain,Female,37.0,0.0,2,0
Spain,Male,36.0,0.0,2,0
Spain,Female,36.0,0.0,1,1
Spain,Female,36.0,118879.35,1,0
Spain,Female,60.0,117799.28,3,1
Spain,Male,41.0,0.0,1,0
Spain,Male,44.0,0.0,1,1
Spain,Male,34.0,131355.56,1,0
Spain,Male,29.0,0.0,2,0
Spain,Male,25.0,0.0,2,0
Spain,Male,33.0,0.0,2,0
Spain,Female,47.0,0.0,1,1
Spain,Female,44.0,0.0,2,0
Spain,Male,33.0,81569.13,2,0
Spain,Male,37.0,0.0,3,0
Spain,Female,30.0,0.0,2,0
Spain,Female,38.0,0.0,2,0
Spain,Male,33.0,0.0,1,0
Spain,Male,38.0,172463.45,2,0
Spain,Male,29.0,0.0,1,0
Spain,Male,39.0,0.0,2,0
Spain,Female,28.0,115557.0,1,0
Spain,Male,34.0,0.0,2,0
Spain,Female,41.0,0.0,1,1
Spain,Female,39.0,0.0,1,0
Spain,Female,36.0,121542.57,2,0
Spain,Female,33.0,0.0,1,1
Spain,Male,62.0,112181.08,1,0
Spain,Male,32.0,0.0,2,0
Spain,Male,36.0,0.0,2,0
Spain,Female,28.0,0.0,2,0
Spain,Female,40.0,108883.13,2,0
Spain,Male,29.0,0.0,2,0
Spain,Female,36.0,0.0,1,1
Spain,Male,43.0,0.0,2,0
Spain,Female,39.0,117221.35,2,0
Spain,Female,43.0,0.0,1,1
Spain,Male,27.0,0.0,2,0
Spain,Female,29.0,0.0,2,0
Spain,Female,26.0,0.0,1,0
Spain,Male,36.0,115617.24,1,0
Spain,Female,58.0,0.0,1,1
Spain,Male,38.0,0.0,2,0
Spain,Male,35.0,0.0,2,0
Spain,Female,33.0,0.0,2,0
Spain,Male,27.0,152685.4,1,0
Spain,Female,32.0,71996.54,1,0
Spain,Female,39.0,0.0,1,1
Spain,Male,39.0,167533.07,1,0
Spain,Male,41.0,147171.2,1,0
Spain,Male,38.0,0.0,1,0
Spain,Male,37.0,91621.69,1,0
Spain,Female,47.0,0.0,1,0
Spain,Male,33.0,148595.64,1,0
Spain,Female,36.0,129735.3,1,0
Spain,Male,31.0,0.0,2,0
Spain,Male,71.0,0.0,2,0
Spain,Female,44.0,0.0,3,1
Spain,Male,46.0,95312.8,2,1
Spain,Female,38.0,0.0,1,0
Spain,Male,40.0,0.0,2,0
Spain,Male,36.0,0.0,2,0
Spain,Male,37.0,0.0,2,0
Spain,Female,23.0,114512.59,2,0
Spain,Female,40.0,0.0,2,0
Spain,Male,44.0,115451.05,1,0
Spain,Female,54.0,0.0,2,0
Spain,Female,34.0,0.0,2,0
Spain,Male,37.0,0.0,1,1
Spain,Male,40.0,0.0,2,0
Spain,Male,39.0,0.0,2,0
Spain,Male,41.0,0.0,1,0
Spain,Male,54.0,0.0,2,0
Spain,Female,35.0,0.0,2,0
Spain,Male,40.0,94661.53,2,0
Spain,Male,29.0,0.0,2,0
Spain,Female,39.0,116663.45,1,0
Spain,Female,34.0,0.0,1,0
Spain,Female,32.0,0.0,1,0
Spain,Male,44.0,98293.05,1,0
Spain,Female,38.0,0.0,2,0
Spain,Male,45.0,0.0,2,0
Spain,Male,40.0,0.0,1,1
Spain,Male,34.0,125167.02,1,0
Spain,Male,32.0,0.0,2,0
Spain,Female,45.0,0.0,2,0
Spain,Female,43.0,0.0,2,0
Spain,Male,44.0,0.0,2,0
Spain,Male,49.0,0.0,2,0
Spain,Female,37.0,0.0,2,0
Spain,Male,26.0,0.0,2,0
Spain,Male,38.0,130233.14,1,0
Spain,Female,37.0,0.0,2,0
Spain,Male,34.0,0.0,2,0
Spain,Male,46.0,121808.63,1,0
Spain,Male,32.0,143625.83,1,0
Spain,Female,39.0,0.0,2,0
Spain,Male,52.0,0.0,1,1
Spain,Female,35.0,0.0,2,1
Spain,Female,26.0,101430.3,2,0
Spain,Male,22.0,104760.82,1,1
Spain,Female,29.0,0.0,2,0
Spain,Female,33.0,127299.28,1,0
Spain,Male,24.0,0.0,1,0
Spain,Male,30.0,0.0,2,0
Spain,Female,33.0,0.0,2,0
Spain,Male,27.0,166939.2,1,0
Spain,Female,28.0,0.0,2,0
Spain,Female,29.0,0.0,2,0
Spain,Male,54.0,148088.13,1,0
Spain,Male,39.0,0.0,2,0
Spain,Male,43.0,0.0,2,0
Spain,Male,33.0,122358.51,1,0
Spain,Male,27.0,0.0,2,0
Spain,Female,38.0,0.0,2,0
Spain,Male,47.0,139835.17,1,0
Spain,Male,42.0,0.0,1,0
Spain,Male,32.0,0.0,2,0
Spain,Female,34.0,0.0,2,0
Spain,Male,25.0,121205.15,1,0
Spain,Female,66.0,0.0,1,0
Spain,Female,33.0,0.0,2,0
Spain,Male,34.0,0.0,2,0
Spain,Male,34.0,151249.45,1,0
Spain,Male,45.0,109161.25,1,1
Spain,Male,26.0,140137.15,1,0
Spain,Male,38.0,112652.08,1,0
Spain,Female,31.0,97378.54,1,0
Spain,Female,59.0,0.0,2,0
Spain,Male,38.0,0.0,2,0
Spain,Female,41.0,0.0,2,0
Spain,Male,46.0,171937.3,1,0
Spain,Male,64.0,0.0,1,1
Spain,Female,45.0,0.0,1,0
Spain,Male,40.0,0.0,2,0
Spain,Male,32.0,99340.11,1,0
Spain,Female,37.0,114737.26,1,0
Spain,Female,37.0,0.0,2,0
Spain,Male,36.0,0.0,2,0
Spain,Female,29.0,0.0,1,1
Spain,Female,55.0,93817.47,1,1
Spain,Male,41.0,0.0,2,0
Spain,Female,29.0,0.0,2,0
Spain,Female,33.0,0.0,2,0
Spain,Female,42.0,142713.47,1,1
Spain,Male,33.0,97188.62,1,0
Spain,Male,36.0,160818.08,1,0
Spain,Male,28.0,0.0,2,0
Spain,Male,32.0,0.0,2,0
Spain,Male,39.0,0.0,1,0
Spain,Male,45.0,0.0,2,1
Spain,Male,42.0,0.0,2,0
Spain,Male,42.0,0.0,2,0
Spain,Male,33.0,0.0,2,0
Spain,Male,42.0,0.0,2,0
Spain,Male,46.0,0.0,1,0
Spain,Female,37.0,0.0,2,0
Spain,Male,38.0,0.0,2,0
Spain,Female,36.0,0.0,2,0
Spain,Male,44.0,0.0,2,0
Spain,Female,34.0,97268.1,1,0
Spain,Male,30.0,0.0,2,0
Spain,Female,50.0,0.0,1,1
Spain,Male,38.0,91216.0,1,0
Spain,Female,54.0,0.0,1,1
Spain,Male,36.0,0.0,2,0
Spain,Female,41.0,109508.68,1,0
Spain,Male,37.0,0.0,2,0
Spain,Female,46.0,98899.91,2,1
Spain,Male,41.0,0.0,1,0
Spain,Male,31.0,130274.22,1,0
Spain,Male,47.0,0.0,2,0
Spain,Female,28.0,104763.41,1,1
Spain,Female,49.0,0.0,3,1
Spain,Male,41.0,113657.53,1,0
Spain,Male,49.0,99580.13,1,1
Spain,Male,43.0,0.0,2,0
Spain,Male,27.0,0.0,2,0
Spain,Male,38.0,0.0,2,0
Spain,Male,29.0,0.0,2,0
Spain,Female,30.0,0.0,2,0
Spain,Female,29.0,0.0,2,0
Spain,Male,36.0,0.0,1,0
Spain,Male,31.0,105563.0,1,0
Spain,Female,35.0,0.0,2,0
Spain,Male,33.0,121898.68,1,1
Spain,Female,50.0,121355.19,1,1
Spain,Female,48.0,0.0,2,1
Spain,Female,34.0,106863.41,1,0
Spain,Male,35.0,0.0,1,0
Spain,Male,49.0,164902.43,1,0
Spain,Male,35.0,131955.07,1,0
Spain,Male,35.0,0.0,2,0
Spain,Female,41.0,99010.67,1,0
Spain,Female,56.0,107988.69,1,1
Spain,Female,51.0,0.0,1,1
Spain,Female,39.0,0.0,1,1
Spain,Male,33.0,0.0,2,0
Spain,Male,33.0,109876.82,2,0
Spain,Male,25.0,0.0,1,0
Spain,Female,34.0,0.0,2,0
Spain,Male,28.0,102925.22,1,0
Spain,Male,23.0,0.0,2,0
Spain,Male,50.0,0.0,2,0
Spain,Male,23.0,0.0,2,0
Spain,Female,43.0,0.0,2,0
Spain,Male,44.0,133313.34,1,1
Spain,Male,22.0,0.0,2,0
Spain,Male,42.0,0.0,2,0
Spain,Female,40.0,0.0,2,0
Spain,Male,31.0,0.0,2,0
Spain,Male,73.0,0.0,2,0
Spain,Female,39.0,0.0,2,0
Spain,Female,33.0,0.0,2,0
Spain,Female,42.0,0.0,2,0
Spain,Male,36.0,0.0,2,0
Spain,Male,40.0,0.0,2,0
Spain,Female,60.0,168920.75,1,0
Spain,Male,44.0,187602.18,1,1
Spain,Female,41.0,0.0,1,1
Spain,Female,41.0,0.0,2,0
Spain,Male,30.0,0.0,3,0
Spain,Male,35.0,0.0,2,0
Spain,Female,40.0,0.0,2,0
Spain,Male,35.0,0.0,2,0
Spain,Male,34.0,0.0,2,0
Spain,Male,36.0,0.0,2,0
Spain,Female,39.0,0.0,2,0
Spain,Male,28.0,0.0,2,0
Spain,Female,36.0,0.0,1,0
Spain,Male,41.0,0.0,2,0
Spain,Male,22.0,99339.0,1,0
Spain,Male,28.0,0.0,2,0
Spain,Male,42.0,0.0,2,0
Spain,Male,47.0,0.0,2,0
Spain,Female,41.0,0.0,2,0
Spain,Male,27.0,111179.83,1,0
Spain,Male,39.0,0.0,2,0
Spain,Male,39.0,0.0,1,0
Spain,Male,32.0,117052.06,1,0
Spain,Male,52.0,136298.65,1,1
Spain,Male,48.0,0.0,1,0
Spain,Female,41.0,0.0,2,0
Spain,Male,42.0,135961.62,1,1
Spain,Male,31.0,0.0,2,0
Spain,Female,42.0,94493.03,1,0
Spain,Male,36.0,0.0,2,0
Spain,Male,62.0,0.0,2,0
Spain,Female,33.0,0.0,2,0
Spain,Male,33.0,0.0,2,0
Spain,Male,33.0,0.0,2,0
Spain,Female,48.0,0.0,1,1
Spain,Male,32.0,0.0,2,0
Spain,Female,28.0,0.0,2,0
Spain,Male,40.0,0.0,2,0
Spain,Male,35.0,0.0,2,0
Spain,Male,21.0,121151.52,1,0
Spain,Male,36.0,0.0,2,0
Spain,Male,38.0,0.0,1,1
Spain,Male,29.0,0.0,2,0
Spain,Male,54.0,129472.98,1,1
Spain,Female,38.0,0.0,2,0
Spain,Male,39.0,169831.46,2,0
Spain,Female,42.0,0.0,2,0
Spain,Male,28.0,0.0,2,0
Spain,Male,38.0,0.0,2,0
Spain,Male,62.0,0.0,1,1
Spain,Male,27.0,0.0,2,0
Spain,Male,42.0,0.0,2,0
Spain,Male,53.0,82940.25,1,0
Spain,Male,42.0,0.0,2,0
Spain,Male,28.0,0.0,2,0
Spain,Male,36.0,0.0,2,0
Spain,Male,39.0,0.0,2,0
Spain,Female,38.0,0.0,2,0
Spain,Male,31.0,0.0,2,0
Spain,Male,39.0,0.0,2,0
Spain,Male,46.0,78896.34,1,0
Spain,Male,29.0,0.0,2,0
Spain,Male,44.0,0.0,2,0
Spain,Male,35.0,0.0,2,0
Spain,Male,40.0,0.0,3,1
Spain,Male,80.0,0.0,2,0
Spain,Male,35.0,132084.66,2,0
Spain,Male,40.0,0.0,2,0
Spain,Female,36.0,0.0,2,0
Spain,Female,30.0,0.0,1,0
Spain,Female,54.0,0.0,2,0
Spain,Female,38.0,0.0,2,0
Spain,Male,31.0,0.0,2,0
Spain,Male,44.0,0.0,2,0
Spain,Male,44.0,94153.56,2,0
Spain,Male,39.0,0.0,2,1
Spain,Female,35.0,0.0,2,0
Spain,Male,35.0,0.0,1,0
Spain,Female,40.0,57784.22,1,1
Spain,Male,28.0,122345.8,1,0
Spain,Male,35.0,0.0,2,0
Spain,Female,52.0,0.0,1,1
Spain,Female,38.0,0.0,1,0
Spain,Male,69.0,0.0,2,0
Spain,Male,43.0,135645.29,2,0
Spain,Female,35.0,0.0,1,0
Spain,Male,45.0,0.0,2,1
Spain,Female,44.0,0.0,1,1
Spain,Female,34.0,84906.45,1,0
Spain,Female,34.0,0.0,2,0
Spain,Male,38.0,69434.4,2,0
Spain,Male,48.0,115532.52,1,0
Spain,Female,43.0,0.0,2,0
Spain,Female,40.0,121159.65,1,0
Spain,Male,41.0,0.0,1,0
Spain,Female,40.0,0.0,2,0
Spain,Female,60.0,0.0,1,1
Spain,Male,31.0,0.0,2,0
Spain,Female,26.0,113452.66,2,0
Spain,Female,38.0,77857.33,1,0
Spain,Male,32.0,143903.12,2,0
Spain,Female,46.0,0.0,1,1
Spain,Male,25.0,0.0,2,0
Spain,Female,41.0,140197.18,1,0
Spain,Male,34.0,0.0,2,0
Spain,Male,28.0,0.0,2,0
Spain,Male,35.0,0.0,1,0
Spain,Male,26.0,0.0,2,0
Spain,Male,43.0,0.0,2,0
Spain,Female,40.0,95984.69,1,0
Spain,Male,31.0,79962.92,2,0
Spain,Female,46.0,0.0,2,1
Spain,Female,32.0,141462.13,2,0
Spain,Female,56.0,0.0,1,1
Spain,Female,43.0,0.0,2,0
Spain,Male,33.0,0.0,2,0
Spain,Female,39.0,0.0,2,0
Spain,Male,46.0,0.0,1,1
Spain,Female,24.0,155766.05,1,0
Spain,Male,36.0,0.0,2,0
Spain,Male,31.0,151027.05,1,1
Spain,Male,31.0,0.0,2,0
Spain,Female,57.0,175575.95,2,0
Spain,Male,26.0,0.0,2,0
Spain,Female,34.0,0.0,2,0
Spain,Female,37.0,0.0,2,0
Spain,Female,57.0,0.0,2,0
Spain,Male,28.0,120135.42,1,0
Spain,Male,38.0,0.0,2,0
Spain,Male,35.0,128065.12,1,0
Spain,Male,33.0,0.0,1,0
Spain,Female,39.0,72535.45,1,0
Spain,Male,25.0,0.0,2,0
Spain,Female,33.0,0.0,2,0
Spain,Male,30.0,0.0,1,0
Spain,Male,21.0,0.0,2,0
Spain,Male,35.0,119152.1,1,0
Spain,Male,33.0,0.0,2,0
Spain,Female,28.0,0.0,2,1
Spain,Male,41.0,112119.48,1,0
Spain,Male,45.0,0.0,2,0
Spain,Male,42.0,0.0,2,0
Spain,Female,33.0,104960.62,1,0
Spain,Male,26.0,0.0,2,0
Spain,Female,46.0,0.0,1,0
Spain,Male,31.0,124266.61,1,0
Spain,Female,67.0,0.0,1,0
Spain,Male,57.0,0.0,2,0
Spain,Male,40.0,0.0,2,0
Spain,Male,42.0,132576.05,1,0
Spain,Female,37.0,153040.63,2,0
Spain,Male,58.0,101257.23,1,0
Spain,Female,32.0,0.0,2,0
Spain,Male,43.0,142991.04,1,0
Spain,Male,29.0,135179.49,1,1
Spain,Male,24.0,144855.34,1,0
Spain,Female,31.0,117056.46,1,0
Spain,Female,54.0,0.0,1,1
Spain,Female,34.0,0.0,2,0
Spain,Male,30.0,117640.39,1,0
Spain,Female,33.0,0.0,2,0
Spain,Male,38.0,174851.9,1,0
Spain,Male,25.0,0.0,2,0
Spain,Male,45.0,0.0,2,0
Spain,Male,40.0,125826.43,2,0
Spain,Male,32.0,0.0,2,0
Spain,Male,34.0,0.0,2,0
Spain,Male,39.0,0.0,1,0
Spain,Male,44.0,171671.1,1,0
Spain,Female,40.0,0.0,1,1
Spain,Male,38.0,0.0,2,0
Spain,Male,34.0,167864.4,1,0
Spain,Male,60.0,121907.97,2,0
Spain,Female,38.0,0.0,2,0
Spain,Female,34.0,0.0,2,0
Spain,Female,32.0,0.0,2,0
Spain,Female,23.0,0.0,2,1
Spain,Female,36.0,0.0,1,0
Spain,Male,37.0,0.0,2,0
Spain,Male,38.0,135289.33,2,1
Spain,Female,42.0,146282.79,2,0
Spain,Female,45.0,0.0,2,0
Spain,Male,56.0,209767.31,2,1
Spain,Male,28.0,61274.7,2,0
Spain,Male,41.0,0.0,1,0
Spain,Male,45.0,73070.18,1,0
Spain,Male,32.0,99097.26,1,0
Spain,Male,37.0,155619.58,1,0
Spain,Male,34.0,0.0,1,0
Spain,Male,61.0,0.0,1,1
Spain,Female,60.0,0.0,2,1
Spain,Male,64.0,0.0,1,1
Spain,Male,40.0,163764.84,1,0
Spain,Female,34.0,145965.33,1,0
Spain,Female,31.0,0.0,1,0
Spain,Male,28.0,107141.27,1,0
Spain,Male,40.0,131287.36,1,0
Spain,Female,57.0,197933.07,1,0
Spain,Male,39.0,0.0,1,0
Spain,Female,48.0,0.0,2,0
Spain,Male,25.0,145610.07,1,0
Spain,Male,38.0,0.0,2,0
Spain,Female,39.0,0.0,2,0
Spain,Male,50.0,0.0,1,1
Spain,Female,52.0,0.0,1,0
Spain,Male,43.0,0.0,1,1
Spain,Male,33.0,148666.71,1,0
Spain,Female,37.0,139914.7,1,1
Spain,Male,39.0,102395.79,1,0
Spain,Male,33.0,0.0,2,0
Spain,Male,38.0,0.0,2,0
Spain,Male,47.0,0.0,2,1
Spain,Male,36.0,0.0,2,0
Spain,Female,42.0,116318.23,1,0
Spain,Male,39.0,0.0,2,0
Spain,Female,24.0,99660.44,1,0
Spain,Female,35.0,0.0,2,0
Spain,Male,42.0,0.0,2,0
Spain,Female,22.0,0.0,2,0
Spain,Male,34.0,143680.47,2,0
Spain,Female,42.0,0.0,2,0
Spain,Female,40.0,0.0,2,0
Spain,Male,31.0,142412.13,1,0
Spain,Female,39.0,0.0,2,0
Spain,Female,46.0,0.0,1,1
Spain,Male,33.0,150092.8,1,0
Spain,Female,32.0,0.0,2,0
Spain,Male,38.0,0.0,2,1
Spain,Female,39.0,0.0,1,1
Spain,Female,46.0,107852.25,1,0
Spain,Female,43.0,0.0,1,1
Spain,Female,41.0,0.0,1,1
Spain,Female,38.0,100565.94,1,0
Spain,Female,36.0,0.0,1,1
Spain,Male,34.0,0.0,2,0
Spain,Female,30.0,0.0,1,0
Spain,Male,31.0,0.0,2,0
Spain,Male,30.0,121533.1,1,0
Spain,Male,32.0,0.0,2,0
Spain,Male,33.0,146408.68,2,0
Spain,Male,35.0,0.0,2,0
Spain,Male,33.0,0.0,2,0
Spain,Female,32.0,0.0,2,0
Spain,Female,34.0,0.0,1,0
Spain,Male,36.0,152309.37,1,0
Spain,Female,49.0,116313.57,2,1
Spain,Male,60.0,0.0,2,0
Spain,Male,36.0,0.0,2,0
Spain,Female,51.0,0.0,1,1
Spain,Male,41.0,0.0,1,0
Spain,Female,24.0,61274.7,2,0
Spain,Male,33.0,0.0,2,0
Spain,Female,48.0,0.0,1,0
Spain,Male,26.0,144962.74,1,0
Spain,Male,53.0,0.0,1,1
Spain,Male,28.0,0.0,1,1
Spain,Male,40.0,0.0,2,0
Spain,Male,41.0,0.0,2,0
Spain,Male,34.0,0.0,1,0
Spain,Male,44.0,0.0,1,1
Spain,Female,38.0,0.0,2,0
Spain,Male,37.0,102783.94,1,0
Spain,Female,38.0,0.0,2,0
Spain,Male,29.0,122517.39,1,0
Spain,Male,56.0,0.0,1,1
Spain,Male,42.0,61636.97,1,0
Spain,Female,36.0,0.0,1,0
Spain,Female,29.0,99883.16,1,0
Spain,Male,36.0,0.0,2,0
Spain,Male,43.0,0.0,2,0
Spain,Female,34.0,0.0,2,0
Spain,Female,47.0,0.0,1,1
Spain,Male,38.0,0.0,2,0
Spain,Female,39.0,0.0,2,0
Spain,Male,36.0,0.0,2,0
Spain,Male,54.0,128743.55,1,0
Spain,Female,37.0,121240.41,1,0
Spain,Male,38.0,96888.39,1,0
Spain,Male,38.0,0.0,2,0
Spain,Female,34.0,0.0,2,0
Spain,Male,47.0,0.0,1,1
Spain,Male,31.0,93772.92,1,0
Spain,Male,32.0,156371.61,2,0
Spain,Male,42.0,141433.34,1,0
Spain,Female,58.0,0.0,2,0
Spain,Male,36.0,0.0,2,0
Spain,Male,26.0,0.0,2,0
Spain,Female,43.0,0.0,2,0
Spain,Female,34.0,147974.15,1,0
Spain,Male,38.0,177997.07,2,0
Spain,Male,51.0,0.0,1,1
Spain,Male,35.0,0.0,2,0
Spain,Male,61.0,0.0,1,1
Spain,Male,38.0,0.0,2,0
Spain,Male,38.0,141573.55,1,0
Spain,Male,41.0,0.0,2,0
Spain,Male,61.0,0.0,2,1
Spain,Female,35.0,103108.8,1,1
Spain,Male,47.0,0.0,2,0
Spain,Male,61.0,0.0,2,0
Spain,Female,39.0,98800.0,1,0
Spain,Male,24.0,102773.15,2,0
Spain,Male,57.0,126534.6,2,0
Spain,Female,29.0,0.0,2,0
Spain,Male,36.0,0.0,1,0
Spain,Female,28.0,75990.97,1,0
Spain,Male,30.0,165896.0,1,0
Spain,Female,40.0,0.0,2,0
Spain,Male,29.0,108019.27,1,0
Spain,Male,37.0,0.0,2,0
Spain,Female,49.0,0.0,2,0
Spain,Male,38.0,0.0,2,0
Spain,Female,40.0,0.0,2,0
Spain,Female,38.0,0.0,1,0
Spain,Female,40.0,0.0,2,0
Spain,Male,28.0,123692.0,1,0
Spain,Male,47.0,0.0,2,0
Spain,Female,34.0,0.0,2,0
Spain,Female,48.0,0.0,1,1
Spain,Male,23.0,0.0,2,0
Spain,Female,34.0,0.0,2,0
Spain,Female,35.0,142644.64,1,0
Spain,Male,38.0,0.0,2,0
Spain,Female,56.0,133214.88,1,1
Spain,Female,41.0,0.0,1,1
Spain,Male,39.0,65521.2,1,0
Spain,Male,40.0,0.0,1,1
Spain,Female,35.0,134887.53,3,1
Spain,Male,33.0,0.0,1,0
Spain,Male,57.0,0.0,1,0
Spain,Female,42.0,0.0,2,0
Spain,Female,38.0,0.0,2,0
Spain,Male,38.0,142663.61,1,0
Spain,Male,43.0,0.0,2,0
Spain,Male,28.0,0.0,2,0
Spain,Male,33.0,0.0,2,0
Spain,Male,32.0,0.0,2,0
Spain,Female,25.0,126675.48,1,0
Spain,Male,54.0,0.0,1,1
Spain,Male,28.0,0.0,1,0
Spain,Male,31.0,0.0,2,0
Spain,Female,38.0,0.0,2,0
Spain,Female,34.0,0.0,2,0
Spain,Female,28.0,0.0,2,0
Spain,Female,32.0,0.0,1,0
Spain,Male,52.0,146100.22,1,1
Spain,Male,27.0,142669.93,1,0
Spain,Female,44.0,121626.9,1,1
Spain,Female,36.0,163889.68,1,0
Spain,Female,39.0,0.0,2,0
Spain,Male,29.0,0.0,2,0
Spain,Male,32.0,0.0,2,0
Spain,Female,48.0,0.0,1,1
Spain,Female,21.0,0.0,2,1
Spain,Male,37.0,0.0,2,0
Spain,Female,42.0,96654.05,1,1
Spain,Female,59.0,71187.24,3,1
Spain,Female,35.0,122453.37,1,0
Spain,Male,28.0,0.0,2,0
Spain,Male,37.0,161757.87,2,0
Spain,Male,38.0,118866.36,1,0
Spain,Female,36.0,0.0,2,0
Spain,Male,35.0,111927.84,1,0
Spain,Male,46.0,133476.05,1,0
Spain,Male,38.0,56084.69,2,0
Spain,Female,36.0,124445.52,1,0
Spain,Female,47.0,0.0,2,0
Spain,Male,29.0,0.0,1,0
Spain,Male,41.0,132838.52,1,0
Spain,Female,43.0,157320.51,1,0
Spain,Male,44.0,123049.21,1,0
Spain,Female,34.0,175509.8,1,0
Spain,Male,32.0,122917.71,1,0
Spain,Male,41.0,0.0,2,0
Spain,Male,22.0,0.0,2,0
Spain,Female,31.0,118899.45,2,0
Spain,Female,33.0,0.0,2,0
Spain,Male,34.0,0.0,2,0
Spain,Female,46.0,0.0,2,0
Spain,Male,33.0,129735.3,3,1
Spain,Male,37.0,0.0,2,0
Spain,Female,38.0,0.0,2,0
Spain,Female,43.0,143350.31,1,1
Spain,Female,28.0,0.0,1,0
Spain,Female,44.0,0.0,2,0
Spain,Male,31.0,136466.26,1,0
Spain,Male,45.0,0.0,2,0
Spain,Female,31.0,0.0,2,0
Spain,Female,33.0,0.0,2,0
Spain,Male,25.0,0.0,2,0
Spain,Male,37.0,0.0,2,0
Spain,Female,48.0,0.0,1,1
Spain,Male,47.0,0.0,2,0
Spain,Male,42.0,164978.01,1,0
Spain,Male,34.0,113837.21,1,0
Spain,Male,50.0,0.0,2,0
Spain,Male,36.0,0.0,2,0
Spain,Female,26.0,0.0,2,0
Spain,Male,36.0,0.0,2,0
Spain,Female,43.0,0.0,2,1
Spain,Female,36.0,142387.31,1,0
Spain,Male,24.0,121570.07,1,0
Spain,Male,37.0,0.0,2,0
Spain,Male,53.0,82946.75,1,0
Spain,Male,43.0,0.0,2,0
Spain,Male,37.0,0.0,2,0
Spain,Female,41.0,122265.21,1,1
Spain,Male,38.0,0.0,2,0
Spain,Female,57.0,0.0,2,0
Spain,Female,38.0,122550.53,1,0
Spain,Female,35.0,0.0,1,1
Spain,Male,54.0,0.0,2,0
Spain,Female,37.0,145874.2,1,0
Spain,Female,32.0,165445.29,1,0
Spain,Female,31.0,0.0,2,0
Spain,Female,72.0,140900.74,1,0
Spain,Male,39.0,0.0,2,0
Spain,Female,40.0,0.0,2,0
Spain,Female,53.0,0.0,3,1
Spain,Male,31.0,0.0,1,1
Spain,Male,42.0,0.0,2,0
Spain,Male,33.0,0.0,1,0
Spain,Male,47.0,170600.78,1,1
Spain,Male,47.0,0.0,1,1
Spain,Male,32.0,0.0,1,1
Spain,Male,28.0,0.0,1,0
Spain,Female,40.0,111484.88,2,0
Spain,Male,30.0,145056.59,1,0
Spain,Female,40.0,0.0,2,0
Spain,Male,34.0,0.0,2,0
Spain,Female,46.0,0.0,1,1
Spain,Female,30.0,0.0,2,1
Spain,Male,34.0,0.0,1,0
Spain,Female,43.0,0.0,2,0
Spain,Female,29.0,0.0,2,0
Spain,Male,38.0,0.0,2,0
Spain,Male,38.0,0.0,2,0
Spain,Male,32.0,141038.57,2,0
Spain,Male,39.0,0.0,2,0
Spain,Male,56.0,124978.19,1,1
Spain,Female,62.0,0.0,2,0
Spain,Male,45.0,0.0,1,1
Spain,Male,53.0,0.0,2,0
Spain,Male,47.0,0.0,2,0
Spain,Male,39.0,0.0,2,0
Spain,Male,38.0,0.0,2,0
Spain,Male,41.0,80974.84,1,0
Spain,Female,32.0,0.0,1,0
Spain,Male,32.0,0.0,2,0
Spain,Female,31.0,0.0,1,1
Spain,Female,41.0,0.0,2,0
Spain,Male,38.0,0.0,2,0
Spain,Male,34.0,143421.74,2,0
Spain,Female,35.0,0.0,2,0
Spain,Male,43.0,0.0,2,0
Spain,Male,43.0,81153.82,1,0
Spain,Female,39.0,0.0,1,0
Spain,Female,33.0,0.0,1,1
Spain,Male,29.0,0.0,1,1
Spain,Male,51.0,93656.95,1,0
Spain,Female,34.0,97266.7,1,0
Spain,Female,38.0,157960.49,2,0
Spain,Female,38.0,0.0,1,1
Spain,Male,32.0,0.0,1,0
Spain,Female,30.0,0.0,1,0
Spain,Male,32.0,0.0,2,0
Spain,Male,38.0,0.0,2,0
Spain,Male,32.0,0.0,2,0
Spain,Male,40.0,0.0,1,0
Spain,Male,39.0,0.0,2,0
Spain,Female,36.0,0.0,1,1
Spain,Male,41.0,0.0,2,0
Spain,Male,42.0,159863.9,4,1
Spain,Female,40.0,0.0,2,0
Spain,Male,42.0,0.0,1,1
Spain,Female,30.0,0.0,2,0
Spain,Female,40.0,0.0,2,0
Spain,Male,33.0,0.0,2,0
Spain,Male,32.0,0.0,1,0
Spain,Female,35.0,150956.71,1,0
Spain,Male,34.0,0.0,2,0
Spain,Female,44.0,132558.26,2,1
Spain,Male,39.0,119499.47,2,0
Spain,Male,24.0,124577.33,1,0
Spain,Female,20.0,0.0,2,0
Spain,Male,48.0,0.0,2,1
Spain,Male,31.0,141356.47,1,0
Spain,Female,55.0,0.0,3,1
Spain,Female,63.0,114552.6,1,0
Spain,Male,40.0,0.0,2,0
Spain,Female,32.0,0.0,1,0
Spain,Male,31.0,0.0,1,0
Spain,Male,34.0,0.0,2,0
Spain,Male,29.0,0.0,1,0
Spain,Male,34.0,0.0,2,0
Spain,Male,30.0,0.0,2,0
Spain,Male,37.0,135559.9,1,1
Spain,Female,33.0,143390.11,1,0
Spain,Female,41.0,0.0,1,0
Spain,Female,39.0,0.0,2,0
Spain,Female,36.0,0.0,2,0
Spain,Male,29.0,103907.28,1,0
Spain,Female,35.0,0.0,2,0
Spain,Male,43.0,0.0,2,0
Spain,Female,30.0,0.0,2,0
Spain,Female,37.0,108004.64,2,0
Spain,Female,38.0,0.0,2,0
Spain,Female,25.0,104763.57,1,1
Spain,Female,35.0,0.0,2,0
Spain,Female,25.0,0.0,2,0
Spain,Female,71.0,0.0,2,0
Spain,Male,43.0,0.0,2,0
Spain,Female,37.0,0.0,2,0
Spain,Female,50.0,0.0,1,1
Spain,Female,34.0,0.0,2,0
Spain,Male,36.0,127900.23,1,0
Spain,Female,34.0,0.0,2,0
Spain,Male,38.0,129899.19,1,0
Spain,Male,45.0,0.0,2,0
Spain,Female,35.0,0.0,2,0
Spain,Female,47.0,0.0,1,1
Spain,Female,42.0,101633.07,1,0
Spain,Female,39.0,81711.71,1,0
Spain,Male,35.0,0.0,1,0
Spain,Male,39.0,0.0,2,0
Spain,Male,29.0,0.0,2,0
Spain,Female,42.0,136689.66,1,0
Spain,Female,31.0,0.0,2,0
Spain,Female,25.0,86605.5,3,0
Spain,Male,36.0,0.0,2,0
Spain,Male,44.0,185966.64,1,0
Spain,Male,40.0,0.0,2,0
Spain,Male,35.0,96863.49,1,0
Spain,Female,33.0,0.0,2,0
Spain,Female,37.0,0.0,2,1
Spain,Male,31.0,113599.24,1,0
Spain,Male,35.0,0.0,2,0
Spain,Female,31.0,0.0,2,0
Spain,Male,34.0,0.0,1,1
Spain,Male,40.0,0.0,2,0
Spain,Male,34.0,0.0,2,0
Spain,Female,39.0,0.0,2,0
Spain,Male,42.0,0.0,2,0
Spain,Male,39.0,0.0,1,0
Spain,Male,27.0,0.0,2,0
Spain,Female,34.0,152400.51,1,0
Spain,Male,38.0,0.0,1,0
Spain,Female,27.0,0.0,2,0
Spain,Male,20.0,0.0,2,0
Spain,Male,41.0,0.0,1,1
Spain,Male,46.0,0.0,1,1
Spain,Male,35.0,118633.84,1,0
Spain,Male,38.0,161766.87,1,0
Spain,Female,37.0,0.0,2,0
Spain,Male,38.0,126111.61,1,1
Spain,Male,33.0,0.0,2,0
Spain,Female,46.0,0.0,2,1
Spain,Male,41.0,0.0,1,0
Spain,Male,46.0,0.0,2,0
Spain,Male,39.0,0.0,2,0
Spain,Female,42.0,0.0,2,0
Spain,Male,39.0,135969.13,1,0
Spain,Female,43.0,0.0,2,0
Spain,Female,39.0,0.0,1,0
Spain,Female,29.0,0.0,2,0
Spain,Male,46.0,106517.87,1,1
Spain,Female,39.0,0.0,2,0
Spain,Female,30.0,102238.01,2,0
Spain,Male,37.0,0.0,2,0
Spain,Female,45.0,0.0,1,0
Spain,Male,36.0,112088.04,1,0
Spain,Male,25.0,0.0,2,0
Spain,Male,38.0,0.0,2,0
Spain,Female,71.0,0.0,2,0
Spain,Male,41.0,109402.13,1,0
Spain,Male,46.0,0.0,1,0
Spain,Male,39.0,181656.51,1,0
Spain,Male,38.0,0.0,2,0
Spain,Male,42.0,166501.85,2,0
Spain,Male,48.0,119787.76,1,0
Spain,Male,26.0,0.0,2,0
Spain,Male,25.0,0.0,2,0
Spain,Male,36.0,0.0,2,0
Spain,Male,38.0,133853.4,1,0
Spain,Female,43.0,122444.67,1,0
Spain,Female,46.0,105206.7,2,1
Spain,Female,25.0,0.0,2,0
Spain,Female,32.0,0.0,2,0
Spain,Male,61.0,0.0,1,0
Spain,Female,35.0,0.0,2,0
Spain,Male,35.0,0.0,2,0
Spain,Female,32.0,0.0,2,0
Spain,Female,36.0,0.0,2,0
Spain,Female,39.0,120825.7,1,1
Spain,Female,62.0,0.0,1,0
Spain,Female,48.0,0.0,1,0
Spain,Male,37.0,0.0,2,0
Spain,Male,36.0,129205.34,1,0
Spain,Male,27.0,0.0,2,0
Spain,Female,23.0,0.0,2,0
Spain,Female,27.0,0.0,1,0
Spain,Male,36.0,0.0,2,0
Spain,Female,36.0,0.0,2,0
Spain,Male,35.0,0.0,2,0
Spain,Female,37.0,0.0,1,1
Spain,Male,33.0,0.0,2,0
Spain,Female,25.0,0.0,2,0
Spain,Male,40.0,0.0,2,0
Spain,Female,29.0,0.0,2,0
Spain,Male,39.0,0.0,2,0
Spain,Male,67.0,0.0,2,0
Spain,Male,37.0,178755.84,1,1
Spain,Male,32.0,0.0,1,0
Spain,Female,33.0,0.0,2,0
Spain,Male,33.0,100476.17,1,0
Spain,Male,34.0,156674.48,2,0
Spain,Female,41.0,0.0,2,0
Spain,Male,35.0,0.0,1,1
Spain,Male,29.0,0.0,2,0
Spain,Female,25.0,152581.06,1,0
Spain,Male,40.0,0.0,2,0
Spain,Male,28.0,0.0,2,0
Spain,Female,51.0,0.0,1,1
Spain,Female,39.0,0.0,2,0
Spain,Female,36.0,0.0,2,0
Spain,Female,30.0,0.0,2,0
Spain,Male,31.0,0.0,2,0
Spain,Female,33.0,0.0,1,0
Spain,Female,34.0,0.0,2,0
Spain,Male,34.0,121355.99,1,0
Spain,Male,41.0,0.0,2,0
Spain,Female,31.0,0.0,1,1
Spain,Female,31.0,0.0,2,0
Spain,Male,32.0,0.0,2,0
Spain,Male,30.0,0.0,2,0
Spain,Male,37.0,0.0,3,0
Spain,Male,40.0,0.0,2,0
Spain,Male,37.0,0.0,2,0
Spain,Male,34.0,0.0,2,0
Spain,Female,35.0,139781.5,1,0
Spain,Male,34.0,0.0,2,0
Spain,Male,53.0,0.0,2,0
Spain,Male,36.0,0.0,2,0
Spain,Male,27.0,0.0,2,0
Spain,Female,34.0,161592.76,1,0
Spain,Male,42.0,95328.6,1,1
Spain,Male,50.0,127675.18,1,0
Spain,Male,30.0,0.0,2,0
Spain,Male,22.0,137761.55,2,0
Spain,Male,35.0,140363.95,2,0
Spain,Male,59.0,0.0,2,0
Spain,Male,45.0,0.0,1,1
Spain,Female,44.0,0.0,2,0
Spain,Male,36.0,0.0,2,0
Spain,Male,22.0,0.0,2,0
Spain,Male,31.0,0.0,2,0
Spain,Female,32.0,0.0,2,0
Spain,Female,52.0,0.0,1,1
Spain,Female,41.0,86147.46,1,0
Spain,Male,33.0,0.0,2,0
Spain,Male,35.0,0.0,2,0
Spain,Male,20.0,0.0,1,0
Spain,Male,25.0,0.0,2,0
Spain,Male,26.0,0.0,1,0
Spain,Male,45.0,165798.1,2,0
Spain,Female,32.0,0.0,2,0
Spain,Male,33.0,145729.71,1,1
Spain,Male,32.0,0.0,1,0
Spain,Female,48.0,0.0,1,1
Spain,Male,57.0,0.0,2,0
Spain,Male,37.0,0.0,2,0
Spain,Male,42.0,0.0,1,1
Spain,Male,37.0,0.0,2,0
Spain,Male,30.0,121345.88,4,0
Spain,Female,59.0,0.0,2,1
Spain,Male,41.0,0.0,1,0
Spain,Male,28.0,0.0,2,0
Spain,Male,40.0,0.0,2,0
Spain,Female,53.0,0.0,2,0
Spain,Female,41.0,0.0,1,1
Spain,Male,28.0,0.0,2,0
Spain,Female,39.0,127772.05,1,0
Spain,Male,27.0,88977.31,2,0
Spain,Male,45.0,0.0,2,0
Spain,Female,34.0,0.0,1,1
Spain,Male,30.0,0.0,2,0
Spain,Female,60.0,0.0,1,1
Spain,Female,32.0,159397.75,1,1
Spain,Male,32.0,147511.26,1,0
Spain,Male,39.0,0.0,1,0
Spain,Male,37.0,134887.53,1,0
Spain,Male,33.0,0.0,2,0
Spain,Male,40.0,133463.1,1,0
Spain,Male,36.0,0.0,1,1
Spain,Male,21.0,0.0,1,0
Spain,Female,39.0,125977.81,1,0
Spain,Male,60.0,0.0,1,1
Spain,Female,32.0,130131.08,1,0
Spain,Female,46.0,56580.95,2,1
Spain,Male,33.0,0.0,2,0
Spain,Male,33.0,0.0,1,0
Spain,Female,26.0,129991.76,2,0
Spain,Male,37.0,0.0,2,0
Spain,Male,31.0,112713.34,1,0
Spain,Male,33.0,153663.27,2,0
Spain,Female,33.0,96863.13,1,0
Spain,Female,40.0,0.0,1,1
Spain,Male,51.0,0.0,2,0
Spain,Male,23.0,0.0,2,0
Spain,Male,25.0,0.0,1,0
Spain,Male,37.0,0.0,2,0
Spain,Female,34.0,0.0,2,0
Spain,Female,39.0,0.0,2,0
Spain,Male,41.0,112119.48,1,1
Spain,Male,20.0,0.0,2,0
Spain,Male,36.0,116160.23,2,0
Spain,Male,46.0,0.0,1,0
Spain,Male,52.0,0.0,1,1
Spain,Male,40.0,0.0,2,0
Spain,Female,52.0,0.0,1,1
Spain,Male,45.0,164450.94,1,1
Spain,Female,29.0,0.0,2,0
Spain,Female,59.0,0.0,1,0
Spain,Female,55.0,136576.02,1,1
Spain,Female,48.0,145974.79,1,1
Spain,Male,45.0,95922.9,1,0
Spain,Female,29.0,117035.89,1,0
Spain,Male,27.0,0.0,2,0
Spain,Male,43.0,0.0,1,1
Spain,Male,36.0,0.0,1,0
Spain,Male,33.0,148051.99,1,0
Spain,Male,35.0,0.0,2,0
Spain,Female,51.0,0.0,1,1
Spain,Female,35.0,0.0,2,0
Spain,Female,60.0,117726.33,1,1
Spain,Female,36.0,91132.18,1,0
Spain,Male,35.0,0.0,2,0
Spain,Female,40.0,104291.41,2,0
Spain,Female,67.0,0.0,1,1
Spain,Female,30.0,0.0,2,0
Spain,Female,28.0,165969.26,3,1
Spain,Male,29.0,0.0,2,0
Spain,Female,40.0,101993.12,1,0
Spain,Male,29.0,0.0,1,1
Spain,Male,51.0,113923.81,2,0
Spain,Male,40.0,97208.46,1,0
Spain,Male,32.0,0.0,1,0
Spain,Male,34.0,0.0,2,0
Spain,Male,34.0,0.0,1,1
Spain,Female,33.0,0.0,2,0
Spain,Male,35.0,0.0,2,0
Spain,Male,40.0,82696.18,1,0
Spain,Female,38.0,0.0,2,0
Spain,Male,47.0,0.0,2,0
Spain,Female,52.0,0.0,1,1
Spain,Male,37.0,0.0,2,0
Spain,Female,36.0,0.0,2,0
Spain,Female,21.0,0.0,2,0
Spain,Female,41.0,138901.61,1,0
Spain,Male,33.0,123863.23,1,0
Spain,Female,26.0,122874.74,2,0
Spain,Female,31.0,135555.96,1,0
Spain,Male,38.0,145974.79,2,0
Spain,Male,34.0,0.0,2,0
Spain,Female,41.0,154206.07,2,1
Spain,Female,24.0,0.0,1,1
Spain,Male,38.0,0.0,2,0
Spain,Male,35.0,0.0,2,0
Spain,Female,34.0,0.0,2,0
Spain,Female,37.0,0.0,2,0
Spain,Male,38.0,0.0,2,0
Spain,Male,41.0,0.0,2,0
Spain,Male,38.0,120782.7,1,0
Spain,Male,33.0,77886.53,2,1
Spain,Female,44.0,0.0,1,0
Spain,Female,36.0,0.0,1,1
Spain,Male,42.0,0.0,1,0
Spain,Male,28.0,109161.25,2,0
Spain,Female,32.0,139824.8,1,1
Spain,Male,32.0,101090.27,1,0
Spain,Male,40.0,139663.37,1,0
Spain,Male,37.0,0.0,2,0
Spain,Female,38.0,0.0,2,0
Spain,Male,45.0,0.0,3,1
Spain,Male,35.0,0.0,2,0
Spain,Female,36.0,0.0,1,0
Spain,Male,35.0,0.0,2,0
Spain,Female,31.0,0.0,2,0
Spain,Male,28.0,0.0,2,0
Spain,Female,47.0,0.0,1,1
Spain,Male,57.0,105000.23,2,0
Spain,Male,40.0,0.0,2,0
Spain,Male,33.0,0.0,1,0
Spain,Male,37.0,0.0,2,0
Spain,Female,48.0,0.0,2,0
Spain,Male,41.0,150302.84,1,0
Spain,Male,29.0,166825.02,1,0
Spain,Female,35.0,0.0,2,0
Spain,Male,35.0,0.0,2,0
Spain,Female,44.0,140856.16,2,0
Spain,Male,35.0,0.0,2,0
Spain,Female,35.0,0.0,2,0
Spain,Female,34.0,86055.17,1,0
Spain,Female,47.0,0.0,2,0
Spain,Male,37.0,137910.45,1,0
Spain,Female,46.0,0.0,2,0
Spain,Male,48.0,0.0,1,0
Spain,Female,26.0,148610.41,3,1
Spain,Male,48.0,0.0,1,1
Spain,Male,33.0,0.0,2,1
Spain,Female,36.0,0.0,2,0
Spain,Male,63.0,105795.18,2,1
Spain,Female,42.0,106301.65,1,0
Spain,Male,47.0,126477.42,1,1
Spain,Male,30.0,0.0,2,0
Spain,Male,33.0,0.0,2,0
Spain,Male,37.0,0.0,2,0
Spain,Male,43.0,85921.47,1,0
Spain,Female,49.0,0.0,1,0
Spain,Male,44.0,100524.69,1,0
Spain,Female,35.0,78939.15,1,0
Spain,Male,36.0,0.0,2,0
Spain,Female,38.0,0.0,1,0
Spain,Male,39.0,0.0,2,0
Spain,Male,39.0,0.0,4,1
Spain,Male,37.0,0.0,1,0
Spain,Male,38.0,114091.04,1,0
Spain,Male,45.0,0.0,2,0
Spain,Male,45.0,0.0,2,0
Spain,Female,31.0,157929.56,1,0
Spain,Female,36.0,0.0,2,0
Spain,Male,48.0,0.0,2,0
Spain,Female,33.0,0.0,2,0
Spain,Male,32.0,0.0,2,0
Spain,Male,20.0,0.0,1,0
Spain,Male,50.0,0.0,1,1
Spain,Male,38.0,0.0,2,0
Spain,Female,34.0,171671.9,1,0
Spain,Female,42.0,0.0,2,0
Spain,Male,61.0,91070.43,1,0
Spain,Male,29.0,0.0,2,0
Spain,Female,24.0,106968.41,1,0
Spain,Female,46.0,82275.34,1,1
Spain,Male,31.0,0.0,1,0
Spain,Male,35.0,128131.73,1,0
Spain,Male,40.0,0.0,1,0
Spain,Male,36.0,82291.1,1,0
Spain,Male,25.0,115024.5,1,0
Spain,Female,34.0,0.0,2,0
Spain,Male,44.0,0.0,2,0
Spain,Male,48.0,0.0,1,0
Spain,Male,35.0,0.0,2,0
Spain,Male,32.0,0.0,1,0
Spain,Male,64.0,0.0,1,0
Spain,Female,38.0,0.0,1,0
Spain,Female,28.0,0.0,2,0
Spain,Female,36.0,0.0,2,0
Spain,Female,37.0,153882.52,1,0
Spain,Female,46.0,0.0,1,1
Spain,Male,35.0,0.0,2,0
Spain,Female,46.0,0.0,1,0
Spain,Male,36.0,154983.98,1,0
Spain,Female,55.0,123081.84,1,1
Spain,Male,36.0,133314.66,1,0
Spain,Female,41.0,0.0,2,0
Spain,Female,54.0,135946.19,1,0
Spain,Male,32.0,140137.15,1,0
Spain,Male,28.0,145537.52,1,0
Spain,Male,46.0,0.0,3,1
Spain,Female,33.0,0.0,2,0
Spain,Male,73.0,137761.55,1,0
Spain,Male,39.0,122947.92,1,0
Spain,Male,46.0,134542.04,2,0
Spain,Male,31.0,0.0,2,0
Spain,Male,63.0,0.0,2,1
Spain,Male,35.0,146776.22,1,0
Spain,Male,39.0,0.0,2,0
Spain,Female,41.0,0.0,2,0
Spain,Male,34.0,0.0,1,0
Spain,Male,43.0,82228.67,2,0
Spain,Female,42.0,144848.74,2,0
Spain,Male,48.0,0.0,2,0
Spain,Female,39.0,89588.35,1,1
Spain,Male,32.0,155619.36,1,1
Spain,Male,35.0,93608.28,2,0
Spain,Male,34.0,0.0,2,0
Spain,Female,43.0,0.0,1,0
Spain,Male,45.0,121669.23,1,0
Spain,Female,35.0,0.0,1,0
Spain,Male,43.0,0.0,2,0
Spain,Male,36.0,0.0,1,1
Spain,Female,37.0,0.0,2,0
Spain,Male,31.0,132613.57,1,0
Spain,Female,24.0,154701.57,2,0
Spain,Female,57.0,0.0,3,1
Spain,Male,22.0,118680.57,2,0
Spain,Male,34.0,0.0,2,0
Spain,Female,32.0,0.0,2,0
Spain,Female,49.0,163789.49,3,1
Spain,Male,44.0,134006.88,1,0
Spain,Male,29.0,125265.61,1,0
Spain,Male,39.0,0.0,2,0
Spain,Female,25.0,171653.17,1,0
Spain,Female,39.0,0.0,2,0
Spain,Female,29.0,0.0,2,0
Spain,Female,43.0,0.0,2,0
Spain,Male,37.0,0.0,2,0
Spain,Female,43.0,126495.57,2,0
Spain,Male,31.0,0.0,1,0
Spain,Male,33.0,0.0,2,0
Spain,Female,40.0,0.0,1,1
Spain,Female,67.0,0.0,2,0
Spain,Male,34.0,132934.89,1,0
Spain,Female,33.0,161592.76,1,0
Spain,Female,36.0,0.0,2,0
Spain,Female,35.0,133676.65,1,0
Spain,Male,37.0,116326.07,1,0
Spain,Male,20.0,0.0,2,0
Spain,Male,24.0,0.0,2,0
Spain,Female,46.0,0.0,1,1
Spain,Female,50.0,146777.44,2,1
Spain,Female,41.0,0.0,2,0
Spain,Male,37.0,0.0,2,0
Spain,Female,29.0,0.0,2,0
Spain,Female,35.0,0.0,2,0
Spain,Male,29.0,74001.57,1,1
Spain,Male,37.0,84496.83,1,0
Spain,Male,67.0,131643.25,1,0
Spain,Female,48.0,0.0,1,1
Spain,Male,32.0,0.0,2,1
Spain,Male,29.0,0.0,2,0
Spain,Male,38.0,0.0,1,0
Spain,Male,36.0,127864.43,1,0
Spain,Male,42.0,0.0,2,0
Spain,Female,28.0,0.0,2,0
Spain,Male,33.0,0.0,2,0
Spain,Male,53.0,123925.23,2,0
Spain,Male,39.0,0.0,2,0
Spain,Male,38.0,0.0,2,0
Spain,Male,29.0,118894.22,1,0
Spain,Male,35.0,0.0,2,0
Spain,Female,64.0,0.0,1,1
Spain,Male,36.0,0.0,1,0
Spain,Female,37.0,0.0,2,0
Spain,Male,41.0,122773.6,1,0
Spain,Male,51.0,0.0,2,0
Spain,Female,32.0,0.0,2,0
Spain,Female,24.0,114949.74,1,0
Spain,Female,29.0,0.0,2,0
Spain,Female,32.0,154870.78,1,0
Spain,Male,47.0,141829.14,1,0
Spain,Female,39.0,111843.23,1,0
Spain,Female,39.0,147842.07,1,0
Spain,Female,47.0,136659.64,1,0
Spain,Female,35.0,0.0,1,0
Spain,Male,30.0,0.0,2,0
Spain,Female,55.0,0.0,2,1
Spain,Male,42.0,0.0,1,0
Spain,Female,38.0,0.0,2,0
Spain,Male,39.0,97798.19,2,0
Spain,Male,44.0,0.0,2,0
Spain,Male,44.0,0.0,2,0
Spain,Female,60.0,0.0,2,0
Spain,Male,40.0,0.0,1,0
Spain,Female,35.0,0.0,2,0
Spain,Female,41.0,0.0,1,0
Spain,Female,36.0,0.0,2,0
Spain,Female,38.0,140197.18,1,0
Spain,Male,44.0,55732.92,1,1
Spain,Male,42.0,122522.88,1,0
Spain,Male,30.0,0.0,2,0
Spain,Male,37.0,0.0,2,0
Spain,Female,36.0,0.0,2,0
Spain,Female,30.0,95293.86,1,0
Spain,Female,41.0,84906.45,1,0
Spain,Female,34.0,167259.44,1,0
Spain,Male,49.0,97783.23,1,0
Spain,Male,36.0,0.0,2,0
Spain,Male,34.0,118520.26,1,0
Spain,Female,31.0,0.0,2,0
Spain,Male,22.0,135962.0,1,0
Spain,Male,24.0,0.0,2,0
Spain,Female,49.0,0.0,2,1
Spain,Male,34.0,0.0,2,0
Spain,Female,41.0,0.0,2,0
Spain,Female,42.0,0.0,2,0
Spain,Male,33.0,0.0,2,0
Spain,Male,34.0,0.0,2,0
Spain,Male,27.0,154121.32,1,0
Spain,Female,35.0,0.0,2,0
Spain,Female,34.0,0.0,2,0
Spain,Male,23.0,0.0,2,0
Spain,Male,46.0,117685.31,1,1
Spain,Female,51.0,0.0,1,0
Spain,Male,25.0,108716.71,2,0
Spain,Male,34.0,105795.9,1,0
Spain,Female,28.0,0.0,2,0
Spain,Male,30.0,159561.93,1,0
Spain,Male,31.0,0.0,2,0
Spain,Female,35.0,0.0,1,0
Spain,Female,32.0,132835.56,1,0
Spain,Male,33.0,0.0,2,0
Spain,Male,29.0,169462.09,2,1
Spain,Male,43.0,0.0,2,0
Spain,Female,58.0,0.0,1,1
Spain,Female,31.0,0.0,2,0
Spain,Male,35.0,0.0,1,0
Spain,Male,36.0,0.0,2,0
Spain,Male,29.0,0.0,2,0
Spain,Male,20.0,118962.58,1,0
Spain,Male,42.0,0.0,1,1
Spain,Male,37.0,0.0,2,0
Spain,Male,35.0,0.0,1,1
Spain,Male,40.0,0.0,1,0
Spain,Female,47.0,0.0,1,1
Spain,Female,53.0,0.0,1,1
Spain,Male,39.0,0.0,2,0
Spain,Male,25.0,0.0,2,0
Spain,Female,51.0,0.0,2,0
Spain,Female,29.0,171450.64,1,0
Spain,Male,38.0,0.0,2,0
Spain,Female,47.0,0.0,1,1
Spain,Male,53.0,0.0,2,0
Spain,Male,34.0,107712.57,1,0
Spain,Female,41.0,0.0,1,0
Spain,Female,37.0,0.0,2,0
Spain,Male,45.0,0.0,1,1
Spain,Male,30.0,134737.94,1,0
Spain,Male,26.0,139584.57,1,0
Spain,Female,30.0,0.0,1,0
Spain,Male,39.0,126524.11,1,0
Spain,Male,67.0,151858.98,1,0
Spain,Male,41.0,0.0,2,0
Spain,Female,33.0,0.0,1,1
Spain,Male,37.0,110610.13,1,0
Spain,Male,33.0,0.0,2,0
Spain,Male,36.0,0.0,2,0
Spain,Male,37.0,86980.62,2,0
Spain,Male,52.0,83870.33,1,1
Spain,Female,29.0,0.0,2,0
Spain,Male,36.0,0.0,2,0
Spain,Male,43.0,0.0,2,0
Spain,Male,35.0,0.0,2,0
Spain,Male,30.0,0.0,2,0
Spain,Female,33.0,0.0,2,0
Spain,Male,28.0,138022.88,1,0
Spain,Female,40.0,129490.36,2,0
Spain,Male,42.0,0.0,2,0
Spain,Male,45.0,0.0,1,0
Spain,Male,40.0,0.0,1,1
Spain,Male,36.0,0.0,3,1
Spain,Female,63.0,0.0,1,0
Spain,Male,35.0,96654.74,1,0
Spain,Female,39.0,0.0,3,1
Spain,Female,31.0,82767.42,1,0
Spain,Male,31.0,0.0,2,0
Spain,Female,34.0,0.0,2,0
Spain,Male,44.0,125512.98,2,1
Spain,Female,28.0,0.0,2,0
Spain,Male,40.0,0.0,2,0
Spain,Female,38.0,0.0,1,0
Spain,Male,44.0,141786.74,2,0
Spain,Male,32.0,87098.91,1,0
Spain,Female,35.0,0.0,2,0
Spain,Female,32.0,0.0,1,0
Spain,Female,41.0,132576.15,1,0
Spain,Male,55.0,0.0,1,0
Spain,Female,43.0,135645.29,2,0
Spain,Male,38.0,0.0,2,0
Spain,Female,31.0,96947.67,1,0
Spain,Female,46.0,0.0,1,1
Spain,Female,43.0,95984.27,1,0
Spain,Male,33.0,0.0,2,0
Spain,Female,41.0,104822.24,1,0
Spain,Male,34.0,0.0,2,0
Spain,Male,39.0,0.0,2,0
Spain,Female,55.0,0.0,3,1
Spain,Male,39.0,0.0,2,0
Spain,Female,36.0,106328.08,2,0
Spain,Male,31.0,0.0,2,0
Spain,Male,27.0,121525.53,1,0
Spain,Male,34.0,79281.61,1,0
Spain,Female,45.0,0.0,1,0
Spain,Female,44.0,0.0,2,0
Spain,Male,35.0,0.0,1,1
Spain,Female,36.0,0.0,1,0
Spain,Male,40.0,0.0,2,0
Spain,Male,39.0,0.0,2,0
Spain,Male,42.0,0.0,2,0
Spain,Female,22.0,0.0,1,0
Spain,Female,45.0,0.0,1,1
Spain,Male,42.0,102088.59,2,0
Spain,Female,30.0,0.0,2,0
Spain,Female,40.0,154953.94,1,1
Spain,Male,32.0,163760.82,1,0
Spain,Male,48.0,111061.01,1,1
Spain,Female,38.0,92636.96,1,1
Spain,Male,39.0,175312.27,1,0
Spain,Male,36.0,119618.42,1,0
Spain,Male,25.0,0.0,1,0
Spain,Female,28.0,137715.56,1,0
Spain,Male,35.0,0.0,2,0
Spain,Male,39.0,119035.36,1,0
Spain,Male,38.0,186347.97,2,0
Spain,Male,53.0,132838.07,1,0
Spain,Male,42.0,0.0,1,0
Spain,Male,54.0,134006.39,1,0
Spain,Male,43.0,0.0,1,0
Spain,Female,42.0,0.0,2,0
Spain,Male,40.0,0.0,2,0
Spain,Male,42.0,0.0,2,0
Spain,Male,28.0,0.0,2,0
Spain,Female,36.0,0.0,2,0
Spain,Female,47.0,0.0,2,0
Spain,Female,36.0,0.0,2,0
Spain,Female,37.0,171913.87,2,0
Spain,Male,54.0,179904.0,1,1
Spain,Male,41.0,0.0,2,0
Spain,Female,35.0,138052.89,1,0
Spain,Female,48.0,103773.23,1,1
Spain,Male,38.0,0.0,2,0
Spain,Male,57.0,0.0,1,1
Spain,Male,29.0,0.0,1,0
Spain,Female,32.0,0.0,2,0
Spain,Female,53.0,0.0,2,0
Spain,Female,31.0,0.0,2,0
Spain,Female,35.0,0.0,2,0
Spain,Female,42.0,125849.26,3,1
Spain,Female,40.0,0.0,2,0
Spain,Male,45.0,105266.32,2,0
Spain,Male,32.0,92476.39,1,0
Spain,Male,42.0,0.0,2,0
Spain,Male,33.0,0.0,2,0
Spain,Male,33.0,164523.5,1,0
Spain,Female,38.0,0.0,1,1
Spain,Female,38.0,0.0,1,0
Spain,Male,34.0,141681.58,1,0
Spain,Female,46.0,0.0,2,1
Spain,Male,27.0,84587.9,2,0
Spain,Male,42.0,124493.03,1,0
Spain,Male,37.0,138521.79,1,0
Spain,Male,27.0,0.0,1,0
Spain,Male,36.0,0.0,2,0
Spain,Female,30.0,115195.58,1,1
Spain,Male,41.0,84906.45,1,0
Spain,Female,48.0,0.0,1,1
Spain,Female,33.0,0.0,1,0
Spain,Male,30.0,142909.55,1,0
Spain,Male,33.0,0.0,2,0
Spain,Male,39.0,0.0,1,0
Spain,Female,43.0,132767.18,1,0
Spain,Male,33.0,137847.41,1,0
Spain,Female,30.0,151802.18,1,0
Spain,Female,50.0,106067.06,3,1
Spain,Female,38.0,0.0,2,0
Spain,Male,39.0,0.0,2,0
Spain,Male,29.0,186788.96,2,0
Spain,Male,30.0,128393.29,1,0
Spain,Male,35.0,82674.15,1,0
Spain,Female,52.0,0.0,1,0
Spain,Female,50.0,0.0,1,1
Spain,Female,60.0,77599.23,1,0
Spain,Female,41.0,121216.32,1,0
Spain,Male,38.0,127421.78,2,0
Spain,Male,48.0,0.0,2,0
Spain,Male,36.0,0.0,2,0
Spain,Male,38.0,0.0,2,0
Spain,Male,41.0,0.0,2,0
Spain,Male,92.0,126076.24,2,0
Spain,Female,40.0,0.0,1,1
Spain,Female,42.0,169089.38,2,0
Spain,Male,34.0,0.0,2,0
Spain,Male,37.0,0.0,2,0
Spain,Male,53.0,0.0,1,0
Spain,Male,39.0,155766.05,1,0
Spain,Female,28.0,0.0,2,0
Spain,Male,33.0,127510.99,1,0
Spain,Female,45.0,0.0,2,0
Spain,Male,43.0,157960.49,2,0
Spain,Female,46.0,0.0,1,1
Spain,Male,40.0,0.0,2,0
Spain,Female,59.0,91680.1,1,1
Spain,Female,34.0,59893.15,1,0
Spain,Male,44.0,0.0,2,0
Spain,Female,48.0,0.0,1,1
Spain,Female,33.0,0.0,2,0
Spain,Male,42.0,0.0,2,0
Spain,Male,30.0,153537.3,1,0
Spain,Male,38.0,102238.01,1,0
Spain,Male,35.0,0.0,2,0
Spain,Male,34.0,0.0,2,0
Spain,Male,36.0,0.0,1,0
Spain,Female,28.0,0.0,2,0
Spain,Female,51.0,127289.25,1,1
Spain,Male,30.0,0.0,2,0
Spain,Male,29.0,0.0,2,0
Spain,Male,40.0,0.0,1,1
Spain,Male,25.0,0.0,2,0
Spain,Female,39.0,0.0,2,0
Spain,Male,43.0,163700.78,2,0
Spain,Female,34.0,107980.37,1,0
Spain,Female,36.0,0.0,2,0
Spain,Male,39.0,0.0,1,0
Spain,Male,28.0,0.0,2,0
Spain,Female,38.0,0.0,2,0
Spain,Male,38.0,0.0,2,0
Spain,Male,39.0,0.0,2,0
Spain,Male,35.0,0.0,2,0
Spain,Female,46.0,0.0,1,1
Spain,Female,54.0,0.0,2,0
Spain,Female,40.0,0.0,2,0
Spain,Male,40.0,0.0,2,0
Spain,Male,41.0,140576.11,1,1
Spain,Female,30.0,0.0,1,0
Spain,Female,46.0,0.0,1,1
Spain,Male,26.0,0.0,2,0
Spain,Male,32.0,111369.79,2,0
Spain,Male,33.0,101506.04,1,0
Spain,Female,40.0,137933.39,1,0
Spain,Male,61.0,0.0,2,0
Spain,Male,29.0,0.0,1,0
Spain,Male,42.0,0.0,2,0
Spain,Female,45.0,0.0,1,1
Spain,Female,45.0,133686.52,1,0
Spain,Female,51.0,0.0,2,0
Spain,Male,49.0,0.0,1,1
Spain,Female,39.0,164901.58,1,0
Spain,Male,42.0,0.0,2,0
Spain,Male,40.0,172374.02,1,0
Spain,Male,34.0,0.0,2,0
Spain,Male,37.0,0.0,1,0
Spain,Male,60.0,0.0,2,1
Spain,Female,37.0,0.0,1,0
Spain,Male,43.0,0.0,1,0
Spain,Female,24.0,0.0,2,0
Spain,Male,34.0,141162.08,1,0
Spain,Male,33.0,0.0,1,1
Spain,Male,34.0,0.0,2,0
Spain,Male,45.0,121250.04,1,1
Spain,Male,41.0,0.0,2,0
Spain,Female,28.0,82536.3,1,0
Spain,Female,31.0,0.0,2,0
Spain,Female,32.0,0.0,1,0
Spain,Female,46.0,0.0,2,1
Spain,Male,38.0,0.0,2,0
Spain,Female,35.0,100768.77,2,0
Spain,Female,43.0,0.0,2,0
Spain,Female,36.0,126446.58,1,0
Spain,Female,30.0,0.0,1,0
Spain,Male,40.0,0.0,2,0
Spain,Female,29.0,121681.82,1,0
Spain,Female,33.0,0.0,1,0
Spain,Female,25.0,0.0,2,0
Spain,Male,33.0,0.0,2,0
Spain,Male,46.0,130666.2,1,1
Spain,Male,24.0,0.0,1,0
Spain,Female,33.0,120962.89,1,0
Spain,Male,46.0,0.0,2,0
Spain,Male,33.0,0.0,2,0
Spain,Male,31.0,117035.89,1,0
Spain,Male,33.0,0.0,2,0
Spain,Female,38.0,0.0,2,0
Spain,Male,39.0,0.0,2,0
Spain,Male,35.0,0.0,2,0
Spain,Male,58.0,96381.68,1,0
Spain,Male,25.0,0.0,2,0
Spain,Male,34.0,0.0,2,0
Spain,Male,31.0,0.0,2,0
Spain,Male,40.0,0.0,1,0
Spain,Male,33.0,96951.21,1,0
Spain,Male,33.0,165983.98,1,0
Spain,Male,43.0,123906.52,1,0
Spain,Male,33.0,0.0,2,0
Spain,Male,36.0,0.0,2,0
Spain,Male,41.0,74274.87,2,0
Spain,Female,31.0,0.0,2,0
Spain,Male,39.0,0.0,1,0
Spain,Male,33.0,0.0,2,0
Spain,Male,31.0,0.0,2,0
Spain,Female,46.0,92764.64,1,1
Spain,Female,73.0,0.0,2,0
Spain,Male,60.0,0.0,2,0
Spain,Male,26.0,0.0,1,0
Spain,Male,38.0,0.0,2,0
Spain,Male,40.0,102773.15,2,0
Spain,Female,54.0,0.0,1,0
Spain,Female,54.0,129974.79,1,0
Spain,Male,34.0,0.0,2,0
Spain,Male,44.0,0.0,1,1
Spain,Male,41.0,0.0,2,0
Spain,Male,50.0,0.0,2,0
Spain,Female,33.0,0.0,2,0
Spain,Male,36.0,0.0,2,0
Spain,Female,37.0,0.0,2,0
Spain,Female,48.0,120811.89,1,1
Spain,Male,35.0,0.0,2,0
Spain,Male,36.0,95139.41,1,0
Spain,Male,38.0,0.0,1,0
Spain,Female,42.0,0.0,2,0
Spain,Male,35.0,0.0,2,0
Spain,Male,71.0,0.0,2,0
Spain,Female,38.0,0.0,1,0
Spain,Male,42.0,132876.23,2,0
Spain,Male,39.0,122773.5,2,0
Spain,Female,39.0,0.0,2,0
Spain,Male,36.0,0.0,2,0
Spain,Male,38.0,0.0,2,0
Spain,Female,27.0,0.0,2,0
Spain,Male,26.0,134378.89,1,0
Spain,Male,35.0,0.0,2,0
Spain,Male,54.0,128298.74,1,1
Spain,Female,29.0,0.0,2,0
Spain,Male,35.0,0.0,2,0
Spain,Male,28.0,0.0,2,0
Spain,Male,33.0,160599.06,1,0
Spain,Male,39.0,96296.78,1,0
Spain,Female,29.0,0.0,2,0
Spain,Female,26.0,0.0,1,0
Spain,Male,34.0,122214.0,2,0
Spain,Male,54.0,0.0,1,0
Spain,Female,24.0,101985.81,1,0
Spain,Female,45.0,0.0,2,0
Spain,Female,33.0,0.0,2,0
Spain,Male,22.0,0.0,2,0
Spain,Female,37.0,129717.3,1,0
Spain,Female,47.0,0.0,2,0
Spain,Female,38.0,0.0,2,0
Spain,Male,45.0,0.0,2,0
Spain,Male,43.0,0.0,1,0
Spain,Male,31.0,0.0,2,0
Spain,Male,62.0,104486.88,4,1
Spain,Female,35.0,0.0,2,0
Spain,Female,49.0,0.0,3,1
Spain,Female,39.0,0.0,3,1
Spain,Male,45.0,0.0,2,0
Spain,Male,63.0,71269.89,1,0
Spain,Female,42.0,0.0,1,0
Spain,Male,42.0,0.0,2,0
Spain,Male,37.0,89743.05,1,0
Spain,Male,32.0,126833.79,1,0
Spain,Female,38.0,0.0,2,0
Spain,Male,40.0,0.0,2,0
Spain,Male,42.0,0.0,1,1
Spain,Male,23.0,164902.43,1,0
Spain,Female,29.0,0.0,2,0
Spain,Male,34.0,0.0,2,0
Spain,Female,33.0,0.0,2,0
Spain,Male,34.0,0.0,2,0
Spain,Male,43.0,0.0,1,1
Spain,Female,40.0,0.0,2,0
Spain,Female,38.0,0.0,1,0
Spain,Female,39.0,0.0,1,0
Spain,Female,36.0,0.0,1,1
Spain,Male,40.0,110728.39,1,0
Spain,Male,33.0,131778.66,1,0
Spain,Female,43.0,0.0,2,0
Spain,Male,40.0,0.0,2,0
Spain,Male,29.0,0.0,2,0
Spain,Male,36.0,0.0,2,0
Spain,Male,42.0,0.0,2,0
Spain,Male,51.0,194532.66,1,0
Spain,Female,41.0,0.0,2,0
Spain,Male,27.0,123935.35,1,0
Spain,Female,48.0,0.0,3,1
Spain,Male,38.0,0.0,1,0
Spain,Male,33.0,0.0,2,0
Spain,Male,33.0,0.0,2,0
Spain,Female,39.0,141829.67,1,0
Spain,Female,31.0,0.0,2,0
Spain,Female,60.0,0.0,1,1
Spain,Male,57.0,101247.06,1,0
Spain,Female,39.0,0.0,2,0
Spain,Male,41.0,0.0,2,0
Spain,Male,25.0,0.0,1,0
Spain,Female,59.0,0.0,3,1
Spain,Male,51.0,0.0,1,1
Spain,Male,34.0,0.0,2,0
Spain,Male,35.0,85890.96,2,0
Spain,Male,34.0,0.0,2,0
Spain,Female,38.0,0.0,2,0
Spain,Female,38.0,109958.15,2,0
Spain,Male,29.0,0.0,2,0
Spain,Male,51.0,99525.21,1,0
Spain,Male,26.0,0.0,2,0
Spain,Male,40.0,0.0,2,0
Spain,Male,32.0,0.0,1,0
Spain,Female,29.0,135842.98,2,0
Spain,Male,42.0,0.0,2,0
Spain,Female,31.0,0.0,2,0
Spain,Male,36.0,118908.1,1,0
Spain,Female,45.0,140355.6,2,0
Spain,Male,47.0,0.0,1,1
Spain,Male,41.0,0.0,2,0
Spain,Male,35.0,0.0,2,0
Spain,Male,39.0,92786.66,2,0
Spain,Female,39.0,0.0,2,0
Spain,Male,72.0,0.0,2,0
Spain,Male,29.0,108231.37,1,0
Spain,Male,39.0,90962.89,1,0
Spain,Male,34.0,0.0,1,0
Spain,Female,36.0,95994.98,1,0
Spain,Male,28.0,0.0,2,1
Spain,Female,29.0,0.0,2,0
Spain,Male,28.0,106070.29,2,0
Spain,Male,28.0,0.0,1,1
Spain,Female,47.0,0.0,1,1
Spain,Female,57.0,111432.13,3,1
Spain,Male,28.0,155736.42,1,0
Spain,Male,30.0,0.0,2,0
Spain,Male,39.0,0.0,1,0
Spain,Female,36.0,0.0,2,0
Spain,Male,29.0,0.0,2,0
Spain,Male,48.0,0.0,2,0
Spain,Male,44.0,144470.77,1,0
Spain,Male,30.0,0.0,2,0
Spain,Female,35.0,0.0,2,0
Spain,Female,37.0,0.0,2,0
Spain,Female,36.0,0.0,2,0
Spain,Female,33.0,72788.03,1,0
Spain,Male,37.0,116121.67,1,1
Spain,Female,47.0,169312.72,1,0
Spain,Male,60.0,0.0,1,0
Spain,Female,32.0,0.0,2,0
Spain,Male,33.0,0.0,2,0
Spain,Female,26.0,0.0,2,0
Spain,Female,38.0,0.0,2,0
Spain,Male,47.0,0.0,1,1
Spain,Male,34.0,62400.48,2,0
Spain,Male,44.0,0.0,1,0
Spain,Male,30.0,0.0,2,1
Spain,Male,39.0,0.0,2,0
Spain,Male,22.0,84006.27,1,0
Spain,Male,38.0,130661.96,1,0
Spain,Male,37.0,151222.14,1,0
Spain,Female,32.0,143566.3,1,0
Spain,Male,51.0,0.0,1,1
Spain,Male,43.0,0.0,2,0
Spain,Male,36.0,0.0,2,0
Spain,Male,33.0,0.0,2,0
Spain,Female,33.0,0.0,2,0
Spain,Male,29.0,120171.58,2,0
Spain,Female,39.0,0.0,2,0
Spain,Male,45.0,0.0,1,0
Spain,Female,28.0,80922.75,2,0
Spain,Female,23.0,0.0,2,0
Spain,Male,31.0,112713.34,1,0
Spain,Male,38.0,129312.79,1,0
Spain,Male,27.0,0.0,2,0
Spain,Male,29.0,0.0,1,0
Spain,Male,38.0,131681.47,1,0
Spain,Male,47.0,0.0,1,0
Spain,Female,33.0,183963.46,1,0
Spain,Female,34.0,178079.97,2,0
Spain,Female,35.0,0.0,1,0
Spain,Male,22.0,0.0,2,0
Spain,Female,25.0,0.0,2,0
Spain,Female,31.0,0.0,1,0
Spain,Male,45.0,0.0,2,0
Spain,Female,37.0,0.0,1,0
Spain,Female,38.0,0.0,2,0
Spain,Male,25.0,128509.63,1,0
Spain,Female,25.0,147782.64,1,0
Spain,Male,39.0,0.0,2,0
Spain,Female,25.0,0.0,1,0
Spain,Male,36.0,0.0,2,0
Spain,Male,37.0,0.0,2,0
Spain,Male,30.0,0.0,2,0
Spain,Male,39.0,0.0,2,0
Spain,Male,33.0,0.0,2,0
Spain,Female,27.0,0.0,2,0
Spain,Male,25.0,144875.71,1,0
Spain,Female,70.0,0.0,2,0
Spain,Male,51.0,0.0,2,1
Spain,Male,28.0,0.0,2,0
Spain,Male,38.0,111484.88,1,0
Spain,Female,36.0,118520.26,1,0
Spain,Male,32.0,102500.34,1,0
Spain,Male,28.0,0.0,2,0
Spain,Male,45.0,0.0,1,0
Spain,Male,45.0,0.0,2,0
Spain,Female,29.0,0.0,2,0
Spain,Female,25.0,0.0,2,0
Spain,Male,43.0,0.0,2,0
Spain,Male,36.0,0.0,2,0
Spain,Male,28.0,0.0,2,0
Spain,Male,35.0,0.0,2,0
Spain,Male,33.0,135470.17,1,0
Spain,Male,43.0,0.0,1,0
Spain,Male,23.0,0.0,2,0
Spain,Female,47.0,121365.39,1,1
Spain,Male,45.0,105627.95,2,0
Spain,Female,28.0,88902.57,1,0
Spain,Male,35.0,0.0,2,0
Spain,Male,47.0,137715.66,1,0
Spain,Male,24.0,0.0,2,0
Spain,Male,43.0,0.0,1,1
Spain,Female,37.0,123815.86,1,0
Spain,Male,42.0,102870.93,1,0
Spain,Male,33.0,125920.5,2,0
Spain,Female,50.0,0.0,2,0
Spain,Female,47.0,0.0,2,0
Spain,Male,33.0,100476.46,1,0
Spain,Male,34.0,132439.99,1,0
Spain,Female,36.0,0.0,2,0
Spain,Male,35.0,140889.43,1,0
Spain,Female,32.0,0.0,2,1
Spain,Female,38.0,97257.41,2,1
Spain,Female,26.0,0.0,1,0
Spain,Female,37.0,131838.96,1,0
Spain,Male,44.0,0.0,2,0
Spain,Female,19.0,0.0,1,1
Spain,Male,32.0,0.0,1,0
Spain,Female,39.0,0.0,2,0
Spain,Female,41.0,109402.13,1,0
Spain,Male,53.0,0.0,1,0
Spain,Female,40.0,102541.1,2,0
Spain,Female,62.0,0.0,2,0
Spain,Female,57.0,0.0,1,1
Spain,Male,30.0,0.0,2,0
Spain,Male,30.0,107960.83,1,0
Spain,Female,36.0,0.0,1,1
Spain,Female,30.0,139529.95,1,0
Spain,Male,36.0,129718.3,1,0
Spain,Male,32.0,107594.11,2,1
Spain,Male,47.0,0.0,2,0
Spain,Female,35.0,0.0,2,0
Spain,Female,42.0,0.0,2,1
Spain,Female,45.0,0.0,2,1
Spain,Male,24.0,0.0,1,0
Spain,Male,61.0,0.0,2,0
Spain,Male,42.0,0.0,1,0
Spain,Female,35.0,173331.52,1,0
Spain,Female,49.0,0.0,2,0
Spain,Male,34.0,0.0,2,0
Spain,Male,61.0,125919.35,4,1
Spain,Male,38.0,0.0,1,0
Spain,Male,34.0,86911.8,1,0
Spain,Male,32.0,0.0,2,0
Spain,Male,64.0,0.0,1,1
Spain,Female,36.0,0.0,2,0
Spain,Female,30.0,0.0,2,0
Spain,Male,35.0,0.0,1,0
Spain,Male,32.0,162391.06,1,0
Spain,Male,37.0,0.0,1,1
Spain,Female,48.0,154953.19,1,1
Spain,Female,37.0,122017.19,1,0
Spain,Female,42.0,0.0,2,0
Spain,Female,47.0,0.0,1,1
Spain,Male,29.0,0.0,2,0
Spain,Female,46.0,0.0,2,0
Spain,Female,41.0,112494.99,1,1
Spain,Female,42.0,0.0,2,0
Spain,Male,35.0,101240.22,2,0
Spain,Male,36.0,0.0,2,0
Spain,Male,35.0,120171.58,1,0
Spain,Male,35.0,0.0,2,0
Spain,Female,35.0,0.0,1,1
Spain,Male,40.0,156597.99,1,0
Spain,Male,29.0,0.0,2,0
Spain,Female,38.0,0.0,1,1
Spain,Male,44.0,121250.04,1,0
Spain,Male,34.0,0.0,1,0
Spain,Female,37.0,61592.14,1,1
Spain,Female,37.0,0.0,2,0
Spain,Female,69.0,0.0,2,0
Spain,Male,32.0,0.0,1,0
Spain,Male,39.0,0.0,2,0
Spain,Female,53.0,0.0,1,1
Spain,Male,38.0,0.0,2,0
Spain,Female,41.0,0.0,1,0
Spain,Female,56.0,0.0,1,0
Spain,Female,44.0,0.0,2,0
Spain,Male,32.0,93716.36,1,0
Spain,Male,39.0,142289.28,1,0
Spain,Female,29.0,172646.82,1,1
Spain,Female,40.0,133245.52,1,1
Spain,Male,37.0,0.0,2,0
Spain,Male,29.0,121442.57,2,0
Spain,Male,45.0,106376.85,1,0
Spain,Female,37.0,101707.8,1,1
Spain,Male,28.0,0.0,1,0
Spain,Female,55.0,0.0,1,1
Spain,Female,65.0,0.0,1,1
Spain,Male,28.0,0.0,2,0
Spain,Male,43.0,0.0,2,0
Spain,Male,26.0,0.0,1,0
Spain,Female,30.0,0.0,1,0
Spain,Female,30.0,0.0,2,0
Spain,Female,46.0,94216.05,1,0
Spain,Male,43.0,109570.21,1,0
Spain,Female,33.0,123067.63,1,0
Spain,Female,34.0,131628.24,1,1
Spain,Male,39.0,0.0,2,0
Spain,Female,43.0,0.0,2,0
Spain,Male,37.0,0.0,2,0
Spain,Male,32.0,0.0,2,0
Spain,Female,66.0,108888.6,1,1
Spain,Female,48.0,0.0,1,1
Spain,Female,51.0,118207.69,2,1
Spain,Female,60.0,0.0,2,0
Spain,Female,36.0,0.0,2,0
Spain,Female,32.0,0.0,2,0
Spain,Female,37.0,145807.59,1,0
Spain,Male,37.0,0.0,2,0
Spain,Male,38.0,96798.79,2,1
Spain,Female,35.0,160541.13,2,0
Spain,Female,59.0,138207.08,4,1
Spain,Female,41.0,103863.34,1,1
Spain,Female,29.0,68891.8,1,0
Spain,Male,40.0,107764.95,1,0
Spain,Male,32.0,0.0,1,0
Spain,Male,24.0,0.0,2,0
Spain,Female,32.0,0.0,1,1
Spain,Male,28.0,0.0,2,0
Spain,Male,46.0,0.0,2,0
Spain,Male,36.0,0.0,2,0
Spain,Male,28.0,0.0,1,0
Spain,Male,30.0,0.0,2,0
Spain,Male,39.0,0.0,2,1
Spain,Male,42.0,132944.0,1,0
Spain,Female,52.0,0.0,1,0
Spain,Female,29.0,0.0,2,0
Spain,Male,39.0,0.0,2,0
Spain,Female,35.0,0.0,1,0
Spain,Male,36.0,0.0,2,0
Spain,Female,35.0,0.0,2,0
Spain,Male,45.0,0.0,1,1
Spain,Male,29.0,0.0,2,0
Spain,Female,40.0,158978.79,1,0
Spain,Female,34.0,103499.76,1,0
Spain,Female,32.0,0.0,2,0
Spain,Female,37.0,0.0,1,0
Spain,Male,32.0,131365.43,1,0
Spain,Female,45.0,165537.6,1,0
Spain,Female,49.0,80780.16,1,1
Spain,Male,39.0,116662.96,2,0
Spain,Male,34.0,0.0,2,0
Spain,Female,37.0,0.0,1,1
Spain,Male,58.0,0.0,2,0
Spain,Female,47.0,142638.54,1,0
Spain,Male,29.0,0.0,2,0
Spain,Male,40.0,0.0,1,0
Spain,Female,41.0,0.0,2,0
Spain,Female,29.0,0.0,2,0
Spain,Male,34.0,0.0,2,0
Spain,Male,41.0,0.0,2,0
Spain,Female,42.0,0.0,1,1
Spain,Female,49.0,127806.34,1,0
Spain,Female,34.0,0.0,1,0
Spain,Female,41.0,0.0,2,0
Spain,Male,27.0,0.0,2,0
Spain,Male,31.0,0.0,2,0
Spain,Female,39.0,0.0,2,0
Spain,Female,31.0,103700.81,1,0
Spain,Female,51.0,0.0,1,1
Spain,Female,36.0,0.0,2,0
Spain,Female,41.0,0.0,2,0
Spain,Male,31.0,0.0,2,0
Spain,Female,33.0,0.0,1,0
Spain,Female,66.0,0.0,2,1
Spain,Male,45.0,0.0,2,0
Spain,Male,41.0,0.0,2,0
Spain,Female,57.0,0.0,2,1
Spain,Female,55.0,113625.93,1,1
Spain,Female,41.0,0.0,2,0
Spain,Female,33.0,0.0,1,1
Spain,Female,46.0,0.0,3,1
Spain,Male,40.0,150348.61,2,0
Spain,Female,34.0,0.0,2,0
Spain,Male,51.0,0.0,3,1
Spain,Male,46.0,0.0,1,1
Spain,Male,56.0,0.0,1,0
Spain,Male,74.0,97541.24,1,0
Spain,Male,35.0,0.0,2,0
Spain,Male,32.0,0.0,2,0
Spain,Female,50.0,0.0,3,1
Spain,Male,29.0,0.0,2,0
Spain,Female,38.0,0.0,2,0
Spain,Female,38.0,56580.95,2,0
Spain,Male,26.0,0.0,1,0
Spain,Female,41.0,0.0,2,0
Spain,Male,46.0,62400.48,1,0
Spain,Male,61.0,0.0,2,0
Spain,Female,43.0,0.0,2,0
Spain,Male,39.0,0.0,2,0
Spain,Male,39.0,0.0,1,1
Spain,Male,39.0,0.0,1,0
Spain,Male,40.0,0.0,1,0
Spain,Female,40.0,0.0,2,0
Spain,Male,32.0,0.0,2,0
Spain,Male,50.0,0.0,1,0
Spain,Female,23.0,0.0,2,0
Spain,Male,40.0,0.0,1,0
Spain,Male,41.0,0.0,2,0
Spain,Female,49.0,153455.72,2,0
Spain,Male,42.0,140736.04,1,0
Spain,Female,40.0,0.0,2,0
Spain,Female,35.0,125397.21,1,0
Spain,Female,34.0,0.0,2,0
Spain,Male,29.0,137799.65,1,0
Spain,Female,40.0,0.0,2,0
Spain,Male,26.0,0.0,2,0
Spain,Female,38.0,121260.19,2,0
Spain,Female,30.0,0.0,1,1
Spain,Male,31.0,0.0,2,0
Spain,Female,35.0,0.0,1,0
Spain,Male,26.0,74237.2,1,0
Spain,Female,37.0,0.0,1,0
Spain,Male,47.0,0.0,1,0
Spain,Female,52.0,0.0,2,0
Spain,Female,56.0,101090.27,1,1
Spain,Male,22.0,0.0,2,0
Spain,Female,30.0,0.0,2,0
Spain,Female,40.0,0.0,2,0
Spain,Male,40.0,0.0,2,0
Spain,Female,50.0,107720.64,2,0
Spain,Male,38.0,125827.5,1,0
Spain,Male,28.0,0.0,1,0
Spain,Female,37.0,0.0,2,0
Spain,Female,41.0,63873.56,1,1
Spain,Male,31.0,0.0,2,0
Spain,Male,27.0,161889.79,1,0
Spain,Female,33.0,92599.55,2,1
Spain,Male,27.0,113873.22,1,0
Spain,Male,36.0,0.0,2,0
Spain,Male,43.0,97473.87,1,0
Spain,Male,28.0,0.0,2,0
Spain,Female,45.0,111060.05,1,0
Spain,Female,37.0,0.0,2,0
Spain,Female,27.0,0.0,2,0
Spain,Male,40.0,0.0,2,0
Spain,Female,35.0,0.0,2,1
Spain,Female,30.0,0.0,2,0
Spain,Female,44.0,154872.08,1,0
Spain,Male,31.0,0.0,2,0
Spain,Male,40.0,0.0,1,1
Spain,Male,29.0,0.0,1,0
Spain,Male,42.0,0.0,2,0
Spain,Female,23.0,0.0,2,0
Spain,Female,38.0,104901.72,1,0
Spain,Female,53.0,0.0,2,0
Spain,Female,32.0,97541.06,2,0
Spain,Male,26.0,140356.7,1,0
Spain,Male,64.0,128472.8,1,0
Spain,Female,39.0,0.0,2,0
Spain,Female,40.0,0.0,2,0
Spain,Female,39.0,0.0,2,0
Spain,Female,35.0,0.0,2,0
Spain,Female,58.0,81132.21,1,0
Spain,Female,32.0,0.0,2,0
Spain,Female,34.0,0.0,2,0
Spain,Male,48.0,0.0,1,1
Spain,Female,49.0,96947.76,1,0
Spain,Male,33.0,0.0,2,0
Spain,Male,33.0,0.0,2,0
Spain,Male,32.0,0.0,2,0
Spain,Male,27.0,112773.73,1,0
Spain,Female,29.0,0.0,1,0
Spain,Female,27.0,0.0,2,0
Spain,Female,36.0,109632.85,1,0
Spain,Male,40.0,90721.27,1,0
Spain,Female,42.0,0.0,2,0
Spain,Male,39.0,0.0,2,0
Spain,Male,42.0,0.0,2,0
Spain,Female,42.0,0.0,2,0
Spain,Male,46.0,0.0,2,0
Spain,Female,38.0,0.0,2,0
Spain,Female,25.0,150777.1,1,0
Spain,Male,49.0,0.0,2,0
Spain,Female,39.0,0.0,1,1
Spain,Male,36.0,145541.52,1,0
Spain,Male,31.0,0.0,2,0
Spain,Male,51.0,139493.72,1,0
Spain,Male,38.0,0.0,2,0
Spain,Female,43.0,0.0,1,1
Spain,Female,38.0,152805.05,1,0
Spain,Female,35.0,146584.19,1,0
Spain,Male,57.0,0.0,2,0
Spain,Male,37.0,0.0,3,0
Spain,Male,40.0,0.0,2,0
Spain,Male,29.0,86843.61,2,0
Spain,Male,32.0,0.0,2,0
Spain,Female,35.0,0.0,2,0
Spain,Male,48.0,109341.87,1,1
Spain,Female,37.0,0.0,1,0
Spain,Female,36.0,0.0,2,0
Spain,Male,29.0,150777.1,1,0
Spain,Male,34.0,0.0,2,0
Spain,Male,45.0,0.0,2,0
Spain,Female,33.0,194532.66,1,1
Spain,Male,33.0,0.0,2,0
Spain,Female,42.0,0.0,1,1
Spain,Male,43.0,165969.34,2,0
Spain,Female,51.0,131414.76,1,1
Spain,Male,43.0,146577.61,1,0
Spain,Female,36.0,0.0,2,0
Spain,Male,27.0,0.0,2,0
Spain,Male,32.0,0.0,2,0
Spain,Female,44.0,0.0,2,1
Spain,Female,48.0,172310.9,1,1
Spain,Male,33.0,0.0,2,0
Spain,Male,25.0,0.0,2,0
Spain,Female,26.0,99169.67,2,0
Spain,Female,23.0,0.0,2,0
Spain,Male,38.0,129378.32,1,0
Spain,Male,46.0,120599.38,1,1
Spain,Male,42.0,0.0,2,0
Spain,Female,41.0,0.0,1,0
Spain,Male,34.0,0.0,2,0
Spain,Male,32.0,102773.2,1,0
Spain,Male,62.0,0.0,2,0
Spain,Male,42.0,0.0,1,1
Spain,Male,37.0,84583.47,1,0
Spain,Male,34.0,0.0,2,0
Spain,Female,30.0,0.0,2,0
Spain,Male,40.0,0.0,1,1
Spain,Male,31.0,0.0,2,0
Spain,Female,31.0,0.0,2,0
Spain,Male,41.0,0.0,2,0
Spain,Female,44.0,0.0,1,1
Spain,Male,25.0,166082.18,1,0
Spain,Male,35.0,0.0,2,0
Spain,Male,40.0,0.0,2,0
Spain,Male,34.0,130538.77,1,0
Spain,Male,45.0,169832.57,1,0
Spain,Female,42.0,99836.47,1,0
Spain,Male,34.0,0.0,2,0
Spain,Male,28.0,0.0,2,0
Spain,Male,39.0,138778.15,1,0
Spain,Male,32.0,0.0,2,0
Spain,Male,34.0,0.0,2,0
Spain,Male,33.0,0.0,2,0
Spain,Female,36.0,0.0,2,0
Spain,Male,38.0,0.0,2,0
Spain,Female,31.0,0.0,1,1
Spain,Male,37.0,0.0,2,1
Spain,Male,37.0,0.0,2,0
Spain,Female,35.0,162560.32,1,0
Spain,Female,39.0,0.0,1,0
Spain,Male,28.0,0.0,1,0
Spain,Male,60.0,127948.57,1,0
Spain,Female,20.0,0.0,2,0
Spain,Male,31.0,125265.61,1,0
Spain,Male,58.0,0.0,2,0
Spain,Male,31.0,0.0,2,0
Spain,Female,26.0,0.0,1,0
Spain,Female,32.0,0.0,2,0
Spain,Male,50.0,0.0,2,1
Spain,Male,34.0,69617.36,2,0
Spain,Female,32.0,0.0,2,0
Spain,Male,33.0,0.0,2,0
Spain,Female,32.0,0.0,2,0
Spain,Male,23.0,0.0,2,0
Spain,Male,40.0,102827.44,1,0
Spain,Male,43.0,0.0,2,0
Spain,Male,40.0,0.0,1,0
Spain,Male,25.0,127728.24,2,1
Spain,Male,36.0,135095.47,1,1
Spain,Female,40.0,137998.2,1,1
Spain,Male,25.0,0.0,2,0
Spain,Female,42.0,134954.43,1,0
Spain,Male,40.0,0.0,1,1
Spain,Male,32.0,0.0,2,0
Spain,Female,41.0,0.0,2,0
Spain,Female,50.0,146710.76,2,0
Spain,Male,28.0,0.0,2,0
Spain,Male,32.0,0.0,2,0
Spain,Female,40.0,0.0,2,0
Spain,Male,36.0,0.0,1,1
Spain,Female,51.0,0.0,2,0
Spain,Female,30.0,170840.09,1,0
Spain,Female,31.0,187487.63,1,0
Spain,Female,49.0,162085.31,1,1
Spain,Male,36.0,137843.9,2,0
Spain,Female,29.0,105204.17,1,0
Spain,Male,30.0,0.0,2,0
Spain,Male,43.0,0.0,2,0
Spain,Male,34.0,0.0,2,0
Spain,Female,28.0,0.0,2,0
Spain,Female,53.0,0.0,2,0
Spain,Male,29.0,0.0,2,0
Spain,Male,27.0,172448.77,2,0
Spain,Male,80.0,96956.1,1,0
Spain,Male,29.0,0.0,1,0
Spain,Female,45.0,0.0,1,1
Spain,Female,40.0,0.0,2,0
Spain,Female,38.0,0.0,2,0
Spain,Male,32.0,0.0,1,0
Spain,Female,24.0,107065.31,2,0
Spain,Male,37.0,0.0,1,0
Spain,Female,59.0,0.0,1,0
Spain,Female,51.0,101827.17,1,1
Spain,Male,37.0,0.0,2,0
Spain,Male,27.0,0.0,1,0
Spain,Male,23.0,0.0,1,0
Spain,Male,31.0,121898.23,1,0
Spain,Male,39.0,154870.58,2,0
Spain,Female,29.0,0.0,2,0
Spain,Male,22.0,115930.87,1,0
Spain,Female,50.0,0.0,1,1
Spain,Female,29.0,80922.75,1,1
Spain,Male,50.0,0.0,1,0
Spain,Female,34.0,0.0,1,0
Spain,Male,33.0,0.0,2,0
Spain,Male,35.0,0.0,2,0
Spain,Male,40.0,0.0,2,0
Spain,Male,36.0,0.0,2,0
Spain,Female,49.0,0.0,2,0
Spain,Male,33.0,0.0,2,0
Spain,Female,35.0,14262.8,2,0
Spain,Male,29.0,92398.08,1,0
Spain,Female,35.0,0.0,1,1
Spain,Male,30.0,0.0,2,0
Spain,Male,27.0,100262.88,2,0
Spain,Female,39.0,0.0,1,1
Spain,Female,26.0,0.0,2,0
Spain,Male,46.0,0.0,1,1
Spain,Male,39.0,91938.31,1,0
Spain,Female,47.0,0.0,2,0
Spain,Male,35.0,122453.97,2,1
Spain,Male,36.0,0.0,2,0
Spain,Male,36.0,0.0,2,0
Spain,Female,44.0,0.0,2,0
Spain,Female,63.0,124577.33,3,1
Spain,Female,39.0,0.0,2,0
Spain,Male,38.0,133501.97,1,0
Spain,Male,36.0,0.0,2,0
Spain,Male,28.0,112414.81,1,0
Spain,Female,25.0,74135.85,1,0
Spain,Female,24.0,0.0,2,0
Spain,Male,30.0,0.0,2,0
Spain,Male,28.0,0.0,1,0
Spain,Female,32.0,0.0,2,0
Spain,Male,36.0,115067.48,1,0
Spain,Female,35.0,109632.85,1,0
Spain,Male,38.0,0.0,2,0
Spain,Female,36.0,0.0,2,0
Spain,Male,36.0,0.0,2,0
Spain,Male,28.0,116471.43,1,0
Spain,Male,34.0,0.0,1,0
Spain,Female,50.0,0.0,1,1
Spain,Male,40.0,0.0,2,0
Spain,Male,39.0,0.0,2,0
Spain,Female,29.0,0.0,2,0
Spain,Female,41.0,0.0,1,0
Spain,Female,29.0,0.0,2,0
Spain,Female,38.0,0.0,1,1
Spain,Female,57.0,0.0,2,1
Spain,Male,23.0,0.0,2,0
Spain,Male,40.0,0.0,2,0
Spain,Female,40.0,0.0,2,1
Spain,Male,30.0,193858.2,1,0
Spain,Male,28.0,0.0,2,0
Spain,Female,40.0,139872.9,1,0
Spain,Male,58.0,0.0,3,1
Spain,Female,43.0,0.0,2,0
Spain,Female,41.0,0.0,2,0
Spain,Female,40.0,0.0,2,0
Spain,Female,20.0,0.0,2,0
Spain,Female,39.0,0.0,2,0
Spain,Female,46.0,0.0,3,1
Spain,Male,40.0,0.0,2,0
Spain,Female,29.0,109044.2,2,0
Spain,Male,40.0,121164.11,1,0
Spain,Male,51.0,0.0,1,1
Spain,Female,36.0,100717.85,1,0
Spain,Male,38.0,0.0,1,0
Spain,Female,60.0,0.0,2,0
Spain,Male,39.0,0.0,2,0
Spain,Male,36.0,113034.69,1,0
Spain,Male,33.0,145729.71,1,1
Spain,Female,43.0,98108.79,1,1
Spain,Female,50.0,140292.58,2,0
Spain,Female,37.0,0.0,2,0
Spain,Female,37.0,0.0,2,0
Spain,Male,32.0,133701.88,2,0
Spain,Female,42.0,0.0,2,0
Spain,Female,32.0,0.0,2,0
Spain,Female,35.0,0.0,2,0
Spain,Male,34.0,0.0,2,0
Spain,Male,44.0,0.0,1,1
Spain,Female,29.0,0.0,2,0
Spain,Male,31.0,0.0,2,0
Spain,Female,35.0,0.0,1,0
Spain,Female,46.0,0.0,2,0
Spain,Female,37.0,0.0,1,1
Spain,Male,43.0,0.0,2,0
Spain,Male,36.0,0.0,2,0
Spain,Female,56.0,0.0,1,0
Spain,Female,40.0,0.0,2,0
Spain,Male,39.0,0.0,2,0
Spain,Male,46.0,142662.68,1,0
Spain,Female,32.0,0.0,1,0
Spain,Male,44.0,0.0,2,0
Spain,Female,40.0,0.0,2,0
Spain,Male,40.0,150795.83,1,0
Spain,Female,31.0,0.0,2,0
Spain,Male,36.0,162448.19,2,0
Spain,Male,27.0,0.0,2,0
Spain,Male,42.0,93608.28,1,0
Spain,Male,41.0,107586.49,2,0
Spain,Male,28.0,0.0,2,0
Spain,Female,38.0,0.0,1,0
Spain,Male,36.0,146053.66,1,0
Spain,Female,46.0,0.0,2,1
Spain,Female,33.0,0.0,2,0
Spain,Male,22.0,114991.45,2,0
Spain,Male,29.0,0.0,2,0
Spain,Female,36.0,0.0,1,1
Spain,Female,32.0,0.0,1,0
Spain,Female,41.0,179915.85,1,0
Spain,Male,35.0,0.0,2,0
Spain,Female,66.0,97560.21,1,0
Spain,Male,32.0,0.0,2,0
Spain,Female,44.0,0.0,2,0
Spain,Female,42.0,0.0,2,0
Spain,Male,31.0,0.0,1,0
Spain,Female,42.0,0.0,1,1
Spain,Male,40.0,0.0,2,1
Spain,Male,42.0,128366.44,1,0
Spain,Female,37.0,0.0,2,0
Spain,Male,46.0,110976.23,2,0
Spain,Female,47.0,0.0,1,1
Spain,Female,21.0,96956.1,1,1
Spain,Female,34.0,59877.33,1,0
Spain,Male,34.0,0.0,1,0
Spain,Male,57.0,0.0,1,1
Spain,Male,36.0,0.0,2,0
Spain,Male,40.0,133432.59,1,1
Spain,Female,31.0,76662.59,1,0
Spain,Female,30.0,0.0,2,0
Spain,Female,34.0,112940.07,1,0
Spain,Male,43.0,0.0,2,0
Spain,Female,38.0,0.0,2,0
Spain,Male,34.0,0.0,2,0
Spain,Male,41.0,0.0,2,0
Spain,Female,22.0,0.0,1,0
Spain,Male,30.0,0.0,2,0
Spain,Male,27.0,0.0,2,0
Spain,Female,36.0,0.0,2,0
Spain,Male,40.0,0.0,2,0
Spain,Female,46.0,41473.33,1,1
Spain,Male,55.0,99685.06,2,0
Spain,Female,50.0,133204.91,1,0
Spain,Female,34.0,0.0,1,0
Spain,Female,50.0,0.0,1,1
Spain,Female,31.0,118311.04,1,0
Spain,Female,41.0,147506.25,2,0
Spain,Male,37.0,0.0,2,0
Spain,Female,31.0,0.0,1,0
Spain,Female,43.0,0.0,1,0
Spain,Female,51.0,142475.87,1,1
Spain,Male,40.0,0.0,1,1
Spain,Female,34.0,0.0,2,0
Spain,Male,26.0,0.0,2,0
Spain,Female,24.0,0.0,2,0
Spain,Female,37.0,0.0,2,0
Spain,Female,54.0,56795.61,1,1
Spain,Female,36.0,0.0,2,0
Spain,Male,38.0,0.0,2,0
Spain,Male,34.0,0.0,2,0
Spain,Female,33.0,0.0,2,0
Spain,Female,37.0,119565.92,1,0
Spain,Male,25.0,0.0,2,0
Spain,Male,41.0,0.0,2,0
Spain,Male,34.0,0.0,2,0
Spain,Male,30.0,0.0,1,0
Spain,Male,35.0,0.0,1,0
Spain,Male,52.0,120889.15,1,0
Spain,Female,59.0,123843.34,1,1
Spain,Female,31.0,0.0,1,1
Spain,Male,29.0,0.0,2,0
Spain,Female,49.0,0.0,1,1
Spain,Female,38.0,127642.66,1,0
Spain,Female,24.0,159203.71,1,1
Spain,Male,40.0,0.0,1,0
Spain,Male,34.0,116324.28,1,0
Spain,Female,39.0,0.0,2,0
Spain,Female,50.0,110997.53,1,0
Spain,Female,41.0,165536.22,1,0
Spain,Male,47.0,0.0,2,0
Spain,Male,49.0,114491.06,1,0
Spain,Male,29.0,0.0,2,0
Spain,Female,34.0,0.0,2,1
Spain,Female,41.0,131955.07,1,0
Spain,Male,32.0,126547.8,1,0
Spain,Male,48.0,0.0,1,1
Spain,Male,33.0,103870.78,1,0
Spain,Male,40.0,0.0,2,0
Spain,Male,28.0,0.0,2,0
Spain,Male,48.0,121345.88,1,1
Spain,Female,31.0,0.0,1,1
Spain,Female,35.0,0.0,2,1
Spain,Male,29.0,80728.15,1,0
Spain,Male,28.0,0.0,2,0
Spain,Female,30.0,0.0,1,0
Spain,Female,38.0,0.0,2,0
Spain,Male,41.0,0.0,1,0
Spain,Female,27.0,0.0,2,0
Spain,Female,35.0,0.0,2,0
Spain,Female,37.0,0.0,2,0
Spain,Female,49.0,87099.85,2,0
Spain,Male,32.0,0.0,1,0
Spain,Male,40.0,0.0,2,0
Spain,Male,32.0,0.0,2,0
Spain,Female,26.0,0.0,2,0
Spain,Male,26.0,0.0,2,0
Spain,Female,42.0,0.0,2,0
Spain,Male,45.0,135889.13,1,0
Spain,Female,39.0,118336.95,1,0
Spain,Male,37.0,0.0,1,0
Spain,Female,48.0,112152.88,1,0
Spain,Female,23.0,74488.75,1,0
Spain,Female,34.0,147262.24,1,0
Spain,Female,36.0,0.0,2,0
Spain,Male,29.0,73494.04,1,0
Spain,Female,30.0,81132.21,1,0
Spain,Male,31.0,135120.57,2,0
Spain,Female,34.0,0.0,2,0
Spain,Female,38.0,0.0,2,0
Spain,Male,31.0,0.0,2,0
Spain,Female,29.0,0.0,2,0
Spain,Male,33.0,0.0,2,0
Spain,Male,32.0,0.0,2,0
Spain,Male,31.0,0.0,2,0
Spain,Male,19.0,0.0,2,0
Spain,Male,43.0,139432.55,1,0
Spain,Male,33.0,0.0,2,0
Spain,Male,35.0,63763.49,2,0
Spain,Female,37.0,0.0,2,0
Spain,Male,24.0,0.0,2,0
Spain,Female,29.0,157848.53,2,0
Spain,Male,30.0,0.0,2,0
Spain,Female,33.0,0.0,2,0
Spain,Male,59.0,0.0,2,1
Spain,Female,62.0,0.0,1,1
Spain,Female,36.0,0.0,2,0
Spain,Male,37.0,0.0,1,0
Spain,Female,51.0,88826.07,1,1
Spain,Male,37.0,0.0,1,0
Spain,Female,69.0,133801.58,2,1
Spain,Female,44.0,0.0,2,0
Spain,Male,35.0,0.0,2,0
Spain,Female,40.0,0.0,1,1
Spain,Female,35.0,0.0,1,1
Spain,Male,42.0,0.0,2,0
Spain,Female,36.0,0.0,2,0
Spain,Male,28.0,0.0,2,0
Spain,Male,19.0,0.0,2,0
Spain,Male,32.0,0.0,2,0
Spain,Male,33.0,0.0,2,0
Spain,Female,32.0,0.0,2,0
Spain,Male,21.0,0.0,1,0
Spain,Male,48.0,0.0,2,0
Spain,Female,29.0,0.0,2,0
Spain,Male,32.0,134542.73,1,0
Spain,Female,54.0,0.0,2,0
Spain,Male,35.0,0.0,2,0
Spain,Female,38.0,132571.67,1,1
Spain,Female,43.0,0.0,2,1
Spain,Female,34.0,0.0,2,0
Spain,Male,54.0,0.0,2,0
Spain,Male,45.0,0.0,2,0
Spain,Male,43.0,0.0,2,0
Spain,Female,32.0,95153.77,1,0
Spain,Female,43.0,0.0,2,0
Spain,Male,26.0,0.0,2,0
Spain,Female,40.0,0.0,2,0
Spain,Male,30.0,0.0,2,0
Spain,Male,38.0,0.0,2,0
Spain,Female,29.0,0.0,2,0
Spain,Female,38.0,0.0,2,0
Spain,Female,29.0,0.0,2,0
Spain,Male,31.0,157559.79,1,0
Spain,Male,33.0,116465.53,2,0
Spain,Male,57.0,0.0,2,0
Spain,Female,39.0,0.0,1,1
Spain,Female,38.0,107042.74,2,0
Spain,Male,39.0,0.0,2,0
Spain,Male,28.0,123692.0,1,0
Spain,Male,48.0,0.0,2,0
Spain,Male,32.0,0.0,1,0
Spain,Male,30.0,0.0,2,0
Spain,Male,39.0,160625.17,1,0
Spain,Female,35.0,0.0,2,0
Spain,Male,34.0,0.0,2,0
Spain,Male,29.0,93817.41,2,0
Spain,Female,31.0,118100.59,2,0
Spain,Male,35.0,0.0,1,0
Spain,Male,22.0,0.0,2,0
Spain,Male,40.0,121629.22,1,0
Spain,Male,39.0,105528.67,2,0
Spain,Female,36.0,0.0,2,0
Spain,Female,38.0,0.0,1,1
Spain,Female,43.0,0.0,2,0
Spain,Male,32.0,0.0,2,0
Spain,Female,40.0,0.0,2,0
Spain,Male,34.0,0.0,1,0
Spain,Female,45.0,141604.76,1,1
Spain,Female,57.0,122950.31,1,1
Spain,Male,54.0,0.0,1,1
Spain,Female,58.0,123971.14,1,0
Spain,Male,30.0,0.0,2,0
Spain,Male,38.0,0.0,2,0
Spain,Male,58.0,0.0,1,1
Spain,Female,45.0,0.0,1,1
Spain,Male,38.0,0.0,1,0
Spain,Male,31.0,147833.3,2,0
Spain,Male,32.0,0.0,2,0
Spain,Female,31.0,116465.53,1,0
Spain,Female,50.0,0.0,1,1
Spain,Female,33.0,125870.91,2,0
Spain,Male,37.0,0.0,2,0
Spain,Female,37.0,70438.01,2,0
Spain,Male,29.0,0.0,2,0
Spain,Male,34.0,0.0,2,0
Spain,Female,32.0,0.0,1,0
Spain,Male,31.0,0.0,2,0
Spain,Male,40.0,0.0,2,0
Spain,Female,40.0,0.0,2,0
Spain,Male,46.0,139914.6,1,0
Spain,Female,25.0,0.0,2,0
Spain,Male,32.0,0.0,1,0
Spain,Male,29.0,0.0,2,1
Spain,Male,48.0,99906.19,1,0
Spain,Female,31.0,0.0,2,0
Spain,Female,29.0,138053.79,1,0
Spain,Male,32.0,0.0,2,0
Spain,Female,37.0,0.0,1,0
Spain,Male,40.0,94153.56,1,0
Spain,Male,32.0,0.0,2,0
Spain,Female,26.0,136623.31,1,0
Spain,Female,38.0,0.0,2,0
Spain,Male,35.0,0.0,2,0
Spain,Male,28.0,95312.8,1,0
Spain,Male,35.0,0.0,2,0
Spain,Male,46.0,0.0,2,0
Spain,Male,46.0,0.0,1,1
Spain,Male,44.0,0.0,2,0
Spain,Male,34.0,0.0,2,0
Spain,Male,32.0,107594.11,1,0
Spain,Male,48.0,0.0,1,1
Spain,Female,36.0,0.0,1,0
Spain,Male,40.0,0.0,1,0
Spain,Female,35.0,59532.18,1,0
Spain,Female,38.0,92799.32,2,0
Spain,Female,41.0,0.0,2,0
Spain,Male,36.0,0.0,2,0
Spain,Female,28.0,0.0,2,0
Spain,Male,38.0,0.0,1,1
Spain,Male,34.0,0.0,2,0
Spain,Male,37.0,116498.22,1,0
Spain,Female,37.0,136488.36,1,0
Spain,Female,24.0,0.0,2,0
Spain,Male,27.0,147149.34,1,0
Spain,Male,43.0,0.0,2,0
Spain,Female,56.0,0.0,1,1
Spain,Male,39.0,0.0,2,0
Spain,Male,30.0,0.0,1,0
Spain,Female,39.0,0.0,1,0
Spain,Male,42.0,83772.95,2,0
Spain,Male,25.0,142862.21,1,0
Spain,Female,30.0,0.0,2,0
Spain,Female,38.0,140301.72,1,0
Spain,Male,57.0,129177.01,1,0
Spain,Male,23.0,70105.87,1,0
Spain,Male,44.0,142289.28,1,0
Spain,Male,39.0,150777.72,2,0
Spain,Male,45.0,0.0,1,1
Spain,Male,42.0,0.0,2,0
Spain,Female,43.0,0.0,1,0
Spain,Female,23.0,123081.84,2,0
Spain,Male,39.0,0.0,2,0
Spain,Male,33.0,0.0,1,0
Spain,Female,39.0,0.0,1,1
Spain,Female,46.0,0.0,2,0
Spain,Male,36.0,0.0,2,0
Spain,Female,39.0,0.0,1,0
Spain,Female,56.0,113755.78,2,1
Spain,Male,43.0,0.0,1,1
Spain,Male,21.0,0.0,2,0
Spain,Male,37.0,0.0,3,1
Spain,Female,37.0,0.0,2,0
Spain,Male,41.0,108632.48,1,1
Spain,Male,40.0,0.0,1,0
Spain,Male,38.0,0.0,1,0
Spain,Male,23.0,0.0,2,0
Spain,Female,32.0,102773.15,2,0
Spain,Female,35.0,0.0,2,0
Spain,Male,30.0,0.0,2,0
Spain,Female,28.0,0.0,2,0
Spain,Female,38.0,0.0,1,0
Spain,Female,41.0,0.0,1,1
Spain,Male,66.0,0.0,2,0
Spain,Female,35.0,127997.83,1,0
Spain,Female,41.0,0.0,2,0
Spain,Male,44.0,0.0,2,0
Spain,Female,36.0,111396.97,1,0
Spain,Male,35.0,0.0,2,0
Spain,Male,29.0,0.0,2,0
Spain,Male,47.0,152381.74,1,0
Spain,Female,34.0,0.0,2,0
Spain,Female,34.0,0.0,2,0
Spain,Male,39.0,0.0,2,0
Spain,Female,31.0,0.0,2,0
Spain,Female,51.0,120962.59,1,0
Spain,Female,50.0,0.0,1,1
Spain,Female,30.0,0.0,2,0
Spain,Male,41.0,0.0,2,0
Spain,Female,38.0,0.0,1,1
Spain,Male,55.0,0.0,1,1
Spain,Male,50.0,0.0,1,0
Spain,Male,35.0,0.0,2,0
Spain,Male,31.0,146083.76,1,0
Spain,Male,31.0,0.0,2,0
Spain,Male,32.0,142872.25,1,0
Spain,Female,47.0,0.0,1,1
Spain,Female,47.0,139561.23,2,1
Spain,Female,34.0,0.0,1,1
Spain,Male,45.0,122917.71,1,0
Spain,Male,56.0,85162.26,1,1
Spain,Male,34.0,0.0,1,0
Spain,Male,34.0,111927.45,1,0
Spain,Male,27.0,0.0,2,0
Spain,Female,38.0,104339.56,1,0
Spain,Male,38.0,0.0,2,0
Spain,Female,45.0,0.0,2,0
Spain,Female,31.0,0.0,3,1
Spain,Female,40.0,0.0,1,0
Spain,Male,28.0,0.0,2,0
Spain,Male,34.0,0.0,1,0
Spain,Male,40.0,0.0,2,0
Spain,Female,47.0,0.0,2,0
Spain,Female,31.0,148495.24,1,0
Spain,Female,29.0,0.0,2,0
Spain,Female,49.0,0.0,2,0
Spain,Female,35.0,0.0,1,0
Spain,Male,38.0,158373.23,1,0
Spain,Female,36.0,117307.44,2,0
Spain,Female,38.0,0.0,2,0
Spain,Male,32.0,0.0,2,0
Spain,Male,34.0,0.0,2,0
Spain,Male,40.0,101099.9,1,0
Spain,Male,32.0,0.0,2,0
Spain,Male,33.0,122528.26,1,0
Spain,Female,35.0,0.0,2,0
Spain,Female,27.0,121542.57,1,0
Spain,Male,41.0,0.0,2,0
Spain,Male,28.0,0.0,2,0
Spain,Female,41.0,87945.97,1,1
Spain,Male,40.0,0.0,2,0
Spain,Male,40.0,133800.27,2,0
Spain,Female,28.0,0.0,1,1
Spain,Female,41.0,106036.97,1,0
Spain,Female,43.0,139825.53,1,0
Spain,Female,67.0,0.0,1,1
Spain,Male,40.0,0.0,1,1
Spain,Male,46.0,0.0,4,1
Spain,Male,35.0,0.0,2,0
Spain,Male,29.0,0.0,1,0
Spain,Female,27.0,0.0,2,0
Spain,Female,38.0,0.0,2,0
Spain,Male,27.0,0.0,2,0
Spain,Male,51.0,0.0,1,1
Spain,Male,37.0,0.0,1,0
Spain,Male,62.0,0.0,1,0
Spain,Male,37.0,0.0,2,0
Spain,Male,42.0,0.0,2,0
Spain,Male,29.0,0.0,2,0
Spain,Male,35.0,0.0,2,0
Spain,Female,38.0,0.0,1,0
Spain,Male,36.0,0.0,1,0
Spain,Male,32.0,0.0,2,0
Spain,Female,34.0,0.0,2,0
Spain,Male,34.0,103133.26,1,0
Spain,Male,42.0,0.0,1,1
Spain,Male,39.0,0.0,2,0
Spain,Female,32.0,0.0,2,0
Spain,Female,31.0,0.0,2,0
Spain,Male,62.0,0.0,2,0
Spain,Male,38.0,0.0,2,0
Spain,Female,42.0,0.0,2,0
Spain,Female,38.0,111093.01,1,0
Spain,Female,38.0,119658.49,1,0
Spain,Female,31.0,123903.3,1,0
Spain,Male,66.0,0.0,1,1
Spain,Male,38.0,0.0,2,0
Spain,Male,63.0,120787.18,2,1
Spain,Male,40.0,0.0,2,0
Spain,Female,49.0,0.0,1,1
Spain,Male,40.0,118628.8,1,0
Spain,Male,24.0,0.0,2,0
Spain,Male,25.0,0.0,2,0
Spain,Male,80.0,0.0,2,0
Spain,Male,35.0,0.0,1,0
Spain,Male,45.0,0.0,2,1
Spain,Male,53.0,102773.15,1,1
Spain,Female,31.0,0.0,2,0
Spain,Male,32.0,0.0,2,0
Spain,Male,52.0,0.0,2,0
Spain,Male,30.0,0.0,2,0
Spain,Female,40.0,93946.74,1,0
Spain,Male,29.0,0.0,2,0
Spain,Male,44.0,0.0,2,0
Spain,Male,41.0,0.0,2,0
Spain,Male,44.0,0.0,2,0
Spain,Male,40.0,179915.85,1,0
Spain,Male,46.0,0.0,1,0
Spain,Female,36.0,152581.06,1,0
Spain,Female,48.0,127637.05,1,1
Spain,Female,50.0,133204.91,2,0
Spain,Male,33.0,0.0,2,0
Spain,Male,42.0,0.0,2,0
Spain,Female,26.0,92476.11,1,0
Spain,Female,34.0,0.0,1,0
Spain,Male,29.0,0.0,2,0
Spain,Male,31.0,124113.04,2,0
Spain,Male,26.0,0.0,1,0
Spain,Female,37.0,0.0,1,0
Spain,Female,55.0,130796.79,1,1
Spain,Male,43.0,0.0,2,0
Spain,Female,38.0,0.0,2,0
Spain,Male,45.0,0.0,2,0
Spain,Male,26.0,109958.15,1,0
Spain,Female,27.0,0.0,2,0
Spain,Male,23.0,145536.28,1,0
Spain,Female,42.0,0.0,2,0
Spain,Female,36.0,134678.82,1,1
Spain,Male,31.0,0.0,1,0
Spain,Female,26.0,101952.96,1,0
Spain,Male,39.0,122486.47,2,0
Spain,Male,40.0,108825.34,1,0
Spain,Male,49.0,107174.58,1,0
Spain,Male,26.0,0.0,2,0
Spain,Male,26.0,0.0,2,0
Spain,Female,33.0,0.0,2,0
Spain,Male,31.0,0.0,1,0
Spain,Male,27.0,0.0,2,0
Spain,Male,29.0,127822.71,1,0
Spain,Male,34.0,0.0,2,0
Spain,Male,43.0,127842.45,1,1
Spain,Female,35.0,0.0,2,0
Spain,Female,25.0,0.0,2,0
Spain,Male,47.0,0.0,1,0
Spain,Male,59.0,118866.36,1,1
Spain,Male,32.0,0.0,1,0
Spain,Male,34.0,136298.65,2,0
Spain,Male,54.0,0.0,1,1
Spain,Female,40.0,155853.11,2,0
Spain,Male,33.0,0.0,2,0
Spain,Male,39.0,0.0,2,0
Spain,Female,31.0,0.0,1,0
Spain,Male,30.0,0.0,1,0
Spain,Male,43.0,96196.24,4,0
Spain,Male,39.0,0.0,2,0
Spain,Female,30.0,121161.57,2,0
Spain,Female,30.0,0.0,1,1
Spain,Male,40.0,142874.99,1,0
Spain,Male,46.0,116576.45,1,1
Spain,Male,41.0,0.0,2,0
Spain,Male,30.0,102800.65,1,0
Spain,Female,44.0,0.0,2,0
Spain,Male,43.0,0.0,1,0
Spain,Male,43.0,0.0,2,0
Spain,Female,37.0,0.0,1,1
Spain,Male,43.0,0.0,1,1
Spain,Female,35.0,0.0,2,0
Spain,Female,30.0,0.0,2,0
Spain,Male,46.0,0.0,2,0
Spain,Female,25.0,89773.06,1,0
Spain,Male,40.0,0.0,2,0
Spain,Female,33.0,110148.51,2,0
Spain,Male,39.0,133657.22,1,0
Spain,Male,29.0,0.0,2,0
Spain,Male,32.0,102238.01,1,0
Spain,Female,62.0,0.0,1,0
Spain,Female,43.0,0.0,1,1
Spain,Male,28.0,0.0,2,0
Spain,Female,47.0,0.0,1,1
Spain,Male,46.0,0.0,2,0
Spain,Male,43.0,85162.26,1,0
Spain,Female,37.0,0.0,2,0
Spain,Male,34.0,0.0,2,0
Spain,Female,29.0,0.0,2,0
Spain,Female,44.0,119556.1,2,0
Spain,Female,39.0,0.0,1,1
Spain,Male,44.0,120167.42,2,0
Spain,Female,50.0,173432.55,1,1
Spain,Male,36.0,0.0,2,0
Spain,Male,26.0,0.0,2,0
Spain,Female,36.0,0.0,2,0
Spain,Male,52.0,0.0,1,1
Spain,Male,24.0,106282.85,2,0
Spain,Male,43.0,0.0,2,0
Spain,Male,38.0,137936.94,1,0
Spain,Female,41.0,148883.09,1,0
Spain,Female,32.0,98459.6,1,0
Spain,Male,66.0,0.0,2,0
Spain,Female,22.0,154763.63,1,0
Spain,Female,31.0,0.0,2,0
Spain,Female,24.0,166328.65,1,0
Spain,Female,34.0,0.0,2,0
Spain,Male,27.0,61691.45,1,0
Spain,Male,42.0,0.0,2,0
Spain,Male,46.0,0.0,2,0
Spain,Male,36.0,121872.6,1,1
Spain,Male,54.0,163863.36,1,0
Spain,Male,44.0,122028.36,1,0
Spain,Male,42.0,0.0,2,0
Spain,Male,34.0,0.0,2,0
Spain,Female,40.0,0.0,1,1
Spain,Female,67.0,0.0,1,1
Spain,Female,41.0,0.0,1,0
Spain,Male,34.0,0.0,2,0
Spain,Female,42.0,0.0,2,0
Spain,Male,25.0,0.0,2,0
Spain,Male,36.0,0.0,2,0
Spain,Male,37.0,99846.61,1,0
Spain,Male,50.0,0.0,1,0
Spain,Male,57.0,142576.48,1,0
Spain,Female,61.0,157929.45,1,0
Spain,Female,37.0,0.0,2,0
Spain,Male,24.0,0.0,2,0
Spain,Male,33.0,0.0,2,0
Spain,Male,35.0,0.0,1,0
Spain,Male,64.0,0.0,2,0
Spain,Female,44.0,0.0,3,0
Spain,Male,29.0,0.0,2,0
Spain,Male,44.0,0.0,2,0
Spain,Male,41.0,127132.96,1,0
Spain,Male,32.0,0.0,2,0
Spain,Male,49.0,83889.03,1,0
Spain,Male,39.0,138207.08,1,0
Spain,Male,24.0,0.0,2,0
Spain,Female,37.0,0.0,2,0
Spain,Female,49.0,107884.81,1,0
Spain,Male,33.0,0.0,2,0
Spain,Male,37.0,0.0,2,0
Spain,Male,28.0,95128.86,1,0
Spain,Male,30.0,0.0,2,0
Spain,Male,37.0,108432.88,1,0
Spain,Female,45.0,0.0,2,1
Spain,Female,44.0,0.0,2,0
Spain,Female,61.0,97361.66,1,0
Spain,Female,26.0,0.0,2,0
Spain,Female,34.0,133667.89,2,0
Spain,Male,38.0,155973.88,1,1
Spain,Male,41.0,0.0,2,0
Spain,Female,48.0,102365.79,1,1
Spain,Female,36.0,0.0,1,1
Spain,Male,43.0,0.0,2,0
Spain,Male,43.0,0.0,1,0
Spain,Male,38.0,0.0,2,0
Spain,Female,73.0,0.0,1,0
Spain,Male,34.0,0.0,1,0
Spain,Male,57.0,116465.53,1,0
Spain,Male,42.0,172463.45,1,1
Spain,Male,33.0,0.0,2,0
Spain,Male,24.0,0.0,2,1
Spain,Female,33.0,93560.14,1,0
Spain,Male,44.0,168078.74,1,0
Spain,Male,39.0,141604.66,1,0
Spain,Male,43.0,160515.37,1,0
Spain,Male,35.0,0.0,2,0
Spain,Male,36.0,150578.0,1,0
Spain,Male,30.0,0.0,1,0
Spain,Male,28.0,0.0,2,0
Spain,Male,67.0,87603.35,2,0
Spain,Female,41.0,0.0,2,0
Spain,Female,41.0,0.0,1,0
Spain,Female,43.0,0.0,2,0
Spain,Male,28.0,95140.44,1,0
Spain,Female,32.0,0.0,2,0
Spain,Female,36.0,135889.13,1,0
Spain,Male,40.0,0.0,2,0
Spain,Female,56.0,130866.19,1,1
Spain,Male,38.0,119785.47,1,0
Spain,Male,35.0,123692.0,1,0
Spain,Female,22.0,108117.1,2,0
Spain,Female,32.0,113628.22,1,0
Spain,Male,35.0,154712.58,1,0
Spain,Female,35.0,0.0,2,0
Spain,Male,36.0,118520.26,1,1
Spain,Male,20.0,0.0,2,1
Spain,Male,35.0,0.0,2,0
Spain,Male,30.0,139959.0,2,0
Spain,Male,55.0,0.0,2,0
Spain,Female,44.0,0.0,2,0
Spain,Female,28.0,148962.76,2,0
Spain,Female,33.0,141573.55,1,1
Spain,Female,38.0,0.0,2,0
Spain,Female,44.0,0.0,2,0
Spain,Male,39.0,0.0,1,0
Spain,Male,27.0,139834.93,2,0
Spain,Female,62.0,0.0,1,1
Spain,Female,37.0,0.0,2,0
Spain,Female,37.0,0.0,2,0
Spain,Male,38.0,0.0,2,0
Spain,Female,46.0,0.0,1,1
Spain,Female,36.0,142296.13,1,0
Spain,Male,67.0,0.0,2,0
Spain,Male,30.0,142704.59,1,1
Spain,Female,42.0,0.0,2,0
Spain,Male,31.0,141782.57,1,0
Spain,Male,25.0,0.0,2,0
Spain,Male,43.0,97473.87,2,0
Spain,Male,29.0,0.0,2,0
Spain,Female,45.0,135552.96,1,1
Spain,Male,24.0,0.0,2,0
Spain,Male,37.0,0.0,2,0
Spain,Female,25.0,0.0,2,0
Spain,Male,40.0,0.0,1,0
Spain,Male,32.0,0.0,1,0
Spain,Male,34.0,98848.19,2,0
Spain,Male,32.0,0.0,1,0
Spain,Female,39.0,0.0,2,0
Spain,Male,43.0,109161.25,1,0
Spain,Female,23.0,70417.79,1,1
Spain,Female,39.0,0.0,2,0
Spain,Male,38.0,126670.6,2,0
Spain,Male,48.0,142876.98,1,0
Spain,Female,41.0,0.0,1,1
Spain,Female,31.0,0.0,1,0
Spain,Male,36.0,129934.64,1,0
Spain,Male,28.0,0.0,2,0
Spain,Male,31.0,75681.52,1,0
Spain,Female,45.0,0.0,2,1
Spain,Female,40.0,0.0,2,0
Spain,Female,62.0,117411.6,1,0
Spain,Male,30.0,0.0,2,0
Spain,Female,40.0,137936.94,1,0
Spain,Male,37.0,169312.72,2,0
Spain,Male,30.0,0.0,2,0
Spain,Female,35.0,0.0,2,0
Spain,Female,30.0,0.0,2,0
Spain,Male,40.0,119714.25,1,0
Spain,Female,37.0,0.0,2,0
Spain,Male,38.0,0.0,2,0
Spain,Male,25.0,134593.99,1,0
Spain,Male,42.0,109949.81,1,0
Spain,Male,42.0,0.0,1,0
Spain,Female,44.0,0.0,1,1
Spain,Female,41.0,0.0,2,0
Spain,Male,29.0,114590.58,1,0
Spain,Female,37.0,75801.74,1,0
Spain,Female,51.0,0.0,1,1
Spain,Male,30.0,0.0,2,0
Spain,Male,34.0,0.0,2,0
Spain,Female,35.0,0.0,2,0
Spain,Male,36.0,0.0,1,0
Spain,Male,33.0,133944.0,1,0
Spain,Male,41.0,0.0,2,0
Spain,Female,38.0,0.0,2,0
Spain,Female,36.0,157761.57,1,0
Spain,Male,32.0,0.0,2,0
Spain,Female,57.0,105303.72,1,0
Spain,Female,24.0,124401.6,1,0
Spain,Male,61.0,0.0,2,0
Spain,Male,34.0,83503.11,1,0
Spain,Female,32.0,0.0,2,0
Spain,Male,38.0,0.0,2,0
Spain,Male,32.0,89492.62,1,0
Spain,Male,39.0,111574.41,2,0
Spain,Female,29.0,120867.18,1,0
Spain,Male,34.0,65812.35,2,0
Spain,Female,33.0,102749.65,1,0
Spain,Female,26.0,141786.81,1,1
Spain,Male,34.0,160566.18,1,0
Spain,Male,30.0,0.0,2,0
Spain,Female,36.0,0.0,2,0
Spain,Female,49.0,0.0,1,1
Spain,Male,39.0,0.0,1,0
Spain,Male,37.0,0.0,1,1
Spain,Male,39.0,0.0,2,0
Spain,Female,31.0,0.0,1,0
Spain,Male,35.0,107955.85,1,0
Spain,Male,38.0,0.0,2,0
Spain,Female,48.0,0.0,2,1
Spain,Male,33.0,0.0,2,0
Spain,Female,37.0,130461.02,1,0
Spain,Male,34.0,0.0,2,0
Spain,Female,44.0,0.0,2,0
Spain,Female,38.0,61274.7,2,0
Spain,Male,31.0,119817.33,2,0
Spain,Male,46.0,0.0,3,1
Spain,Male,28.0,123971.93,1,0
Spain,Female,52.0,0.0,1,1
Spain,Female,54.0,0.0,1,1
Spain,Male,66.0,0.0,1,1
Spain,Female,41.0,0.0,2,0
Spain,Male,23.0,127847.86,1,0
Spain,Male,32.0,0.0,2,0
Spain,Male,36.0,0.0,2,0
Spain,Male,47.0,0.0,1,0
Spain,Male,40.0,0.0,1,1
Spain,Male,35.0,0.0,2,0
Spain,Male,34.0,168094.01,1,0
Spain,Male,40.0,156773.78,1,0
Spain,Female,25.0,151739.65,1,0
Spain,Male,47.0,105603.21,2,0
Spain,Female,35.0,130428.78,1,0
Spain,Female,34.0,0.0,2,0
Spain,Female,28.0,114779.35,3,1
Spain,Male,31.0,0.0,2,0
Spain,Male,28.0,0.0,2,0
Spain,Male,27.0,0.0,2,0
Spain,Male,38.0,0.0,2,0
Spain,Male,38.0,119658.49,2,0
Spain,Female,49.0,0.0,1,1
Spain,Female,46.0,92053.44,1,0
Spain,Male,48.0,0.0,2,0
Spain,Male,33.0,0.0,2,0
Spain,Female,36.0,141573.55,1,1
Spain,Female,36.0,99250.08,1,0
Spain,Male,33.0,0.0,2,0
Spain,Male,30.0,0.0,1,0
Spain,Female,36.0,0.0,2,0
Spain,Female,38.0,0.0,1,1
Spain,Female,36.0,122029.15,1,0
Spain,Female,38.0,162261.01,2,0
Spain,Female,33.0,103515.39,1,0
Spain,Female,48.0,0.0,1,1
Spain,Female,29.0,0.0,1,0
Spain,Male,33.0,185932.18,1,0
Spain,Male,43.0,0.0,2,0
Spain,Female,33.0,0.0,2,0
Spain,Male,63.0,97392.18,1,0
Spain,Female,35.0,132865.57,1,0
Spain,Male,36.0,0.0,2,0
Spain,Male,51.0,0.0,1,1
Spain,Male,39.0,0.0,2,0
Spain,Male,38.0,88915.84,1,0
Spain,Male,39.0,0.0,2,0
Spain,Male,32.0,0.0,2,0
Spain,Female,24.0,88011.4,1,1
Spain,Female,44.0,102800.29,1,1
Spain,Male,31.0,0.0,2,0
Spain,Female,34.0,0.0,2,0
Spain,Male,37.0,0.0,2,0
Spain,Female,41.0,0.0,2,0
Spain,Male,46.0,0.0,2,0
Spain,Female,57.0,113922.73,1,1
Spain,Male,41.0,0.0,2,0
Spain,Male,40.0,0.0,2,0
Spain,Male,37.0,0.0,2,0
Spain,Male,71.0,0.0,1,1
Spain,Male,60.0,134208.25,3,1
Spain,Female,29.0,0.0,2,0
Spain,Female,53.0,0.0,1,1
Spain,Male,35.0,0.0,2,0
Spain,Male,42.0,0.0,3,1
Spain,Male,67.0,0.0,2,0
Spain,Female,35.0,0.0,2,0
Spain,Male,32.0,0.0,2,0
Spain,Male,39.0,0.0,1,1
Spain,Male,25.0,104822.45,1,0
Spain,Male,32.0,117400.02,2,0
Spain,Male,32.0,0.0,2,0
Spain,Female,36.0,82228.67,2,0
Spain,Female,34.0,128410.71,2,0
Spain,Female,38.0,80778.23,1,0
Spain,Male,33.0,120787.56,1,0
Spain,Female,32.0,135096.09,1,0
Spain,Female,45.0,0.0,1,1
Spain,Male,28.0,122931.55,1,0
Spain,Female,40.0,0.0,2,0
Spain,Male,67.0,0.0,2,0
Spain,Female,41.0,133871.05,1,0
Spain,Male,36.0,0.0,2,0
Spain,Female,28.0,0.0,2,0
Spain,Male,40.0,95053.1,1,0
Spain,Female,37.0,0.0,2,0
Spain,Female,33.0,145580.61,1,0
Spain,Female,40.0,0.0,2,0
Spain,Male,43.0,128393.28,2,0
Spain,Male,38.0,86059.4,2,0
Spain,Male,39.0,0.0,2,0
Spain,Female,37.0,111900.27,1,0
Spain,Female,33.0,0.0,2,0
Spain,Female,29.0,120681.63,1,1
Spain,Female,51.0,0.0,1,1
Spain,Female,33.0,132044.6,1,0
Spain,Female,25.0,71481.79,1,0
Spain,Male,46.0,0.0,2,0
Spain,Male,45.0,0.0,2,0
Spain,Male,41.0,0.0,2,0
Spain,Female,34.0,0.0,2,0
Spain,Female,35.0,114779.35,1,0
Spain,Female,35.0,0.0,1,0
Spain,Male,19.0,0.0,1,0
Spain,Female,61.0,53573.18,1,1
Spain,Female,53.0,126598.99,3,1
Spain,Male,41.0,0.0,2,0
Spain,Male,32.0,102874.28,1,0
Spain,Female,54.0,0.0,1,1
Spain,Male,38.0,0.0,2,0
Spain,Male,34.0,0.0,1,0
Spain,Female,61.0,140700.61,2,0
Spain,Male,41.0,0.0,2,0
Spain,Male,48.0,0.0,1,1
Spain,Female,48.0,0.0,1,1
Spain,Male,28.0,122314.39,1,0
Spain,Male,34.0,85827.43,1,0
Spain,Male,26.0,0.0,2,0
Spain,Male,35.0,126104.98,2,0
Spain,Male,32.0,0.0,2,0
Spain,Female,25.0,0.0,1,0
Spain,Male,34.0,0.0,2,0
Spain,Male,40.0,0.0,2,0
Spain,Female,34.0,0.0,2,0
Spain,Male,28.0,0.0,2,0
Spain,Female,46.0,0.0,1,1
Spain,Male,59.0,0.0,1,1
Spain,Male,29.0,0.0,2,0
Spain,Male,38.0,0.0,2,0
Spain,Male,30.0,122557.88,1,0
Spain,Male,44.0,144582.04,1,1
Spain,Male,36.0,0.0,2,0
Spain,Male,29.0,116872.58,1,0
Spain,Female,47.0,0.0,1,1
Spain,Male,37.0,0.0,2,0
Spain,Female,27.0,0.0,1,0
Spain,Male,40.0,0.0,1,1
Spain,Male,58.0,0.0,1,1
Spain,Female,48.0,66079.45,1,1
Spain,Male,32.0,0.0,2,0
Spain,Female,41.0,0.0,2,0
Spain,Male,41.0,0.0,2,1
Spain,Male,32.0,100262.88,2,0
Spain,Male,41.0,0.0,2,0
Spain,Male,38.0,0.0,2,0
Spain,Female,36.0,121215.9,2,0
Spain,Male,34.0,0.0,2,0
Spain,Male,32.0,0.0,2,0
Spain,Male,43.0,0.0,2,0
Spain,Female,35.0,0.0,2,0
Spain,Female,38.0,0.0,2,0
Spain,Male,31.0,129255.3,1,0
Spain,Male,38.0,0.0,1,1
Spain,Male,33.0,0.0,1,0
Spain,Female,36.0,0.0,2,0
Spain,Female,18.0,112203.25,1,0
Spain,Male,31.0,148143.53,1,0
Spain,Male,32.0,136653.21,1,0
Spain,Male,44.0,0.0,2,0
Spain,Male,35.0,0.0,2,0
Spain,Male,42.0,0.0,2,0
Spain,Male,34.0,72509.91,1,0
Spain,Male,35.0,0.0,2,0
Spain,Female,35.0,0.0,1,1
Spain,Male,34.0,0.0,2,0
Spain,Male,57.0,79450.54,1,0
Spain,Female,29.0,0.0,2,0
Spain,Male,44.0,0.0,2,0
Spain,Male,39.0,0.0,1,0
Spain,Male,47.0,0.0,2,0
Spain,Male,40.0,0.0,2,0
Spain,Male,39.0,0.0,2,0
Spain,Male,41.0,0.0,1,0
Spain,Male,43.0,0.0,2,0
Spain,Male,31.0,0.0,2,0
Spain,Male,29.0,0.0,2,0
Spain,Female,30.0,0.0,2,0
Spain,Male,26.0,132287.92,1,0
Spain,Male,31.0,73070.23,1,0
Spain,Male,25.0,155413.07,1,0
Spain,Female,23.0,111156.52,1,0
Spain,Female,42.0,0.0,2,0
Spain,Male,35.0,0.0,2,0
Spain,Male,33.0,0.0,2,0
Spain,Female,43.0,141927.1,1,0
Spain,Female,38.0,145749.98,1,0
Spain,Male,30.0,0.0,2,0
Spain,Male,36.0,90560.3,2,0
Spain,Male,36.0,98148.61,1,0
Spain,Male,34.0,0.0,2,0
Spain,Male,32.0,0.0,2,0
Spain,Female,30.0,0.0,1,0
Spain,Male,37.0,0.0,1,0
Spain,Female,47.0,134208.25,1,1
Spain,Male,40.0,0.0,2,0
Spain,Female,30.0,0.0,2,0
Spain,Female,45.0,0.0,3,1
Spain,Female,49.0,0.0,1,1
Spain,Male,31.0,173434.9,2,0
Spain,Male,25.0,0.0,2,0
Spain,Male,32.0,132876.23,1,0
Spain,Male,27.0,178032.46,2,0
Spain,Male,39.0,105261.74,1,0
Spain,Female,36.0,0.0,2,0
Spain,Female,37.0,0.0,2,0
Spain,Male,38.0,109869.32,1,0
Spain,Male,29.0,0.0,2,0
Spain,Male,56.0,161274.05,2,0
Spain,Female,30.0,0.0,2,0
Spain,Female,28.0,0.0,1,0
Spain,Female,40.0,0.0,2,0
Spain,Female,26.0,0.0,2,0
Spain,Male,39.0,0.0,2,0
Spain,Female,38.0,0.0,1,0
Spain,Male,32.0,0.0,2,0
Spain,Female,35.0,0.0,1,0
Spain,Male,40.0,155843.45,1,0
Spain,Male,39.0,0.0,2,0
Spain,Male,40.0,0.0,2,0
Spain,Male,35.0,0.0,2,0
Spain,Female,56.0,157559.59,2,0
Spain,Male,39.0,0.0,2,0
Spain,Male,30.0,120911.75,2,0
Spain,Male,31.0,113980.21,1,0
Spain,Female,32.0,107316.09,1,0
Spain,Female,31.0,0.0,2,0
Spain,Female,33.0,79281.61,1,1
Spain,Male,29.0,133434.57,2,0
Spain,Male,28.0,0.0,1,0
Spain,Male,33.0,0.0,2,1
Spain,Female,27.0,0.0,2,0
Spain,Female,32.0,0.0,2,0
Spain,Female,34.0,121542.57,1,0
Spain,Male,37.0,0.0,2,0
Spain,Male,44.0,0.0,1,0
Spain,Male,32.0,0.0,2,0
Spain,Female,45.0,0.0,2,1
Spain,Male,67.0,0.0,2,0
Spain,Female,35.0,129307.32,1,0
Spain,Male,37.0,0.0,2,0
Spain,Male,42.0,92783.68,1,0
Spain,Male,32.0,99883.16,1,0
Spain,Male,30.0,105961.68,2,0
Spain,Male,39.0,0.0,2,0
Spain,Female,57.0,0.0,2,1
Spain,Male,31.0,162390.52,2,0
Spain,Male,34.0,0.0,2,0
Spain,Female,42.0,0.0,2,0
Spain,Male,37.0,0.0,1,0
Spain,Female,38.0,0.0,2,0
Spain,Male,26.0,0.0,2,1
Spain,Male,46.0,0.0,2,0
Spain,Female,51.0,0.0,1,1
Spain,Male,37.0,0.0,2,0
Spain,Male,36.0,0.0,1,0
Spain,Female,40.0,0.0,1,0
Spain,Male,46.0,0.0,1,1
Spain,Female,56.0,0.0,1,1
Spain,Male,28.0,0.0,2,0
Spain,Female,24.0,135125.28,1,0
Spain,Female,39.0,126815.94,1,0
Spain,Female,38.0,0.0,2,0
Spain,Male,38.0,0.0,2,0
Spain,Female,34.0,0.0,2,0
Spain,Male,45.0,0.0,2,0
Spain,Male,30.0,0.0,2,0
Spain,Female,41.0,0.0,2,0
Spain,Female,33.0,0.0,1,1
Spain,Male,26.0,0.0,1,0
Spain,Male,43.0,0.0,2,0
Spain,Male,33.0,105517.73,1,0
Spain,Female,36.0,181671.16,1,0
Spain,Female,28.0,0.0,2,0
Spain,Male,48.0,132759.8,1,0
Spain,Male,39.0,0.0,2,0
Spain,Female,52.0,115309.75,1,1
Spain,Female,38.0,117152.3,1,0
Spain,Female,32.0,0.0,2,0
Spain,Male,35.0,0.0,2,0
Spain,Male,69.0,0.0,2,1
Spain,Female,35.0,0.0,2,0
Spain,Male,35.0,0.0,2,0
Spain,Male,38.0,0.0,2,0
Spain,Male,31.0,99818.47,1,0
Spain,Female,28.0,0.0,1,0
Spain,Female,41.0,61172.42,1,0
Spain,Female,36.0,0.0,2,0
Spain,Female,36.0,0.0,2,0
Spain,Female,28.0,0.0,2,0
Spain,Male,45.0,0.0,1,1
Spain,Male,40.0,142400.77,1,0
Spain,Female,30.0,139180.97,1,0
Spain,Male,51.0,0.0,1,1
Spain,Male,36.0,0.0,1,0
Spain,Female,39.0,132835.56,1,0
Spain,Female,37.0,0.0,2,0
Spain,Female,35.0,0.0,2,0
Spain,Male,37.0,0.0,1,0
Spain,Female,40.0,0.0,2,0
Spain,Male,34.0,0.0,2,0
Spain,Female,52.0,0.0,2,0
Spain,Male,76.0,128410.71,2,0
Spain,Male,41.0,0.0,2,0
Spain,Male,34.0,0.0,2,0
Spain,Male,34.0,0.0,2,0
Spain,Female,54.0,158024.38,1,1
Spain,Male,24.0,107637.97,3,1
Spain,Male,36.0,0.0,2,0
Spain,Female,33.0,0.0,1,1
Spain,Male,33.0,0.0,2,0
Spain,Male,26.0,96679.71,1,0
Spain,Female,30.0,0.0,2,0
Spain,Male,53.0,71433.89,1,1
Spain,Male,41.0,0.0,2,0
Spain,Female,42.0,91285.36,2,0
Spain,Female,22.0,0.0,2,0
Spain,Female,38.0,0.0,2,0
Spain,Male,33.0,0.0,2,0
Spain,Female,38.0,140700.61,1,1
Spain,Male,30.0,0.0,2,0
Spain,Male,43.0,0.0,2,0
Spain,Male,27.0,0.0,1,0
Spain,Female,49.0,0.0,2,1
Spain,Male,40.0,135290.42,1,0
Spain,Male,30.0,0.0,2,0
Spain,Female,44.0,0.0,2,0
Spain,Male,37.0,0.0,2,0
Spain,Male,40.0,0.0,2,0
Spain,Male,63.0,0.0,1,1
Spain,Female,22.0,98800.0,2,0
Spain,Male,50.0,168066.87,1,1
Spain,Male,36.0,0.0,2,0
Spain,Female,38.0,115280.49,2,0
Spain,Female,30.0,0.0,2,0
Spain,Female,35.0,0.0,2,0
Spain,Female,36.0,0.0,2,0
Spain,Female,40.0,0.0,1,0
Spain,Female,29.0,161766.87,1,0
Spain,Male,34.0,0.0,2,0
Spain,Female,32.0,163569.61,2,0
Spain,Male,45.0,0.0,1,0
Spain,Male,37.0,0.0,2,0
Spain,Male,33.0,0.0,2,0
Spain,Male,21.0,137732.23,1,0
Spain,Male,33.0,0.0,1,0
Spain,Male,35.0,109876.82,2,0
Spain,Male,57.0,0.0,1,1
Spain,Male,35.0,0.0,2,0
Spain,Female,24.0,121778.71,1,1
Spain,Male,25.0,0.0,2,0
Spain,Male,35.0,0.0,2,0
Spain,Male,29.0,0.0,2,0
Spain,Male,25.0,0.0,2,0
Spain,Male,35.0,0.0,2,0
Spain,Female,27.0,0.0,2,0
Spain,Female,41.0,0.0,2,0
Spain,Female,52.0,0.0,1,0
Spain,Female,76.0,123110.9,2,0
Spain,Male,39.0,0.0,2,0
Spain,Female,33.0,118004.26,2,1
Spain,Female,39.0,145809.72,1,0
Spain,Female,48.0,97270.09,1,0
Spain,Male,33.0,0.0,2,0
Spain,Female,46.0,108117.1,1,1
Spain,Male,36.0,0.0,2,0
Spain,Female,46.0,0.0,2,0
Spain,Female,31.0,146510.82,1,0
Spain,Female,52.0,0.0,1,0
Spain,Male,42.0,0.0,1,0
Spain,Male,27.0,0.0,2,0
Spain,Female,30.0,0.0,2,0
Spain,Female,31.0,0.0,2,0
Spain,Male,31.0,0.0,2,0
Spain,Female,28.0,134936.43,1,0
Spain,Male,33.0,117561.58,1,0
Spain,Male,57.0,107569.93,1,1
Spain,Male,35.0,0.0,2,0
Spain,Male,37.0,79962.92,1,0
Spain,Male,72.0,0.0,2,0
Spain,Female,44.0,123378.2,1,1
Spain,Male,46.0,87603.35,1,0
Spain,Male,37.0,0.0,2,0
Spain,Female,43.0,154733.97,2,0
Spain,Male,39.0,0.0,2,0
Spain,Female,19.0,80922.75,1,0
Spain,Female,37.0,0.0,1,1
Spain,Male,56.0,168883.08,1,1
Spain,Female,31.0,0.0,2,0
Spain,Male,49.0,0.0,1,1
Spain,Female,34.0,127570.93,2,0
Spain,Female,34.0,116980.78,1,0
Spain,Male,31.0,0.0,2,0
Spain,Female,34.0,0.0,2,0
Spain,Male,33.0,0.0,2,0
Spain,Male,43.0,0.0,2,0
Spain,Male,40.0,0.0,2,0
Spain,Female,25.0,107787.47,1,1
Spain,Male,33.0,0.0,2,0
Spain,Female,25.0,0.0,1,0
Spain,Male,38.0,176825.17,2,0
Spain,Male,41.0,0.0,2,0
Spain,Male,44.0,153345.85,1,0
Spain,Male,38.0,99811.44,1,0
Spain,Male,42.0,144801.97,1,0
Spain,Male,51.0,148222.65,1,0
Spain,Female,36.0,0.0,1,1
Spain,Male,57.0,0.0,2,0
Spain,Male,33.0,72788.03,2,0
Spain,Male,45.0,0.0,2,0
Spain,Male,37.0,0.0,2,0
Spain,Male,38.0,0.0,2,0
Spain,Male,32.0,0.0,2,0
Spain,Female,26.0,0.0,2,0
Spain,Male,33.0,169362.43,1,0
Spain,Female,30.0,0.0,2,0
Spain,Male,39.0,112262.75,1,0
Spain,Male,33.0,0.0,2,0
Spain,Female,32.0,0.0,2,0
Spain,Female,38.0,0.0,3,1
Spain,Female,38.0,0.0,2,0
Spain,Male,32.0,0.0,2,0
Spain,Female,33.0,0.0,2,0
Spain,Female,34.0,0.0,2,0
Spain,Male,46.0,0.0,2,0
Spain,Female,32.0,0.0,1,1
Spain,Female,46.0,0.0,4,1
Spain,Female,49.0,0.0,2,0
Spain,Male,42.0,0.0,2,0
Spain,Male,41.0,0.0,2,0
Spain,Male,60.0,124483.53,2,0
Spain,Male,31.0,142929.16,2,1
Spain,Female,29.0,0.0,2,0
Spain,Male,45.0,0.0,1,1
Spain,Male,27.0,0.0,2,0
Spain,Male,41.0,123971.16,1,0
Spain,Female,31.0,0.0,2,0
Spain,Female,24.0,166832.56,1,1
Spain,Female,31.0,0.0,2,0
Spain,Male,41.0,0.0,2,0
Spain,Female,29.0,0.0,2,0
Spain,Female,51.0,101430.8,1,0
Spain,Male,39.0,147733.56,1,0
Spain,Male,37.0,0.0,2,0
Spain,Male,53.0,0.0,1,1
Spain,Male,45.0,0.0,2,0
Spain,Male,33.0,0.0,1,0
Spain,Female,30.0,0.0,2,0
Spain,Male,35.0,99106.82,1,0
Spain,Male,24.0,0.0,2,0
Spain,Female,31.0,0.0,2,0
Spain,Female,36.0,116646.68,1,0
Spain,Female,47.0,0.0,1,1
Spain,Male,47.0,0.0,1,1
Spain,Female,56.0,106307.91,1,1
Spain,Female,21.0,0.0,2,0
Spain,Male,38.0,107525.07,1,0
Spain,Male,32.0,0.0,1,0
Spain,Female,24.0,0.0,1,1
Spain,Male,29.0,132703.33,2,0
Spain,Male,37.0,0.0,2,0
Spain,Male,40.0,0.0,2,0
Spain,Female,44.0,0.0,2,0
Spain,Male,29.0,171325.98,1,0
Spain,Female,46.0,65733.41,1,1
Spain,Male,27.0,127009.83,1,0
Spain,Female,41.0,0.0,1,0
Spain,Male,36.0,0.0,2,0
Spain,Male,38.0,0.0,2,0
Spain,Female,55.0,157098.52,1,1
Spain,Female,57.0,0.0,3,1
Spain,Female,53.0,0.0,3,0
Spain,Male,25.0,0.0,2,0
Spain,Male,35.0,0.0,2,0
Spain,Male,41.0,136825.33,1,0
Spain,Male,48.0,107811.57,1,0
Spain,Male,31.0,106486.66,1,0
Spain,Male,22.0,93794.23,1,0
Spain,Female,71.0,0.0,1,1
Spain,Female,33.0,0.0,1,1
Spain,Female,66.0,0.0,2,0
Spain,Male,42.0,0.0,1,0
Spain,Male,33.0,0.0,2,0
Spain,Male,31.0,144772.96,1,0
Spain,Male,39.0,0.0,2,0
Spain,Male,50.0,144430.74,1,1
Spain,Male,36.0,0.0,3,1
Spain,Male,40.0,0.0,1,0
Spain,Male,37.0,96173.17,1,0
Spain,Male,38.0,0.0,2,0
Spain,Female,46.0,0.0,3,1
Spain,Male,48.0,112070.86,1,0
Spain,Female,38.0,0.0,1,0
Spain,Female,27.0,0.0,2,0
Spain,Female,41.0,110646.54,1,1
Spain,Male,27.0,121286.27,1,0
Spain,Female,31.0,116513.57,1,1
Spain,Female,36.0,98640.81,1,0
Spain,Male,37.0,0.0,1,1
Spain,Female,53.0,0.0,1,1
Spain,Male,23.0,142876.48,1,0
Spain,Male,38.0,103257.14,1,0
Spain,Male,31.0,0.0,1,1
Spain,Female,28.0,0.0,2,0
Spain,Female,38.0,0.0,2,0
Spain,Female,39.0,0.0,1,1
Spain,Male,42.0,101043.63,2,0
Spain,Female,27.0,0.0,1,0
Spain,Female,47.0,0.0,2,0
Spain,Female,32.0,0.0,2,0
Spain,Male,42.0,0.0,2,0
Spain,Male,35.0,121763.46,1,0
Spain,Male,22.0,129855.32,1,0
Spain,Female,35.0,0.0,2,0
Spain,Female,46.0,102289.85,1,1
Spain,Female,36.0,0.0,3,1
Spain,Male,37.0,0.0,2,0
Spain,Female,28.0,99773.85,1,0
Spain,Female,41.0,92786.66,1,0
Spain,Female,25.0,0.0,2,0
Spain,Female,37.0,99685.06,1,0
Spain,Female,33.0,101266.51,1,0
Spain,Female,35.0,0.0,2,0
Spain,Male,71.0,0.0,2,0
Spain,Male,51.0,124443.18,1,0
Spain,Male,34.0,0.0,2,0
Spain,Male,30.0,0.0,2,0
Spain,Female,36.0,0.0,2,0
Spain,Male,23.0,0.0,2,0
Spain,Male,29.0,0.0,2,0
Spain,Male,46.0,0.0,1,1
Spain,Male,51.0,0.0,2,1
Spain,Female,32.0,0.0,2,0
Spain,Male,33.0,154863.95,1,0
Spain,Male,34.0,0.0,1,0
Spain,Male,38.0,0.0,2,0
Spain,Male,45.0,0.0,2,0
Spain,Male,37.0,128551.36,2,0
Spain,Female,38.0,0.0,2,0
Spain,Male,21.0,0.0,2,0
Spain,Female,39.0,90560.6,2,0
Spain,Female,29.0,0.0,2,0
Spain,Male,34.0,0.0,2,0
Spain,Male,32.0,0.0,2,0
Spain,Female,44.0,139979.07,1,0
Spain,Male,37.0,0.0,2,0
Spain,Male,31.0,0.0,2,0
Spain,Male,35.0,85845.43,2,1
Spain,Male,23.0,145555.85,1,0
Spain,Male,43.0,0.0,2,0
Spain,Male,40.0,154537.65,1,0
Spain,Male,28.0,0.0,2,0
Spain,Female,35.0,0.0,1,0
Spain,Male,28.0,96763.89,1,0
Spain,Female,50.0,0.0,1,1
Spain,Male,41.0,154963.61,2,0
Spain,Male,38.0,145974.79,1,1
Spain,Male,46.0,0.0,1,0
Spain,Male,37.0,0.0,2,0
Spain,Male,34.0,0.0,1,0
Spain,Female,36.0,0.0,2,0
Spain,Male,29.0,0.0,2,0
Spain,Male,51.0,0.0,1,1
Spain,Female,37.0,0.0,2,0
Spain,Male,46.0,0.0,2,0
Spain,Male,67.0,152622.34,2,1
Spain,Female,31.0,0.0,1,1
Spain,Female,39.0,0.0,2,0
Spain,Female,29.0,0.0,1,0
Spain,Male,38.0,0.0,1,0
Spain,Female,38.0,82498.04,1,0
Spain,Male,51.0,119315.75,2,0
Spain,Male,29.0,0.0,2,0
Spain,Male,43.0,0.0,2,0
Spain,Female,33.0,0.0,2,0
Spain,Male,33.0,0.0,2,0
Spain,Male,40.0,125537.38,1,0
Spain,Female,34.0,0.0,2,0
Spain,Male,28.0,125870.55,1,0
Spain,Male,39.0,126537.52,1,0
Spain,Male,36.0,0.0,2,0
Spain,Female,45.0,135923.16,1,0
Spain,Female,36.0,0.0,2,0
Spain,Female,38.0,0.0,2,0
Spain,Male,37.0,0.0,2,0
Spain,Female,33.0,0.0,2,0
Spain,Male,36.0,0.0,2,0
Spain,Male,36.0,0.0,2,0
Spain,Female,40.0,0.0,2,0
Spain,Female,27.0,111213.64,1,0
Spain,Male,39.0,107042.74,1,0
Spain,Female,37.0,0.0,2,0
Spain,Male,30.0,0.0,1,0
Spain,Male,48.0,0.0,1,0
Spain,Female,30.0,0.0,2,0
Spain,Male,29.0,0.0,2,0
Spain,Female,31.0,134940.07,1,0
Spain,Male,33.0,0.0,2,0
Spain,Male,34.0,0.0,1,1
Spain,Female,27.0,0.0,2,0
Spain,Male,41.0,0.0,1,1
Spain,Female,26.0,0.0,2,0
Spain,Female,42.0,0.0,2,0
Spain,Male,41.0,0.0,2,0
Spain,Female,62.0,0.0,2,0
Spain,Male,43.0,0.0,2,0
Spain,Male,30.0,0.0,2,0
Spain,Female,28.0,0.0,1,1
Spain,Female,26.0,114722.65,1,1
Spain,Male,35.0,0.0,2,0
Spain,Male,34.0,155519.59,1,0
Spain,Male,43.0,0.0,1,1
Spain,Female,58.0,123625.14,2,1
Spain,Male,33.0,141674.75,1,0
Spain,Male,39.0,0.0,1,1
Spain,Female,41.0,0.0,2,0
Spain,Male,34.0,0.0,1,0
Spain,Male,29.0,0.0,2,0
Spain,Male,45.0,0.0,1,1
Spain,Female,27.0,0.0,2,0
Spain,Female,46.0,0.0,1,0
Spain,Female,33.0,0.0,2,0
Spain,Male,31.0,134152.29,1,0
Spain,Male,38.0,0.0,2,0
Spain,Male,37.0,0.0,2,0
Spain,Male,29.0,110939.3,1,0
Spain,Female,60.0,0.0,1,1
Spain,Female,30.0,0.0,2,0
Spain,Female,28.0,146098.43,3,0
Spain,Male,34.0,0.0,2,0
Spain,Male,45.0,0.0,3,1
Spain,Female,39.0,0.0,2,0
Spain,Female,34.0,0.0,1,0
Spain,Female,41.0,102962.62,1,0
Spain,Male,42.0,141326.33,1,0
Spain,Male,41.0,122449.31,1,0
Spain,Male,46.0,0.0,1,0
Spain,Male,38.0,0.0,2,0
Spain,Male,32.0,0.0,2,0
Spain,Male,34.0,0.0,1,1
Spain,Male,37.0,0.0,2,0
Spain,Female,46.0,0.0,1,1
Spain,Male,39.0,0.0,2,0
Spain,Male,32.0,108891.84,1,0
Spain,Female,34.0,0.0,2,0
Spain,Male,32.0,0.0,2,0
Spain,Female,32.0,0.0,2,1
Spain,Female,36.0,0.0,2,0
Spain,Female,42.0,0.0,1,0
Spain,Male,30.0,0.0,2,0
Spain,Male,54.0,0.0,2,1
Spain,Male,44.0,0.0,2,0
Spain,Male,34.0,0.0,2,0
Spain,Female,49.0,0.0,2,1
Spain,Female,34.0,111183.53,1,0
Spain,Female,41.0,91718.69,2,0
Spain,Female,54.0,0.0,1,1
Spain,Male,38.0,0.0,2,0
Spain,Male,40.0,0.0,1,0
Spain,Female,29.0,0.0,2,0
Spain,Male,36.0,91132.18,1,0
Spain,Female,40.0,0.0,2,0
Spain,Female,41.0,0.0,1,1
Spain,Male,32.0,95386.82,1,0
Spain,Female,33.0,0.0,1,0
Spain,Male,37.0,126683.8,1,0
Spain,Female,34.0,0.0,1,0
Spain,Male,38.0,0.0,2,0
Spain,Female,74.0,0.0,2,0
Spain,Female,32.0,143656.82,1,0
Spain,Male,21.0,124577.33,2,0
Spain,Female,47.0,123971.16,1,1
Spain,Male,36.0,0.0,2,0
Spain,Female,26.0,97042.6,1,0
Spain,Female,36.0,121063.85,2,0
Spain,Male,46.0,0.0,2,0
Spain,Male,30.0,0.0,2,0
Spain,Male,55.0,129848.19,1,1
Spain,Female,51.0,0.0,1,0
Spain,Male,37.0,0.0,2,0
Spain,Female,30.0,0.0,2,0
Spain,Male,35.0,0.0,1,1
Spain,Male,35.0,132450.19,1,0
Spain,Female,37.0,0.0,2,0
Spain,Male,41.0,0.0,2,0
Spain,Male,33.0,84557.82,1,0
Spain,Male,58.0,0.0,2,0
Spain,Female,31.0,0.0,1,0
Spain,Female,29.0,0.0,2,0
Spain,Male,41.0,132643.53,1,0
Spain,Male,44.0,0.0,1,1
Spain,Male,37.0,0.0,2,0
Spain,Female,55.0,0.0,2,1
Spain,Male,60.0,0.0,2,0
Spain,Female,61.0,183997.7,2,0
Spain,Male,29.0,0.0,2,0
Spain,Male,33.0,0.0,1,1
Spain,Male,37.0,0.0,2,0
Spain,Female,37.0,0.0,2,0
Spain,Male,41.0,103549.24,1,0
Spain,Female,31.0,132598.38,1,0
Spain,Male,37.0,0.0,1,1
Spain,Male,24.0,0.0,1,0
Spain,Female,40.0,0.0,2,0
Spain,Female,45.0,0.0,2,1
Spain,Male,43.0,0.0,2,0
Spain,Male,38.0,0.0,2,0
Spain,Male,57.0,0.0,1,1
Spain,Male,30.0,0.0,2,0
Spain,Female,39.0,123888.68,1,0
Spain,Male,40.0,0.0,2,0
Spain,Male,41.0,0.0,1,0
Spain,Female,35.0,0.0,2,0
Spain,Male,41.0,0.0,2,0
Spain,Female,38.0,0.0,1,1
Spain,Male,30.0,0.0,2,0
Spain,Female,30.0,0.0,1,1
Spain,Male,43.0,116121.67,1,1
Spain,Female,33.0,0.0,2,0
Spain,Male,62.0,132436.34,2,0
Spain,Female,33.0,0.0,2,0
Spain,Female,50.0,0.0,1,1
Spain,Male,38.0,0.0,2,0
Spain,Male,33.0,142904.64,1,0
Spain,Male,42.0,0.0,1,0
Spain,Female,60.0,157784.03,2,0
Spain,Male,39.0,128882.49,1,1
Spain,Female,49.0,157622.58,1,0
Spain,Female,41.0,0.0,2,0
Spain,Female,33.0,99640.02,1,0
Spain,Male,27.0,121897.52,1,0
Spain,Male,25.0,110615.47,1,0
Spain,Female,29.0,140856.07,2,0
Spain,Male,40.0,0.0,2,0
Spain,Male,49.0,0.0,2,0
Spain,Male,39.0,0.0,2,0
Spain,Male,35.0,0.0,2,0
Spain,Female,41.0,141789.15,1,0
Spain,Male,46.0,0.0,2,0
Spain,Female,29.0,152075.78,2,0
Spain,Female,36.0,0.0,2,0
Spain,Male,61.0,95857.48,3,1
Spain,Female,39.0,82788.33,1,0
Spain,Male,31.0,0.0,2,0
Spain,Female,37.0,0.0,2,1
Spain,Male,25.0,0.0,2,0
Spain,Male,43.0,0.0,2,0
Spain,Male,35.0,133501.36,1,1
Spain,Male,50.0,0.0,2,0
Spain,Male,35.0,0.0,2,0
Spain,Female,58.0,81553.94,1,0
Spain,Male,50.0,107726.93,2,1
Spain,Female,50.0,0.0,1,1
Spain,Male,66.0,0.0,2,0
Spain,Female,33.0,127205.66,3,1
Spain,Male,36.0,164951.56,1,0
Spain,Male,28.0,0.0,2,0
Spain,Male,38.0,0.0,1,0
Spain,Female,32.0,0.0,3,0
Spain,Male,43.0,0.0,1,1
Spain,Male,37.0,0.0,2,0
Spain,Female,51.0,0.0,1,1
Spain,Male,34.0,123783.91,1,0
Spain,Male,39.0,148283.94,1,1
Spain,Female,37.0,0.0,2,0
Spain,Male,44.0,0.0,2,0
Spain,Male,34.0,138190.13,2,0
Spain,Male,46.0,0.0,2,0
Spain,Female,39.0,166318.91,2,0
Spain,Male,41.0,126683.8,1,1
Spain,Male,39.0,0.0,1,1
Spain,Male,31.0,0.0,1,0
Spain,Male,26.0,131643.25,1,0
Spain,Male,39.0,0.0,2,0
Spain,Male,35.0,0.0,2,0
Spain,Male,35.0,0.0,2,0
Spain,Female,42.0,113923.73,1,0
Spain,Female,44.0,0.0,3,1
Spain,Female,38.0,125189.75,1,0
Spain,Male,26.0,0.0,2,0
Spain,Female,50.0,0.0,1,1
Spain,Female,37.0,107786.29,1,0
Spain,Male,38.0,123082.08,1,1
Spain,Male,46.0,0.0,2,0
Spain,Female,48.0,0.0,2,1
Spain,Female,32.0,0.0,2,0
Spain,Male,37.0,0.0,2,0
Spain,Male,35.0,0.0,1,0
Spain,Female,40.0,0.0,2,0
Spain,Female,41.0,58003.41,1,1
Spain,Female,35.0,0.0,2,0
Spain,Male,32.0,99906.19,1,0
Spain,Female,39.0,109564.1,2,0
Spain,Female,53.0,0.0,1,1
Spain,Male,36.0,0.0,2,0
Spain,Male,31.0,0.0,1,0
Spain,Female,48.0,0.0,3,1
Spain,Female,38.0,126816.13,1,0
Spain,Male,53.0,0.0,1,1
Spain,Male,33.0,137523.02,1,0
Spain,Male,24.0,83087.9,1,0
Spain,Male,38.0,0.0,1,0
Spain,Male,32.0,166824.59,1,1
Spain,Male,48.0,0.0,2,0
Spain,Female,36.0,97266.1,1,0
Spain,Female,32.0,0.0,2,0
Spain,Female,46.0,0.0,2,1
Spain,Male,32.0,113607.47,1,0
Spain,Female,38.0,0.0,2,0
Spain,Male,48.0,0.0,1,1
Spain,Male,28.0,0.0,2,0
Spain,Female,41.0,113674.2,1,0
Spain,Male,32.0,0.0,1,0
Spain,Male,41.0,0.0,2,0
Spain,Male,35.0,57530.06,3,1
Spain,Female,20.0,133313.34,1,0
Spain,Female,38.0,143773.07,1,0
Spain,Male,35.0,116969.35,2,0
Spain,Female,49.0,96296.78,1,0
Spain,Male,43.0,0.0,2,0
Spain,Female,64.0,91216.0,1,1
Spain,Male,55.0,0.0,2,0
Spain,Female,44.0,0.0,2,0
Spain,Female,31.0,0.0,2,0
Spain,Male,29.0,138296.94,1,1
Spain,Male,47.0,0.0,2,0
Spain,Female,34.0,83765.19,1,0
Spain,Male,48.0,0.0,2,0
Spain,Male,30.0,0.0,2,0
Spain,Male,53.0,0.0,2,0
Spain,Female,33.0,0.0,1,0
Spain,Female,50.0,102800.65,1,1
Spain,Female,36.0,111501.88,2,0
Spain,Female,29.0,119624.22,1,0
Spain,Male,41.0,0.0,2,0
Spain,Female,34.0,0.0,2,1
Spain,Male,31.0,0.0,1,0
Spain,Female,37.0,0.0,2,0
Spain,Male,38.0,120599.21,1,0
Spain,Male,41.0,0.0,2,0
Spain,Female,32.0,0.0,1,0
Spain,Male,35.0,0.0,1,0
Spain,Male,28.0,0.0,2,0
Spain,Male,33.0,0.0,2,0
Spain,Male,36.0,129431.36,1,0
Spain,Male,28.0,0.0,2,0
Spain,Male,35.0,0.0,2,0
Spain,Male,55.0,147910.3,1,1
Spain,Male,36.0,0.0,2,0
Spain,Male,41.0,0.0,2,0
Spain,Male,18.0,98894.39,1,0
Spain,Female,39.0,92347.94,1,0
Spain,Male,35.0,105000.94,1,0
Spain,Female,29.0,114779.36,1,0
Spain,Female,30.0,141786.78,2,0
Spain,Male,28.0,0.0,1,0
Spain,Male,40.0,56084.69,2,0
Spain,Female,39.0,0.0,2,0
Spain,Female,51.0,140576.11,1,0
Spain,Male,37.0,0.0,2,0
Spain,Female,32.0,0.0,1,0
Spain,Female,38.0,0.0,1,1
Spain,Male,31.0,150186.22,1,0
Spain,Male,37.0,0.0,2,0
Spain,Male,32.0,0.0,1,0
Spain,Female,38.0,0.0,2,0
Spain,Female,39.0,0.0,2,0
Spain,Male,61.0,115406.97,1,0
Spain,Male,38.0,134249.7,1,0
Spain,Male,33.0,0.0,2,0
Spain,Male,31.0,0.0,1,0
Spain,Male,63.0,114552.6,1,0
Spain,Female,42.0,0.0,2,0
Spain,Female,61.0,139825.34,1,1
Spain,Female,29.0,0.0,1,0
Spain,Male,31.0,0.0,2,0
Spain,Male,55.0,0.0,1,1
Spain,Male,37.0,0.0,2,0
Spain,Female,45.0,0.0,2,0
Spain,Female,36.0,0.0,1,1
Spain,Male,37.0,0.0,1,0
Spain,Male,36.0,134152.29,1,0
Spain,Male,29.0,0.0,2,0
Spain,Male,36.0,0.0,2,0
Spain,Female,33.0,0.0,2,0
Spain,Female,53.0,137648.41,3,1
Spain,Female,32.0,0.0,2,0
Spain,Male,46.0,0.0,2,0
Spain,Female,45.0,127299.34,2,0
Spain,Male,37.0,0.0,2,0
Spain,Male,46.0,0.0,1,1
Spain,Female,38.0,0.0,1,0
Spain,Female,37.0,0.0,1,0
Spain,Male,40.0,0.0,2,0
Spain,Female,39.0,132069.08,1,0
Spain,Female,36.0,0.0,2,0
Spain,Male,35.0,0.0,2,0
Spain,Female,51.0,0.0,1,1
Spain,Male,32.0,0.0,2,0
Spain,Female,43.0,143350.14,2,0
Spain,Male,34.0,0.0,2,0
Spain,Female,40.0,0.0,1,1
Spain,Male,40.0,0.0,1,1
Spain,Male,30.0,0.0,2,0
Spain,Female,32.0,0.0,2,0
Spain,Male,35.0,0.0,3,1
Spain,Female,51.0,127974.85,2,1
Spain,Male,35.0,0.0,2,0
Spain,Male,37.0,131778.08,1,1
Spain,Male,32.0,0.0,1,0
Spain,Male,34.0,0.0,1,0
Spain,Female,42.0,84978.45,1,0
Spain,Male,31.0,0.0,2,0
Spain,Male,27.0,0.0,2,0
Spain,Female,34.0,166034.01,1,0
Spain,Female,36.0,0.0,2,0
Spain,Female,37.0,0.0,2,0
Spain,Female,60.0,0.0,1,0
Spain,Male,46.0,0.0,1,1
Spain,Male,28.0,118945.09,1,0
Spain,Female,39.0,0.0,2,0
Spain,Female,34.0,98148.61,1,0
Spain,Female,28.0,0.0,2,0
Spain,Male,20.0,0.0,2,0
Spain,Male,52.0,0.0,2,0
Spain,Male,31.0,121461.87,1,0
Spain,Male,33.0,148116.48,1,0
Spain,Male,40.0,0.0,2,0
Spain,Female,37.0,0.0,2,0
Spain,Male,38.0,95827.56,1,0
Spain,Male,37.0,138162.81,1,0
Spain,Female,37.0,133656.44,1,0
Spain,Male,41.0,0.0,1,1
Spain,Male,51.0,0.0,3,1
Spain,Male,29.0,0.0,2,0
Spain,Female,41.0,70233.74,2,0
Spain,Male,42.0,147249.29,2,0
Spain,Female,29.0,121063.85,1,0
Spain,Female,31.0,0.0,2,0
Spain,Female,43.0,151822.81,1,0
Spain,Female,37.0,0.0,2,0
Spain,Male,25.0,0.0,2,0
Spain,Female,32.0,0.0,2,0
Spain,Female,26.0,0.0,2,0
Spain,Female,41.0,0.0,2,0
Spain,Male,37.0,0.0,2,0
Spain,Female,40.0,0.0,1,0
Spain,Female,36.0,0.0,2,0
Spain,Female,32.0,0.0,1,0
Spain,Female,38.0,0.0,2,0
Spain,Female,26.0,0.0,2,0
Spain,Male,35.0,68079.8,1,0
Spain,Female,22.0,168066.87,1,0
Spain,Female,33.0,0.0,1,0
Spain,Male,31.0,112372.96,1,0
Spain,Male,29.0,0.0,2,0
Spain,Female,44.0,113063.83,1,0
Spain,Male,22.0,0.0,1,1
Spain,Female,35.0,0.0,2,0
Spain,Female,45.0,139432.37,1,0
Spain,Female,33.0,0.0,1,0
Spain,Female,36.0,0.0,1,1
Spain,Male,25.0,0.0,1,0
Spain,Female,47.0,0.0,2,0
Spain,Male,36.0,92787.57,1,0
Spain,Male,39.0,0.0,1,0
Spain,Female,27.0,127471.56,1,0
Spain,Female,41.0,0.0,2,0
Spain,Male,32.0,111512.75,1,0
Spain,Male,37.0,0.0,2,0
Spain,Male,28.0,89364.91,2,0
Spain,Male,36.0,0.0,1,0
Spain,Female,36.0,158719.57,2,0
Spain,Female,27.0,108961.1,1,0
Spain,Female,26.0,117899.82,1,0
Spain,Female,41.0,0.0,2,0
Spain,Female,43.0,0.0,2,0
Spain,Male,41.0,0.0,1,1
Spain,Female,30.0,0.0,2,0
Spain,Female,56.0,90778.76,2,0
Spain,Male,38.0,64897.75,1,0
Spain,Female,45.0,165982.08,1,1
Spain,Male,32.0,0.0,2,0
Spain,Female,78.0,0.0,2,0
Spain,Male,38.0,0.0,2,0
Spain,Male,43.0,0.0,2,0
Spain,Female,38.0,0.0,1,1
Spain,Female,36.0,109676.52,1,0
Spain,Female,37.0,0.0,2,0
Spain,Female,50.0,0.0,3,1
Spain,Male,42.0,0.0,2,0
Spain,Male,38.0,0.0,2,0
Spain,Male,63.0,0.0,2,0
Spain,Male,35.0,114330.22,1,0
Spain,Female,38.0,0.0,2,0
Spain,Female,33.0,0.0,2,0
Spain,Female,31.0,0.0,1,0
Spain,Male,71.0,146466.46,1,1
Spain,Female,39.0,0.0,1,1
Spain,Female,39.0,0.0,2,0
Spain,Female,44.0,0.0,2,0
Spain,Male,61.0,0.0,2,0
Spain,Female,59.0,0.0,1,1
Spain,Male,51.0,0.0,2,1
Spain,Male,38.0,0.0,2,0
Spain,Female,36.0,0.0,2,0
Spain,Male,36.0,0.0,2,0
Spain,Female,37.0,0.0,2,0
Spain,Female,46.0,140197.18,1,1
Spain,Female,34.0,133970.24,2,0
Spain,Male,35.0,111743.41,1,0
Spain,Male,30.0,0.0,2,0
Spain,Female,50.0,0.0,1,1
Spain,Male,34.0,0.0,3,1
Spain,Female,36.0,0.0,2,0
Spain,Female,37.0,0.0,2,0
Spain,Female,37.0,0.0,2,0
Spain,Female,54.0,101675.22,1,1
Spain,Female,44.0,106070.89,3,1
Spain,Male,28.0,187530.66,1,1
Spain,Male,34.0,137654.05,2,0
Spain,Male,30.0,0.0,2,0
Spain,Female,32.0,125437.86,1,0
Spain,Male,34.0,0.0,2,0
Spain,Male,47.0,0.0,1,1
Spain,Female,37.0,0.0,1,0
Spain,Female,46.0,89743.05,1,0
Spain,Male,50.0,142644.64,2,0
Spain,Male,40.0,0.0,1,1
Spain,Male,35.0,111095.41,3,0
Spain,Male,36.0,0.0,2,0
Spain,Male,42.0,0.0,1,0
Spain,Female,54.0,0.0,2,0
Spain,Female,38.0,0.0,2,0
Spain,Male,30.0,0.0,1,0
Spain,Female,58.0,85906.65,1,0
Spain,Male,55.0,129177.01,1,1
Spain,Male,38.0,0.0,2,0
Spain,Male,59.0,0.0,1,1
Spain,Male,34.0,0.0,2,0
Spain,Male,39.0,0.0,2,0
Spain,Male,42.0,0.0,3,1
Spain,Female,53.0,108508.82,1,1
Spain,Male,69.0,99811.44,2,0
Spain,Male,35.0,0.0,2,0
Spain,Female,34.0,0.0,2,0
Spain,Male,38.0,0.0,2,0
Spain,Male,38.0,99685.06,2,0
Spain,Female,37.0,0.0,1,0
Spain,Male,26.0,0.0,2,0
Spain,Male,31.0,0.0,2,0
Spain,Male,25.0,139753.35,1,0
Spain,Female,39.0,91292.7,1,0
Spain,Female,27.0,0.0,2,0
Spain,Female,37.0,0.0,2,0
Spain,Male,32.0,122661.39,1,0
Spain,Male,40.0,0.0,2,0
Spain,Male,42.0,142721.52,2,0
Spain,Male,34.0,0.0,1,0
Spain,Female,37.0,0.0,1,0
Spain,Male,54.0,0.0,1,1
Spain,Male,28.0,103421.32,1,0
Spain,Male,37.0,0.0,2,0
Spain,Male,62.0,0.0,2,1
Spain,Female,53.0,0.0,1,1
Spain,Male,25.0,0.0,2,0
Spain,Female,37.0,0.0,2,0
Spain,Female,41.0,0.0,1,1
Spain,Male,34.0,133868.21,1,0
Spain,Male,54.0,145747.71,1,0
Spain,Female,41.0,0.0,2,0
Spain,Female,37.0,117152.3,1,0
Spain,Male,35.0,118336.63,2,0
Spain,Male,43.0,0.0,1,1
Spain,Male,23.0,0.0,2,0
Spain,Male,32.0,0.0,2,0
Spain,Female,35.0,0.0,2,0
Spain,Male,37.0,0.0,2,0
Spain,Female,32.0,0.0,2,0
Spain,Female,21.0,0.0,1,0
Spain,Male,57.0,0.0,2,0
Spain,Female,40.0,85819.57,3,1
Spain,Male,43.0,102918.38,1,0
Spain,Female,34.0,123911.22,2,0
Spain,Male,33.0,84557.82,2,0
Spain,Male,34.0,0.0,2,0
Spain,Female,31.0,0.0,2,0
Spain,Male,32.0,0.0,2,0
Spain,Male,43.0,125923.35,1,0
Spain,Female,34.0,0.0,2,0
Spain,Female,33.0,95927.04,1,0
Spain,Female,43.0,119556.1,1,0
Spain,Male,41.0,0.0,1,1
Spain,Male,34.0,0.0,2,0
Spain,Male,38.0,0.0,2,0
Spain,Female,23.0,0.0,2,0
Spain,Male,38.0,0.0,1,1
Spain,Female,26.0,0.0,2,0
Spain,Male,34.0,0.0,2,0
Spain,Female,37.0,0.0,2,0
Spain,Female,35.0,105405.97,1,0
Spain,Female,43.0,104911.35,1,1
Spain,Male,40.0,0.0,2,0
Spain,Male,36.0,0.0,2,0
Spain,Male,32.0,0.0,2,0
Spain,Male,33.0,0.0,1,0
Spain,Male,24.0,117559.07,2,0
Spain,Male,31.0,0.0,2,0
Spain,Male,33.0,0.0,2,0
Spain,Male,27.0,0.0,2,0
Spain,Female,41.0,0.0,2,0
Spain,Male,43.0,129955.38,1,1
Spain,Male,23.0,0.0,2,0
Spain,Female,43.0,0.0,2,1
Spain,Male,30.0,0.0,2,0
Spain,Female,38.0,0.0,1,1
Spain,Male,46.0,82407.51,1,0
Spain,Male,29.0,0.0,2,0
Spain,Male,33.0,0.0,1,0
Spain,Male,47.0,0.0,1,1
Spain,Female,39.0,186770.28,2,0
Spain,Male,25.0,0.0,2,0
Spain,Male,36.0,0.0,1,1
Spain,Male,35.0,0.0,2,0
Spain,Female,39.0,0.0,2,0
Spain,Female,33.0,155180.56,2,0
Spain,Male,35.0,0.0,2,0
Spain,Female,39.0,0.0,2,0
Spain,Male,42.0,0.0,1,0
Spain,Male,23.0,0.0,1,0
Spain,Male,34.0,123217.66,2,0
Spain,Male,34.0,0.0,2,0
Spain,Male,39.0,102994.04,1,0
Spain,Female,50.0,0.0,1,1
Spain,Male,41.0,0.0,1,0
Spain,Male,36.0,128663.9,1,0
Spain,Male,35.0,79563.46,1,0
Spain,Male,40.0,118882.57,2,0
Spain,Male,36.0,0.0,2,0
Spain,Male,39.0,0.0,2,0
Spain,Female,35.0,0.0,2,0
Spain,Female,34.0,139859.54,1,0
Spain,Male,36.0,117438.92,1,0
Spain,Male,38.0,0.0,1,0
Spain,Female,48.0,0.0,1,1
Spain,Female,27.0,0.0,2,0
Spain,Female,39.0,106301.72,1,0
Spain,Male,39.0,0.0,2,0
Spain,Female,45.0,0.0,2,0
Spain,Female,43.0,0.0,2,0
Spain,Male,42.0,121685.31,2,0
Spain,Female,24.0,0.0,2,0
Spain,Male,35.0,0.0,2,0
Spain,Male,39.0,139561.04,1,0
Spain,Female,48.0,0.0,2,0
Spain,Male,30.0,155047.56,2,0
Spain,Female,43.0,0.0,2,0
Spain,Female,35.0,102989.83,1,0
Spain,Female,38.0,0.0,1,1
Spain,Female,56.0,100337.96,3,1
Spain,Male,35.0,0.0,2,0
Spain,Male,41.0,0.0,2,0
Spain,Female,38.0,0.0,1,1
Spain,Female,30.0,121434.63,1,0
Spain,Female,44.0,0.0,2,0
Spain,Male,39.0,126442.55,1,0
Spain,Female,71.0,0.0,2,0
Spain,Male,81.0,0.0,2,0
Spain,Male,48.0,0.0,2,0
Spain,Male,34.0,0.0,2,0
Spain,Male,46.0,105770.14,1,1
Spain,Male,28.0,0.0,2,0
Spain,Male,41.0,0.0,1,1
Spain,Female,47.0,0.0,1,1
Spain,Male,33.0,0.0,1,0
Spain,Male,33.0,122453.97,1,0
Spain,Male,38.0,0.0,1,1
Spain,Female,28.0,97840.72,1,0
Spain,Female,39.0,0.0,1,0
Spain,Male,35.0,96769.04,1,0
Spain,Female,25.0,136298.65,1,0
Spain,Male,59.0,0.0,2,0
Spain,Female,32.0,0.0,2,0
Spain,Male,36.0,152663.54,1,0
Spain,Female,31.0,0.0,2,0
Spain,Female,43.0,0.0,2,0
Spain,Female,58.0,92930.92,1,0
Spain,Male,36.0,0.0,2,0
Spain,Female,35.0,0.0,2,0
Spain,Male,50.0,127471.63,1,1
Spain,Male,44.0,0.0,2,0
Spain,Male,41.0,0.0,2,0
Spain,Male,34.0,0.0,2,0
Spain,Male,42.0,0.0,2,0
Spain,Male,27.0,0.0,2,0
Spain,Male,34.0,0.0,2,0
Spain,Male,34.0,0.0,1,0
Spain,Female,39.0,0.0,2,0
Spain,Female,45.0,0.0,1,1
Spain,Female,31.0,0.0,2,0
Spain,Male,36.0,0.0,2,1
Spain,Female,37.0,0.0,2,0
Spain,Male,29.0,0.0,2,0
Spain,Female,34.0,123976.19,3,1
Spain,Female,38.0,0.0,2,0
Spain,Male,33.0,0.0,2,0
Spain,Male,35.0,124483.53,1,0
Spain,Male,37.0,118899.45,1,0
Spain,Female,39.0,134766.85,1,0
Spain,Male,46.0,0.0,1,0
Spain,Female,34.0,92476.88,1,0
Spain,Male,32.0,85845.43,2,0
Spain,Male,38.0,154570.56,1,0
Spain,Male,33.0,0.0,2,0
Spain,Male,19.0,0.0,1,0
Spain,Female,29.0,109723.4,2,0
Spain,Male,28.0,136496.12,2,1
Spain,Male,27.0,0.0,2,0
Spain,Male,43.0,0.0,2,0
Spain,Female,32.0,0.0,1,1
Spain,Female,55.0,0.0,2,0
Spain,Male,46.0,138857.59,1,0
Spain,Male,34.0,0.0,2,0
Spain,Female,42.0,0.0,3,1
Spain,Male,20.0,0.0,2,0
Spain,Male,37.0,85891.55,1,0
Spain,Female,41.0,0.0,2,0
Spain,Female,35.0,0.0,1,0
Spain,Female,37.0,0.0,1,0
Spain,Female,29.0,0.0,2,0
Spain,Female,39.0,0.0,2,0
Spain,Female,20.0,0.0,2,0
Spain,Male,38.0,101247.16,1,0
Spain,Male,31.0,113680.51,1,0
Spain,Male,36.0,113680.64,1,0
Spain,Female,29.0,98759.89,2,0
Spain,Female,22.0,0.0,2,0
Spain,Male,27.0,0.0,1,0
Spain,Female,45.0,136674.51,1,0
Spain,Male,30.0,0.0,1,0
Spain,Male,30.0,0.0,2,0
Spain,Female,29.0,0.0,1,0
Spain,Male,35.0,0.0,1,0
Spain,Male,32.0,0.0,2,0
Spain,Female,46.0,0.0,3,1
Spain,Male,49.0,105736.32,1,1
Spain,Male,37.0,0.0,1,0
Spain,Female,29.0,0.0,2,0
Spain,Female,28.0,0.0,2,0
Spain,Female,46.0,0.0,1,1
Spain,Male,45.0,0.0,2,1
Spain,Male,33.0,0.0,1,0
Spain,Female,29.0,103563.77,2,0
Spain,Female,40.0,0.0,1,0
Spain,Male,43.0,0.0,1,0
Spain,Male,27.0,0.0,2,0
Spain,Male,39.0,0.0,1,0
Spain,Female,41.0,0.0,1,1
Spain,Female,55.0,0.0,1,1
Spain,Male,39.0,0.0,2,0
Spain,Female,53.0,0.0,1,1
Spain,Female,46.0,0.0,1,1
Spain,Male,27.0,114025.83,1,0
Spain,Male,38.0,0.0,1,0
Spain,Female,58.0,114321.35,1,0
Spain,Male,39.0,116120.19,2,1
Spain,Male,38.0,119278.01,1,0
Spain,Male,42.0,0.0,1,1
Spain,Male,36.0,144772.69,1,0
Spain,Male,32.0,0.0,2,0
Spain,Male,24.0,0.0,2,0
Spain,Male,35.0,136857.0,1,0
Spain,Male,40.0,95053.1,1,0
Spain,Male,30.0,0.0,2,0
Spain,Female,33.0,0.0,3,1
Spain,Male,43.0,0.0,2,0
Spain,Male,27.0,161331.92,1,0
Spain,Male,31.0,0.0,2,0
Spain,Female,42.0,99056.22,2,0
Spain,Male,38.0,0.0,2,0
Spain,Male,39.0,0.0,2,0
Spain,Male,47.0,94598.48,1,1
Spain,Male,37.0,129730.3,1,0
Spain,Female,32.0,0.0,2,0
Spain,Male,69.0,136857.0,1,0
Spain,Female,40.0,0.0,2,0
Spain,Female,39.0,0.0,2,0
Spain,Male,33.0,155416.79,2,0
Spain,Male,45.0,0.0,1,1
Spain,Female,30.0,0.0,2,0
Spain,Female,44.0,0.0,1,0
Spain,Male,37.0,0.0,2,0
Spain,Female,41.0,0.0,2,0
Spain,Female,27.0,104678.58,1,0
Spain,Male,38.0,0.0,2,0
Spain,Female,39.0,0.0,2,0
Spain,Female,41.0,0.0,1,0
Spain,Male,38.0,167545.32,1,0
Spain,Male,37.0,98052.66,1,0
Spain,Female,37.0,0.0,2,0
Spain,Female,56.0,81876.38,1,1
Spain,Female,47.0,0.0,2,0
Spain,Female,38.0,0.0,2,0
Spain,Male,29.0,0.0,1,0
Spain,Male,46.0,0.0,2,0
Spain,Female,31.0,0.0,2,0
Spain,Female,32.0,0.0,1,0
Spain,Female,33.0,160541.0,1,0
Spain,Male,32.0,0.0,1,0
Spain,Female,32.0,0.0,2,0
Spain,Female,40.0,0.0,2,0
Spain,Male,42.0,0.0,2,0
Spain,Female,40.0,123497.58,1,1
Spain,Female,41.0,0.0,1,1
Spain,Female,38.0,0.0,1,0
Spain,Male,33.0,0.0,2,0
Spain,Male,24.0,137964.97,1,0
Spain,Female,28.0,0.0,2,0
Spain,Male,34.0,0.0,1,0
Spain,Male,31.0,0.0,1,1
Spain,Female,40.0,0.0,2,1
Spain,Male,52.0,0.0,1,1
Spain,Male,40.0,133463.1,1,0
Spain,Male,31.0,126082.0,2,0
Spain,Female,32.0,0.0,2,0
Spain,Male,43.0,131778.66,1,0
Spain,Female,35.0,0.0,1,0
Spain,Male,33.0,0.0,2,0
Spain,Male,32.0,0.0,2,0
Spain,Male,36.0,0.0,2,0
Spain,Female,34.0,0.0,2,0
Spain,Female,47.0,157098.52,4,1
Spain,Male,31.0,0.0,2,0
Spain,Male,56.0,122949.14,1,1
Spain,Male,46.0,0.0,2,0
Spain,Male,48.0,0.0,2,0
Spain,Male,56.0,117294.8,1,1
Spain,Female,43.0,164450.94,1,0
Spain,Male,30.0,0.0,2,0
Spain,Female,40.0,0.0,1,1
Spain,Female,41.0,0.0,1,0
Spain,Female,40.0,117152.3,1,1
Spain,Male,35.0,117160.04,1,0
Spain,Male,33.0,0.0,2,0
Spain,Female,39.0,143637.58,2,0
Spain,Male,32.0,0.0,2,0
Spain,Male,35.0,0.0,2,0
Spain,Male,31.0,0.0,2,0
Spain,Female,39.0,0.0,2,0
Spain,Male,42.0,0.0,1,1
Spain,Female,37.0,129654.76,1,0
Spain,Female,43.0,0.0,2,0
Spain,Female,45.0,173306.13,1,0
Spain,Female,41.0,87541.05,1,1
Spain,Male,33.0,0.0,2,0
Spain,Female,40.0,0.0,1,0
Spain,Male,35.0,0.0,2,0
Spain,Female,42.0,0.0,1,0
Spain,Male,32.0,0.0,2,0
Spain,Female,38.0,0.0,2,0
Spain,Female,26.0,0.0,2,0
Spain,Male,51.0,134889.17,3,1
Spain,Male,37.0,0.0,1,1
Spain,Male,33.0,0.0,2,0
Spain,Female,44.0,0.0,1,0
Spain,Male,42.0,132876.23,3,1
Spain,Female,34.0,0.0,4,1
Spain,Male,46.0,0.0,1,1
Spain,Female,46.0,0.0,1,1
Spain,Female,45.0,0.0,2,0
Spain,Female,37.0,113865.23,2,0
Spain,Female,32.0,0.0,2,0
Spain,Female,47.0,0.0,2,0
Spain,Male,55.0,123977.96,1,1
Spain,Female,36.0,0.0,2,0
Spain,Male,42.0,0.0,2,1
Spain,Male,28.0,0.0,2,0
Spain,Male,34.0,127637.35,1,0
Spain,Female,40.0,0.0,2,0
Spain,Male,31.0,0.0,2,0
Spain,Female,39.0,0.0,1,0
Spain,Male,38.0,0.0,1,0
Spain,Male,58.0,0.0,2,0
Spain,Male,42.0,106920.91,2,0
Spain,Male,34.0,0.0,2,0
Spain,Female,39.0,106259.63,2,0
Spain,Male,43.0,125927.28,3,1
Spain,Female,37.0,96553.52,1,0
Spain,Male,34.0,0.0,2,0
Spain,Female,39.0,146408.68,1,0
Spain,Female,52.0,0.0,1,1
Spain,Male,32.0,0.0,2,0
Spain,Male,37.0,79731.91,2,0
Spain,Male,57.0,0.0,2,0
Spain,Female,28.0,0.0,2,0
Spain,Male,35.0,61636.97,1,0
Spain,Male,31.0,127076.68,1,0
Spain,Female,40.0,0.0,1,0
Spain,Female,26.0,0.0,2,0
Spain,Female,29.0,0.0,2,0
Spain,Male,63.0,131629.17,2,0
Spain,Male,32.0,151532.4,1,0
Spain,Male,35.0,0.0,2,0
Spain,Male,36.0,0.0,2,0
Spain,Female,40.0,0.0,1,0
Spain,Female,30.0,0.0,2,0
Spain,Female,43.0,0.0,2,0
Spain,Female,32.0,0.0,1,0
Spain,Female,47.0,107553.33,1,1
Spain,Female,42.0,95858.37,1,0
Spain,Male,28.0,0.0,2,0
Spain,Male,33.0,81216.13,1,0
Spain,Male,30.0,80958.36,1,0
Spain,Male,39.0,0.0,1,0
Spain,Male,32.0,0.0,2,0
Spain,Female,37.0,0.0,2,0
Spain,Male,32.0,0.0,2,0
Spain,Male,36.0,0.0,2,0
Spain,Male,72.0,0.0,2,0
Spain,Female,36.0,0.0,1,0
Spain,Female,37.0,140614.04,1,0
Spain,Male,35.0,0.0,2,0
Spain,Female,41.0,0.0,1,1
Spain,Male,41.0,0.0,2,0
Spain,Female,40.0,160680.56,1,0
Spain,Male,38.0,104255.04,1,0
Spain,Male,26.0,123126.29,2,0
Spain,Male,33.0,0.0,2,0
Spain,Male,30.0,0.0,2,0
Spain,Male,40.0,0.0,2,0
Spain,Female,31.0,0.0,1,0
Spain,Female,24.0,175575.95,2,0
Spain,Male,45.0,0.0,2,0
Spain,Male,37.0,125437.55,1,0
Spain,Female,46.0,0.0,2,0
Spain,Female,46.0,0.0,2,0
Spain,Male,38.0,137784.65,1,0
Spain,Male,26.0,96659.64,2,0
Spain,Male,27.0,0.0,2,0
Spain,Male,35.0,0.0,1,0
Spain,Male,31.0,0.0,2,0
Spain,Female,46.0,106901.42,1,0
Spain,Male,40.0,134593.88,1,0
Spain,Female,34.0,133060.46,1,0
Spain,Female,36.0,0.0,2,0
Spain,Female,34.0,0.0,1,0
Spain,Female,47.0,0.0,1,1
Spain,Female,47.0,0.0,1,1
Spain,Male,36.0,0.0,2,0
Spain,Male,32.0,0.0,2,0
Spain,Male,43.0,132755.66,1,0
Spain,Male,36.0,0.0,2,0
Spain,Female,40.0,0.0,2,0
Spain,Male,25.0,0.0,2,0
Spain,Male,42.0,0.0,2,0
Spain,Female,39.0,0.0,1,0
Spain,Male,35.0,0.0,2,0
Spain,Male,40.0,0.0,2,0
Spain,Female,56.0,129801.72,3,1
Spain,Male,32.0,79035.95,1,0
Spain,Male,42.0,0.0,2,0
Spain,Male,34.0,0.0,1,0
Spain,Female,33.0,0.0,2,0
Spain,Male,40.0,0.0,2,0
Spain,Male,29.0,0.0,2,0
Spain,Female,40.0,0.0,1,0
Spain,Female,35.0,119912.55,1,0
Spain,Male,59.0,0.0,2,0
Spain,Male,34.0,92474.05,1,0
Spain,Male,35.0,115137.26,2,0
Spain,Male,37.0,0.0,2,0
Spain,Female,40.0,0.0,2,0
Spain,Male,39.0,0.0,2,0
Spain,Female,38.0,0.0,2,0
Spain,Female,43.0,0.0,1,0
Spain,Female,33.0,0.0,1,0
Spain,Male,40.0,0.0,2,0
Spain,Female,57.0,0.0,1,1
Spain,Female,37.0,0.0,2,0
Spain,Female,33.0,145580.61,1,1
Spain,Male,35.0,89893.34,1,0
Spain,Female,44.0,137262.29,2,1
Spain,Female,25.0,65971.52,1,0
Spain,Female,36.0,121542.57,1,0
Spain,Male,38.0,109869.32,1,0
Spain,Female,34.0,0.0,2,0
Spain,Female,37.0,0.0,1,0
Spain,Male,38.0,0.0,2,0
Spain,Female,41.0,0.0,2,0
Spain,Male,33.0,114512.45,1,0
Spain,Female,36.0,0.0,2,0
Spain,Male,41.0,0.0,2,0
Spain,Female,40.0,0.0,1,1
Spain,Male,49.0,97473.87,2,0
Spain,Female,46.0,0.0,2,0
Spain,Male,30.0,0.0,2,0
Spain,Male,48.0,0.0,2,0
Spain,Female,42.0,0.0,1,1
Spain,Male,38.0,0.0,2,0
Spain,Male,35.0,76548.6,1,0
Spain,Male,38.0,0.0,2,0
Spain,Female,30.0,0.0,2,0
Spain,Male,35.0,97594.07,2,0
Spain,Male,35.0,0.0,2,0
Spain,Male,29.0,115636.05,1,0
Spain,Female,30.0,0.0,2,1
Spain,Male,54.0,0.0,1,1
Spain,Male,32.0,0.0,1,0
Spain,Female,26.0,130786.92,2,0
Spain,Male,19.0,0.0,2,0
Spain,Male,40.0,0.0,2,0
Spain,Male,59.0,0.0,1,1
Spain,Female,30.0,0.0,2,0
Spain,Male,48.0,0.0,2,0
Spain,Male,30.0,0.0,1,0
Spain,Male,37.0,0.0,2,0
Spain,Female,67.0,0.0,1,1
Spain,Male,34.0,125566.9,1,0
Spain,Female,63.0,129968.67,1,1
Spain,Male,37.0,0.0,2,0
Spain,Male,42.0,0.0,1,0
Spain,Female,23.0,0.0,1,1
Spain,Male,28.0,0.0,2,0
Spain,Male,29.0,120654.68,1,0
Spain,Female,63.0,137715.66,1,0
Spain,Male,30.0,0.0,2,0
Spain,Male,37.0,124140.57,1,0
Spain,Male,28.0,132876.23,1,0
Spain,Female,39.0,0.0,2,0
Spain,Male,39.0,129847.96,1,0
Spain,Female,53.0,0.0,1,1
Spain,Male,31.0,0.0,2,0
Spain,Male,42.0,0.0,1,1
Spain,Female,33.0,0.0,2,0
Spain,Male,30.0,146301.31,1,0
Spain,Female,33.0,112212.14,2,0
Spain,Male,41.0,0.0,2,0
Spain,Male,29.0,0.0,2,0
Spain,Female,42.0,0.0,1,0
Spain,Male,72.0,0.0,2,0
Spain,Female,36.0,0.0,2,0
Spain,Female,44.0,0.0,1,1
Spain,Male,46.0,0.0,2,1
Spain,Male,29.0,83765.35,2,0
Spain,Female,35.0,0.0,1,0
Spain,Female,34.0,109783.69,2,0
Spain,Female,42.0,0.0,2,0
Spain,Male,35.0,0.0,2,0
Spain,Female,32.0,105918.1,1,0
Spain,Female,33.0,0.0,2,0
Spain,Female,51.0,122347.57,1,1
Spain,Female,32.0,0.0,2,0
Spain,Female,29.0,0.0,2,0
Spain,Male,60.0,124447.73,1,0
Spain,Male,24.0,126439.26,1,0
Spain,Female,35.0,0.0,2,0
Spain,Female,40.0,0.0,2,0
Spain,Female,45.0,153316.14,1,0
Spain,Female,34.0,115463.24,2,0
Spain,Male,29.0,0.0,2,0
Spain,Female,33.0,0.0,2,1
Spain,Male,32.0,125979.71,1,0
Spain,Male,46.0,136298.65,1,1
Spain,Male,43.0,0.0,1,0
Spain,Female,36.0,0.0,2,0
Spain,Female,41.0,0.0,1,0
Spain,Female,44.0,0.0,1,0
Spain,Female,42.0,0.0,1,1
Spain,Male,43.0,0.0,2,0
Spain,Male,38.0,0.0,2,0
Spain,Male,38.0,0.0,1,0
Spain,Male,43.0,0.0,2,0
Spain,Male,43.0,0.0,1,0
Spain,Female,37.0,155619.58,1,0
Spain,Male,56.0,0.0,2,0
Spain,Male,33.0,0.0,2,0
Spain,Male,37.0,0.0,1,1
Spain,Female,41.0,144102.32,1,0
Spain,Female,38.0,135422.88,1,0
Spain,Female,29.0,118120.79,1,0
Spain,Female,31.0,121092.47,1,0
Spain,Female,42.0,0.0,1,1
Spain,Female,30.0,140137.15,1,0
Spain,Female,40.0,0.0,1,0
Spain,Male,39.0,133844.52,1,0
Spain,Female,26.0,112822.26,2,1
Spain,Male,26.0,132655.55,2,0
Spain,Female,45.0,0.0,2,0
Spain,Male,35.0,0.0,1,0
Spain,Male,42.0,0.0,2,0
Spain,Male,40.0,0.0,2,0
Spain,Female,36.0,145553.07,1,0
Spain,Male,46.0,90721.52,2,1
Spain,Male,38.0,0.0,2,0
Spain,Male,36.0,119278.01,1,0
Spain,Male,30.0,0.0,2,0
Spain,Male,43.0,0.0,1,1
Spain,Female,30.0,127475.29,1,0
Spain,Male,32.0,146093.39,1,0
Spain,Female,31.0,0.0,2,0
Spain,Female,37.0,0.0,2,0
Spain,Female,26.0,193354.86,2,0
Spain,Female,34.0,103421.32,1,0
Spain,Male,34.0,0.0,2,0
Spain,Female,32.0,0.0,2,0
Spain,Female,42.0,0.0,2,0
Spain,Male,45.0,0.0,1,0
Spain,Female,39.0,0.0,2,0
Spain,Female,57.0,0.0,1,0
Spain,Female,34.0,0.0,2,0
Spain,Female,28.0,121830.52,1,0
Spain,Female,44.0,0.0,1,1
Spain,Male,41.0,0.0,2,0
Spain,Male,57.0,0.0,1,1
Spain,Male,40.0,0.0,1,1
Spain,Male,41.0,164948.55,1,0
Spain,Male,36.0,0.0,2,0
Spain,Male,36.0,0.0,1,0
Spain,Male,40.0,118894.22,1,1
Spain,Male,29.0,129958.18,1,0
Spain,Male,23.0,0.0,2,0
Spain,Male,38.0,168085.38,1,0
Spain,Male,37.0,0.0,2,0
Spain,Female,46.0,121166.89,1,1
Spain,Female,43.0,0.0,1,1
Spain,Male,38.0,71460.67,2,0
Spain,Male,50.0,0.0,1,1
Spain,Male,35.0,125167.02,1,0
Spain,Female,32.0,0.0,2,0
Spain,Female,39.0,0.0,2,0
Spain,Male,41.0,0.0,1,0
Spain,Male,40.0,163943.0,1,0
Spain,Female,36.0,164850.54,1,0
Spain,Female,40.0,0.0,2,0
Spain,Male,31.0,0.0,2,0
Spain,Male,39.0,0.0,2,0
Spain,Female,26.0,91547.84,1,1
Spain,Male,26.0,0.0,2,0
Spain,Male,39.0,145874.35,1,0
Spain,Female,38.0,0.0,2,0
Spain,Female,33.0,208165.53,2,1
Spain,Male,41.0,115251.64,1,0
Spain,Female,38.0,0.0,1,0
Spain,Male,40.0,133969.04,1,1
Spain,Male,33.0,122773.5,1,0
Spain,Male,34.0,0.0,2,0
Spain,Female,55.0,0.0,2,0
Spain,Male,34.0,0.0,1,0
Spain,Female,47.0,0.0,1,1
Spain,Female,38.0,0.0,1,0
Spain,Male,46.0,0.0,1,1
Spain,Male,42.0,0.0,1,0
Spain,Female,42.0,118899.45,1,1
Spain,Female,42.0,190305.78,1,0
Spain,Male,42.0,0.0,2,0
Spain,Male,38.0,0.0,2,0
Spain,Female,38.0,112727.06,1,0
Spain,Male,33.0,0.0,1,0
Spain,Male,30.0,125385.01,1,0
Spain,Male,33.0,0.0,2,0
Spain,Female,52.0,0.0,1,1
Spain,Male,32.0,0.0,2,0
Spain,Male,39.0,0.0,2,0
Spain,Male,30.0,0.0,2,0
Spain,Male,39.0,116120.19,2,0
Spain,Male,55.0,0.0,1,0
Spain,Female,38.0,0.0,2,0
Spain,Female,56.0,0.0,1,1
Spain,Male,40.0,0.0,3,1
Spain,Male,36.0,0.0,2,0
Spain,Male,34.0,0.0,2,0
Spain,Male,31.0,0.0,2,0
Spain,Male,29.0,0.0,2,0
Spain,Female,46.0,0.0,1,1
Spain,Female,26.0,59568.57,1,0
Spain,Female,39.0,0.0,2,0
Spain,Male,30.0,0.0,3,0
Spain,Male,47.0,0.0,2,0
Spain,Female,43.0,124543.18,1,1
Spain,Female,36.0,0.0,2,0
Spain,Male,33.0,0.0,1,0
Spain,Male,22.0,0.0,2,0
Spain,Male,27.0,0.0,1,0
Spain,Female,32.0,0.0,2,0
Spain,Female,35.0,120905.03,1,0
Spain,Male,62.0,0.0,2,0
Spain,Female,54.0,137784.08,2,1
Spain,Male,66.0,0.0,2,0
Spain,Male,51.0,0.0,1,1
Spain,Female,53.0,150200.23,1,1
Spain,Male,34.0,0.0,2,0
Spain,Female,36.0,0.0,2,0
Spain,Female,41.0,98862.54,1,0
Spain,Male,32.0,0.0,2,0
Spain,Male,40.0,93617.07,1,0
Spain,Male,38.0,0.0,1,0
Spain,Male,35.0,0.0,2,0
Spain,Male,32.0,102773.15,2,0
Spain,Male,26.0,0.0,2,0
Spain,Female,40.0,123675.69,1,0
Spain,Male,37.0,0.0,2,0
Spain,Female,28.0,0.0,2,0
Spain,Female,31.0,0.0,2,0
Spain,Male,47.0,0.0,2,0
Spain,Female,52.0,0.0,1,1
Spain,Male,29.0,133476.09,2,0
Spain,Male,35.0,0.0,2,0
Spain,Female,29.0,0.0,2,0
Spain,Male,37.0,0.0,3,1
Spain,Female,39.0,141789.15,2,0
Spain,Male,39.0,0.0,2,0
Spain,Female,33.0,0.0,1,0
Spain,Male,53.0,163975.09,1,0
Spain,Female,51.0,140355.6,1,1
Spain,Male,31.0,142577.55,1,0
Spain,Male,29.0,0.0,1,0
Spain,Male,28.0,133040.05,1,0
Spain,Female,34.0,139603.05,1,0
Spain,Male,34.0,0.0,2,0
Spain,Female,40.0,0.0,2,0
Spain,Female,48.0,109349.29,1,0
Spain,Female,29.0,113923.81,1,0
Spain,Male,39.0,154483.98,1,0
Spain,Male,33.0,0.0,1,0
Spain,Female,21.0,0.0,2,0
Spain,Female,32.0,0.0,2,0
Spain,Male,32.0,116967.68,1,0
Spain,Female,35.0,0.0,2,0
Spain,Male,39.0,121532.54,1,0
Spain,Male,34.0,0.0,2,0
Spain,Female,45.0,0.0,1,0
Spain,Female,39.0,0.0,2,0
Spain,Male,34.0,0.0,2,0
Spain,Male,37.0,99183.9,1,0
Spain,Male,33.0,121542.8,1,0
Spain,Male,27.0,0.0,1,0
Spain,Male,62.0,0.0,2,0
Spain,Female,31.0,0.0,2,0
Spain,Female,42.0,150200.23,2,0
Spain,Female,29.0,0.0,2,0
Spain,Male,38.0,0.0,2,0
Spain,Female,24.0,177799.83,2,0
Spain,Male,43.0,0.0,1,1
Spain,Female,37.0,0.0,1,0
Spain,Female,38.0,0.0,2,0
Spain,Male,48.0,0.0,1,1
Spain,Male,43.0,0.0,2,0
Spain,Male,46.0,126619.27,1,0
Spain,Female,33.0,73489.14,2,0
Spain,Male,37.0,133801.56,1,0
Spain,Male,32.0,125321.84,2,1
Spain,Female,43.0,0.0,2,0
Spain,Male,32.0,0.0,1,1
Spain,Female,34.0,156921.92,1,0
Spain,Male,45.0,0.0,1,0
Spain,Male,59.0,0.0,2,0
Spain,Male,43.0,0.0,1,0
Spain,Male,29.0,0.0,2,0
Spain,Male,46.0,0.0,2,0
Spain,Female,48.0,118207.69,1,1
Spain,Female,31.0,105387.89,2,0
Spain,Male,39.0,142910.63,1,0
Spain,Male,37.0,0.0,2,0
Spain,Female,28.0,141404.64,2,0
Spain,Female,28.0,75592.03,1,1
Spain,Female,48.0,159203.71,3,1
Spain,Female,36.0,0.0,2,0
Spain,Male,32.0,0.0,2,0
Spain,Female,27.0,0.0,1,0
Spain,Male,34.0,0.0,2,0
Spain,Male,39.0,0.0,2,0
Spain,Male,60.0,122214.0,1,0
Spain,Male,55.0,0.0,2,0
Spain,Female,30.0,120811.89,1,0
Spain,Female,34.0,0.0,1,1
Spain,Male,43.0,104158.5,1,1
Spain,Male,47.0,0.0,2,0
Spain,Male,40.0,0.0,2,0
Spain,Male,43.0,0.0,2,0
Spain,Male,45.0,0.0,2,0
Spain,Female,41.0,0.0,2,0
Spain,Male,39.0,0.0,2,0
Spain,Male,31.0,0.0,2,0
Spain,Female,36.0,0.0,2,0
Spain,Male,31.0,146622.35,1,0
Spain,Female,45.0,0.0,2,1
Spain,Male,29.0,0.0,1,0
Spain,Male,38.0,95922.42,1,1
Spain,Male,33.0,0.0,1,0
Spain,Female,32.0,0.0,2,0
Spain,Female,64.0,0.0,2,0
Spain,Male,40.0,0.0,1,0
Spain,Male,31.0,145260.23,1,0
Spain,Male,60.0,0.0,1,1
Spain,Male,38.0,0.0,2,0
Spain,Male,37.0,91621.69,1,0
Spain,Female,56.0,0.0,2,0
Spain,Male,46.0,131468.44,1,0
Spain,Male,48.0,0.0,3,1
Spain,Female,52.0,86893.28,1,0
Spain,Male,30.0,0.0,1,0
Spain,Female,47.0,100275.88,1,1
Spain,Female,50.0,0.0,1,0
Spain,Female,52.0,0.0,1,1
Spain,Male,34.0,0.0,2,0
Spain,Male,35.0,0.0,1,0
Spain,Female,40.0,0.0,2,0
Spain,Female,41.0,0.0,2,0
Spain,Female,31.0,0.0,1,0
Spain,Male,29.0,0.0,2,0
Spain,Male,41.0,0.0,2,0
Spain,Female,37.0,0.0,2,0
Spain,Male,32.0,0.0,2,0
Spain,Male,65.0,0.0,2,0
Spain,Female,40.0,160829.92,1,1
Spain,Male,38.0,0.0,2,0
Spain,Male,40.0,137204.77,1,1
Spain,Female,34.0,130862.32,1,0
Spain,Male,50.0,0.0,3,1
Spain,Male,25.0,118905.03,1,0
Spain,Male,37.0,0.0,2,0
Spain,Female,64.0,91216.0,1,0
Spain,Female,31.0,0.0,2,0
Spain,Female,43.0,0.0,2,0
Spain,Male,26.0,0.0,2,0
Spain,Male,38.0,0.0,2,0
Spain,Male,37.0,107768.46,2,0
Spain,Male,40.0,0.0,2,0
Spain,Male,44.0,0.0,2,0
Spain,Female,39.0,118201.41,2,0
Spain,Male,40.0,0.0,2,1
Spain,Female,43.0,0.0,2,0
Spain,Male,43.0,0.0,2,0
Spain,Female,31.0,0.0,2,0
Spain,Female,38.0,0.0,1,0
Spain,Male,32.0,112610.77,1,0
Spain,Male,35.0,0.0,2,0
Spain,Male,24.0,141078.37,1,0
Spain,Male,39.0,0.0,1,1
Spain,Male,36.0,105795.9,1,0
Spain,Female,37.0,0.0,2,0
Spain,Male,49.0,0.0,2,1
Spain,Male,38.0,0.0,2,0
Spain,Male,33.0,0.0,2,0
Spain,Female,40.0,0.0,2,0
Spain,Female,54.0,132726.3,2,0
Spain,Male,35.0,0.0,1,0
Spain,Male,32.0,128578.52,1,0
Spain,Male,32.0,0.0,2,0
Spain,Female,28.0,0.0,2,0
Spain,Male,39.0,0.0,2,0
Spain,Male,39.0,131765.37,1,0
Spain,Male,43.0,0.0,2,0
Spain,Female,47.0,0.0,1,0
Spain,Male,47.0,166526.26,2,0
Spain,Female,52.0,0.0,1,1
Spain,Female,51.0,0.0,2,1
Spain,Female,30.0,0.0,1,1
Spain,Male,33.0,0.0,2,0
Spain,Female,46.0,56580.95,2,1
Spain,Female,36.0,0.0,2,0
Spain,Male,44.0,0.0,2,0
Spain,Male,59.0,0.0,1,1
Spain,Male,34.0,0.0,2,0
Spain,Female,36.0,0.0,2,0
Spain,Female,47.0,0.0,2,0
Spain,Male,32.0,0.0,2,0
Spain,Male,37.0,0.0,2,0
Spain,Male,33.0,0.0,2,0
Spain,Male,36.0,111484.88,1,0
Spain,Female,30.0,0.0,2,0
Spain,Female,53.0,121629.22,1,1
Spain,Male,56.0,105473.74,1,0
Spain,Male,29.0,128472.33,1,0
Spain,Female,38.0,118838.75,1,0
Spain,Male,33.0,0.0,2,0
Spain,Male,35.0,0.0,1,0
Spain,Male,40.0,0.0,2,0
Spain,Female,39.0,0.0,2,0
Spain,Male,31.0,0.0,2,0
Spain,Male,29.0,0.0,2,0
Spain,Male,40.0,0.0,2,0
Spain,Male,38.0,104817.41,1,0
Spain,Female,36.0,0.0,2,0
Spain,Male,23.0,0.0,3,0
Spain,Male,66.0,0.0,2,0
Spain,Male,34.0,0.0,2,0
Spain,Male,42.0,0.0,2,0
Spain,Female,41.0,143904.54,1,0
Spain,Female,20.0,0.0,1,0
Spain,Female,34.0,110635.32,1,1
Spain,Female,27.0,0.0,2,0
Spain,Female,31.0,0.0,2,0
Spain,Female,48.0,165282.42,1,0
Spain,Female,39.0,113885.19,1,0
Spain,Female,34.0,0.0,1,0
Spain,Male,37.0,0.0,2,0
Spain,Male,46.0,0.0,2,0
Spain,Female,40.0,0.0,4,1
Spain,Male,34.0,0.0,2,0
Spain,Female,46.0,0.0,1,1
Spain,Male,33.0,0.0,2,0
Spain,Male,43.0,0.0,1,0
Spain,Male,39.0,0.0,2,0
Spain,Male,39.0,0.0,1,0
Spain,Male,46.0,0.0,2,0
Spain,Male,37.0,0.0,2,0
Spain,Female,32.0,0.0,1,0
Spain,Female,58.0,0.0,1,1
Spain,Male,29.0,0.0,1,1
Spain,Male,38.0,0.0,1,0
Spain,Male,34.0,0.0,2,0
Spain,Male,43.0,90927.56,1,0
Spain,Male,34.0,0.0,2,0
Spain,Male,42.0,0.0,2,0
Spain,Female,32.0,154596.13,1,0
Spain,Male,33.0,86893.91,1,0
Spain,Female,29.0,0.0,1,0
Spain,Male,39.0,0.0,2,0
Spain,Female,37.0,155059.1,1,0
Spain,Male,32.0,0.0,2,0
Spain,Female,35.0,0.0,2,0
Spain,Female,29.0,0.0,2,0
Spain,Male,31.0,0.0,2,0
Spain,Female,40.0,0.0,2,0
Spain,Male,51.0,109019.65,1,0
Spain,Male,29.0,156001.68,1,0
Spain,Male,32.0,116114.93,1,0
Spain,Female,30.0,0.0,2,0
Spain,Male,40.0,101090.27,1,0
Spain,Female,40.0,0.0,2,0
Spain,Male,33.0,0.0,2,0
Spain,Female,38.0,0.0,2,0
Spain,Male,26.0,96659.64,2,0
Spain,Female,19.0,0.0,2,0
Spain,Female,33.0,0.0,2,0
Spain,Male,38.0,0.0,2,0
Spain,Male,28.0,0.0,2,0
Spain,Male,40.0,0.0,2,0
Spain,Female,33.0,0.0,2,0
Spain,Male,48.0,0.0,2,1
Spain,Female,42.0,0.0,1,1
Spain,Female,41.0,101060.25,1,0
Spain,Female,29.0,0.0,1,1
Spain,Female,38.0,126111.61,1,1
Spain,Male,38.0,0.0,2,0
Spain,Male,35.0,0.0,2,0
Spain,Male,57.0,0.0,2,0
Spain,Male,39.0,0.0,2,0
Spain,Female,40.0,0.0,2,0
Spain,Female,29.0,0.0,2,0
Spain,Male,30.0,0.0,2,0
Spain,Female,67.0,0.0,2,0
Spain,Male,42.0,0.0,1,0
Spain,Male,31.0,0.0,2,0
Spain,Male,41.0,98899.45,1,0
Spain,Male,64.0,89974.19,1,1
Spain,Female,35.0,0.0,1,0
Spain,Male,38.0,0.0,2,0
Spain,Male,36.0,0.0,1,1
Spain,Male,48.0,0.0,2,0
Spain,Female,37.0,98630.24,1,0
Spain,Female,29.0,132623.88,1,0
Spain,Female,39.0,0.0,2,0
Spain,Male,34.0,0.0,1,0
Spain,Female,26.0,100988.39,1,1
Spain,Female,35.0,0.0,2,0
Spain,Male,56.0,110203.77,1,1
Spain,Male,35.0,0.0,2,0
Spain,Male,27.0,0.0,1,0
Spain,Male,27.0,128644.46,1,0
Spain,Male,53.0,143923.96,1,1
Spain,Male,54.0,92366.21,1,1
Spain,Female,38.0,0.0,1,1
Spain,Male,31.0,101713.84,1,0
Spain,Male,37.0,113488.6,1,0
Spain,Female,35.0,119501.88,1,0
Spain,Male,29.0,0.0,2,0
Spain,Male,34.0,0.0,2,0
Spain,Male,28.0,0.0,2,1
Spain,Male,36.0,0.0,2,0
Spain,Male,40.0,0.0,2,0
Spain,Female,38.0,0.0,2,0
Spain,Male,38.0,0.0,2,0
Spain,Male,38.0,0.0,1,1
Spain,Female,30.0,114779.35,1,0
Spain,Female,27.0,0.0,1,1
Spain,Male,40.0,115409.6,1,0
Spain,Female,34.0,0.0,2,0
Spain,Female,39.0,0.0,2,0
Spain,Female,28.0,0.0,2,0
Spain,Female,39.0,138825.19,1,0
Spain,Female,57.0,0.0,2,0
Spain,Female,42.0,0.0,2,0
Spain,Male,58.0,0.0,2,0
Spain,Male,45.0,0.0,1,1
Spain,Female,37.0,0.0,2,0
Spain,Female,36.0,0.0,2,0
Spain,Male,31.0,0.0,2,0
Spain,Female,37.0,113690.52,2,0
Spain,Male,39.0,0.0,2,1
Spain,Male,32.0,0.0,2,0
Spain,Male,33.0,0.0,2,1
Spain,Female,25.0,0.0,2,0
Spain,Female,34.0,0.0,2,0
Spain,Male,33.0,0.0,2,0
Spain,Female,40.0,0.0,1,1
Spain,Male,45.0,0.0,1,1
Spain,Female,31.0,0.0,2,0
Spain,Female,44.0,105239.1,1,1
Spain,Male,32.0,0.0,1,0
Spain,Female,58.0,0.0,2,0
Spain,Male,35.0,74371.49,2,0
Spain,Female,34.0,0.0,2,0
Spain,Male,45.0,123070.89,1,1
Spain,Male,57.0,0.0,2,0
Spain,Female,39.0,132865.56,1,0
Spain,Male,34.0,0.0,2,0
Spain,Male,31.0,137771.5,1,0
Spain,Male,30.0,0.0,2,0
Spain,Male,27.0,0.0,2,0
Spain,Male,46.0,0.0,1,1
Spain,Female,57.0,0.0,1,1
Spain,Male,40.0,0.0,1,0
Spain,Male,42.0,127660.46,1,0
Spain,Male,66.0,0.0,1,0
Spain,Female,30.0,88815.56,2,0
Spain,Male,41.0,147911.15,1,0
Spain,Female,36.0,0.0,2,0
Spain,Female,41.0,63492.94,1,0
Spain,Male,35.0,0.0,2,0
Spain,Male,43.0,0.0,2,1
Spain,Female,28.0,0.0,2,0
Spain,Male,32.0,121863.61,1,0
Spain,Male,42.0,137592.72,1,0
Spain,Male,37.0,0.0,2,0
Spain,Male,38.0,0.0,2,0
Spain,Male,39.0,0.0,2,0
Spain,Male,61.0,0.0,2,0
Spain,Female,29.0,0.0,1,0
Spain,Male,39.0,0.0,1,1
Spain,Male,31.0,118468.67,1,0
Spain,Male,29.0,0.0,1,1
Spain,Female,32.0,122528.18,1,0
Spain,Female,22.0,141604.76,1,0
Spain,Male,37.0,0.0,2,0
Spain,Female,31.0,157404.02,2,0
Spain,Female,52.0,0.0,1,0
Spain,Male,32.0,0.0,1,0
Spain,Male,34.0,96679.71,1,0
Spain,Female,40.0,0.0,1,0
Spain,Male,50.0,0.0,3,1
Spain,Female,31.0,0.0,2,0
Spain,Female,42.0,0.0,1,1
Spain,Male,52.0,0.0,1,0
Spain,Male,39.0,0.0,2,0
Spain,Male,40.0,0.0,2,0
Spain,Male,42.0,0.0,2,1
Spain,Female,51.0,76665.71,1,1
Spain,Female,35.0,0.0,1,0
Spain,Female,45.0,123971.51,2,0
Spain,Female,43.0,0.0,1,0
Spain,Male,36.0,0.0,2,0
Spain,Male,25.0,136576.55,1,0
Spain,Male,41.0,141751.82,1,0
Spain,Female,32.0,0.0,1,1
Spain,Female,37.0,0.0,2,0
Spain,Male,41.0,0.0,2,0
Spain,Male,42.0,0.0,2,0
Spain,Female,32.0,58036.33,1,0
Spain,Male,37.0,0.0,2,0
Spain,Female,41.0,0.0,2,1
Spain,Male,31.0,0.0,2,0
Spain,Female,50.0,100549.43,1,0
Spain,Male,34.0,0.0,2,0
Spain,Female,37.0,0.0,2,0
Spain,Female,36.0,110182.54,1,0
Spain,Female,30.0,0.0,2,0
Spain,Male,27.0,0.0,2,0
Spain,Male,24.0,0.0,2,0
Spain,Female,35.0,0.0,1,0
Spain,Female,27.0,0.0,2,0
Spain,Female,38.0,122929.42,2,0
Spain,Male,52.0,0.0,1,1
Spain,Female,45.0,0.0,1,1
Spain,Male,36.0,0.0,2,0
Spain,Female,44.0,0.0,2,0
Spain,Male,33.0,0.0,1,0
Spain,Female,46.0,0.0,2,0
Spain,Male,29.0,118469.38,1,0
Spain,Male,38.0,0.0,2,0
Spain,Female,47.0,0.0,2,0
Spain,Male,39.0,0.0,2,0
Spain,Female,32.0,0.0,2,1
Spain,Male,41.0,139825.56,1,0
Spain,Female,69.0,0.0,2,0
Spain,Male,37.0,0.0,1,0
Spain,Female,33.0,116324.67,1,0
Spain,Male,35.0,113635.16,2,0
Spain,Female,57.0,0.0,1,1
Spain,Female,33.0,0.0,1,1
Spain,Male,38.0,114005.54,1,1
Spain,Male,44.0,0.0,4,1
Spain,Male,35.0,0.0,2,0
Spain,Female,44.0,155973.88,1,0
Spain,Female,35.0,80387.81,1,0
Spain,Male,59.0,0.0,2,0
Spain,Female,24.0,136853.53,1,0
Spain,Female,43.0,0.0,1,1
Spain,Female,30.0,0.0,2,0
Spain,Male,37.0,0.0,1,0
Spain,Female,48.0,0.0,2,0
Spain,Male,26.0,0.0,2,0
Spain,Female,35.0,0.0,2,0
Spain,Male,37.0,0.0,2,0
Spain,Male,29.0,0.0,2,0
Spain,Female,61.0,0.0,2,0
Spain,Female,47.0,0.0,2,1
Spain,Male,33.0,0.0,1,0
Spain,Female,24.0,175739.36,1,0
Spain,Male,43.0,0.0,2,0
Spain,Female,50.0,134208.22,1,1
Spain,Female,44.0,0.0,1,1
Spain,Female,37.0,121237.65,1,1
Spain,Female,39.0,91263.63,1,0
Spain,Male,38.0,0.0,2,0
Spain,Male,41.0,155619.36,1,0
Spain,Female,35.0,0.0,2,0
Spain,Male,28.0,132628.98,1,0
Spain,Female,44.0,0.0,2,1
Spain,Male,39.0,0.0,2,0
Spain,Female,48.0,0.0,1,1
Spain,Female,33.0,0.0,2,0
Spain,Female,58.0,0.0,1,1
Spain,Female,34.0,54980.81,1,0
Spain,Male,40.0,0.0,2,0
Spain,Male,41.0,116539.3,1,0
Spain,Male,25.0,161171.7,2,0
Spain,Female,23.0,0.0,2,0
Spain,Male,37.0,0.0,2,0
Spain,Male,36.0,0.0,2,0
Spain,Female,23.0,0.0,2,0
Spain,Male,38.0,59360.77,1,0
Spain,Male,42.0,138770.07,1,0
Spain,Male,46.0,0.0,1,1
Spain,Male,33.0,0.0,2,0
Spain,Female,54.0,98899.91,1,0
Spain,Male,51.0,64430.06,1,1
Spain,Male,46.0,0.0,2,0
Spain,Male,29.0,122773.5,1,0
Spain,Female,31.0,0.0,2,0
Spain,Male,29.0,0.0,2,0
Spain,Male,37.0,0.0,2,0
Spain,Male,36.0,0.0,2,0
Spain,Female,34.0,0.0,2,0
Spain,Male,42.0,0.0,1,1
Spain,Male,37.0,0.0,2,0
Spain,Female,44.0,0.0,1,1
Spain,Female,42.0,111288.18,2,1
Spain,Male,41.0,0.0,2,0
Spain,Male,36.0,0.0,2,0
Spain,Female,40.0,0.0,1,0
Spain,Male,37.0,85902.83,1,0
Spain,Male,40.0,0.0,1,1
Spain,Female,37.0,0.0,2,0
Spain,Male,55.0,99685.06,1,0
Spain,Female,40.0,0.0,1,0
Spain,Female,53.0,64430.06,3,1
Spain,Female,32.0,124678.7,1,0
Spain,Male,46.0,132872.51,1,0
Spain,Female,36.0,88832.49,2,0
Spain,Male,31.0,104817.45,2,0
Spain,Female,36.0,0.0,2,0
Spain,Male,51.0,109799.55,2,0
Spain,Female,35.0,127290.61,1,0
Spain,Male,31.0,0.0,2,0
Spain,Female,40.0,0.0,1,0
Spain,Female,38.0,126473.33,1,0
Spain,Female,38.0,121399.98,1,0
Spain,Female,41.0,0.0,2,0
Spain,Male,39.0,0.0,2,0
Spain,Male,28.0,0.0,2,0
Spain,Female,29.0,166930.76,2,0
Spain,Female,57.0,0.0,3,1
Spain,Female,58.0,0.0,1,1
Spain,Male,46.0,0.0,2,0
Spain,Female,48.0,0.0,2,0
Spain,Female,35.0,0.0,1,0
Spain,Male,58.0,116318.23,1,0
Spain,Female,28.0,0.0,2,0
Spain,Male,64.0,104339.11,1,0
Spain,Male,61.0,0.0,2,0
Spain,Male,34.0,0.0,2,0
Spain,Male,38.0,0.0,1,0
Spain,Male,36.0,0.0,1,0
Spain,Female,54.0,154776.45,1,1
Spain,Male,29.0,97541.24,1,0
Spain,Female,31.0,0.0,3,1
Spain,Male,26.0,0.0,2,0
Spain,Male,37.0,0.0,2,0
Spain,Male,40.0,141581.76,2,0
Spain,Female,34.0,0.0,1,0
Spain,Female,30.0,0.0,1,1
Spain,Male,41.0,0.0,2,1
Spain,Male,37.0,124857.69,2,0
Spain,Male,39.0,0.0,2,0
Spain,Male,46.0,0.0,2,0
Spain,Male,58.0,0.0,1,0
Spain,Male,32.0,0.0,2,0
Spain,Female,50.0,0.0,2,1
Spain,Female,48.0,0.0,2,0
Spain,Male,43.0,0.0,2,0
Spain,Female,34.0,121276.32,1,0
Spain,Male,38.0,0.0,1,1
Spain,Male,44.0,0.0,2,0
Spain,Male,60.0,121527.4,1,0
Spain,Male,31.0,0.0,1,0
Spain,Female,29.0,0.0,2,0
Spain,Male,61.0,91070.43,2,0
Spain,Male,32.0,147900.33,2,0
Spain,Male,35.0,0.0,1,0
Spain,Male,37.0,133936.04,2,0
Spain,Female,49.0,88758.19,1,1
Spain,Female,41.0,111095.01,2,0
Spain,Female,40.0,0.0,2,0
Spain,Male,32.0,0.0,2,0
Spain,Male,44.0,0.0,1,1
Spain,Female,61.0,139129.42,3,1
Spain,Male,32.0,89799.48,1,0
Spain,Female,39.0,161274.05,1,0
Spain,Female,39.0,0.0,2,0
Spain,Female,42.0,0.0,2,1
Spain,Male,33.0,0.0,2,0
Spain,Female,36.0,0.0,2,0
Spain,Male,41.0,104631.67,1,0
Spain,Male,24.0,40224.7,2,0
Spain,Male,36.0,154902.66,1,0
Spain,Male,32.0,0.0,2,0
Spain,Female,25.0,119825.75,2,0
Spain,Female,72.0,0.0,2,0
Spain,Male,35.0,0.0,1,1
Spain,Male,34.0,120811.89,1,0
Spain,Female,62.0,0.0,1,0
Spain,Female,48.0,0.0,1,1
Spain,Female,38.0,0.0,1,1
Spain,Female,29.0,0.0,2,0
Spain,Male,22.0,0.0,2,0
Spain,Male,62.0,0.0,2,1
Spain,Female,36.0,0.0,2,0
Spain,Male,44.0,0.0,2,0
Spain,Male,59.0,0.0,2,0
Spain,Female,36.0,0.0,2,0
Spain,Male,26.0,132088.59,1,0
Spain,Female,57.0,0.0,2,0
Spain,Female,35.0,0.0,2,0
Spain,Male,23.0,104744.89,1,0
Spain,Female,46.0,133040.38,1,1
Spain,Male,48.0,0.0,1,1
Spain,Male,33.0,0.0,2,0
Spain,Female,34.0,0.0,2,0
Spain,Female,34.0,0.0,2,0
Spain,Male,30.0,0.0,2,0
Spain,Male,35.0,123599.18,1,0
Spain,Male,26.0,0.0,2,0
Spain,Male,39.0,146445.24,2,0
Spain,Female,36.0,0.0,2,0
Spain,Male,33.0,0.0,2,0
Spain,Male,32.0,144094.2,1,0
Spain,Female,58.0,161935.04,1,1
Spain,Female,35.0,0.0,2,0
Spain,Male,60.0,79847.4,1,0
Spain,Male,25.0,0.0,2,0
Spain,Male,54.0,119670.28,1,1
Spain,Male,40.0,116755.0,2,0
Spain,Female,28.0,0.0,2,0
Spain,Male,27.0,0.0,2,0
Spain,Female,46.0,0.0,1,1
Spain,Male,30.0,0.0,2,0
Spain,Male,33.0,61961.61,2,0
Spain,Female,38.0,0.0,1,0
Spain,Male,41.0,132838.07,1,0
Spain,Male,40.0,0.0,2,1
Spain,Male,39.0,91710.46,1,0
Spain,Female,42.0,0.0,3,1
Spain,Male,34.0,0.0,2,0
Spain,Female,46.0,0.0,1,0
Spain,Female,35.0,0.0,2,0
Spain,Male,30.0,103365.88,1,0
Spain,Male,43.0,0.0,2,0
Spain,Male,42.0,0.0,2,0
Spain,Male,33.0,0.0,2,0
Spain,Female,33.0,0.0,2,0
Spain,Male,59.0,0.0,2,0
Spain,Male,37.0,101470.29,1,1
Spain,Female,50.0,0.0,1,1
Spain,Male,36.0,0.0,2,0
Spain,Female,46.0,0.0,2,0
Spain,Male,42.0,101438.0,1,0
Spain,Male,32.0,92674.94,2,0
Spain,Male,36.0,71996.29,1,0
Spain,Female,39.0,0.0,2,0
Spain,Male,37.0,0.0,1,0
Spain,Male,31.0,136425.57,2,0
Spain,Male,25.0,0.0,2,0
Spain,Male,29.0,0.0,1,0
Spain,Female,30.0,0.0,2,0
Spain,Female,27.0,0.0,2,0
Spain,Male,36.0,0.0,2,0
Spain,Male,60.0,0.0,1,1
Spain,Female,38.0,0.0,2,0
Spain,Female,33.0,105770.14,1,0
Spain,Male,41.0,101060.03,1,0
Spain,Male,45.0,0.0,2,0
Spain,Male,32.0,0.0,2,0
Spain,Male,30.0,0.0,2,0
Spain,Male,34.0,0.0,2,0
Spain,Female,37.0,0.0,2,0
Spain,Female,26.0,0.0,2,0
Spain,Female,35.0,135139.33,1,0
Spain,Female,40.0,121164.88,1,1
Spain,Female,38.0,0.0,2,0
Spain,Male,28.0,0.0,2,0
Spain,Female,38.0,0.0,2,0
Spain,Male,51.0,0.0,2,0
Spain,Male,36.0,0.0,2,0
Spain,Male,30.0,81818.49,1,0
Spain,Male,34.0,0.0,2,0
Spain,Male,37.0,126776.3,2,0
Spain,Male,39.0,0.0,2,0
Spain,Male,31.0,0.0,2,0
Spain,Female,49.0,0.0,2,0
Spain,Male,39.0,0.0,2,0
Spain,Male,36.0,81210.59,1,0
Spain,Female,37.0,0.0,2,0
Spain,Male,33.0,0.0,2,0
Spain,Male,36.0,0.0,2,0
Spain,Male,56.0,0.0,2,0
Spain,Male,42.0,0.0,2,1
Spain,Female,45.0,0.0,2,1
Spain,Male,32.0,72647.64,1,0
Spain,Female,67.0,0.0,2,0
Spain,Male,38.0,0.0,1,1
Spain,Male,59.0,0.0,1,1
Spain,Female,32.0,0.0,2,0
Spain,Female,45.0,0.0,2,0
Spain,Female,52.0,124098.54,1,1
Spain,Male,31.0,0.0,2,0
Spain,Male,35.0,61211.59,1,0
Spain,Female,38.0,142669.93,1,0
Spain,Male,36.0,0.0,1,0
Spain,Female,29.0,0.0,2,0
Spain,Male,36.0,0.0,2,0
Spain,Female,38.0,0.0,2,0
Spain,Male,44.0,0.0,2,0
Spain,Female,43.0,0.0,1,1
Spain,Female,62.0,0.0,2,0
Spain,Female,33.0,86656.54,1,0
Spain,Female,44.0,124497.01,2,0
Spain,Male,29.0,0.0,2,0
Spain,Male,43.0,0.0,2,0
Spain,Female,48.0,0.0,1,1
Spain,Female,37.0,0.0,2,0
Spain,Female,38.0,71460.67,2,0
Spain,Female,41.0,0.0,1,1
Spain,Male,31.0,0.0,2,0
Spain,Male,28.0,128396.33,2,0
Spain,Female,22.0,0.0,1,0
Spain,Female,46.0,0.0,2,0
Spain,Male,38.0,0.0,2,0
Spain,Male,38.0,0.0,1,0
Spain,Male,30.0,124401.6,1,0
Spain,Female,37.0,153538.13,1,0
Spain,Male,41.0,82231.51,1,0
Spain,Male,37.0,0.0,2,0
Spain,Male,41.0,0.0,2,0
Spain,Male,33.0,0.0,2,0
Spain,Male,32.0,0.0,1,0
Spain,Male,24.0,121854.39,2,0
Spain,Male,45.0,0.0,1,1
Spain,Male,37.0,0.0,2,0
Spain,Female,30.0,101179.23,2,0
Spain,Female,38.0,0.0,2,0
Spain,Female,45.0,0.0,1,1
Spain,Male,43.0,0.0,2,0
Spain,Male,25.0,113656.95,1,0
Spain,Female,35.0,0.0,1,0
Spain,Male,43.0,0.0,2,0
Spain,Female,70.0,0.0,2,0
Spain,Male,27.0,0.0,1,0
Spain,Female,40.0,0.0,2,1
Spain,Male,21.0,0.0,2,0
Spain,Female,51.0,133705.74,1,1
Spain,Male,32.0,114715.74,1,0
Spain,Male,40.0,0.0,2,0
Spain,Female,39.0,0.0,2,0
Spain,Female,31.0,0.0,1,1
Spain,Male,41.0,0.0,1,0
Spain,Female,35.0,0.0,2,0
Spain,Female,57.0,0.0,2,0
Spain,Male,37.0,0.0,2,0
Spain,Female,29.0,137936.94,1,0
Spain,Female,46.0,136487.86,1,0
Spain,Female,37.0,0.0,2,1
Spain,Male,38.0,0.0,2,0
Spain,Male,37.0,0.0,2,0
Spain,Female,48.0,0.0,2,1
Spain,Female,37.0,0.0,1,0
Spain,Female,23.0,124577.33,1,1
Spain,Male,40.0,0.0,2,0
Spain,Male,37.0,108286.5,1,0
Spain,Female,43.0,0.0,2,0
Spain,Female,38.0,0.0,2,0
Spain,Male,31.0,0.0,2,0
Spain,Male,36.0,118311.76,1,0
Spain,Male,34.0,0.0,1,1
Spain,Male,64.0,0.0,2,0
Spain,Female,33.0,0.0,2,0
Spain,Female,31.0,131534.86,1,0
Spain,Male,44.0,0.0,1,0
Spain,Male,28.0,0.0,2,0
Spain,Female,35.0,0.0,2,0
Spain,Male,50.0,0.0,2,0
Spain,Female,47.0,0.0,1,1
Spain,Male,33.0,0.0,2,0
Spain,Female,44.0,0.0,2,0
Spain,Male,39.0,0.0,2,0
Spain,Male,37.0,0.0,2,0
Spain,Male,42.0,0.0,2,0
Spain,Female,29.0,0.0,2,0
Spain,Male,28.0,0.0,2,0
Spain,Male,35.0,130747.1,2,1
Spain,Male,33.0,0.0,2,0
Spain,Female,35.0,0.0,2,0
Spain,Female,44.0,0.0,2,0
Spain,Male,28.0,0.0,2,0
Spain,Male,36.0,0.0,2,0
Spain,Female,37.0,0.0,1,0
Spain,Male,46.0,113873.43,1,0
Spain,Female,45.0,0.0,1,1
Spain,Female,34.0,0.0,1,0
Spain,Female,35.0,82596.8,1,0
Spain,Male,32.0,147813.07,1,0
Spain,Male,41.0,0.0,1,0
Spain,Male,28.0,0.0,2,0
Spain,Male,35.0,121162.88,1,0
Spain,Male,39.0,0.0,2,0
Spain,Female,37.0,113680.53,1,0
Spain,Male,46.0,53772.73,1,1
Spain,Male,31.0,137761.47,1,0
Spain,Male,34.0,0.0,1,0
Spain,Female,29.0,0.0,1,0
Spain,Male,19.0,0.0,2,0
Spain,Male,33.0,133297.24,1,0
Spain,Male,44.0,0.0,2,0
Spain,Female,29.0,0.0,1,1
Spain,Male,38.0,0.0,2,0
Spain,Male,36.0,119963.45,2,1
Spain,Male,37.0,174853.46,1,0
Spain,Male,32.0,86656.13,1,0
Spain,Female,41.0,108914.81,1,0
Spain,Male,32.0,0.0,2,0
Spain,Female,33.0,0.0,2,0
Spain,Female,34.0,133964.04,1,0
Spain,Male,30.0,79460.06,1,0
Spain,Male,48.0,0.0,2,0
Spain,Male,46.0,0.0,2,0
Spain,Female,46.0,0.0,1,1
Spain,Male,37.0,0.0,2,0
Spain,Male,38.0,0.0,2,0
Spain,Male,39.0,0.0,2,0
Spain,Female,30.0,0.0,2,0
Spain,Male,25.0,0.0,2,0
Spain,Male,36.0,0.0,1,0
Spain,Male,42.0,0.0,2,0
Spain,Female,41.0,128718.78,2,0
Spain,Male,41.0,0.0,2,0
Spain,Male,45.0,143129.41,2,0
Spain,Male,42.0,120962.58,1,0
Spain,Male,38.0,109196.67,1,0
Spain,Male,33.0,0.0,2,0
Spain,Female,50.0,0.0,1,1
Spain,Male,30.0,0.0,1,1
Spain,Male,33.0,0.0,2,0
Spain,Female,33.0,173331.52,1,1
Spain,Female,33.0,129728.8,2,0
Spain,Male,41.0,0.0,2,0
Spain,Male,51.0,0.0,1,1
Spain,Male,33.0,0.0,2,0
Spain,Male,42.0,0.0,2,0
Spain,Male,40.0,0.0,2,0
Spain,Male,30.0,0.0,2,0
Spain,Female,31.0,117799.28,1,1
Spain,Male,27.0,0.0,1,0
Spain,Male,37.0,0.0,2,0
Spain,Male,30.0,0.0,2,0
Spain,Female,39.0,112262.84,1,0
Spain,Male,36.0,0.0,2,0
Spain,Male,31.0,123974.96,1,0
Spain,Female,36.0,166501.17,3,1
Spain,Female,55.0,0.0,1,1
Spain,Male,40.0,0.0,1,0
Spain,Male,50.0,137285.21,1,0
Spain,Male,43.0,86053.52,2,0
Spain,Male,37.0,0.0,1,0
Spain,Male,30.0,0.0,2,0
Spain,Female,26.0,76554.06,1,0
Spain,Male,51.0,129855.72,1,0
Spain,Male,20.0,168920.75,1,0
Spain,Female,22.0,0.0,2,0
Spain,Female,31.0,0.0,2,0
Spain,Female,44.0,117152.3,1,0
Spain,Female,43.0,0.0,2,1
Spain,Female,23.0,0.0,1,0
Spain,Female,66.0,0.0,1,1
Spain,Female,43.0,127758.09,1,0
Spain,Male,31.0,0.0,2,0
Spain,Male,32.0,0.0,2,0
Spain,Male,37.0,0.0,2,0
Spain,Male,38.0,115084.68,1,0
Spain,Female,37.0,0.0,2,0
Spain,Male,40.0,0.0,1,0
Spain,Male,59.0,0.0,2,0
Spain,Male,29.0,0.0,2,0
Spain,Male,30.0,0.0,2,0
Spain,Female,38.0,123936.54,1,0
Spain,Male,43.0,0.0,2,0
Spain,Female,51.0,0.0,2,0
Spain,Male,34.0,0.0,2,0
Spain,Male,29.0,0.0,2,0
Spain,Female,49.0,0.0,2,0
Spain,Female,32.0,118879.35,2,0
Spain,Female,37.0,0.0,2,0
Spain,Female,48.0,130142.79,1,0
Spain,Male,44.0,122321.67,2,0
Spain,Female,48.0,121702.73,1,0
Spain,Male,32.0,0.0,2,0
Spain,Male,28.0,0.0,2,0
Spain,Female,52.0,0.0,2,0
Spain,Male,31.0,0.0,2,0
Spain,Male,39.0,0.0,2,0
Spain,Male,37.0,0.0,2,0
Spain,Male,41.0,0.0,2,0
Spain,Male,30.0,0.0,2,0
Spain,Male,37.0,124619.33,2,0
Spain,Male,54.0,115074.02,1,1
Spain,Male,31.0,0.0,2,0
Spain,Female,41.0,0.0,2,0
Spain,Female,34.0,0.0,2,0
Spain,Male,32.0,0.0,1,0
Spain,Female,41.0,0.0,2,0
Spain,Female,34.0,0.0,2,0
Spain,Male,35.0,126576.26,1,0
Spain,Female,49.0,110728.69,1,1
Spain,Female,41.0,0.0,2,0
Spain,Male,34.0,0.0,2,0
Spain,Male,53.0,0.0,1,1
Spain,Female,56.0,166501.17,1,1
Spain,Female,30.0,0.0,2,0
Spain,Female,21.0,0.0,2,0
Spain,Male,33.0,0.0,1,0
Spain,Female,42.0,0.0,2,0
Spain,Male,51.0,122017.19,1,1
Spain,Male,38.0,0.0,1,0
Spain,Female,46.0,0.0,2,0
Spain,Female,63.0,121093.99,1,1
Spain,Male,48.0,0.0,1,0
Spain,Male,46.0,68892.45,1,0
Spain,Female,42.0,72664.0,1,0
Spain,Male,43.0,0.0,2,0
Spain,Male,38.0,0.0,2,0
Spain,Female,35.0,0.0,2,0
Spain,Female,28.0,0.0,2,1
Spain,Female,32.0,0.0,2,0
Spain,Male,35.0,0.0,2,0
Spain,Male,37.0,0.0,2,0
Spain,Female,59.0,0.0,2,0
Spain,Male,39.0,0.0,2,0
Spain,Male,43.0,98661.27,2,1
Spain,Male,39.0,0.0,2,0
Spain,Female,41.0,0.0,1,1
Spain,Female,49.0,134596.05,1,1
Spain,Female,31.0,0.0,2,0
Spain,Female,57.0,0.0,2,0
Spain,Female,37.0,91760.46,1,0
Spain,Male,44.0,0.0,1,0
Spain,Female,28.0,90425.03,2,0
Spain,Male,30.0,142688.57,2,0
Spain,Female,31.0,69974.66,1,0
Spain,Male,29.0,0.0,1,0
Spain,Male,54.0,0.0,1,0
Spain,Female,42.0,0.0,2,0
Spain,Female,46.0,62094.71,1,1
Spain,Male,41.0,0.0,2,0
Spain,Female,42.0,123981.31,2,0
Spain,Male,34.0,0.0,2,0
Spain,Male,36.0,0.0,2,0
Spain,Male,49.0,102630.13,2,1
Spain,Male,44.0,128605.32,1,0
Spain,Female,36.0,0.0,2,0
Spain,Male,33.0,0.0,2,0
Spain,Female,30.0,0.0,3,0
Spain,Male,38.0,0.0,1,0
Spain,Male,22.0,0.0,2,0
Spain,Female,33.0,133811.89,1,0
Spain,Male,38.0,86978.17,1,0
Spain,Female,44.0,0.0,1,0
Spain,Male,37.0,0.0,2,0
Spain,Male,39.0,0.0,2,0
Spain,Male,35.0,105492.53,1,0
Spain,Male,58.0,0.0,2,0
Spain,Female,32.0,0.0,2,0
Spain,Female,40.0,125724.95,1,0
Spain,Male,37.0,120825.7,1,0
Spain,Male,38.0,98800.0,1,0
Spain,Female,25.0,0.0,1,1
Spain,Male,34.0,154983.98,1,0
Spain,Male,32.0,152924.55,1,0
Spain,Female,36.0,81025.6,1,0
Spain,Female,39.0,0.0,2,0
Spain,Female,39.0,0.0,2,0
Spain,Female,39.0,0.0,2,0
Spain,Male,39.0,0.0,1,0
Spain,Male,47.0,0.0,2,0
Spain,Male,36.0,93547.73,2,0
Spain,Female,35.0,106405.03,1,0
Spain,Male,40.0,126442.28,1,0
Spain,Male,36.0,0.0,2,0
Spain,Male,33.0,0.0,2,0
Spain,Female,33.0,0.0,2,0
Spain,Female,28.0,124547.13,1,0
Spain,Female,57.0,0.0,2,0
Spain,Male,32.0,0.0,2,0
Spain,Female,33.0,0.0,1,1
Spain,Female,37.0,80741.07,2,0
Spain,Female,29.0,113923.81,1,0
Spain,Male,28.0,0.0,2,0
Spain,Male,46.0,0.0,1,1
Spain,Male,40.0,0.0,1,1
Spain,Male,46.0,76656.4,1,0
Spain,Female,39.0,0.0,2,0
Spain,Female,49.0,0.0,2,1
Spain,Male,40.0,111681.68,1,0
Spain,Female,34.0,0.0,2,0
Spain,Female,48.0,122328.36,1,1
Spain,Male,26.0,0.0,2,0
Spain,Female,46.0,0.0,1,1
Spain,Female,53.0,187602.18,1,1
Spain,Male,51.0,0.0,1,1
Spain,Female,40.0,0.0,1,0
Spain,Male,38.0,0.0,2,0
Spain,Female,46.0,66582.81,1,1
Spain,Male,36.0,129934.64,1,0
Spain,Male,45.0,0.0,1,0
Spain,Male,35.0,0.0,1,0
Spain,Female,38.0,0.0,1,1
Spain,Female,38.0,185734.75,1,0
Spain,Male,36.0,169312.72,2,0
Spain,Female,60.0,0.0,2,0
Spain,Male,33.0,0.0,2,0
Spain,Male,42.0,0.0,1,0
Spain,Male,34.0,132439.99,1,0
Spain,Female,44.0,0.0,2,0
Spain,Male,46.0,109799.55,1,1
Spain,Female,32.0,0.0,1,1
Spain,Male,27.0,0.0,2,0
Spain,Female,59.0,0.0,1,1
Spain,Female,56.0,0.0,1,1
Spain,Male,34.0,161609.15,1,0
Spain,Female,40.0,0.0,2,0
Spain,Male,27.0,0.0,2,0
Spain,Female,36.0,168066.87,2,0
Spain,Male,23.0,68639.69,1,0
Spain,Female,37.0,0.0,1,1
Spain,Female,36.0,0.0,2,0
Spain,Female,60.0,131589.64,1,1
Spain,Female,39.0,132576.25,1,0
Spain,Male,35.0,0.0,2,0
Spain,Female,55.0,0.0,3,1
Spain,Male,46.0,0.0,2,0
Spain,Male,34.0,0.0,2,0
Spain,Male,29.0,0.0,2,0
Spain,Male,49.0,0.0,1,1
Spain,Male,30.0,0.0,2,0
Spain,Female,22.0,0.0,2,0
Spain,Female,35.0,115290.24,1,0
Spain,Female,41.0,0.0,2,0
Spain,Male,38.0,0.0,2,0
Spain,Female,35.0,0.0,2,0
Spain,Female,35.0,0.0,2,0
Spain,Male,40.0,0.0,2,0
Spain,Male,41.0,0.0,2,0
Spain,Male,40.0,0.0,2,0
Spain,Male,33.0,97188.62,1,0
Spain,Male,33.0,0.0,2,0
Spain,Female,43.0,0.0,1,0
Spain,Female,66.0,0.0,1,0
Spain,Female,45.0,0.0,1,1
Spain,Male,63.0,0.0,2,0
Spain,Male,36.0,0.0,2,0
Spain,Female,53.0,113890.44,2,0
Spain,Male,26.0,0.0,1,1
Spain,Male,33.0,0.0,2,0
Spain,Male,32.0,0.0,2,0
Spain,Female,38.0,0.0,2,0
Spain,Male,38.0,0.0,1,1
Spain,Male,63.0,0.0,2,0
Spain,Female,34.0,0.0,2,0
Spain,Male,55.0,0.0,1,1
Spain,Male,31.0,0.0,2,0
Spain,Male,71.0,0.0,2,0
Spain,Female,46.0,0.0,1,1
Spain,Male,25.0,0.0,1,0
Spain,Male,31.0,108058.07,2,0
Spain,Female,46.0,139659.04,1,0
Spain,Male,41.0,0.0,2,0
Spain,Male,44.0,0.0,2,0
Spain,Male,42.0,0.0,1,0
Spain,Male,45.0,0.0,2,0
Spain,Male,29.0,123971.36,1,0
Spain,Female,27.0,0.0,2,0
Spain,Male,37.0,0.0,3,1
Spain,Male,38.0,0.0,2,0
Spain,Female,36.0,171913.87,1,1
Spain,Male,26.0,0.0,2,0
Spain,Male,55.0,127290.62,2,1
Spain,Male,26.0,108239.11,1,0
Spain,Male,32.0,0.0,2,0
Spain,Male,34.0,106901.94,1,0
Spain,Male,48.0,167997.6,1,0
Spain,Male,62.0,0.0,2,0
Spain,Male,23.0,107749.03,1,0
Spain,Male,36.0,0.0,2,0
Spain,Female,55.0,0.0,3,1
Spain,Female,33.0,0.0,2,0
Spain,Female,31.0,111094.05,1,0
Spain,Male,58.0,111061.01,1,1
Spain,Female,41.0,0.0,1,0
Spain,Female,30.0,0.0,2,0
Spain,Male,33.0,125921.52,1,0
Spain,Male,32.0,0.0,2,0
Spain,Female,32.0,0.0,2,0
Spain,Male,48.0,82794.69,1,1
Spain,Male,41.0,0.0,2,0
Spain,Female,46.0,116886.59,1,0
Spain,Male,34.0,0.0,2,0
Spain,Female,36.0,187602.18,1,0
Spain,Male,35.0,106687.76,1,0
Spain,Male,34.0,0.0,2,0
Spain,Male,39.0,139180.2,2,0
Spain,Female,40.0,147687.72,1,0
Spain,Female,39.0,0.0,2,0
Spain,Female,45.0,97257.16,1,1
Spain,Male,51.0,0.0,2,0
Spain,Female,49.0,141806.28,1,0
Spain,Male,45.0,132351.29,1,0
Spain,Male,35.0,0.0,2,0
Spain,Male,32.0,127120.71,2,0
Spain,Female,26.0,0.0,1,1
Spain,Male,35.0,0.0,2,0
Spain,Female,30.0,0.0,2,0
Spain,Female,30.0,0.0,2,0
Spain,Male,27.0,0.0,2,0
Spain,Male,35.0,86911.8,1,1
Spain,Female,34.0,0.0,2,0
Spain,Male,50.0,159453.64,2,1
Spain,Male,41.0,0.0,2,0
Spain,Male,32.0,0.0,2,0
Spain,Female,45.0,137948.51,1,0
Spain,Male,32.0,150500.64,1,0
Spain,Male,47.0,0.0,1,1
Spain,Male,46.0,63723.97,1,0
Spain,Female,34.0,0.0,2,0
Spain,Female,44.0,79259.75,1,1
Spain,Male,37.0,0.0,2,0
Spain,Female,33.0,124576.39,1,0
Spain,Female,37.0,0.0,2,0
Spain,Male,38.0,122301.18,1,0
Spain,Male,38.0,0.0,2,0
Spain,Male,35.0,0.0,2,0
Spain,Male,36.0,0.0,2,0
Spain,Male,36.0,190479.48,1,0
Spain,Male,29.0,115730.71,1,0
Spain,Female,34.0,0.0,2,0
Spain,Male,29.0,0.0,1,0
Spain,Female,19.0,0.0,2,0
Spain,Female,63.0,0.0,4,1
Spain,Male,31.0,0.0,2,0
Spain,Male,35.0,117183.74,1,0
Spain,Male,35.0,0.0,1,1
Spain,Male,29.0,0.0,1,0
Spain,Male,33.0,122570.69,1,0
Spain,Male,43.0,0.0,1,0
Spain,Male,39.0,0.0,1,1
Spain,Male,63.0,124447.73,1,1
Spain,Male,32.0,122314.69,4,0
Spain,Male,39.0,0.0,2,0
Spain,Female,35.0,0.0,1,1
Spain,Male,32.0,0.0,1,1
Spain,Female,53.0,0.0,2,0
Spain,Male,26.0,0.0,2,0
Spain,Female,55.0,0.0,1,1
Spain,Male,40.0,0.0,2,0
Spain,Female,38.0,0.0,2,0
Spain,Male,25.0,0.0,1,0
Spain,Female,19.0,130274.22,2,0
Spain,Male,38.0,0.0,2,0
Spain,Female,29.0,0.0,2,0
Spain,Female,40.0,0.0,2,0
Spain,Female,47.0,0.0,1,1
Spain,Male,52.0,0.0,1,1
Spain,Female,37.0,0.0,1,1
Spain,Male,53.0,0.0,2,0
Spain,Male,23.0,0.0,2,0
Spain,Female,40.0,107726.93,2,0
Spain,Female,52.0,91622.52,3,1
Spain,Male,43.0,0.0,1,1
Spain,Male,42.0,0.0,1,0
Spain,Female,43.0,0.0,2,1
Spain,Female,45.0,0.0,3,1
Spain,Female,34.0,0.0,2,0
Spain,Male,38.0,165969.26,2,0
Spain,Male,30.0,103138.17,1,0
Spain,Male,31.0,174902.26,1,0
Spain,Female,38.0,147149.59,1,0
Spain,Male,41.0,0.0,2,0
Spain,Male,43.0,124701.81,2,1
Spain,Male,34.0,0.0,2,0
Spain,Female,39.0,0.0,2,0
Spain,Male,37.0,0.0,1,0
Spain,Female,39.0,0.0,2,0
Spain,Female,48.0,0.0,1,1
Spain,Male,48.0,130933.08,1,0
Spain,Female,39.0,0.0,2,0
Spain,Male,35.0,100476.46,1,0
Spain,Female,31.0,0.0,1,1
Spain,Male,30.0,82275.24,1,0
Spain,Female,27.0,0.0,2,0
Spain,Female,44.0,0.0,2,0
Spain,Male,35.0,0.0,2,0
Spain,Female,53.0,0.0,2,0
Spain,Female,37.0,0.0,1,0
Spain,Female,32.0,0.0,1,0
Spain,Female,43.0,0.0,2,0
Spain,Male,37.0,115282.3,1,0
Spain,Female,26.0,109958.15,1,0
Spain,Male,37.0,0.0,2,0
Spain,Male,40.0,0.0,2,0
Spain,Female,31.0,0.0,2,0
Spain,Female,34.0,0.0,2,0
Spain,Male,34.0,91711.59,2,0
Spain,Female,44.0,133744.01,1,0
Spain,Female,26.0,0.0,2,0
Spain,Female,41.0,103430.76,2,0
Spain,Male,35.0,0.0,2,0
Spain,Female,37.0,0.0,2,0
Spain,Male,29.0,130334.34,1,0
Spain,Male,42.0,0.0,2,0
Spain,Male,38.0,0.0,1,0
Spain,Female,56.0,0.0,1,1
Spain,Male,34.0,0.0,2,0
Spain,Male,29.0,0.0,2,0
Spain,Male,33.0,95507.12,1,0
Spain,Male,51.0,81818.49,1,0
Spain,Male,32.0,0.0,1,1
Spain,Male,30.0,0.0,2,0
Spain,Female,54.0,138032.15,3,1
Spain,Female,36.0,0.0,2,0
Spain,Male,29.0,118547.72,1,0
Spain,Female,29.0,0.0,2,0
Spain,Female,44.0,0.0,1,1
Spain,Female,48.0,0.0,2,1
Spain,Male,41.0,137811.75,1,0
Spain,Male,44.0,0.0,2,0
Spain,Male,26.0,148667.81,1,1
Spain,Female,52.0,0.0,3,1
Spain,Male,31.0,0.0,2,0
Spain,Male,40.0,0.0,1,0
Spain,Female,56.0,128472.8,1,0
Spain,Male,30.0,0.0,1,0
Spain,Male,35.0,0.0,1,0
Spain,Male,42.0,0.0,2,0
Spain,Male,36.0,0.0,1,0
Spain,Female,43.0,104478.12,1,0
Spain,Male,54.0,0.0,1,1
Spain,Female,34.0,0.0,2,0
Spain,Male,38.0,0.0,1,0
Spain,Female,44.0,0.0,1,1
Spain,Male,39.0,0.0,2,0
Spain,Female,40.0,130334.35,2,1
Spain,Female,49.0,96296.78,1,0
Spain,Male,49.0,0.0,1,1
Spain,Female,33.0,0.0,2,0
Spain,Male,37.0,97585.32,2,0
Spain,Female,35.0,0.0,1,1
Spain,Female,43.0,0.0,2,0
Spain,Male,37.0,125831.52,1,0
Spain,Female,33.0,118114.28,1,1
Spain,Female,36.0,0.0,3,1
Spain,Female,33.0,143974.04,1,0
Spain,Female,37.0,132412.01,1,0
Spain,Male,27.0,0.0,2,0
Spain,Male,34.0,0.0,1,0
Spain,Male,41.0,0.0,2,0
Spain,Female,35.0,93499.82,2,0
Spain,Female,54.0,0.0,2,1
Spain,Male,43.0,0.0,2,0
Spain,Male,35.0,126495.57,2,1
Spain,Female,43.0,142721.52,1,1
Spain,Male,38.0,152532.88,2,0
Spain,Female,49.0,174937.64,1,1
Spain,Female,32.0,91611.12,1,0
Spain,Female,31.0,0.0,1,1
Spain,Male,41.0,116886.59,1,1
Spain,Male,33.0,0.0,2,0
Spain,Female,43.0,107784.29,3,1
Spain,Female,47.0,0.0,2,1
Spain,Male,41.0,141156.63,1,0
Spain,Male,41.0,97338.19,1,0
Spain,Female,45.0,0.0,2,0
Spain,Female,20.0,0.0,2,0
Spain,Female,40.0,95297.11,1,0
Spain,Male,35.0,0.0,2,0
Spain,Male,36.0,0.0,1,0
Spain,Female,39.0,0.0,2,0
Spain,Female,36.0,135179.49,2,0
Spain,Male,43.0,0.0,2,0
Spain,Male,26.0,0.0,2,0
Spain,Male,43.0,113496.75,1,0
Spain,Male,35.0,0.0,2,0
Spain,Female,46.0,99286.98,1,1
Spain,Male,30.0,0.0,1,0
Spain,Female,38.0,97257.41,2,0
Spain,Male,42.0,0.0,2,0
Spain,Female,47.0,0.0,2,0
Spain,Male,56.0,0.0,1,1
Spain,Male,34.0,148659.48,1,0
Spain,Female,50.0,0.0,2,1
Spain,Male,58.0,0.0,2,0
Spain,Male,41.0,0.0,2,0
Spain,Male,24.0,0.0,2,0
Spain,Male,27.0,0.0,1,0
Spain,Female,49.0,0.0,1,0
Spain,Male,39.0,0.0,2,0
Spain,Male,38.0,96798.79,2,0
Spain,Female,32.0,124053.52,2,0
Spain,Female,34.0,109032.23,1,0
Spain,Female,41.0,0.0,1,1
Spain,Male,47.0,0.0,2,0
Spain,Female,30.0,0.0,2,0
Spain,Female,48.0,0.0,2,0
Spain,Male,50.0,0.0,2,0
Spain,Male,35.0,0.0,2,0
Spain,Female,35.0,0.0,2,0
Spain,Female,24.0,159203.71,1,0
Spain,Male,39.0,128015.83,2,0
Spain,Female,32.0,164701.66,1,0
Spain,Female,22.0,0.0,3,1
Spain,Male,31.0,152283.39,1,0
Spain,Male,43.0,69143.91,2,1
Spain,Male,34.0,0.0,2,0
Spain,Female,47.0,63488.7,1,1
Spain,Female,30.0,0.0,1,0
Spain,Male,46.0,0.0,1,1
Spain,Male,32.0,151858.98,1,0
Spain,Male,38.0,0.0,2,0
Spain,Male,50.0,159453.64,2,0
Spain,Male,26.0,0.0,1,1
Spain,Male,42.0,0.0,2,0
Spain,Male,25.0,0.0,2,0
Spain,Female,30.0,79871.02,1,0
Spain,Male,37.0,0.0,2,0
Spain,Female,41.0,86915.13,1,0
Spain,Female,35.0,0.0,2,0
Spain,Male,42.0,0.0,1,1
Spain,Male,39.0,0.0,2,0
Spain,Male,35.0,0.0,1,1
Spain,Female,39.0,0.0,3,1
Spain,Female,28.0,0.0,2,0
Spain,Female,52.0,194532.66,2,1
Spain,Male,33.0,102282.61,1,0
Spain,Male,27.0,0.0,2,0
Spain,Female,35.0,0.0,2,0
Spain,Male,38.0,136623.19,1,0
Spain,Male,35.0,0.0,2,0
Spain,Female,31.0,0.0,2,0
Spain,Male,38.0,0.0,2,0
Spain,Male,25.0,0.0,2,0
Spain,Male,43.0,0.0,2,0
Spain,Male,35.0,0.0,2,0
Spain,Male,40.0,128393.29,1,0
Spain,Male,29.0,77910.5,1,0
Spain,Male,36.0,0.0,2,0
Spain,Female,31.0,0.0,2,0
Spain,Male,35.0,0.0,2,0
Spain,Male,22.0,0.0,2,0
Spain,Female,39.0,0.0,2,0
Spain,Female,34.0,0.0,2,0
Spain,Male,21.0,130930.82,1,0
Spain,Male,25.0,0.0,2,0
Spain,Male,41.0,123760.68,1,0
Spain,Male,60.0,0.0,3,1
Spain,Male,40.0,170600.78,1,1
Spain,Male,31.0,0.0,2,0
Spain,Male,40.0,0.0,1,1
Spain,Male,39.0,124281.84,1,0
Spain,Female,36.0,0.0,3,1
Spain,Female,31.0,115039.6,3,1
Spain,Female,31.0,0.0,1,1
Spain,Male,29.0,0.0,2,0
Spain,Male,40.0,109681.61,1,0
Spain,Female,34.0,126825.3,1,0
Spain,Male,41.0,0.0,2,0
Spain,Female,38.0,0.0,2,0
Spain,Male,30.0,0.0,2,0
Spain,Female,56.0,181732.51,1,1
Spain,Male,35.0,0.0,2,0
Spain,Male,30.0,0.0,2,0
Spain,Female,34.0,0.0,1,0
Spain,Male,49.0,0.0,2,0
Spain,Male,33.0,0.0,2,0
Spain,Male,42.0,0.0,2,0
Spain,Male,37.0,0.0,2,0
Spain,Male,49.0,0.0,2,0
Spain,Female,32.0,0.0,2,0
Spain,Female,42.0,113923.64,1,0
Spain,Male,34.0,0.0,2,0
Spain,Male,41.0,0.0,2,0
Spain,Male,39.0,88348.98,2,0
Spain,Male,48.0,111927.45,1,0
Spain,Female,53.0,0.0,1,1
Spain,Male,42.0,0.0,2,0
Spain,Male,37.0,0.0,2,0
Spain,Male,30.0,132856.43,2,0
Spain,Male,35.0,0.0,2,0
Spain,Male,44.0,0.0,2,1
Spain,Male,34.0,0.0,2,0
Spain,Male,28.0,102282.61,2,0
Spain,Male,33.0,0.0,2,0
Spain,Female,38.0,0.0,2,0
Spain,Female,34.0,0.0,2,0
Spain,Female,29.0,121230.13,2,0
Spain,Male,39.0,0.0,2,0
Spain,Male,40.0,0.0,1,0
Spain,Male,35.0,151027.02,1,0
Spain,Male,38.0,141178.07,1,1
Spain,Male,33.0,0.0,1,1
Spain,Male,51.0,77967.5,1,0
Spain,Female,45.0,0.0,1,1
Spain,Male,31.0,0.0,1,0
Spain,Male,36.0,0.0,1,0
Spain,Male,28.0,137853.97,1,0
Spain,Female,70.0,0.0,1,1
Spain,Female,33.0,162560.32,1,0
Spain,Male,41.0,0.0,2,0
Spain,Male,32.0,0.0,1,1
Spain,Female,37.0,0.0,2,0
Spain,Male,38.0,0.0,2,0
Spain,Female,39.0,0.0,2,0
Spain,Female,25.0,0.0,2,0
Spain,Female,67.0,0.0,1,0
Spain,Male,41.0,0.0,1,0
Spain,Male,54.0,125456.07,1,1
Spain,Male,29.0,0.0,2,0
Spain,Female,29.0,0.0,2,0
Spain,Female,28.0,0.0,2,0
Spain,Male,33.0,121457.71,1,0
Spain,Male,45.0,0.0,2,0
Spain,Male,25.0,123981.31,1,0
Spain,Male,38.0,175580.27,1,0
Spain,Male,37.0,175534.78,2,0
Spain,Male,40.0,0.0,2,0
Spain,Male,37.0,117469.35,1,0
Spain,Male,65.0,0.0,1,1
Spain,Female,24.0,0.0,1,0
Spain,Male,32.0,150856.91,1,0
Spain,Male,35.0,0.0,1,0
Spain,Female,44.0,63972.29,1,1
Spain,Female,42.0,0.0,1,0
Spain,Male,37.0,118433.94,2,0
Spain,Female,54.0,0.0,1,0
Spain,Male,33.0,62212.29,1,0
Spain,Male,38.0,119799.27,1,0
Spain,Male,37.0,136855.94,1,0
Spain,Female,24.0,0.0,2,0
Spain,Male,36.0,0.0,2,0
Spain,Male,33.0,0.0,1,0
Spain,Male,40.0,0.0,1,0
Spain,Female,41.0,0.0,2,0
Spain,Female,24.0,117020.92,1,0
Spain,Male,37.0,0.0,2,0
Spain,Male,40.0,131368.3,1,1
Spain,Female,37.0,0.0,2,0
Spain,Male,38.0,0.0,2,0
Spain,Female,30.0,0.0,2,0
Spain,Female,40.0,0.0,1,0
Spain,Female,32.0,0.0,2,0
Spain,Male,31.0,0.0,2,0
Spain,Male,32.0,0.0,2,0
Spain,Female,43.0,89814.46,1,0
Spain,Male,28.0,0.0,2,0
Spain,Male,31.0,98903.06,1,0
Spain,Male,43.0,82228.67,1,0
Spain,Female,30.0,0.0,2,0
Spain,Female,27.0,0.0,2,0
Spain,Male,36.0,0.0,1,0
Spain,Male,39.0,0.0,2,0
Spain,Male,46.0,0.0,1,0
Spain,Female,29.0,0.0,2,0
Spain,Male,34.0,0.0,2,0
Spain,Male,57.0,0.0,1,1
Spain,Male,23.0,152321.69,2,0
Spain,Female,48.0,0.0,2,0
Spain,Male,35.0,0.0,2,0
Spain,Female,32.0,0.0,2,0
Spain,Male,30.0,0.0,1,0
Spain,Male,27.0,0.0,2,0
Spain,Female,45.0,113822.84,1,1
Spain,Female,34.0,0.0,2,0
Spain,Male,31.0,0.0,2,0
Spain,Female,37.0,0.0,2,0
Spain,Male,39.0,0.0,1,1
Spain,Female,33.0,96381.68,2,0
Spain,Male,30.0,0.0,2,0
Spain,Male,32.0,115465.98,1,0
Spain,Male,30.0,0.0,1,0
Spain,Female,40.0,88915.09,1,0
Spain,Male,32.0,0.0,2,0
Spain,Male,67.0,0.0,2,0
Spain,Male,41.0,0.0,2,0
Spain,Male,27.0,0.0,2,0
Spain,Female,35.0,0.0,2,0
Spain,Male,39.0,0.0,2,0
Spain,Female,44.0,0.0,1,1
Spain,Male,43.0,0.0,2,0
Spain,Female,34.0,0.0,2,0
Spain,Male,63.0,0.0,2,1
Spain,Male,34.0,0.0,2,0
Spain,Female,42.0,161628.66,1,0
Spain,Male,35.0,0.0,1,0
Spain,Male,36.0,0.0,2,0
Spain,Male,39.0,121172.97,1,0
Spain,Female,34.0,0.0,2,0
Spain,Male,35.0,102562.31,2,0
Spain,Female,40.0,94631.26,2,0
Spain,Male,38.0,0.0,2,0
Spain,Female,29.0,0.0,2,0
Spain,Male,37.0,0.0,2,0
Spain,Female,23.0,148384.64,1,0
Spain,Female,28.0,0.0,2,1
Spain,Female,37.0,126442.58,2,0
Spain,Female,33.0,76548.6,1,0
Spain,Male,34.0,0.0,2,0
Spain,Male,44.0,145222.99,1,0
Spain,Male,34.0,108185.81,2,0
Spain,Male,32.0,0.0,1,0
Spain,Male,30.0,121345.88,2,0
Spain,Male,32.0,0.0,2,0
Spain,Male,38.0,0.0,2,0
Spain,Female,33.0,0.0,1,0
Spain,Male,41.0,0.0,1,1
Spain,Female,56.0,0.0,3,1
Spain,Female,50.0,0.0,2,0
Spain,Female,29.0,0.0,1,0
Spain,Female,33.0,0.0,2,0
Spain,Female,66.0,0.0,2,0
Spain,Male,30.0,0.0,1,0
Spain,Male,36.0,0.0,2,0
Spain,Female,61.0,0.0,2,0
Spain,Male,30.0,0.0,2,0
Spain,Male,33.0,0.0,2,0
Spain,Female,25.0,0.0,2,0
Spain,Female,24.0,0.0,2,0
Spain,Male,31.0,0.0,2,0
Spain,Female,46.0,108380.72,1,1
Spain,Male,42.0,0.0,2,0
Spain,Male,58.0,0.0,1,0
Spain,Female,32.0,0.0,2,0
Spain,Female,57.0,173306.13,1,1
Spain,Female,38.0,0.0,1,0
Spain,Female,36.0,0.0,2,0
Spain,Female,40.0,0.0,2,0
Spain,Female,40.0,0.0,2,0
Spain,Female,40.0,0.0,2,0
Spain,Female,28.0,130866.19,2,0
Spain,Male,39.0,68375.85,2,0
Spain,Male,39.0,108396.64,2,0
Spain,Female,50.0,0.0,2,0
Spain,Male,31.0,72541.48,1,0
Spain,Male,37.0,134498.54,1,0
Spain,Female,38.0,0.0,2,0
Spain,Male,46.0,0.0,2,0
Spain,Male,34.0,121092.47,1,0
Spain,Female,25.0,0.0,2,0
Spain,Female,42.0,156847.34,1,0
Spain,Female,47.0,0.0,1,0
Spain,Male,35.0,0.0,2,0
Spain,Male,29.0,154962.18,1,0
Spain,Male,28.0,0.0,2,0
Spain,Male,34.0,118448.49,1,0
Spain,Male,30.0,0.0,2,0
Spain,Male,28.0,0.0,2,0
Spain,Male,31.0,0.0,2,0
Spain,Male,35.0,0.0,2,0
Spain,Female,21.0,0.0,2,0
Spain,Female,29.0,104784.22,1,0
Spain,Male,50.0,0.0,1,1
Spain,Male,32.0,0.0,2,0
Spain,Male,32.0,0.0,2,0
Spain,Male,35.0,0.0,2,0
Spain,Male,31.0,82275.68,1,0
Spain,Male,49.0,0.0,2,0
Spain,Male,32.0,0.0,2,0
Spain,Male,39.0,0.0,1,0
Spain,Female,38.0,0.0,1,1
Spain,Male,35.0,0.0,2,0
Spain,Male,44.0,120355.0,1,0
Spain,Male,38.0,0.0,2,0
Spain,Female,43.0,0.0,2,0
Spain,Female,47.0,0.0,2,0
Spain,Male,42.0,93608.28,1,0
Spain,Female,59.0,0.0,4,1
Spain,Female,29.0,105245.34,2,0
Spain,Male,76.0,0.0,2,0
Spain,Male,33.0,0.0,2,0
Spain,Female,32.0,0.0,2,0
Spain,Female,40.0,57327.16,1,1
Spain,Male,30.0,0.0,2,0
Spain,Female,28.0,0.0,1,0
Spain,Female,37.0,0.0,2,0
Spain,Female,33.0,0.0,2,0
Spain,Male,33.0,0.0,2,0
Spain,Female,38.0,195926.39,1,0
Spain,Male,32.0,175406.13,2,0
Spain,Male,38.0,0.0,2,0
Spain,Male,36.0,0.0,2,0
Spain,Female,39.0,119787.76,1,1
Spain,Female,36.0,133686.52,1,0
Spain,Female,39.0,166864.2,2,0
Spain,Male,34.0,85141.79,2,1
Spain,Female,51.0,0.0,2,0
Spain,Female,33.0,106376.49,1,0
Spain,Male,34.0,123816.36,1,0
Spain,Female,34.0,0.0,2,0
Spain,Male,42.0,0.0,3,1
Spain,Female,33.0,0.0,2,0
Spain,Male,40.0,0.0,1,0
Spain,Male,35.0,0.0,2,0
Spain,Male,57.0,0.0,1,0
Spain,Female,32.0,0.0,2,0
Spain,Male,48.0,0.0,1,1
Spain,Male,45.0,0.0,4,1
Spain,Female,27.0,0.0,1,1
Spain,Male,37.0,172478.15,1,0
Spain,Female,36.0,126477.42,2,1
Spain,Male,31.0,119327.93,1,0
Spain,Male,54.0,127864.26,1,1
Spain,Male,49.0,114446.84,1,0
Spain,Male,31.0,0.0,2,0
Spain,Male,45.0,0.0,2,1
Spain,Female,32.0,0.0,2,0
Spain,Female,37.0,0.0,2,1
Spain,Male,38.0,175575.95,1,0
Spain,Female,48.0,139979.07,1,0
Spain,Male,35.0,122405.04,1,0
Spain,Male,33.0,123365.34,1,0
Spain,Male,45.0,0.0,1,1
Spain,Female,27.0,0.0,2,0
Spain,Female,29.0,123969.96,2,0
Spain,Male,35.0,97543.47,1,0
Spain,Male,31.0,107592.89,2,0
Spain,Female,36.0,0.0,1,0
Spain,Female,59.0,0.0,2,0
Spain,Male,31.0,0.0,2,0
Spain,Female,41.0,0.0,2,0
Spain,Female,55.0,0.0,1,1
Spain,Male,52.0,136487.86,1,1
Spain,Female,46.0,0.0,2,0
Spain,Female,30.0,0.0,2,0
Spain,Female,33.0,0.0,2,1
Spain,Female,47.0,0.0,4,1
Spain,Female,26.0,0.0,2,0
Spain,Male,60.0,206014.94,1,1
Spain,Female,42.0,0.0,2,0
Spain,Female,25.0,132512.26,1,0
Spain,Male,38.0,0.0,2,0
Spain,Male,38.0,122522.52,1,0
Spain,Male,33.0,0.0,2,0
Spain,Female,35.0,105419.73,2,0
Spain,Female,50.0,0.0,1,1
Spain,Male,41.0,0.0,2,0
Spain,Male,51.0,0.0,2,0
Spain,Female,49.0,0.0,2,0
Spain,Female,45.0,0.0,3,1
Spain,Female,49.0,0.0,2,0
Spain,Female,32.0,113709.29,1,0
Spain,Male,19.0,103907.28,1,0
Spain,Male,39.0,0.0,1,0
Spain,Male,35.0,0.0,2,0
Spain,Female,46.0,0.0,1,1
Spain,Female,40.0,0.0,2,0
Spain,Male,38.0,0.0,2,0
Spain,Male,36.0,0.0,2,0
Spain,Female,34.0,127536.44,1,0
Spain,Female,28.0,0.0,2,0
Spain,Female,35.0,0.0,1,1
Spain,Male,51.0,0.0,2,0
Spain,Female,23.0,0.0,2,0
Spain,Male,31.0,99513.91,1,0
Spain,Female,39.0,0.0,2,0
Spain,Female,54.0,0.0,1,1
Spain,Male,31.0,0.0,2,0
Spain,Male,27.0,0.0,2,0
Spain,Female,32.0,0.0,2,0
Spain,Male,31.0,0.0,2,0
Spain,Male,36.0,0.0,2,0
Spain,Female,43.0,152508.99,2,0
Spain,Female,46.0,0.0,1,1
Spain,Female,29.0,0.0,1,0
Spain,Male,37.0,128389.12,1,0
Spain,Male,30.0,0.0,2,0
Spain,Female,30.0,0.0,2,0
Spain,Male,45.0,0.0,2,0
Spain,Female,31.0,106771.89,1,0
Spain,Female,56.0,0.0,1,0
Spain,Female,39.0,171602.45,1,1
Spain,Female,42.0,0.0,1,1
Spain,Female,48.0,75801.74,1,0
Spain,Male,54.0,132857.59,1,1
Spain,Male,39.0,82766.43,1,0
Spain,Female,39.0,0.0,1,1
Spain,Female,47.0,125167.02,1,1
Spain,Male,36.0,174400.97,1,1
Spain,Female,25.0,0.0,1,0
Spain,Male,39.0,0.0,1,1
Spain,Male,39.0,0.0,1,0
Spain,Male,26.0,156811.74,1,0
Spain,Female,45.0,87946.39,1,0
Spain,Male,38.0,0.0,1,0
Spain,Male,34.0,0.0,2,0
Spain,Female,50.0,0.0,1,1
Spain,Female,56.0,0.0,1,1
Spain,Female,50.0,0.0,2,0
Spain,Male,42.0,0.0,2,1
Spain,Female,45.0,122311.21,1,0
Spain,Female,28.0,123871.2,1,0
Spain,Male,41.0,89763.84,1,0
Spain,Male,33.0,0.0,2,0
Spain,Female,67.0,0.0,2,0
Spain,Male,41.0,115451.03,1,0
Spain,Female,35.0,137453.43,2,0
Spain,Female,48.0,127253.98,4,1
Spain,Female,38.0,127043.09,1,0
Spain,Male,58.0,0.0,2,0
Spain,Male,46.0,0.0,2,0
Spain,Male,26.0,0.0,2,0
Spain,Male,46.0,0.0,1,1
Spain,Female,37.0,0.0,2,0
Spain,Female,29.0,120307.58,1,1
Spain,Female,51.0,124425.99,2,0
Spain,Male,44.0,0.0,2,0
Spain,Male,46.0,177626.77,3,1
Spain,Male,32.0,0.0,1,1
Spain,Female,36.0,0.0,2,0
Spain,Female,28.0,0.0,2,0
Spain,Female,60.0,0.0,1,1
Spain,Male,30.0,0.0,2,0
Spain,Male,42.0,0.0,2,0
Spain,Male,67.0,121765.37,1,0
Spain,Female,61.0,62212.29,1,1
Spain,Male,37.0,0.0,1,0
Spain,Female,47.0,0.0,1,0
Spain,Female,57.0,121231.39,1,1
Spain,Male,32.0,0.0,1,0
Spain,Female,46.0,89364.91,2,0
Spain,Female,37.0,0.0,2,0
Spain,Female,34.0,0.0,2,0
Spain,Female,22.0,0.0,1,0
Spain,Male,33.0,68423.89,1,1
Spain,Female,34.0,0.0,2,0
Spain,Male,21.0,0.0,2,0
Spain,Male,49.0,0.0,1,1
Spain,Male,34.0,105599.14,2,0
Spain,Female,36.0,0.0,2,0
Spain,Female,34.0,128284.11,1,0
Spain,Male,35.0,0.0,2,0
Spain,Male,42.0,0.0,3,1
Spain,Female,31.0,0.0,2,0
Spain,Female,37.0,92616.64,1,0
Spain,Female,56.0,66582.18,1,1
Spain,Female,41.0,0.0,2,0
Spain,Male,45.0,155455.43,1,0
Spain,Female,27.0,96798.79,1,0
Spain,Female,27.0,0.0,1,0
Spain,Female,27.0,0.0,1,0
Spain,Male,54.0,98795.61,1,0
Spain,Female,33.0,0.0,2,0
Spain,Female,38.0,0.0,2,0
Spain,Female,36.0,0.0,2,0
Spain,Male,57.0,0.0,2,0
Spain,Female,40.0,0.0,2,1
Spain,Male,44.0,0.0,1,0
Spain,Female,23.0,95984.69,2,0
Spain,Male,35.0,118317.27,1,0
Spain,Female,54.0,0.0,1,1
Spain,Female,42.0,0.0,2,0
Spain,Female,38.0,0.0,2,0
Spain,Female,39.0,76683.52,1,0
Spain,Male,39.0,0.0,2,0
Spain,Male,48.0,0.0,1,1
Spain,Female,33.0,136082.0,1,0
Spain,Female,34.0,70731.07,1,1
Spain,Male,46.0,0.0,1,1
Spain,Female,45.0,0.0,1,1
Spain,Female,20.0,0.0,1,1
Spain,Male,46.0,0.0,2,0
Spain,Male,46.0,0.0,2,0
Spain,Male,55.0,104386.53,1,1
Spain,Male,35.0,0.0,2,0
Spain,Male,42.0,0.0,2,0
Spain,Male,38.0,0.0,1,0
Spain,Male,23.0,0.0,2,0
Spain,Male,38.0,0.0,1,0
Spain,Female,41.0,0.0,1,1
Spain,Female,35.0,0.0,2,0
Spain,Male,37.0,0.0,2,0
Spain,Female,27.0,0.0,2,0
Spain,Female,39.0,0.0,2,1
Spain,Female,52.0,0.0,2,0
Spain,Female,33.0,134896.03,1,1
Spain,Female,46.0,0.0,1,0
Spain,Female,42.0,0.0,2,0
Spain,Male,20.0,165260.98,1,0
Spain,Male,47.0,0.0,2,0
Spain,Female,50.0,94684.27,1,0
Spain,Female,29.0,0.0,2,0
Spain,Male,36.0,117413.92,1,0
Spain,Male,36.0,0.0,1,0
Spain,Male,29.0,0.0,2,0
Spain,Female,26.0,0.0,2,0
Spain,Female,30.0,0.0,1,0
Spain,Female,32.0,0.0,1,1
Spain,Female,38.0,0.0,2,0
Spain,Male,28.0,0.0,2,0
Spain,Female,34.0,0.0,2,0
Spain,Male,48.0,133870.28,1,0
Spain,Male,35.0,0.0,1,0
Spain,Female,36.0,0.0,2,0
Spain,Female,30.0,108117.1,2,0
Spain,Male,60.0,0.0,1,1
Spain,Male,42.0,0.0,2,0
Spain,Female,56.0,0.0,1,1
Spain,Female,40.0,0.0,1,1
Spain,Male,28.0,0.0,2,0
Spain,Male,62.0,161613.94,2,0
Spain,Male,40.0,0.0,2,0
Spain,Female,45.0,122570.87,1,0
Spain,Female,30.0,0.0,3,0
Spain,Male,30.0,0.0,2,0
Spain,Male,24.0,0.0,2,0
Spain,Male,39.0,0.0,1,0
Spain,Male,32.0,0.0,2,0
Spain,Female,24.0,141078.57,1,0
Spain,Male,37.0,124695.72,2,0
Spain,Male,40.0,0.0,2,0
Spain,Female,38.0,62811.33,1,0
Spain,Female,40.0,0.0,1,0
Spain,Male,40.0,0.0,2,0
Spain,Male,31.0,0.0,1,0
Spain,Female,26.0,0.0,2,0
Spain,Female,30.0,145071.61,1,1
Spain,Male,34.0,0.0,1,0
Spain,Female,33.0,0.0,2,0
Spain,Male,40.0,0.0,2,0
Spain,Female,52.0,61688.33,1,1
Spain,Male,48.0,116060.08,2,0
Spain,Male,39.0,0.0,2,0
Spain,Female,33.0,106086.57,1,0
Spain,Male,44.0,0.0,1,0
Spain,Female,48.0,149592.14,1,0
Spain,Male,35.0,0.0,1,0
Spain,Female,55.0,0.0,2,0
Spain,Male,37.0,108078.56,1,1
Spain,Female,32.0,126872.6,1,0
Spain,Male,36.0,0.0,2,0
Spain,Male,37.0,0.0,2,0
Spain,Female,22.0,97612.12,2,0
Spain,Male,35.0,0.0,2,0
Spain,Female,27.0,0.0,2,0
Spain,Male,38.0,161651.37,1,0
Spain,Female,44.0,98683.47,2,0
Spain,Male,28.0,164701.44,1,0
Spain,Male,33.0,0.0,2,0
Spain,Female,34.0,102950.14,1,0
Spain,Female,59.0,112803.92,2,0
Spain,Female,55.0,127512.56,1,1
Spain,Male,34.0,0.0,2,0
Spain,Male,37.0,0.0,2,0
Spain,Male,43.0,0.0,1,1
Spain,Male,36.0,126645.13,2,0
Spain,Male,28.0,0.0,1,0
Spain,Male,33.0,0.0,2,0
Spain,Male,29.0,0.0,2,0
Spain,Male,49.0,0.0,1,0
Spain,Male,36.0,122929.42,2,1
Spain,Male,30.0,0.0,2,0
Spain,Female,25.0,157929.52,1,0
Spain,Male,46.0,151709.33,2,0
Spain,Male,35.0,0.0,2,0
Spain,Male,37.0,165896.22,2,0
Spain,Female,30.0,0.0,2,0
Spain,Female,46.0,0.0,2,0
Spain,Male,38.0,0.0,2,0
Spain,Male,40.0,0.0,2,0
Spain,Female,43.0,86053.52,2,1
Spain,Male,35.0,0.0,3,1
Spain,Male,39.0,0.0,2,0
Spain,Male,43.0,0.0,2,0
Spain,Male,39.0,133618.01,1,1
Spain,Male,39.0,0.0,2,0
Spain,Female,43.0,0.0,1,1
Spain,Male,38.0,0.0,2,0
Spain,Female,33.0,0.0,1,1
Spain,Male,37.0,0.0,2,0
Spain,Female,38.0,0.0,3,1
Spain,Female,38.0,0.0,1,0
Spain,Male,32.0,0.0,1,1
Spain,Male,43.0,0.0,1,1
Spain,Male,34.0,0.0,2,0
Spain,Male,36.0,0.0,2,0
Spain,Female,28.0,0.0,2,0
Spain,Male,34.0,0.0,2,0
Spain,Female,42.0,127187.86,1,1
Spain,Female,30.0,156825.24,1,1
Spain,Male,37.0,0.0,1,0
Spain,Female,62.0,121537.42,1,0
Spain,Female,31.0,110581.31,1,0
Spain,Female,37.0,0.0,1,0
Spain,Male,48.0,123783.91,2,1
Spain,Male,28.0,108396.67,2,0
Spain,Female,41.0,0.0,2,0
Spain,Male,40.0,0.0,2,0
Spain,Female,33.0,0.0,2,0
Spain,Male,35.0,0.0,1,1
Spain,Male,38.0,108431.67,1,0
Spain,Male,29.0,129398.01,1,0
Spain,Male,47.0,198113.86,1,1
Spain,Female,31.0,0.0,2,0
Spain,Female,35.0,0.0,1,0
Spain,Male,32.0,0.0,2,0
Spain,Male,35.0,0.0,2,0
Spain,Female,42.0,0.0,2,0
Spain,Female,43.0,0.0,2,0
Spain,Male,37.0,0.0,2,0
Spain,Female,42.0,0.0,2,0
Spain,Male,56.0,0.0,1,1
Spain,Male,28.0,0.0,1,0
Spain,Female,34.0,0.0,1,0
Spain,Male,38.0,0.0,2,0
Spain,Female,41.0,0.0,1,0
Spain,Female,36.0,0.0,2,0
Spain,Male,26.0,0.0,2,0
Spain,Male,39.0,0.0,2,0
Spain,Female,36.0,0.0,2,1
Spain,Female,28.0,0.0,2,0
Spain,Male,42.0,0.0,2,0
Spain,Female,35.0,0.0,2,1
Spain,Male,34.0,83264.28,1,0
Spain,Male,30.0,155059.1,1,0
Spain,Female,46.0,0.0,1,1
Spain,Female,34.0,0.0,2,0
Spain,Male,36.0,0.0,2,0
Spain,Male,46.0,122031.55,1,1
Spain,Female,45.0,0.0,2,0
Spain,Female,26.0,0.0,2,0
Spain,Female,39.0,141829.67,1,0
Spain,Male,30.0,0.0,1,0
Spain,Female,34.0,0.0,2,0
Spain,Female,37.0,0.0,2,0
Spain,Male,46.0,0.0,2,0
Spain,Male,36.0,0.0,2,0
Spain,Male,35.0,0.0,2,0
Spain,Female,40.0,0.0,2,0
Spain,Female,34.0,0.0,2,0
Spain,Male,40.0,0.0,2,0
Spain,Female,40.0,0.0,1,1
Spain,Male,39.0,0.0,1,0
Spain,Male,34.0,0.0,2,0
Spain,Male,59.0,124974.91,1,0
Spain,Male,47.0,0.0,1,0
Spain,Female,40.0,0.0,1,1
Spain,Female,47.0,0.0,1,1
Spain,Female,42.0,0.0,1,1
Spain,Female,24.0,0.0,2,0
Spain,Female,42.0,146033.62,1,0
Spain,Male,27.0,0.0,2,0
Spain,Male,55.0,0.0,2,0
Spain,Female,33.0,0.0,2,1
Spain,Female,36.0,141581.71,1,0
Spain,Male,32.0,0.0,2,0
Spain,Male,42.0,194532.66,2,0
Spain,Male,40.0,0.0,2,0
Spain,Male,38.0,0.0,2,0
Spain,Female,51.0,124616.23,1,0
Spain,Female,33.0,72788.03,1,0
Spain,Male,36.0,0.0,2,0
Spain,Male,38.0,0.0,2,0
Spain,Male,28.0,0.0,2,0
Spain,Female,34.0,0.0,2,0
Spain,Male,33.0,0.0,2,0
Spain,Female,49.0,114427.45,1,0
Spain,Female,34.0,0.0,2,0
Spain,Male,42.0,156371.61,2,0
Spain,Male,39.0,0.0,2,0
Spain,Male,45.0,150923.74,1,0
Spain,Male,35.0,0.0,2,0
Spain,Female,45.0,0.0,2,0
Spain,Female,46.0,0.0,2,0
Spain,Male,54.0,0.0,2,0
Spain,Female,40.0,0.0,2,0
Spain,Male,43.0,0.0,2,0
Spain,Female,23.0,0.0,1,1
Spain,Female,43.0,145081.71,1,0
Spain,Male,40.0,0.0,2,0
Spain,Male,18.0,133432.59,1,0
Spain,Male,32.0,0.0,2,0
Spain,Male,35.0,0.0,2,0
Spain,Male,31.0,0.0,2,0
Spain,Female,32.0,0.0,2,0
Spain,Female,58.0,0.0,2,0
Spain,Female,28.0,153972.89,1,0
Spain,Male,43.0,0.0,1,0
Spain,Male,25.0,160599.06,2,1
Spain,Male,33.0,152663.56,1,1
Spain,Male,35.0,0.0,2,0
Spain,Male,27.0,0.0,1,0
Spain,Male,31.0,183579.74,2,0
Spain,Male,26.0,187294.46,1,0
Spain,Female,30.0,0.0,2,0
Spain,Male,31.0,0.0,2,0
Spain,Female,37.0,0.0,2,0
Spain,Male,34.0,0.0,2,0
Spain,Female,38.0,145553.07,1,0
Spain,Female,57.0,136820.99,1,0
Spain,Male,38.0,140553.46,1,0
Spain,Male,51.0,97318.25,3,1
Spain,Male,22.0,176273.95,1,0
Spain,Male,36.0,92476.88,1,0
Spain,Male,40.0,161588.89,1,0
Spain,Male,36.0,0.0,1,0
Spain,Female,28.0,0.0,2,0
Spain,Female,34.0,0.0,2,0
Spain,Female,54.0,105770.14,1,0
Spain,Male,35.0,140900.97,1,0
Spain,Male,23.0,0.0,2,0
Spain,Male,29.0,0.0,1,0
Spain,Male,36.0,93547.23,2,0
Spain,Female,56.0,0.0,2,0
Spain,Male,47.0,64430.06,2,0
Spain,Female,34.0,122471.09,1,0
Spain,Male,26.0,0.0,2,0
Spain,Female,38.0,0.0,2,0
Spain,Male,33.0,0.0,2,0
Spain,Female,29.0,0.0,1,0
Spain,Male,42.0,0.0,2,0
Spain,Female,32.0,0.0,2,0
Spain,Female,42.0,0.0,2,0
Spain,Female,32.0,107594.11,1,0
Spain,Female,34.0,123374.11,2,0
Spain,Female,29.0,139529.83,1,0
Spain,Male,42.0,0.0,2,0
Spain,Male,29.0,0.0,2,0
Spain,Male,37.0,0.0,2,0
Spain,Female,43.0,0.0,2,0
Spain,Male,43.0,0.0,2,1
Spain,Female,65.0,0.0,1,1
Spain,Female,34.0,0.0,2,0
Spain,Male,42.0,0.0,1,0
Spain,Male,43.0,0.0,2,0
Spain,Female,20.0,0.0,1,0
Spain,Male,40.0,0.0,2,0
Spain,Male,35.0,0.0,1,0
Spain,Male,35.0,0.0,2,0
Spain,Female,42.0,96679.72,1,0
Spain,Male,57.0,0.0,2,1
Spain,Male,35.0,0.0,2,0
Spain,Male,37.0,0.0,3,0
Spain,Male,40.0,160962.82,2,0
Spain,Male,22.0,0.0,2,0
Spain,Female,40.0,0.0,2,0
Spain,Male,38.0,0.0,1,0
Spain,Male,40.0,78829.53,1,1
Spain,Male,38.0,125397.21,3,1
Spain,Female,31.0,0.0,2,0
Spain,Male,38.0,0.0,1,1
Spain,Male,38.0,0.0,2,0
Spain,Male,40.0,103324.78,1,0
Spain,Female,33.0,0.0,2,0
Spain,Male,54.0,194532.66,1,0
Spain,Female,35.0,119182.73,1,0
Spain,Male,36.0,80780.16,1,0
Spain,Female,37.0,0.0,2,0
Spain,Female,32.0,0.0,2,0
Spain,Female,43.0,0.0,1,1
Spain,Female,40.0,165298.12,1,0
Spain,Female,45.0,0.0,2,1
Spain,Male,39.0,0.0,2,0
Spain,Female,38.0,0.0,2,0
Spain,Male,38.0,0.0,2,0
Spain,Male,41.0,0.0,1,1
Spain,Female,39.0,0.0,1,1
Spain,Male,26.0,0.0,1,0
Spain,Male,44.0,85891.55,1,0
Spain,Male,26.0,0.0,2,0
Spain,Female,24.0,0.0,2,0
Spain,Female,50.0,0.0,1,1
Spain,Male,32.0,117412.28,1,0
Spain,Male,33.0,0.0,2,0
Spain,Female,44.0,0.0,2,0
Spain,Male,39.0,170288.38,1,0
Spain,Male,24.0,0.0,1,0
Spain,Male,53.0,0.0,1,1
Spain,Female,29.0,85858.37,2,0
Spain,Male,31.0,0.0,2,0
Spain,Female,35.0,0.0,2,0
Spain,Male,26.0,161766.87,2,0
Spain,Male,31.0,0.0,2,0
Spain,Female,56.0,150635.3,1,1
Spain,Female,34.0,88335.89,1,0
Spain,Male,33.0,0.0,2,0
Spain,Male,31.0,0.0,2,0
Spain,Female,46.0,0.0,1,1
Spain,Female,36.0,0.0,2,0
Spain,Male,37.0,0.0,1,1
Spain,Female,37.0,91760.11,2,0
Spain,Female,26.0,75212.28,1,0
Spain,Male,38.0,127555.69,1,0
Spain,Male,34.0,0.0,1,0
Spain,Female,36.0,0.0,2,0
Spain,Female,30.0,0.0,2,0
Spain,Male,41.0,0.0,1,1
Spain,Female,40.0,145973.57,2,0
Spain,Male,39.0,0.0,2,0
Spain,Female,38.0,0.0,2,0
Spain,Female,49.0,0.0,1,1
Spain,Male,51.0,0.0,1,0
Spain,Male,31.0,0.0,1,0
Spain,Female,36.0,0.0,2,0
Spain,Male,41.0,0.0,2,0
Spain,Male,29.0,93980.32,1,0
Spain,Male,37.0,0.0,2,0
Spain,Male,29.0,141581.08,1,0
Spain,Male,42.0,222267.63,3,1
Spain,Female,29.0,0.0,2,0
Spain,Female,40.0,198338.77,2,1
Spain,Male,38.0,125539.6,1,1
Spain,Female,34.0,0.0,2,0
Spain,Male,36.0,99093.45,1,0
Spain,Female,28.0,0.0,2,0
Spain,Female,47.0,0.0,1,1
Spain,Female,42.0,0.0,2,0
Spain,Male,32.0,0.0,2,0
Spain,Male,32.0,79731.95,1,0
Spain,Male,42.0,0.0,2,0
Spain,Female,41.0,0.0,2,0
Spain,Female,29.0,71996.29,1,0
Spain,Male,32.0,91956.49,1,0
Spain,Female,45.0,124023.19,1,0
Spain,Female,39.0,95845.6,1,0
Spain,Male,35.0,0.0,2,0
Spain,Male,35.0,0.0,2,0
Spain,Female,43.0,0.0,2,0
Spain,Female,42.0,0.0,1,0
Spain,Male,22.0,0.0,1,0
Spain,Female,24.0,0.0,2,0
Spain,Female,54.0,118241.02,1,1
Spain,Female,37.0,0.0,2,0
Spain,Male,41.0,0.0,1,0
Spain,Female,29.0,0.0,2,0
Spain,Male,34.0,0.0,1,0
Spain,Female,34.0,0.0,2,0
Spain,Male,28.0,0.0,2,0
Spain,Female,37.0,167094.78,1,0
Spain,Female,29.0,0.0,2,1
Spain,Female,41.0,0.0,2,0
Spain,Male,40.0,0.0,1,1
Spain,Male,35.0,124053.53,1,0
Spain,Male,26.0,0.0,2,0
Spain,Female,32.0,0.0,1,0
Spain,Male,36.0,122965.6,1,0
Spain,Female,38.0,0.0,3,1
Spain,Female,56.0,0.0,1,1
Spain,Male,39.0,0.0,1,1
Spain,Male,54.0,0.0,2,1
Spain,Female,39.0,0.0,2,0
Spain,Female,44.0,0.0,2,0
Spain,Male,36.0,120135.55,1,0
Spain,Male,35.0,0.0,2,0
Spain,Male,29.0,0.0,2,0
Spain,Female,38.0,0.0,2,0
Spain,Female,37.0,0.0,2,0
Spain,Female,32.0,0.0,1,0
Spain,Female,46.0,0.0,1,1
Spain,Male,37.0,0.0,2,0
Spain,Male,43.0,78022.61,1,0
Spain,Male,35.0,0.0,2,0
Spain,Male,38.0,0.0,2,0
Spain,Female,45.0,183276.32,1,0
Spain,Male,42.0,0.0,2,0
Spain,Female,28.0,0.0,2,0
Spain,Female,29.0,0.0,2,1
Spain,Male,26.0,0.0,1,0
Spain,Male,29.0,0.0,2,0
Spain,Male,45.0,0.0,1,1
Spain,Female,30.0,0.0,2,0
Spain,Female,29.0,0.0,2,0
Spain,Male,32.0,0.0,2,0
Spain,Male,31.0,0.0,2,0
Spain,Female,27.0,0.0,1,0
Spain,Female,43.0,0.0,1,1
Spain,Male,41.0,0.0,2,0
Spain,Male,29.0,0.0,2,0
Spain,Female,24.0,0.0,2,0
Spain,Male,52.0,0.0,1,1
Spain,Male,38.0,122794.59,1,0
Spain,Male,34.0,132591.32,1,0
Spain,Male,29.0,0.0,2,0
Spain,Female,32.0,0.0,2,0
Spain,Female,33.0,0.0,1,1
Spain,Female,33.0,0.0,2,0
Spain,Male,43.0,113923.57,1,0
Spain,Male,30.0,0.0,2,0
Spain,Female,39.0,151963.26,1,1
Spain,Female,34.0,62381.79,1,0
Spain,Male,45.0,0.0,2,0
Spain,Male,39.0,0.0,2,0
Spain,Female,45.0,0.0,1,0
Spain,Male,22.0,0.0,2,0
Spain,Male,30.0,96798.79,1,0
Spain,Female,29.0,91291.6,2,0
Spain,Female,32.0,108396.92,1,0
Spain,Female,37.0,0.0,1,1
Spain,Female,29.0,0.0,2,0
Spain,Male,62.0,0.0,2,0
Spain,Female,39.0,0.0,2,0
Spain,Female,38.0,136526.26,1,0
Spain,Female,34.0,0.0,2,0
Spain,Male,52.0,0.0,2,0
Spain,Male,43.0,91957.15,2,0
Spain,Male,23.0,74989.3,2,0
Spain,Male,30.0,0.0,2,0
Spain,Male,38.0,0.0,1,0
Spain,Male,43.0,0.0,2,1
Spain,Female,32.0,0.0,2,0
Spain,Male,43.0,0.0,2,0
Spain,Male,38.0,0.0,2,0
Spain,Female,37.0,0.0,2,0
Spain,Female,57.0,0.0,1,1
Spain,Female,33.0,0.0,1,0
Spain,Male,31.0,128940.24,1,0
Spain,Male,25.0,91898.2,1,0
Spain,Female,40.0,0.0,3,1
Spain,Female,39.0,0.0,2,0
Spain,Female,40.0,110480.12,1,0
Spain,Male,38.0,68079.8,1,0
Spain,Female,38.0,0.0,1,0
Spain,Male,33.0,161274.05,2,0
Spain,Female,38.0,112609.63,1,0
Spain,Female,32.0,0.0,1,0
Spain,Female,29.0,0.0,1,0
Spain,Male,56.0,116980.78,1,1
Spain,Female,40.0,0.0,2,0
Spain,Female,43.0,100524.69,2,1
Spain,Female,44.0,0.0,2,0
Spain,Female,33.0,88294.6,1,1
Spain,Female,32.0,0.0,1,0
Spain,Male,42.0,0.0,1,0
Spain,Female,31.0,0.0,2,0
Spain,Female,37.0,0.0,2,0
Spain,Male,37.0,0.0,2,0
Spain,Male,28.0,0.0,2,0
Spain,Female,41.0,0.0,2,0
Spain,Male,38.0,116022.98,1,0
Spain,Male,36.0,0.0,1,0
Spain,Male,38.0,0.0,2,0
Spain,Female,43.0,93608.28,1,1
Spain,Female,47.0,157099.47,1,0
Spain,Male,36.0,0.0,1,0
Spain,Female,37.0,0.0,2,1
Spain,Female,38.0,97459.06,1,0
Spain,Female,42.0,0.0,2,0
Spain,Male,39.0,100212.17,1,0
Spain,Female,49.0,0.0,2,0
Spain,Female,62.0,0.0,1,1
Spain,Female,29.0,0.0,2,0
Spain,Female,30.0,0.0,2,0
Spain,Female,51.0,0.0,1,1
Spain,Female,38.0,0.0,2,0
Spain,Male,29.0,0.0,2,0
Spain,Male,53.0,0.0,2,0
Spain,Male,22.0,0.0,2,0
Spain,Female,31.0,0.0,2,0
Spain,Female,40.0,0.0,1,0
Spain,Male,38.0,144773.29,1,0
Spain,Male,41.0,0.0,2,0
Spain,Female,37.0,0.0,2,0
Spain,Female,37.0,0.0,1,0
Spain,Female,55.0,0.0,2,1
Spain,Male,24.0,0.0,2,0
Spain,Female,41.0,0.0,3,1
Spain,Male,31.0,0.0,2,0
Spain,Female,42.0,0.0,2,0
Spain,Male,38.0,0.0,2,0
Spain,Male,34.0,0.0,2,0
Spain,Male,39.0,112615.86,1,1
Spain,Male,40.0,118158.74,1,0
Spain,Female,42.0,0.0,1,1
Spain,Female,32.0,0.0,2,0
Spain,Female,45.0,0.0,2,0
Spain,Male,33.0,121389.94,1,0
Spain,Female,37.0,133489.12,2,0
Spain,Male,41.0,0.0,2,0
Spain,Male,35.0,0.0,1,0
Spain,Female,52.0,0.0,2,0
Spain,Female,41.0,0.0,2,0
Spain,Female,40.0,0.0,1,1
Spain,Male,32.0,112281.61,1,0
Spain,Female,41.0,83264.28,1,1
Spain,Male,34.0,84266.44,2,0
Spain,Male,41.0,174851.9,1,0
Spain,Male,46.0,0.0,2,1
Spain,Male,28.0,149594.02,1,0
Spain,Male,41.0,98675.19,1,0
Spain,Female,56.0,0.0,2,1
Spain,Male,32.0,0.0,2,0
Spain,Male,38.0,0.0,1,0
Spain,Male,57.0,0.0,1,0
Spain,Male,44.0,161623.0,1,0
Spain,Female,27.0,0.0,2,0
Spain,Female,32.0,0.0,1,0
Spain,Male,41.0,0.0,2,0
Spain,Female,54.0,108895.93,1,1
Spain,Female,49.0,0.0,2,0
Spain,Male,37.0,0.0,2,0
Spain,Male,43.0,126663.63,1,0
Spain,Male,41.0,0.0,2,0
Spain,Female,33.0,0.0,1,0
Spain,Male,55.0,64497.07,1,0
Spain,Male,33.0,121890.08,1,0
Spain,Male,39.0,0.0,2,0
Spain,Male,41.0,125920.98,1,1
Spain,Female,47.0,0.0,3,1
Spain,Female,46.0,0.0,2,0
Spain,Female,41.0,0.0,2,1
Spain,Female,37.0,0.0,1,0
Spain,Male,37.0,0.0,2,0
Spain,Male,37.0,166501.87,1,0
Spain,Male,47.0,0.0,1,0
Spain,Male,38.0,91622.66,1,0
Spain,Male,49.0,0.0,2,0
Spain,Male,30.0,0.0,2,0
Spain,Male,41.0,133476.09,2,0
Spain,Female,39.0,0.0,2,0
Spain,Female,34.0,0.0,2,0
Spain,Female,42.0,0.0,2,0
Spain,Female,43.0,0.0,1,1
Spain,Male,62.0,80927.56,1,0
Spain,Male,43.0,0.0,2,0
Spain,Female,23.0,105249.66,1,0
Spain,Female,36.0,0.0,2,0
Spain,Male,37.0,84560.04,1,0
Spain,Male,38.0,0.0,2,1
Spain,Female,32.0,100885.93,2,0
Spain,Female,48.0,0.0,1,1
Spain,Female,38.0,121259.39,1,0
Spain,Male,35.0,0.0,2,0
Spain,Male,39.0,0.0,1,0
Spain,Female,51.0,0.0,1,1
Spain,Male,43.0,0.0,2,0
Spain,Male,36.0,0.0,2,0
Spain,Female,35.0,0.0,2,0
Spain,Male,61.0,0.0,1,1
Spain,Male,45.0,0.0,3,1
Spain,Male,40.0,0.0,2,0
Spain,Female,29.0,0.0,1,0
Spain,Male,52.0,0.0,2,0
Spain,Male,40.0,0.0,2,0
Spain,Male,36.0,119799.27,2,0
Spain,Male,38.0,0.0,2,0
Spain,Male,29.0,0.0,1,0
Spain,Male,32.0,0.0,2,0
Spain,Female,34.0,0.0,2,0
Spain,Male,47.0,107799.85,1,0
Spain,Male,43.0,0.0,2,0
Spain,Male,25.0,122451.46,2,0
Spain,Male,32.0,0.0,2,0
Spain,Male,30.0,0.0,1,0
Spain,Female,37.0,138207.08,1,0
Spain,Female,36.0,147910.76,1,0
Spain,Female,32.0,0.0,1,0
Spain,Male,41.0,87096.82,1,0
Spain,Female,37.0,0.0,2,0
Spain,Male,47.0,0.0,1,1
Spain,Female,44.0,0.0,2,0
Spain,Male,27.0,0.0,2,0
Spain,Male,32.0,0.0,1,0
Spain,Female,38.0,0.0,1,0
Spain,Male,34.0,90194.34,1,0
Spain,Male,36.0,0.0,2,0
Spain,Female,35.0,125920.98,1,0
Spain,Male,55.0,133944.35,1,0
Spain,Female,45.0,140931.07,1,1
Spain,Male,57.0,0.0,2,1
Spain,Male,38.0,121063.93,1,0
Spain,Male,47.0,136776.24,1,0
Spain,Male,34.0,0.0,1,1
Spain,Female,51.0,0.0,1,0
Spain,Female,35.0,123818.41,1,0
Spain,Male,38.0,0.0,2,0
Spain,Female,43.0,120867.18,1,1
Spain,Male,28.0,0.0,2,0
Spain,Female,33.0,0.0,1,0
Spain,Male,31.0,0.0,2,0
Spain,Male,40.0,0.0,1,0
Spain,Female,51.0,0.0,2,0
Spain,Male,51.0,0.0,1,0
Spain,Male,38.0,0.0,2,0
Spain,Female,37.0,0.0,2,0
Spain,Female,42.0,0.0,1,0
Spain,Female,31.0,127900.72,1,0
Spain,Female,51.0,145729.71,1,1
Spain,Male,40.0,134714.7,2,0
Spain,Male,38.0,96143.47,1,0
Spain,Male,27.0,0.0,2,0
Spain,Female,64.0,0.0,1,0
Spain,Female,72.0,0.0,2,0
Spain,Female,31.0,0.0,1,0
Spain,Female,67.0,0.0,2,0
Spain,Female,32.0,156371.61,2,0
Spain,Male,61.0,0.0,1,1
Spain,Male,20.0,0.0,2,0
Spain,Male,33.0,0.0,2,0
Spain,Male,40.0,141038.57,1,0
Spain,Male,61.0,0.0,1,0
Spain,Male,38.0,0.0,2,0
Spain,Male,50.0,0.0,1,1
Spain,Male,45.0,118962.58,1,0
Spain,Male,51.0,0.0,1,1
Spain,Female,59.0,0.0,1,1
Spain,Male,34.0,0.0,2,0
Spain,Male,34.0,92526.15,1,0
Spain,Male,52.0,0.0,2,0
Spain,Male,40.0,0.0,2,0
Spain,Male,49.0,66582.81,1,0
Spain,Female,57.0,0.0,2,1
Spain,Female,38.0,0.0,1,0
Spain,Female,35.0,0.0,2,0
Spain,Male,43.0,0.0,1,0
Spain,Male,33.0,0.0,2,0
Spain,Female,44.0,0.0,1,0
Spain,Male,41.0,194532.66,2,0
Spain,Female,21.0,0.0,2,0
Spain,Male,72.0,0.0,2,0
Spain,Male,43.0,145081.72,1,1
Spain,Female,44.0,0.0,3,1
Spain,Female,43.0,0.0,1,1
Spain,Male,39.0,0.0,2,0
Spain,Female,30.0,0.0,2,0
Spain,Male,51.0,105770.31,3,1
Spain,Female,51.0,117060.46,1,0
Spain,Male,45.0,141573.55,1,0
Spain,Female,20.0,0.0,1,0
Spain,Male,45.0,105266.32,1,1
Spain,Male,39.0,0.0,2,0
Spain,Male,36.0,0.0,2,0
Spain,Male,49.0,0.0,1,0
Spain,Male,35.0,0.0,2,0
Spain,Male,37.0,0.0,1,0
Spain,Male,41.0,79757.21,1,0
Spain,Male,28.0,128396.33,2,0
Spain,Male,37.0,0.0,2,0
Spain,Female,43.0,0.0,1,1
Spain,Male,29.0,121240.37,2,0
Spain,Male,31.0,105056.13,2,0
Spain,Female,36.0,110928.52,1,0
Spain,Male,35.0,0.0,2,0
Spain,Male,21.0,0.0,2,0
Spain,Female,44.0,0.0,2,0
Spain,Male,31.0,144962.07,1,0
Spain,Male,38.0,0.0,2,0
Spain,Female,45.0,0.0,1,1
Spain,Male,27.0,0.0,2,0
Spain,Female,35.0,0.0,2,0
Spain,Male,36.0,0.0,2,0
Spain,Male,44.0,99004.24,2,0
Spain,Female,36.0,0.0,3,1
Spain,Male,36.0,0.0,2,1
Spain,Male,32.0,0.0,2,0
Spain,Female,28.0,141078.37,1,0
Spain,Female,31.0,0.0,2,0
Spain,Female,39.0,0.0,1,1
Spain,Female,32.0,0.0,2,0
Spain,Male,32.0,0.0,2,0
Spain,Male,53.0,0.0,2,0
Spain,Female,39.0,0.0,2,1
Spain,Female,27.0,0.0,2,0
Spain,Female,33.0,157961.96,1,0
Spain,Male,44.0,0.0,1,1
Spain,Male,39.0,0.0,2,0
Spain,Male,22.0,0.0,2,0
Spain,Male,34.0,0.0,2,0
Spain,Male,36.0,0.0,1,0
Spain,Female,36.0,117738.81,1,0
Spain,Male,46.0,147107.91,1,0
Spain,Male,50.0,0.0,2,0
Spain,Female,39.0,0.0,1,0
Spain,Male,31.0,0.0,2,0
Spain,Female,32.0,146781.24,2,0
Spain,Male,34.0,0.0,2,0
Spain,Female,30.0,0.0,2,0
Spain,Female,54.0,0.0,1,1
Spain,Female,49.0,0.0,1,1
Spain,Female,36.0,0.0,2,0
Spain,Male,59.0,0.0,1,1
Spain,Male,36.0,102936.42,1,0
Spain,Male,51.0,0.0,3,0
Spain,Female,54.0,118241.02,1,0
Spain,Female,36.0,84438.57,2,0
Spain,Male,71.0,0.0,1,0
Spain,Male,21.0,0.0,2,0
Spain,Male,24.0,0.0,2,0
Spain,Female,56.0,174506.1,2,0
Spain,Male,40.0,128718.78,2,0
Spain,Female,39.0,126816.18,2,0
Spain,Male,40.0,0.0,2,0
Spain,Male,42.0,0.0,2,0
Spain,Male,25.0,0.0,2,0
Spain,Male,56.0,122330.7,1,1
Spain,Male,45.0,0.0,1,0
Spain,Female,46.0,121537.71,2,0
Spain,Male,25.0,0.0,2,0
Spain,Female,37.0,0.0,2,0
Spain,Female,20.0,0.0,2,0
Spain,Female,53.0,145729.71,2,1
Spain,Female,29.0,113913.53,1,0
Spain,Female,27.0,0.0,2,0
Spain,Male,44.0,0.0,1,1
Spain,Male,38.0,0.0,1,0
Spain,Female,53.0,0.0,2,0
Spain,Male,37.0,125389.7,2,0
Spain,Female,46.0,0.0,3,1
Spain,Male,31.0,0.0,2,0
Spain,Female,39.0,0.0,2,0
Spain,Male,24.0,0.0,1,1
Spain,Male,33.0,163548.58,1,0
Spain,Male,29.0,0.0,2,0
Spain,Female,45.0,0.0,2,0
Spain,Female,40.0,0.0,1,1
Spain,Male,33.0,63127.41,1,0
Spain,Male,38.0,0.0,2,0
Spain,Male,35.0,0.0,1,1
Spain,Female,60.0,0.0,1,1
Spain,Male,52.0,0.0,2,1
Spain,Male,43.0,0.0,1,1
Spain,Female,49.0,164701.68,1,1
Spain,Female,30.0,0.0,2,0
Spain,Male,34.0,165326.2,1,0
Spain,Female,67.0,0.0,1,0
Spain,Female,35.0,0.0,2,0
Spain,Male,33.0,0.0,2,0
Spain,Female,41.0,0.0,2,0
Spain,Male,30.0,112392.18,1,0
Spain,Female,45.0,0.0,1,1
Spain,Female,35.0,0.0,2,0
Spain,Female,45.0,0.0,2,1
Spain,Male,36.0,0.0,2,0
Spain,Female,46.0,0.0,2,1
Spain,Male,32.0,88348.43,1,0
Spain,Male,44.0,0.0,1,1
Spain,Female,60.0,0.0,2,0
Spain,Male,24.0,152321.91,1,0
Spain,Female,31.0,102918.38,1,0
Spain,Female,40.0,0.0,2,0
Spain,Female,36.0,0.0,2,0
Spain,Male,48.0,0.0,2,1
Spain,Male,39.0,83161.65,1,0
Spain,Female,24.0,139443.75,2,0
Spain,Female,43.0,0.0,2,1
Spain,Male,39.0,0.0,2,0
Spain,Female,36.0,0.0,2,0
Spain,Male,34.0,0.0,2,0
Spain,Male,38.0,0.0,2,0
Spain,Female,22.0,0.0,1,0
Spain,Male,45.0,0.0,2,0
Spain,Male,61.0,68927.57,1,1
Spain,Female,54.0,0.0,2,0
Spain,Male,30.0,0.0,2,0
Spain,Female,50.0,0.0,1,1
Spain,Female,57.0,0.0,2,1
Spain,Male,44.0,0.0,1,0
Spain,Female,41.0,0.0,2,0
Spain,Male,35.0,0.0,2,0
Spain,Female,24.0,98567.1,1,0
Spain,Female,29.0,86006.3,1,0
Spain,Male,34.0,90212.0,1,0
Spain,Male,28.0,142263.45,2,0
Spain,Male,39.0,139443.75,2,1
Spain,Female,28.0,0.0,2,0
Spain,Male,31.0,144880.34,1,0
Spain,Male,38.0,0.0,2,0
Spain,Male,26.0,0.0,2,0
Spain,Female,28.0,123033.14,1,0
Spain,Female,56.0,129839.35,1,0
Spain,Male,36.0,0.0,2,0
Spain,Male,38.0,0.0,2,0
Spain,Male,30.0,136678.52,1,0
Spain,Male,32.0,0.0,1,0
Spain,Female,37.0,0.0,1,1
Spain,Male,32.0,0.0,1,0
Spain,Male,30.0,0.0,2,0
Spain,Female,51.0,123889.55,1,1
Spain,Female,29.0,0.0,1,1
Spain,Female,37.0,0.0,2,0
Spain,Male,26.0,152806.74,1,1
Spain,Female,28.0,0.0,1,0
Spain,Female,31.0,0.0,2,0
Spain,Male,27.0,133800.98,1,0
Spain,Female,64.0,83873.35,1,0
Spain,Male,37.0,0.0,2,0
Spain,Female,40.0,171325.98,1,0
Spain,Female,30.0,0.0,2,0
Spain,Male,40.0,0.0,2,0
Spain,Female,44.0,0.0,1,0
Spain,Male,38.0,0.0,2,0
Spain,Female,45.0,105266.32,1,1
Spain,Male,37.0,0.0,2,0
Spain,Male,33.0,0.0,2,0
Spain,Female,58.0,133476.09,2,0
Spain,Male,36.0,0.0,2,0
Spain,Male,42.0,0.0,2,0
Spain,Male,34.0,63563.13,2,0
Spain,Female,41.0,83310.24,1,0
Spain,Male,38.0,0.0,2,0
Spain,Male,34.0,0.0,2,0
Spain,Female,36.0,0.0,2,0
Spain,Female,64.0,72845.65,1,1
Spain,Female,36.0,0.0,2,0
Spain,Male,29.0,83889.03,1,0
Spain,Female,36.0,0.0,2,0
Spain,Female,45.0,130931.83,2,1
Spain,Male,44.0,102749.64,1,0
Spain,Female,35.0,132847.9,1,0
Spain,Female,40.0,0.0,2,0
Spain,Female,26.0,0.0,2,1
Spain,Male,31.0,0.0,2,0
Spain,Female,50.0,0.0,1,1
Spain,Female,45.0,0.0,2,1
Spain,Male,37.0,116932.59,1,0
Spain,Female,39.0,0.0,2,0
Spain,Male,36.0,156948.41,1,0
Spain,Female,35.0,87739.07,1,0
Spain,Male,29.0,0.0,1,0
Spain,Female,25.0,0.0,2,0
Spain,Male,25.0,0.0,2,0
Spain,Female,41.0,0.0,1,1
Spain,Female,31.0,0.0,2,0
Spain,Female,38.0,119963.45,1,0
Spain,Male,37.0,126550.9,2,0
Spain,Male,52.0,0.0,3,1
Spain,Female,28.0,0.0,2,0
Spain,Female,32.0,122924.75,1,0
Spain,Male,34.0,0.0,2,0
Spain,Female,28.0,0.0,2,0
Spain,Male,38.0,0.0,1,0
Spain,Male,47.0,0.0,2,0
Spain,Female,27.0,0.0,2,0
Spain,Female,49.0,0.0,2,0
Spain,Female,32.0,103515.39,1,1
Spain,Male,39.0,0.0,2,0
Spain,Female,37.0,0.0,2,0
Spain,Female,24.0,131365.37,1,0
Spain,Male,48.0,0.0,1,1
Spain,Male,42.0,0.0,1,0
Spain,Male,50.0,0.0,1,1
Spain,Female,36.0,0.0,1,1
Spain,Female,39.0,0.0,2,0
Spain,Male,27.0,0.0,2,0
Spain,Male,44.0,123082.08,1,1
Spain,Female,46.0,107548.94,1,1
Spain,Female,37.0,80924.04,2,0
Spain,Male,31.0,0.0,2,0
Spain,Male,33.0,96643.32,2,0
Spain,Female,48.0,0.0,3,1
Spain,Male,46.0,160736.63,1,0
Spain,Male,30.0,109121.71,1,0
Spain,Female,44.0,114035.38,1,0
Spain,Female,43.0,116121.67,1,0
Spain,Male,45.0,102530.32,1,1
Spain,Male,19.0,118358.68,1,1
Spain,Male,31.0,0.0,2,0
Spain,Male,31.0,0.0,2,0
Spain,Male,39.0,0.0,2,0
Spain,Male,28.0,0.0,2,0
Spain,Male,47.0,0.0,1,0
Spain,Female,42.0,0.0,2,0
Spain,Male,54.0,0.0,1,1
Spain,Male,27.0,153325.1,1,0
Spain,Male,36.0,0.0,2,0
Spain,Female,40.0,0.0,2,0
Spain,Female,37.0,0.0,2,0
Spain,Male,26.0,0.0,1,0
Spain,Female,28.0,0.0,2,0
Spain,Male,46.0,121542.57,1,1
Spain,Male,37.0,0.0,2,0
Spain,Male,42.0,149594.02,2,0
Spain,Female,38.0,142647.54,1,0
Spain,Male,34.0,0.0,1,0
Spain,Male,45.0,0.0,4,1
Spain,Male,53.0,143923.96,2,1
Spain,Female,37.0,0.0,2,0
Spain,Male,48.0,101198.01,1,0
Spain,Female,51.0,167557.12,1,0
Spain,Male,37.0,105599.82,2,0
Spain,Female,46.0,122549.64,1,1
Spain,Male,36.0,0.0,2,0
Spain,Male,30.0,82482.39,1,0
Spain,Male,56.0,0.0,2,0
Spain,Male,35.0,113635.16,1,0
Spain,Female,50.0,0.0,2,1
Spain,Male,34.0,0.0,2,0
Spain,Female,31.0,88813.32,2,0
Spain,Female,64.0,0.0,2,0
Spain,Female,38.0,0.0,2,0
Spain,Male,63.0,0.0,2,0
Spain,Female,41.0,101179.23,1,0
Spain,Male,27.0,0.0,2,0
Spain,Female,31.0,0.0,2,0
Spain,Female,32.0,0.0,2,0
Spain,Male,29.0,0.0,1,1
Spain,Male,29.0,0.0,2,0
Spain,Female,47.0,0.0,1,1
Spain,Male,59.0,153393.14,1,0
Spain,Male,24.0,132876.55,1,0
Spain,Female,37.0,122552.34,1,1
Spain,Female,41.0,0.0,1,0
Spain,Female,31.0,0.0,1,0
Spain,Male,35.0,0.0,2,0
Spain,Male,38.0,107949.41,1,0
Spain,Female,32.0,116248.88,1,0
Spain,Male,32.0,133686.52,1,0
Spain,Female,39.0,157929.45,1,0
Spain,Female,39.0,0.0,1,1
Spain,Female,38.0,0.0,2,0
Spain,Male,37.0,0.0,2,0
Spain,Female,28.0,154733.97,1,0
Spain,Male,44.0,121513.56,1,0
Spain,Male,28.0,0.0,2,0
Spain,Female,50.0,108760.27,1,0
Spain,Female,35.0,0.0,2,0
Spain,Male,41.0,0.0,1,0
Spain,Male,31.0,116234.61,1,0
Spain,Male,27.0,0.0,2,0
Spain,Male,36.0,122338.21,1,0
Spain,Male,36.0,141528.88,1,0
Spain,Male,46.0,0.0,2,0
Spain,Male,40.0,139432.37,1,0
Spain,Male,38.0,0.0,2,1
Spain,Female,28.0,0.0,2,0
Spain,Male,27.0,0.0,1,0
Spain,Male,31.0,0.0,2,0
Spain,Male,38.0,123781.68,1,0
Spain,Female,37.0,0.0,2,0
Spain,Male,31.0,0.0,2,0
Spain,Female,29.0,0.0,2,0
Spain,Male,61.0,136466.01,2,0
Spain,Male,45.0,0.0,2,0
Spain,Male,39.0,0.0,2,0
Spain,Male,32.0,176273.95,1,0
Spain,Male,39.0,105473.74,2,0
Spain,Male,49.0,0.0,2,1
Spain,Male,35.0,0.0,2,0
Spain,Female,39.0,101430.3,1,0
Spain,Male,44.0,0.0,1,0
Spain,Male,43.0,0.0,1,0
Spain,Male,39.0,0.0,2,0
Spain,Male,37.0,94486.47,1,0
Spain,Male,40.0,0.0,1,1
Spain,Male,47.0,0.0,2,0
Spain,Female,31.0,0.0,2,0
Spain,Female,28.0,0.0,2,0
Spain,Male,57.0,0.0,2,0
Spain,Female,41.0,0.0,2,0
Spain,Male,31.0,0.0,1,0
Spain,Female,32.0,0.0,2,0
Spain,Female,32.0,0.0,2,0
Spain,Male,42.0,0.0,2,0
Spain,Male,38.0,0.0,2,0
Spain,Male,35.0,103804.97,1,0
Spain,Male,43.0,0.0,1,0
Spain,Male,41.0,0.0,2,0
Spain,Female,29.0,0.0,2,0
Spain,Male,37.0,121669.93,1,0
Spain,Female,37.0,0.0,2,0
Spain,Male,38.0,139875.2,2,0
Spain,Male,38.0,0.0,2,0
Spain,Male,47.0,0.0,2,0
Spain,Male,65.0,138515.02,1,1
Spain,Male,33.0,0.0,1,1
Spain,Male,38.0,148466.93,1,0
Spain,Female,44.0,103907.43,1,0
Spain,Female,32.0,143773.26,1,0
Spain,Female,33.0,0.0,2,0
Spain,Male,56.0,135506.58,1,1
Spain,Male,42.0,140856.16,2,0
Spain,Female,38.0,121152.18,1,0
Spain,Female,40.0,0.0,2,0
Spain,Male,30.0,0.0,2,0
Spain,Male,34.0,0.0,1,1
Spain,Male,30.0,0.0,3,0
Spain,Male,42.0,0.0,2,0
Spain,Male,35.0,105492.53,1,0
Spain,Male,40.0,123783.99,1,0
Spain,Female,41.0,0.0,2,0
Spain,Female,38.0,88363.02,1,0
Spain,Male,40.0,0.0,2,0
Spain,Male,35.0,0.0,2,0
Spain,Female,50.0,0.0,1,0
Spain,Female,41.0,0.0,1,0
Spain,Female,34.0,121508.28,1,0
Spain,Female,39.0,0.0,2,0
Spain,Female,30.0,152335.7,1,0
Spain,Female,28.0,0.0,2,0
Spain,Female,29.0,138296.94,2,0
Spain,Male,29.0,0.0,2,0
Spain,Female,53.0,0.0,2,0
Spain,Male,31.0,93624.55,1,0
Spain,Male,43.0,121824.8,1,0
Spain,Male,32.0,0.0,2,0
Spain,Male,29.0,0.0,2,0
Spain,Male,31.0,83600.56,1,0
Spain,Female,34.0,0.0,2,0
Spain,Male,38.0,128366.44,1,0
Spain,Male,67.0,96196.24,1,1
Spain,Male,38.0,0.0,2,0
Spain,Female,40.0,0.0,1,0
Spain,Female,39.0,0.0,1,0
Spain,Male,29.0,0.0,2,0
Spain,Male,36.0,136487.86,2,0
Spain,Male,36.0,0.0,2,0
Spain,Male,44.0,0.0,3,1
Spain,Female,36.0,0.0,2,0
Spain,Male,41.0,0.0,1,0
Spain,Male,35.0,0.0,1,0
Spain,Female,38.0,0.0,2,0
Spain,Male,46.0,0.0,2,0
Spain,Female,42.0,0.0,1,1
Spain,Female,23.0,124577.33,1,0
Spain,Female,40.0,0.0,2,0
Spain,Male,22.0,153639.53,1,0
Spain,Male,41.0,0.0,2,0
Spain,Male,38.0,94901.09,1,0
Spain,Female,44.0,0.0,1,1
Spain,Male,39.0,0.0,1,1
Spain,Male,43.0,0.0,2,0
Spain,Male,36.0,149400.27,1,0
Spain,Female,30.0,114427.97,1,0
Spain,Female,33.0,127209.03,1,0
Spain,Male,38.0,0.0,1,1
Spain,Female,40.0,0.0,1,0
Spain,Female,41.0,112119.48,1,0
Spain,Female,38.0,0.0,1,1
Spain,Female,31.0,0.0,2,0
Spain,Female,33.0,0.0,3,1
Spain,Female,61.0,122446.61,2,0
Spain,Female,54.0,0.0,1,1
Spain,Male,42.0,0.0,2,0
Spain,Female,37.0,132623.6,1,0
Spain,Female,35.0,132412.38,1,0
Spain,Male,37.0,163789.49,2,0
Spain,Female,30.0,78653.05,1,0
Spain,Male,28.0,122449.31,2,1
Spain,Female,48.0,0.0,2,0
Spain,Male,39.0,121527.4,1,0
Spain,Male,38.0,0.0,2,0
Spain,Female,46.0,0.0,1,1
Spain,Male,59.0,0.0,4,1
Spain,Female,38.0,0.0,2,0
Spain,Male,34.0,0.0,2,0
Spain,Male,41.0,0.0,2,0
Spain,Male,36.0,0.0,1,0
Spain,Female,37.0,0.0,2,0
Spain,Male,37.0,143680.44,1,0
Spain,Female,38.0,0.0,2,0
Spain,Male,61.0,82182.1,1,0
Spain,Male,45.0,104631.67,1,0
Spain,Male,32.0,0.0,2,0
Spain,Male,34.0,0.0,2,0
Spain,Male,32.0,0.0,2,0
Spain,Female,66.0,142876.98,1,0
Spain,Female,32.0,0.0,2,0
Spain,Female,41.0,150186.88,2,0
Spain,Female,34.0,0.0,2,0
Spain,Male,40.0,108004.64,2,0
Spain,Male,24.0,0.0,2,0
Spain,Male,39.0,0.0,2,0
Spain,Female,40.0,109740.62,1,0
Spain,Female,33.0,137222.77,1,0
Spain,Female,39.0,0.0,2,0
Spain,Female,31.0,0.0,1,0
Spain,Male,31.0,109799.55,2,0
Spain,Male,35.0,0.0,2,0
Spain,Female,41.0,178095.72,1,0
Spain,Female,36.0,126473.33,1,0
Spain,Female,34.0,0.0,1,0
Spain,Male,48.0,103817.27,1,1
Spain,Female,40.0,0.0,2,0
Spain,Female,23.0,152360.69,1,0
Spain,Male,22.0,0.0,2,0
Spain,Female,28.0,0.0,2,0
Spain,Female,37.0,62774.13,1,0
Spain,Female,35.0,152310.22,1,0
Spain,Female,35.0,0.0,2,0
Spain,Male,34.0,0.0,1,0
Spain,Female,28.0,0.0,2,0
Spain,Female,32.0,0.0,2,0
Spain,Female,35.0,0.0,1,0
Spain,Male,35.0,0.0,2,0
Spain,Male,46.0,0.0,2,0
Spain,Male,36.0,0.0,1,0
Spain,Male,43.0,105229.34,2,0
Spain,Female,52.0,0.0,1,1
Spain,Female,33.0,0.0,2,0
Spain,Male,30.0,108742.42,1,0
Spain,Male,34.0,0.0,2,0
Spain,Female,46.0,0.0,2,0
Spain,Male,28.0,0.0,2,0
Spain,Male,41.0,121161.55,1,1
Spain,Male,25.0,62094.71,1,0
Spain,Male,44.0,0.0,2,0
Spain,Female,38.0,0.0,2,0
Spain,Female,37.0,161802.27,2,0
Spain,Female,40.0,0.0,1,1
Spain,Male,33.0,0.0,1,0
Spain,Male,35.0,0.0,1,0
Spain,Female,26.0,139840.36,1,0
Spain,Female,40.0,0.0,3,1
Spain,Male,35.0,0.0,2,0
Spain,Male,39.0,0.0,1,1
Spain,Female,48.0,127543.11,1,1
Spain,Male,39.0,0.0,2,0
Spain,Male,37.0,0.0,2,0
Spain,Female,40.0,0.0,1,0
Spain,Male,36.0,0.0,1,0
Spain,Female,32.0,102773.15,2,0
Spain,Female,33.0,0.0,1,0
Spain,Male,32.0,0.0,2,0
Spain,Female,35.0,0.0,2,0
Spain,Female,42.0,0.0,1,0
Spain,Female,38.0,0.0,2,0
Spain,Male,29.0,0.0,2,0
Spain,Female,31.0,0.0,2,0
Spain,Female,26.0,129840.39,2,0
Spain,Male,39.0,0.0,2,0
Spain,Female,40.0,152760.24,2,0
Spain,Female,22.0,141604.76,1,0
Spain,Male,50.0,0.0,2,0
Spain,Male,33.0,145729.71,1,0
Spain,Female,46.0,0.0,2,0
Spain,Male,43.0,0.0,2,0
Spain,Male,30.0,0.0,2,0
Spain,Male,33.0,0.0,1,0
Spain,Male,59.0,0.0,2,0
Spain,Male,42.0,0.0,2,0
Spain,Female,35.0,0.0,2,0
Spain,Male,33.0,0.0,2,0
Spain,Male,30.0,0.0,2,0
Spain,Male,71.0,0.0,1,0
Spain,Female,25.0,0.0,2,0
Spain,Male,29.0,0.0,1,0
Spain,Female,52.0,122917.71,1,0
Spain,Male,23.0,164902.43,1,0
Spain,Male,35.0,123660.46,1,0
Spain,Male,38.0,146587.3,2,0
Spain,Male,25.0,127728.24,2,0
Spain,Male,52.0,126823.26,1,0
Spain,Male,35.0,0.0,2,0
Spain,Male,31.0,112713.34,1,0
Spain,Female,34.0,0.0,2,0
Spain,Female,30.0,148021.12,1,0
Spain,Female,40.0,0.0,2,0
Spain,Male,28.0,157955.83,1,0
Spain,Female,37.0,0.0,2,0
Spain,Male,73.0,0.0,1,0
Spain,Female,31.0,179532.84,1,0
Spain,Male,30.0,0.0,2,0
Spain,Female,30.0,0.0,2,0
Spain,Female,19.0,0.0,1,1
Spain,Male,22.0,0.0,1,0
Spain,Female,46.0,0.0,2,1
Spain,Female,44.0,0.0,2,0
Spain,Male,31.0,0.0,1,0
Spain,Female,39.0,0.0,2,0
Spain,Female,37.0,99774.5,2,0
Spain,Female,62.0,0.0,2,0
Spain,Male,29.0,127864.26,2,0
Spain,Male,33.0,0.0,2,0
Spain,Male,27.0,0.0,2,0
Spain,Female,39.0,0.0,2,0
Spain,Female,52.0,0.0,2,0
Spain,Male,52.0,0.0,2,1
Spain,Male,36.0,0.0,2,1
Spain,Male,51.0,0.0,1,1
Spain,Male,26.0,0.0,1,1
Spain,Male,38.0,136855.24,1,0
Spain,Female,35.0,140553.98,1,0
Spain,Male,37.0,103024.37,1,0
Spain,Male,48.0,116932.59,1,1
Spain,Male,30.0,0.0,2,0
Spain,Male,41.0,222267.63,1,0
Spain,Female,48.0,0.0,2,0
Spain,Male,42.0,121894.34,1,0
Spain,Male,49.0,109162.49,1,0
Spain,Female,33.0,0.0,2,0
Spain,Female,35.0,0.0,2,0
Spain,Male,36.0,0.0,2,0
Spain,Female,28.0,0.0,2,0
Spain,Female,54.0,0.0,2,0
Spain,Male,39.0,0.0,2,0
Spain,Male,35.0,0.0,2,0
Spain,Male,51.0,0.0,2,0
Spain,Male,36.0,112670.48,1,0
Spain,Female,46.0,73493.17,1,1
Spain,Male,28.0,0.0,2,0
Spain,Male,26.0,0.0,2,0
Spain,Male,53.0,0.0,1,1
Spain,Female,33.0,0.0,1,0
Spain,Female,33.0,0.0,2,0
Spain,Female,35.0,0.0,2,0
Spain,Male,33.0,0.0,2,0
Spain,Female,39.0,0.0,1,1
Spain,Male,46.0,183276.32,1,0
Spain,Male,42.0,0.0,2,0
Spain,Female,50.0,0.0,2,0
Spain,Female,27.0,0.0,1,1
Spain,Male,49.0,138825.53,1,0
Spain,Female,45.0,0.0,1,1
Spain,Male,35.0,0.0,1,1
Spain,Female,24.0,0.0,2,0
Spain,Male,39.0,0.0,2,0
Spain,Male,62.0,165896.0,1,1
Spain,Male,35.0,0.0,2,0
Spain,Female,25.0,0.0,2,0
Spain,Male,39.0,0.0,2,0
Spain,Female,46.0,0.0,1,1
Spain,Female,35.0,110928.71,1,0
Spain,Female,32.0,0.0,2,0
Spain,Male,35.0,178058.06,1,0
Spain,Male,27.0,0.0,2,0
Spain,Male,32.0,0.0,1,1
Spain,Female,31.0,0.0,2,0
Spain,Female,57.0,173306.13,1,0
Spain,Male,37.0,115934.74,1,0
Spain,Female,43.0,123180.01,2,0
Spain,Male,38.0,0.0,1,1
Spain,Male,50.0,130023.38,2,0
Spain,Female,35.0,0.0,1,0
Spain,Female,27.0,0.0,2,0
Spain,Male,51.0,0.0,2,0
Spain,Male,25.0,0.0,2,0
Spain,Male,48.0,0.0,1,0
Spain,Female,28.0,0.0,2,0
Spain,Female,28.0,0.0,2,0
Spain,Female,34.0,44054.84,1,0
Spain,Female,43.0,0.0,1,1
Spain,Female,30.0,122453.97,1,0
Spain,Female,28.0,0.0,1,0
Spain,Male,61.0,125921.37,1,0
Spain,Female,45.0,0.0,2,0
Spain,Male,58.0,121537.15,1,0
Spain,Female,33.0,0.0,2,0
Spain,Male,36.0,91760.11,1,0
Spain,Male,33.0,0.0,2,0
Spain,Male,44.0,92786.96,1,1
Spain,Male,24.0,0.0,2,0
Spain,Male,35.0,0.0,2,0
Spain,Female,32.0,0.0,2,0
Spain,Female,44.0,141806.76,1,0
Spain,Male,46.0,0.0,2,0
Spain,Male,35.0,71264.02,1,0
Spain,Male,42.0,0.0,1,0
Spain,Female,43.0,0.0,2,0
Spain,Male,40.0,0.0,2,0
Spain,Male,28.0,0.0,2,0
Spain,Male,29.0,83889.03,1,0
Spain,Female,41.0,0.0,2,0
Spain,Female,25.0,102097.33,1,0
Spain,Male,39.0,0.0,2,0
Spain,Female,34.0,0.0,2,0
Spain,Male,40.0,121389.78,1,0
Spain,Female,36.0,155180.56,1,1
Spain,Female,28.0,0.0,2,0
Spain,Male,37.0,0.0,2,0
Spain,Male,44.0,0.0,2,0
Spain,Male,41.0,119782.72,1,0
Spain,Female,54.0,144027.8,2,0
Spain,Male,33.0,0.0,2,0
Spain,Male,46.0,0.0,1,1
Spain,Male,38.0,97574.04,2,0
Spain,Male,37.0,0.0,2,0
Spain,Male,33.0,0.0,2,0
Spain,Male,26.0,0.0,2,0
Spain,Male,58.0,0.0,2,0
Spain,Male,67.0,0.0,2,0
Spain,Male,44.0,0.0,1,1
Spain,Female,32.0,0.0,1,1
Spain,Male,29.0,0.0,1,0
Spain,Female,29.0,157576.47,2,1
Spain,Male,36.0,0.0,2,0
Spain,Male,49.0,132876.6,1,1
Spain,Male,38.0,0.0,2,0
Spain,Male,36.0,0.0,2,0
Spain,Male,29.0,133434.57,1,1
Spain,Female,34.0,0.0,2,0
Spain,Male,36.0,84390.8,2,0
Spain,Male,31.0,152685.4,1,0
Spain,Female,41.0,0.0,2,0
Spain,Male,58.0,0.0,1,1
Spain,Male,27.0,0.0,2,0
Spain,Male,39.0,0.0,2,0
Spain,Male,31.0,0.0,2,0
Spain,Male,22.0,82914.04,1,0
Spain,Female,37.0,131287.36,1,0
Spain,Female,42.0,0.0,2,0
Spain,Female,49.0,0.0,1,1
Spain,Male,30.0,0.0,2,0
Spain,Male,34.0,0.0,2,0
Spain,Male,39.0,0.0,2,0
Spain,Male,34.0,0.0,2,0
Spain,Male,35.0,102025.78,1,0
Spain,Male,35.0,0.0,2,0
Spain,Male,25.0,0.0,2,0
Spain,Female,33.0,0.0,2,0
Spain,Female,44.0,0.0,2,0
Spain,Female,42.0,82940.25,2,0
Spain,Female,39.0,0.0,2,0
Spain,Female,20.0,0.0,2,0
Spain,Female,41.0,0.0,2,0
Spain,Male,38.0,81623.67,1,0
Spain,Female,37.0,0.0,2,0
Spain,Female,40.0,161766.87,2,1
Spain,Male,44.0,0.0,1,1
Spain,Male,45.0,0.0,2,0
Spain,Female,33.0,0.0,2,0
Spain,Male,25.0,175307.32,1,0
Spain,Male,31.0,97554.03,1,0
Spain,Female,29.0,0.0,2,0
Spain,Female,34.0,0.0,1,1
Spain,Male,33.0,0.0,2,0
Spain,Female,29.0,140431.85,1,0
Spain,Male,42.0,90538.51,2,0
Spain,Male,36.0,95560.04,1,0
Spain,Male,24.0,0.0,2,0
Spain,Female,54.0,115769.36,1,1
Spain,Female,36.0,100895.54,1,0
Spain,Male,45.0,0.0,2,0
Spain,Female,38.0,99818.41,1,0
Spain,Male,27.0,133844.0,1,0
Spain,Male,37.0,0.0,2,0
Spain,Female,35.0,0.0,2,0
Spain,Male,37.0,128131.73,1,0
Spain,Female,44.0,125536.3,1,1
Spain,Male,72.0,98903.06,1,0
Spain,Male,40.0,0.0,2,0
Spain,Male,40.0,115743.6,1,0
Spain,Male,38.0,0.0,2,0
Spain,Male,29.0,0.0,2,0
Spain,Female,38.0,79948.79,1,0
Spain,Male,33.0,0.0,2,0
Spain,Male,54.0,0.0,2,0
Spain,Male,28.0,129608.57,1,0
Spain,Male,37.0,0.0,2,0
Spain,Male,36.0,66220.17,1,0
Spain,Male,32.0,0.0,1,0
Spain,Male,40.0,0.0,1,0
Spain,Male,32.0,169399.6,1,0
Spain,Male,53.0,0.0,2,0
Spain,Male,65.0,102541.1,1,0
Spain,Male,55.0,113599.28,1,1
Spain,Male,40.0,0.0,2,0
Spain,Male,32.0,0.0,2,0
Spain,Male,36.0,108909.12,1,0
Spain,Male,31.0,112119.48,2,0
Spain,Male,32.0,0.0,1,0
Spain,Male,36.0,0.0,2,0
Spain,Female,42.0,154870.28,1,0
Spain,Male,33.0,142876.98,1,0
Spain,Male,36.0,0.0,2,0
Spain,Male,37.0,0.0,3,1
Spain,Female,40.0,0.0,2,0
Spain,Female,35.0,0.0,2,0
Spain,Male,48.0,125211.92,3,1
Spain,Male,37.0,114346.3,1,0
Spain,Male,29.0,0.0,2,0
Spain,Female,35.0,0.0,2,0
Spain,Female,40.0,0.0,1,0
Spain,Female,39.0,0.0,2,0
Spain,Female,26.0,113948.58,2,0
Spain,Male,53.0,170491.84,1,0
Spain,Female,30.0,121365.39,1,0
Spain,Male,49.0,0.0,2,0
Spain,Female,40.0,0.0,2,0
Spain,Female,47.0,0.0,2,1
Spain,Male,27.0,0.0,2,0
Spain,Male,33.0,0.0,1,0
Spain,Female,43.0,0.0,1,1
Spain,Female,41.0,0.0,2,0
Spain,Male,57.0,0.0,2,0
Spain,Male,32.0,0.0,2,0
Spain,Female,40.0,0.0,1,0
Spain,Male,25.0,0.0,2,0
Spain,Female,32.0,0.0,1,0
Spain,Female,35.0,0.0,2,0
Spain,Male,28.0,138241.9,1,0
Spain,Male,32.0,0.0,2,0
Spain,Male,33.0,0.0,2,0
Spain,Male,29.0,0.0,2,0
Spain,Male,41.0,106514.82,1,0
Spain,Male,38.0,0.0,2,0
Spain,Female,46.0,0.0,2,0
Spain,Male,41.0,0.0,2,0
Spain,Male,33.0,0.0,2,0
Spain,Male,36.0,0.0,2,0
Spain,Male,44.0,0.0,2,0
Spain,Male,36.0,0.0,2,0
Spain,Female,38.0,0.0,2,0
Spain,Female,43.0,0.0,1,1
Spain,Male,35.0,168964.9,1,0
Spain,Female,54.0,0.0,1,1
Spain,Female,23.0,0.0,1,0
Spain,Male,31.0,0.0,2,0
Spain,Male,29.0,0.0,2,0
Spain,Female,36.0,0.0,1,1
Spain,Female,36.0,138489.66,1,0
Spain,Male,41.0,0.0,2,0
Spain,Male,31.0,0.0,2,0
Spain,Female,34.0,0.0,2,0
Spain,Male,43.0,0.0,2,0
Spain,Female,29.0,0.0,2,0
Spain,Female,37.0,0.0,2,0
Spain,Female,36.0,0.0,2,0
Spain,Male,38.0,0.0,2,0
Spain,Male,24.0,0.0,2,0
Spain,Female,38.0,0.0,1,0
Spain,Male,45.0,0.0,1,1
Spain,Male,43.0,0.0,2,0
Spain,Male,48.0,101238.24,2,1
Spain,Male,44.0,174701.0,1,1
Spain,Female,39.0,161801.47,1,0
Spain,Male,45.0,51949.95,1,1
Spain,Male,35.0,0.0,2,0
Spain,Male,39.0,172463.45,1,0
Spain,Male,32.0,0.0,2,0
Spain,Male,31.0,84557.82,1,0
Spain,Female,45.0,0.0,3,1
Spain,Female,22.0,0.0,1,0
Spain,Male,31.0,0.0,2,0
Spain,Male,44.0,0.0,2,0
Spain,Female,36.0,0.0,1,0
Spain,Male,41.0,104631.67,2,0
Spain,Male,31.0,84587.9,1,0
Spain,Male,31.0,0.0,2,0
Spain,Male,48.0,174853.46,1,0
Spain,Male,41.0,0.0,1,0
Spain,Female,35.0,116393.59,1,0
Spain,Male,26.0,152968.73,1,0
Spain,Male,47.0,100912.55,3,1
Spain,Male,33.0,99705.67,1,0
Spain,Female,29.0,0.0,1,1
Spain,Male,37.0,117879.23,1,0
Spain,Male,55.0,0.0,1,1
Spain,Male,48.0,0.0,1,0
Spain,Female,38.0,134168.5,2,0
Spain,Female,57.0,0.0,1,1
Spain,Male,35.0,0.0,1,0
Spain,Male,24.0,0.0,2,0
Spain,Male,33.0,0.0,2,0
Spain,Male,45.0,0.0,1,0
Spain,Male,41.0,0.0,1,0
Spain,Female,32.0,0.0,2,0
Spain,Male,29.0,0.0,2,0
Spain,Female,50.0,0.0,2,0
Spain,Female,38.0,122703.6,2,0
Spain,Male,25.0,0.0,1,0
Spain,Female,38.0,0.0,2,0
Spain,Female,39.0,143903.11,1,0
Spain,Male,41.0,0.0,2,0
Spain,Female,31.0,0.0,2,0
Spain,Male,30.0,0.0,2,0
Spain,Male,31.0,0.0,2,0
Spain,Female,45.0,0.0,2,0
Spain,Female,40.0,0.0,1,1
Spain,Male,38.0,0.0,2,0
Spain,Male,31.0,0.0,2,0
Spain,Female,46.0,0.0,2,0
Spain,Male,33.0,0.0,2,0
Spain,Male,33.0,118235.21,1,1
Spain,Female,41.0,100606.02,1,0
Spain,Male,67.0,0.0,2,0
Spain,Male,35.0,0.0,2,0
Spain,Male,46.0,122822.0,2,0
Spain,Male,27.0,98263.35,1,0
Spain,Male,51.0,0.0,2,0
Spain,Male,38.0,160541.8,1,1
Spain,Male,29.0,0.0,2,0
Spain,Female,45.0,115988.59,1,1
Spain,Male,37.0,0.0,2,0
Spain,Female,30.0,113672.18,2,0
Spain,Female,34.0,0.0,2,0
Spain,Male,48.0,87609.68,1,1
Spain,Male,32.0,0.0,1,0
Spain,Female,40.0,0.0,1,0
Spain,Male,34.0,0.0,2,0
Spain,Male,39.0,0.0,1,0
Spain,Male,35.0,0.0,1,0
Spain,Female,29.0,148863.31,1,0
Spain,Female,39.0,0.0,2,0
Spain,Male,34.0,0.0,1,0
Spain,Male,57.0,0.0,2,1
Spain,Female,48.0,0.0,2,0
Spain,Male,36.0,0.0,2,0
Spain,Male,47.0,0.0,1,0
Spain,Female,49.0,126598.99,1,1
Spain,Male,37.0,0.0,1,0
Spain,Male,40.0,0.0,1,1
Spain,Male,46.0,0.0,2,0
Spain,Female,41.0,92219.27,1,0
Spain,Female,38.0,0.0,2,0
Spain,Female,41.0,0.0,2,0
Spain,Male,45.0,0.0,2,0
Spain,Male,37.0,121537.71,1,0
Spain,Male,30.0,0.0,1,0
Spain,Female,45.0,153549.65,3,1
Spain,Female,37.0,0.0,2,0
Spain,Female,35.0,91285.13,1,0
Spain,Female,37.0,101979.16,1,0
Spain,Male,34.0,118028.35,1,0
Spain,Male,33.0,0.0,2,0
Spain,Male,29.0,115479.48,1,0
Spain,Male,36.0,0.0,2,0
Spain,Male,37.0,107879.06,1,0
Spain,Female,40.0,101090.27,1,0
Spain,Male,41.0,0.0,2,0
Spain,Male,35.0,139840.36,1,0
Spain,Female,38.0,0.0,1,1
Spain,Female,41.0,0.0,1,1
Spain,Male,63.0,0.0,1,0
Spain,Female,34.0,0.0,2,0
Spain,Male,34.0,137948.59,1,0
Spain,Male,37.0,148074.79,1,0
Spain,Female,45.0,0.0,2,0
Spain,Male,28.0,0.0,2,0
Spain,Male,30.0,0.0,2,0
Spain,Female,32.0,0.0,2,0
Spain,Male,45.0,0.0,2,0
Spain,Male,55.0,99685.06,1,1
Spain,Male,36.0,0.0,2,0
Spain,Male,37.0,0.0,2,0
Spain,Male,38.0,250898.09,3,0
Spain,Male,29.0,0.0,2,0
Spain,Male,47.0,106758.6,1,0
Spain,Female,46.0,0.0,2,1
Spain,Female,36.0,0.0,1,0
Spain,Male,32.0,106957.28,2,0
Spain,Female,38.0,0.0,2,0
Spain,Female,31.0,0.0,2,0
Spain,Female,39.0,0.0,2,0
Spain,Male,27.0,0.0,2,0
Spain,Male,31.0,0.0,1,0
Spain,Female,35.0,0.0,2,0
Spain,Female,58.0,0.0,2,0
Spain,Male,43.0,0.0,2,0
Spain,Female,39.0,129938.07,1,0
Spain,Female,32.0,0.0,2,0
Spain,Female,45.0,0.0,2,0
Spain,Female,35.0,0.0,2,0
Spain,Male,38.0,0.0,2,0
Spain,Female,43.0,123598.55,1,0
Spain,Female,58.0,0.0,1,0
Spain,Male,43.0,0.0,2,0
Spain,Male,36.0,0.0,2,0
Spain,Male,38.0,0.0,2,0
Spain,Male,34.0,0.0,2,0
Spain,Male,24.0,0.0,2,0
Spain,Male,27.0,0.0,1,0
Spain,Female,38.0,0.0,2,0
Spain,Male,37.0,0.0,2,0
Spain,Female,28.0,0.0,2,0
Spain,Male,39.0,132628.98,3,1
Spain,Female,38.0,85982.47,1,0
Spain,Female,41.0,0.0,2,0
Spain,Male,50.0,74430.1,1,1
Spain,Male,35.0,103804.97,1,0
Spain,Female,35.0,0.0,1,0
Spain,Male,36.0,0.0,2,0
Spain,Female,40.0,0.0,2,0
Spain,Male,33.0,0.0,2,0
Spain,Female,32.0,113328.93,1,0
Spain,Male,36.0,84474.85,2,0
Spain,Male,35.0,0.0,2,0
Spain,Male,29.0,63339.99,2,0
Spain,Male,28.0,0.0,2,0
Spain,Male,53.0,167772.96,2,0
Spain,Male,29.0,0.0,2,0
Spain,Male,31.0,174913.06,1,0
Spain,Female,57.0,0.0,1,0
Spain,Female,42.0,0.0,1,1
Spain,Male,43.0,165896.0,1,1
Spain,Male,34.0,0.0,1,0
Spain,Male,29.0,0.0,2,0
Spain,Male,37.0,0.0,2,0
Spain,Male,27.0,0.0,2,0
Spain,Female,72.0,0.0,2,1
Spain,Female,34.0,115309.75,2,0
Spain,Male,39.0,0.0,2,0
Spain,Male,36.0,0.0,2,0
Spain,Male,49.0,0.0,2,0
Spain,Male,38.0,0.0,2,0
Spain,Male,58.0,0.0,2,0
Spain,Female,35.0,0.0,2,0
Spain,Female,42.0,77526.66,1,0
Spain,Male,26.0,0.0,1,0
Spain,Female,58.0,0.0,2,0
Spain,Male,46.0,130147.79,1,0
Spain,Male,29.0,0.0,2,0
Spain,Female,40.0,92760.55,1,0
Spain,Female,44.0,0.0,1,1
Spain,Male,39.0,127290.61,2,0
Spain,Male,37.0,144581.96,1,0
Spain,Male,46.0,114370.41,1,1
Spain,Female,37.0,106171.68,1,0
Spain,Male,24.0,0.0,2,0
Spain,Male,55.0,90560.44,1,0
Spain,Male,29.0,130935.56,1,0
Spain,Female,38.0,0.0,2,0
Spain,Male,33.0,0.0,2,0
Spain,Male,37.0,0.0,2,0
Spain,Female,33.0,0.0,3,1
Spain,Male,37.0,0.0,2,0
Spain,Male,32.0,102773.15,2,1
Spain,Male,24.0,105356.74,1,0
Spain,Male,47.0,99836.47,1,0
Spain,Female,46.0,0.0,1,0
Spain,Male,29.0,0.0,2,0
Spain,Female,36.0,151756.96,2,0
Spain,Female,38.0,0.0,2,0
Spain,Male,29.0,112972.57,1,0
Spain,Male,67.0,0.0,3,1
Spain,Male,44.0,0.0,2,0
Spain,Male,44.0,0.0,2,0
Spain,Male,33.0,111577.01,1,0
Spain,Male,32.0,0.0,2,0
Spain,Male,51.0,135924.35,1,1
Spain,Male,45.0,0.0,2,0
Spain,Female,32.0,80922.75,2,0
Spain,Male,28.0,0.0,2,0
Spain,Male,30.0,0.0,2,0
Spain,Male,32.0,0.0,2,0
Spain,Female,40.0,122446.61,1,0
Spain,Female,56.0,128472.8,1,0
Spain,Male,34.0,0.0,2,0
Spain,Male,33.0,151233.62,1,0
Spain,Male,54.0,0.0,1,0
Spain,Female,39.0,0.0,2,0
Spain,Male,33.0,121132.26,2,0
Spain,Female,33.0,127763.24,1,0
Spain,Male,45.0,0.0,2,0
Spain,Female,40.0,0.0,2,0
Spain,Female,41.0,0.0,2,1
Spain,Male,34.0,127945.67,1,0
Spain,Male,31.0,0.0,2,0
Spain,Male,42.0,0.0,2,0
Spain,Male,31.0,0.0,1,1
Spain,Female,43.0,0.0,1,1
Spain,Male,55.0,70263.83,1,0
Spain,Male,48.0,0.0,2,0
Spain,Male,32.0,0.0,2,0
Spain,Female,37.0,0.0,2,0
Spain,Male,22.0,0.0,2,0
Spain,Female,25.0,0.0,2,0
Spain,Male,43.0,105204.88,1,0
Spain,Male,38.0,146653.52,1,0
Spain,Male,44.0,0.0,2,0
Spain,Male,30.0,129934.64,1,0
Spain,Male,44.0,0.0,2,0
Spain,Female,48.0,0.0,2,0
Spain,Male,27.0,0.0,2,0
Spain,Male,45.0,0.0,3,1
Spain,Male,36.0,0.0,2,0
Spain,Male,39.0,0.0,2,0
Spain,Female,36.0,0.0,2,0
Spain,Male,31.0,119787.76,2,0
Spain,Male,39.0,131753.24,1,0
Spain,Male,31.0,0.0,2,0
Spain,Male,32.0,0.0,1,0
Spain,Male,22.0,115961.57,1,0
Spain,Female,39.0,0.0,2,0
Spain,Female,46.0,0.0,2,0
Spain,Male,30.0,147511.52,1,0
Spain,Male,30.0,106969.29,3,1
Spain,Male,42.0,0.0,2,0
Spain,Male,24.0,0.0,2,0
Spain,Male,44.0,128352.26,1,0
Spain,Male,48.0,0.0,2,0
Spain,Female,38.0,0.0,2,0
Spain,Female,66.0,0.0,1,0
Spain,Male,35.0,123793.27,1,0
Spain,Female,38.0,0.0,2,0
Spain,Female,32.0,118520.41,1,1
Spain,Male,49.0,0.0,2,0
Spain,Male,31.0,0.0,2,0
Spain,Male,45.0,0.0,1,1
Spain,Male,33.0,90721.52,2,0
Spain,Male,33.0,113567.94,1,0
Spain,Male,22.0,0.0,2,0
Spain,Female,38.0,0.0,2,0
Spain,Male,29.0,0.0,1,0
Spain,Female,31.0,0.0,2,0
Spain,Female,36.0,0.0,1,0
Spain,Male,37.0,0.0,2,0
Spain,Male,42.0,0.0,2,0
Spain,Female,26.0,0.0,1,0
Spain,Female,40.0,0.0,2,0
Spain,Female,33.0,0.0,1,0
Spain,Female,30.0,146466.21,2,0
Spain,Female,33.0,72535.45,1,1
Spain,Male,30.0,0.0,2,0
Spain,Male,36.0,0.0,2,0
Spain,Female,51.0,0.0,1,1
Spain,Male,25.0,91286.6,1,0
Spain,Female,45.0,0.0,3,1
Spain,Female,40.0,0.0,2,0
Spain,Female,35.0,136595.11,1,1
Spain,Female,43.0,164896.45,1,0
Spain,Female,50.0,0.0,1,1
Spain,Male,35.0,0.0,2,0
Spain,Male,29.0,0.0,2,0
Spain,Male,46.0,0.0,1,1
Spain,Female,42.0,0.0,2,0
Spain,Male,34.0,144855.34,2,0
Spain,Male,33.0,0.0,2,0
Spain,Male,35.0,0.0,2,0
Spain,Male,44.0,109654.02,1,0
Spain,Female,35.0,0.0,1,0
Spain,Male,19.0,0.0,2,0
Spain,Female,31.0,0.0,2,1
Spain,Male,31.0,0.0,1,0
Spain,Male,33.0,107192.32,1,0
Spain,Male,46.0,91893.32,1,0
Spain,Female,62.0,121691.54,1,1
Spain,Female,51.0,0.0,2,0
Spain,Male,31.0,0.0,2,0
Spain,Female,37.0,0.0,1,0
Spain,Male,33.0,0.0,2,0
Spain,Male,47.0,142643.54,1,0
Spain,Male,38.0,81370.07,1,0
Spain,Male,44.0,0.0,1,0
Spain,Male,35.0,0.0,2,0
Spain,Female,33.0,72535.45,2,0
Spain,Female,41.0,0.0,1,1
Spain,Male,34.0,126473.99,1,0
Spain,Male,31.0,0.0,2,0
Spain,Female,39.0,144889.18,1,1
Spain,Male,36.0,0.0,2,0
Spain,Female,40.0,0.0,2,0
Spain,Male,35.0,0.0,1,0
Spain,Male,43.0,0.0,1,1
Spain,Female,32.0,0.0,2,0
Spain,Female,31.0,0.0,2,0
Spain,Female,42.0,57530.08,1,1
Spain,Female,31.0,0.0,2,0
Spain,Male,31.0,0.0,2,0
Spain,Female,18.0,0.0,2,0
Spain,Male,40.0,0.0,2,0
Spain,Female,28.0,0.0,2,0
Spain,Female,31.0,0.0,2,0
Spain,Male,40.0,0.0,1,1
Spain,Male,39.0,115545.33,2,0
Spain,Female,27.0,102773.47,1,0
Spain,Female,47.0,0.0,1,1
Spain,Female,25.0,132063.67,1,0
Spain,Female,41.0,0.0,2,0
Spain,Male,42.0,138912.17,2,0
Spain,Male,33.0,111095.58,1,0
Spain,Male,26.0,42712.87,3,1
Spain,Male,37.0,0.0,1,0
Spain,Male,38.0,127117.8,1,1
Spain,Male,62.0,83888.54,1,0
Spain,Male,39.0,0.0,2,0
Spain,Male,37.0,127847.86,1,0
Spain,Female,42.0,178058.06,2,0
Spain,Female,30.0,0.0,2,0
Spain,Male,33.0,0.0,2,0
Spain,Male,21.0,129634.25,1,0
Spain,Female,33.0,107042.74,2,0
Spain,Female,32.0,0.0,2,0
Spain,Male,22.0,0.0,2,0
Spain,Male,30.0,63763.65,1,0
Spain,Male,28.0,0.0,2,0
Spain,Male,27.0,0.0,2,0
Spain,Female,36.0,0.0,1,0
Spain,Female,34.0,0.0,1,0
Spain,Male,33.0,98899.91,1,0
Spain,Female,39.0,163607.18,1,0
Spain,Female,29.0,0.0,2,0
Spain,Male,32.0,110123.59,1,0
Spain,Male,42.0,116084.32,1,1
Spain,Male,42.0,83161.65,1,0
Spain,Male,26.0,0.0,2,0
Spain,Female,43.0,0.0,1,1
Spain,Male,38.0,0.0,2,0
Spain,Female,33.0,104440.56,2,0
Spain,Male,35.0,0.0,1,0
Spain,Female,32.0,0.0,2,0
Spain,Female,38.0,0.0,2,0
Spain,Male,24.0,112029.83,1,0
Spain,Male,32.0,0.0,2,0
Spain,Male,38.0,0.0,2,0
Spain,Male,46.0,0.0,2,1
Spain,Male,39.0,0.0,1,0
Spain,Male,42.0,0.0,2,0
Spain,Male,38.0,0.0,2,0
Spain,Male,40.0,152387.1,1,0
Spain,Male,39.0,0.0,2,0
Spain,Male,43.0,0.0,2,0
Spain,Male,22.0,120307.58,1,0
Spain,Female,39.0,0.0,1,0
Spain,Male,43.0,142644.64,1,0
Spain,Male,33.0,0.0,2,0
Spain,Male,36.0,162261.01,2,0
Spain,Male,35.0,0.0,2,0
Spain,Female,32.0,0.0,1,1
Spain,Female,30.0,122329.39,1,0
Spain,Female,28.0,0.0,2,0
Spain,Male,57.0,142987.46,1,1
Spain,Female,57.0,0.0,2,0
Spain,Female,46.0,54428.37,1,0
Spain,Male,28.0,0.0,2,0
Spain,Male,37.0,0.0,2,0
Spain,Female,39.0,0.0,2,0
Spain,Male,38.0,0.0,2,0
Spain,Male,49.0,99836.47,1,1
Spain,Female,40.0,0.0,2,0
Spain,Male,35.0,0.0,2,0
Spain,Male,34.0,0.0,2,0
Spain,Female,36.0,0.0,2,0
Spain,Female,41.0,0.0,1,1
Spain,Female,39.0,0.0,2,0
Spain,Male,36.0,0.0,2,0
Spain,Male,57.0,0.0,2,0
Spain,Male,37.0,0.0,1,0
Spain,Female,18.0,0.0,2,0
Spain,Female,33.0,100524.69,1,0
Spain,Female,36.0,132767.17,2,0
Spain,Male,36.0,0.0,2,0
Spain,Female,46.0,0.0,1,1
Spain,Female,42.0,103210.27,1,0
Spain,Male,35.0,0.0,2,0
Spain,Male,29.0,0.0,2,0
Spain,Female,35.0,0.0,2,0
Spain,Male,55.0,81370.07,1,0
Spain,Female,57.0,0.0,2,0
Spain,Male,47.0,0.0,1,0
Spain,Male,42.0,0.0,2,0
Spain,Male,30.0,0.0,1,0
Spain,Female,38.0,0.0,2,0
Spain,Female,26.0,0.0,2,0
Spain,Male,30.0,127525.07,1,1
Spain,Male,30.0,0.0,1,0
Spain,Male,33.0,0.0,1,0
Spain,Male,33.0,0.0,2,0
Spain,Female,21.0,0.0,1,0
Spain,Male,30.0,0.0,2,0
Spain,Female,35.0,167455.66,2,0
Spain,Male,30.0,0.0,1,0
Spain,Male,39.0,0.0,2,0
Spain,Male,53.0,0.0,2,0
Spain,Male,30.0,0.0,2,0
Spain,Male,42.0,131513.26,1,0
Spain,Male,42.0,91241.85,1,0
Spain,Female,36.0,0.0,1,0
Spain,Male,41.0,0.0,2,0
Spain,Female,27.0,98926.4,1,1
Spain,Male,43.0,110783.28,1,0
Spain,Male,32.0,0.0,2,0
Spain,Female,44.0,0.0,1,1
Spain,Male,35.0,0.0,2,0
Spain,Female,42.0,0.0,1,1
Spain,Male,35.0,0.0,2,0
Spain,Female,40.0,89188.83,1,0
Spain,Female,36.0,0.0,2,0
Spain,Male,37.0,0.0,1,0
Spain,Male,36.0,117559.79,2,0
Spain,Female,36.0,0.0,2,0
Spain,Male,29.0,0.0,2,0
Spain,Female,41.0,0.0,2,0
Spain,Male,44.0,0.0,2,1
Spain,Female,40.0,0.0,2,0
Spain,Female,37.0,0.0,2,0
Spain,Female,40.0,173432.55,1,0
Spain,Female,35.0,0.0,2,0
Spain,Female,42.0,0.0,2,1
Spain,Male,37.0,0.0,2,0
Spain,Female,38.0,0.0,2,0
Spain,Male,30.0,120355.0,1,1
Spain,Female,38.0,0.0,2,0
Spain,Female,58.0,0.0,1,1
Spain,Female,32.0,145934.92,1,0
Spain,Male,43.0,121518.59,1,0
Spain,Female,37.0,0.0,2,0
Spain,Female,32.0,132767.95,1,0
Spain,Female,48.0,0.0,1,1
Spain,Male,28.0,0.0,2,0
Spain,Female,40.0,109799.16,1,0
Spain,Male,31.0,0.0,1,0
Spain,Female,55.0,0.0,2,0
Spain,Female,39.0,0.0,2,0
Spain,Male,42.0,0.0,2,0
Spain,Female,31.0,0.0,2,0
Spain,Male,36.0,0.0,2,0
Spain,Female,38.0,157576.47,2,0
Spain,Male,31.0,0.0,2,0
Spain,Male,46.0,0.0,2,0
Spain,Male,25.0,0.0,2,0
Spain,Female,36.0,0.0,1,1
Spain,Female,31.0,167949.48,2,0
Spain,Male,33.0,0.0,2,0
Spain,Female,40.0,0.0,2,0
Spain,Male,48.0,0.0,1,1
Spain,Female,37.0,0.0,1,1
Spain,Male,66.0,150802.93,1,0
Spain,Male,58.0,112181.08,1,0
Spain,Male,36.0,0.0,2,0
Spain,Female,44.0,123049.21,2,0
Spain,Female,45.0,0.0,1,0
Spain,Female,36.0,0.0,2,0
Spain,Male,34.0,0.0,2,0
Spain,Female,39.0,0.0,1,0
Spain,Female,28.0,0.0,2,0
Spain,Male,40.0,103944.47,1,0
Spain,Male,34.0,0.0,2,0
Spain,Female,29.0,98759.89,1,0
Spain,Male,36.0,175853.64,1,0
Spain,Female,27.0,123826.07,1,1
Spain,Male,47.0,0.0,2,1
Spain,Male,24.0,0.0,2,0
Spain,Male,34.0,149297.19,2,0
Spain,Male,37.0,0.0,2,0
Spain,Male,32.0,0.0,2,0
Spain,Male,39.0,0.0,2,0
Spain,Male,40.0,0.0,2,0
Spain,Female,39.0,0.0,2,0
Spain,Female,45.0,91091.06,2,1
Spain,Female,32.0,119530.52,2,0
Spain,Male,35.0,128472.8,1,0
Spain,Male,39.0,0.0,2,0
Spain,Male,42.0,0.0,2,0
Spain,Female,25.0,0.0,2,0
Spain,Male,32.0,0.0,1,0
Spain,Female,38.0,0.0,2,0
Spain,Male,80.0,0.0,2,0
Spain,Male,60.0,98899.76,1,1
Spain,Female,61.0,0.0,1,1
Spain,Male,41.0,143680.47,1,1
Spain,Male,36.0,0.0,1,0
Spain,Female,37.0,0.0,2,0
Spain,Female,33.0,0.0,2,0
Spain,Male,44.0,0.0,2,0
Spain,Female,33.0,0.0,1,0
Spain,Female,39.0,0.0,2,0
Spain,Female,36.0,0.0,2,0
Spain,Female,39.0,0.0,2,0
Spain,Female,41.0,0.0,1,0
Spain,Male,28.0,0.0,1,0
Spain,Male,40.0,128226.37,2,0
Spain,Male,34.0,0.0,1,0
Spain,Female,34.0,173432.55,1,0
Spain,Male,56.0,0.0,1,0
Spain,Male,33.0,0.0,2,0
Spain,Female,53.0,111201.41,1,0
Spain,Male,28.0,121465.85,2,0
Spain,Female,41.0,0.0,2,0
Spain,Male,39.0,0.0,1,0
Spain,Male,38.0,0.0,1,0
Spain,Male,25.0,112972.8,1,0
Spain,Male,39.0,0.0,2,0
Spain,Female,32.0,103391.38,1,0
Spain,Male,47.0,171671.9,1,0
Spain,Male,38.0,0.0,2,0
Spain,Female,30.0,165413.43,1,0
Spain,Female,32.0,95556.31,2,0
Spain,Female,42.0,91218.0,1,0
Spain,Female,39.0,0.0,2,0
Spain,Male,39.0,0.0,2,0
Spain,Male,43.0,0.0,1,0
Spain,Male,38.0,112419.92,1,0
Spain,Male,55.0,124197.22,1,0
Spain,Male,51.0,0.0,1,1
Spain,Male,34.0,122021.92,1,0
Spain,Female,48.0,0.0,2,0
Spain,Male,38.0,0.0,1,0
Spain,Female,33.0,72462.99,1,0
Spain,Male,37.0,147904.31,1,0
Spain,Female,64.0,0.0,1,1
Spain,Male,39.0,122433.61,2,0
Spain,Female,23.0,0.0,2,0
Spain,Female,34.0,0.0,1,0
Spain,Male,32.0,0.0,2,0
Spain,Male,32.0,0.0,2,0
Spain,Female,36.0,0.0,2,0
Spain,Female,36.0,0.0,2,0
Spain,Female,61.0,104267.7,1,0
Spain,Male,29.0,0.0,2,0
Spain,Female,29.0,0.0,2,0
Spain,Female,41.0,0.0,2,0
Spain,Male,30.0,0.0,2,0
Spain,Male,23.0,0.0,2,0
Spain,Male,30.0,0.0,1,0
Spain,Female,38.0,0.0,2,0
Spain,Male,37.0,103195.2,2,0
Spain,Male,44.0,99340.21,1,0
Spain,Female,50.0,0.0,1,1
Spain,Female,38.0,0.0,1,0
Spain,Female,40.0,0.0,2,0
Spain,Female,30.0,138306.34,1,1
Spain,Female,43.0,155062.8,1,1
Spain,Female,38.0,141786.78,1,1
Spain,Male,32.0,0.0,2,0
Spain,Male,38.0,0.0,2,0
Spain,Male,45.0,0.0,1,0
Spain,Male,32.0,105907.66,1,0
Spain,Female,48.0,0.0,1,1
Spain,Female,41.0,120150.43,1,0
Spain,Male,38.0,0.0,2,0
Spain,Male,39.0,0.0,2,0
Spain,Female,36.0,0.0,2,0
Spain,Female,50.0,0.0,1,0
Spain,Female,25.0,155622.61,2,0
Spain,Male,37.0,0.0,2,0
Spain,Female,30.0,82940.25,1,0
Spain,Male,34.0,0.0,2,0
Spain,Male,42.0,145988.18,2,0
Spain,Female,34.0,57568.39,1,0
Spain,Male,36.0,0.0,2,0
Spain,Female,32.0,0.0,1,0
Spain,Male,28.0,113674.06,2,0
Spain,Male,45.0,0.0,2,1
Spain,Female,35.0,0.0,1,0
Spain,Female,36.0,0.0,2,0
Spain,Male,37.0,0.0,2,0
Spain,Female,36.0,0.0,2,0
Spain,Female,57.0,122446.61,2,0
Spain,Male,39.0,148045.45,3,1
Spain,Male,36.0,0.0,2,0
Spain,Male,33.0,131468.44,1,0
Spain,Female,41.0,116234.61,1,0
Spain,Female,42.0,0.0,2,0
Spain,Male,30.0,111257.59,1,0
Spain,Male,29.0,0.0,2,0
Spain,Female,31.0,0.0,2,0
Spain,Male,42.0,165539.32,2,0
Spain,Female,45.0,101090.27,2,0
Spain,Male,29.0,0.0,2,0
Spain,Female,25.0,0.0,1,0
Spain,Male,39.0,0.0,2,0
Spain,Male,67.0,0.0,2,0
Spain,Female,21.0,81564.1,2,0
Spain,Male,36.0,0.0,2,0
Spain,Male,47.0,0.0,2,0
Spain,Female,23.0,186813.76,2,0
Spain,Male,45.0,59893.85,2,0
Spain,Female,34.0,122950.31,1,0
Spain,Female,22.0,121681.82,1,1
Spain,Female,39.0,114446.84,1,0
Spain,Female,48.0,143637.58,1,1
Spain,Female,38.0,0.0,2,0
Spain,Male,34.0,0.0,2,0
Spain,Male,44.0,0.0,1,0
Spain,Female,40.0,128663.9,1,0
Spain,Female,27.0,112383.07,1,1
Spain,Female,32.0,0.0,1,1
Spain,Male,33.0,0.0,1,0
Spain,Male,46.0,0.0,2,0
Spain,Male,28.0,0.0,2,1
Spain,Male,28.0,111927.45,1,0
Spain,Female,33.0,0.0,2,0
Spain,Male,23.0,164902.43,2,0
Spain,Male,32.0,175739.36,1,0
Spain,Male,37.0,174701.05,1,0
Spain,Male,36.0,0.0,2,0
Spain,Male,35.0,118829.03,1,0
Spain,Female,43.0,0.0,2,1
Spain,Male,41.0,0.0,1,0
Spain,Male,44.0,0.0,2,0
Spain,Female,58.0,0.0,1,1
Spain,Female,32.0,0.0,2,0
Spain,Female,28.0,95357.49,2,0
Spain,Female,33.0,0.0,2,0
Spain,Male,32.0,0.0,2,0
Spain,Male,33.0,0.0,2,0
Spain,Male,35.0,0.0,2,0
Spain,Female,66.0,0.0,2,0
Spain,Female,37.0,0.0,2,0
Spain,Female,39.0,137714.47,1,0
Spain,Female,39.0,0.0,1,0
Spain,Male,41.0,99513.11,1,1
Spain,Male,39.0,0.0,2,0
Spain,Female,47.0,0.0,1,0
Spain,Male,32.0,0.0,2,0
Spain,Male,36.0,0.0,2,0
Spain,Female,40.0,0.0,2,0
Spain,Male,34.0,0.0,2,0
Spain,Male,55.0,0.0,2,1
Spain,Female,34.0,83132.09,1,0
Spain,Female,35.0,0.0,1,1
Spain,Male,42.0,132647.54,2,1
Spain,Female,27.0,0.0,2,0
Spain,Female,51.0,0.0,1,1
Spain,Male,41.0,0.0,2,0
Spain,Male,28.0,0.0,1,0
Spain,Female,33.0,0.0,1,0
Spain,Female,61.0,0.0,2,0
Spain,Male,35.0,0.0,2,0
Spain,Male,38.0,0.0,2,0
Spain,Male,40.0,181768.32,1,0
Spain,Male,53.0,132467.51,1,1
Spain,Female,26.0,133371.11,1,1
Spain,Female,72.0,0.0,2,0
Spain,Male,54.0,0.0,1,1
Spain,Female,34.0,122325.35,1,0
Spain,Female,37.0,0.0,1,0
Spain,Female,38.0,127471.56,2,0
Spain,Male,41.0,0.0,1,0
Spain,Male,33.0,0.0,2,0
Spain,Male,27.0,0.0,2,0
Spain,Female,33.0,120764.08,1,0
Spain,Male,58.0,0.0,1,0
Spain,Female,31.0,0.0,2,0
Spain,Male,42.0,0.0,2,0
Spain,Male,33.0,150142.68,1,0
Spain,Female,43.0,0.0,2,0
Spain,Male,32.0,0.0,1,0
Spain,Male,28.0,0.0,2,0
Spain,Female,31.0,0.0,2,0
Spain,Female,41.0,116114.93,1,0
Spain,Male,28.0,0.0,2,0
Spain,Male,38.0,0.0,2,0
Spain,Male,54.0,0.0,2,0
Spain,Male,40.0,0.0,1,0
Spain,Male,38.0,0.0,2,0
Spain,Female,41.0,0.0,1,1
Spain,Male,33.0,0.0,1,0
Spain,Female,37.0,0.0,1,0
Spain,Female,34.0,0.0,2,0
Spain,Female,35.0,0.0,2,0
Spain,Male,35.0,0.0,2,0
Spain,Male,35.0,144837.79,1,0
Spain,Male,23.0,0.0,2,1
Spain,Male,31.0,0.0,1,0
Spain,Male,30.0,0.0,1,0
Spain,Female,33.0,0.0,2,0
Spain,Male,41.0,0.0,1,0
Spain,Male,42.0,0.0,2,0
Spain,Female,41.0,142051.07,1,0
Spain,Male,35.0,106836.67,2,0
Spain,Female,29.0,81811.71,1,0
Spain,Male,44.0,0.0,1,1
Spain,Female,64.0,0.0,2,0
Spain,Male,29.0,106911.55,1,0
Spain,Female,33.0,171913.87,1,0
Spain,Male,35.0,0.0,1,1
Spain,Male,51.0,121626.9,1,0
Spain,Female,37.0,134006.39,1,0
Spain,Male,30.0,0.0,2,0
Spain,Male,27.0,0.0,2,0
Spain,Male,32.0,0.0,2,0
Spain,Male,29.0,0.0,2,0
Spain,Female,42.0,139824.57,2,0
Spain,Male,34.0,0.0,2,0
Spain,Female,40.0,0.0,1,0
Spain,Female,34.0,129848.52,1,0
Spain,Male,36.0,0.0,2,0
Spain,Female,33.0,0.0,1,0
Spain,Female,27.0,0.0,2,0
Spain,Female,58.0,0.0,2,0
Spain,Male,61.0,0.0,2,0
Spain,Male,49.0,121260.19,1,0
Spain,Male,29.0,113690.83,1,0
Spain,Male,39.0,0.0,1,0
Spain,Male,33.0,0.0,2,0
Spain,Male,24.0,0.0,2,0
Spain,Male,36.0,0.0,2,0
Spain,Female,28.0,138825.09,1,0
Spain,Female,29.0,130170.91,3,1
Spain,Female,28.0,95858.71,1,0
Spain,Male,37.0,0.0,2,0
Spain,Female,51.0,110610.41,2,0
Spain,Female,27.0,0.0,2,0
Spain,Female,42.0,0.0,2,0
Spain,Male,38.0,141796.05,1,0
Spain,Male,34.0,0.0,2,0
Spain,Female,56.0,107787.47,1,0
Spain,Male,37.0,0.0,2,0
Spain,Female,35.0,0.0,2,0
Spain,Male,37.0,0.0,2,0
Spain,Female,35.0,0.0,2,0
Spain,Male,39.0,0.0,1,1
Spain,Male,42.0,81589.04,1,0
Spain,Male,37.0,153844.41,1,0
Spain,Male,30.0,0.0,2,0
Spain,Female,31.0,0.0,2,0
Spain,Male,42.0,0.0,1,1
Spain,Female,29.0,93616.35,1,0
Spain,Female,48.0,0.0,1,1
Spain,Male,33.0,0.0,2,0
Spain,Male,35.0,0.0,2,0
Spain,Male,31.0,118866.36,1,0
Spain,Female,34.0,0.0,2,0
Spain,Male,40.0,0.0,1,0
Spain,Female,28.0,118402.25,2,0
Spain,Female,37.0,152302.72,2,0
Spain,Female,49.0,113348.5,1,1
Spain,Female,43.0,0.0,1,1
Spain,Male,35.0,62482.95,2,0
Spain,Male,33.0,0.0,2,0
Spain,Male,48.0,0.0,1,1
Spain,Male,36.0,0.0,2,0
Spain,Male,29.0,0.0,1,0
Spain,Male,32.0,86614.06,2,0
Spain,Female,45.0,75888.2,2,0
Spain,Female,40.0,114347.85,2,0
Spain,Female,52.0,0.0,1,1
Spain,Female,32.0,0.0,2,0
Spain,Female,60.0,0.0,1,1
Spain,Male,31.0,0.0,2,0
Spain,Male,33.0,114753.76,1,0
Spain,Male,31.0,0.0,2,0
Spain,Female,33.0,0.0,2,0
Spain,Male,39.0,0.0,2,0
Spain,Male,39.0,0.0,2,0
Spain,Female,32.0,0.0,1,0
Spain,Female,37.0,0.0,2,0
Spain,Female,40.0,108058.07,2,0
Spain,Female,40.0,124547.13,3,1
Spain,Male,48.0,139435.86,1,0
Spain,Female,50.0,0.0,2,1
Spain,Female,43.0,0.0,2,0
Spain,Male,34.0,0.0,1,0
Spain,Female,52.0,0.0,1,1
Spain,Female,26.0,0.0,1,0
Spain,Female,32.0,0.0,2,0
Spain,Male,34.0,0.0,2,0
Spain,Male,33.0,0.0,2,0
Spain,Male,53.0,106683.58,1,1
Spain,Female,36.0,0.0,2,0
Spain,Female,28.0,0.0,2,0
Spain,Male,50.0,0.0,1,0
Spain,Male,36.0,137755.65,2,0
Spain,Female,41.0,146466.46,2,0
Spain,Male,53.0,102548.31,1,1
Spain,Female,35.0,0.0,2,0
Spain,Male,56.0,142645.58,1,0
Spain,Male,44.0,160736.63,1,0
Spain,Male,35.0,0.0,2,0
Spain,Female,50.0,0.0,1,1
Spain,Female,44.0,0.0,2,0
Spain,Male,53.0,0.0,2,0
Spain,Male,31.0,0.0,2,0
Spain,Male,35.0,0.0,2,0
Spain,Female,38.0,0.0,2,0
Spain,Male,42.0,0.0,2,0
Spain,Male,28.0,0.0,1,1
Spain,Male,43.0,0.0,2,0
Spain,Male,58.0,0.0,1,0
Spain,Male,61.0,90218.9,1,0
Spain,Male,54.0,0.0,1,1
Spain,Male,36.0,0.0,2,0
Spain,Male,39.0,0.0,2,0
Spain,Female,60.0,0.0,1,1
Spain,Male,49.0,79974.55,1,0
Spain,Male,33.0,0.0,2,0
Spain,Male,36.0,0.0,1,0
Spain,Female,30.0,0.0,2,0
Spain,Female,30.0,0.0,2,0
Spain,Female,31.0,0.0,2,0
Spain,Female,41.0,0.0,2,0
Spain,Female,39.0,158969.18,1,0
Spain,Male,43.0,0.0,2,0
Spain,Female,40.0,0.0,2,0
Spain,Male,35.0,95161.75,2,0
Spain,Female,45.0,161757.87,1,0
Spain,Female,33.0,0.0,2,0
Spain,Male,20.0,0.0,1,0
Spain,Female,32.0,0.0,1,0
Spain,Male,36.0,0.0,2,0
Spain,Male,33.0,0.0,2,0
Spain,Male,32.0,0.0,2,0
Spain,Male,32.0,0.0,2,0
Spain,Female,41.0,0.0,1,1
Spain,Male,29.0,0.0,2,0
Spain,Female,33.0,160777.9,1,0
Spain,Male,32.0,0.0,1,0
Spain,Female,38.0,106089.2,1,0
Spain,Male,34.0,124577.33,1,0
Spain,Female,61.0,120827.13,2,0
Spain,Female,25.0,0.0,2,0
Spain,Female,57.0,173306.13,1,1
Spain,Female,38.0,135872.6,1,0
Spain,Female,32.0,0.0,2,0
Spain,Male,40.0,0.0,2,0
Spain,Female,42.0,0.0,2,1
Spain,Female,35.0,160541.21,1,0
Spain,Female,32.0,0.0,1,0
Spain,Male,37.0,106035.42,1,0
Spain,Male,35.0,0.0,2,1
Spain,Male,31.0,0.0,2,0
Spain,Male,38.0,117314.92,1,0
Spain,Female,49.0,0.0,2,1
Spain,Female,20.0,0.0,2,0
Spain,Male,34.0,0.0,2,0
Spain,Female,34.0,0.0,1,0
Spain,Male,34.0,0.0,2,0
Spain,Male,22.0,166909.2,2,1
Spain,Male,35.0,107714.25,1,0
Spain,Female,50.0,126446.39,2,1
Spain,Male,52.0,131023.41,1,0
Spain,Female,38.0,0.0,2,0
Spain,Male,34.0,133040.36,1,0
Spain,Female,29.0,0.0,1,0
Spain,Female,22.0,0.0,2,0
Spain,Male,38.0,0.0,2,0
Spain,Female,42.0,190305.78,1,0
Spain,Female,58.0,0.0,2,0
Spain,Female,31.0,141751.82,1,0
Spain,Female,36.0,0.0,2,0
Spain,Female,38.0,0.0,2,0
Spain,Male,38.0,0.0,1,0
Spain,Female,49.0,0.0,2,0
Spain,Female,39.0,0.0,2,0
Spain,Female,39.0,0.0,2,0
Spain,Female,25.0,0.0,2,0
Spain,Female,36.0,185510.34,1,0
Spain,Female,43.0,81733.08,1,0
Spain,Female,29.0,112755.34,1,1
Spain,Female,34.0,132002.7,1,0
Spain,Male,45.0,0.0,2,0
Spain,Female,45.0,0.0,1,0
Spain,Female,42.0,145966.6,1,0
Spain,Male,26.0,0.0,2,0
Spain,Female,38.0,0.0,2,0
Spain,Female,31.0,151012.55,1,0
Spain,Female,27.0,0.0,2,0
Spain,Male,37.0,0.0,2,0
Spain,Male,30.0,0.0,2,0
Spain,Female,24.0,0.0,2,0
Spain,Female,37.0,0.0,1,1
Spain,Female,39.0,0.0,2,0
Spain,Female,42.0,135422.27,1,0
Spain,Male,35.0,122929.42,2,0
Spain,Male,39.0,0.0,2,0
Spain,Female,29.0,0.0,2,0
Spain,Male,36.0,146566.01,1,0
Spain,Female,56.0,174506.1,2,0
Spain,Female,39.0,102948.69,1,0
Spain,Female,42.0,0.0,2,0
Spain,Male,43.0,0.0,2,0
Spain,Female,41.0,137761.57,1,0
Spain,Female,44.0,0.0,1,1
Spain,Male,27.0,0.0,1,0
Spain,Female,38.0,83442.98,1,0
Spain,Male,37.0,0.0,2,0
Spain,Male,38.0,0.0,1,0
Spain,Female,37.0,0.0,2,0
Spain,Female,37.0,0.0,1,1
Spain,Male,36.0,86053.52,1,0
Spain,Female,29.0,0.0,2,0
Spain,Male,33.0,0.0,1,1
Spain,Female,31.0,0.0,2,0
Spain,Female,45.0,120355.0,1,1
Spain,Male,36.0,187776.55,1,0
Spain,Male,27.0,140121.17,1,1
Spain,Male,33.0,0.0,2,0
Spain,Male,37.0,0.0,2,0
Spain,Female,39.0,144326.09,1,0
Spain,Male,38.0,173899.2,1,0
Spain,Female,35.0,0.0,2,0
Spain,Female,33.0,0.0,2,0
Spain,Male,31.0,0.0,2,0
Spain,Female,42.0,0.0,2,0
Spain,Male,24.0,148167.83,2,0
Spain,Male,33.0,77910.23,2,0
Spain,Male,52.0,0.0,3,1
Spain,Female,39.0,108915.73,1,0
Spain,Female,46.0,0.0,1,1
Spain,Male,25.0,87768.96,2,0
Spain,Female,35.0,122330.7,1,1
Spain,Male,32.0,0.0,2,0
Spain,Male,30.0,0.0,2,0
Spain,Male,44.0,0.0,2,0
Spain,Female,40.0,0.0,2,0
Spain,Female,34.0,0.0,2,0
Spain,Male,46.0,123794.22,2,0
Spain,Male,35.0,0.0,2,0
Spain,Male,35.0,70416.75,1,0
Spain,Female,51.0,0.0,1,1
Spain,Female,44.0,0.0,1,1
Spain,Male,31.0,0.0,2,0
Spain,Female,37.0,0.0,2,0
Spain,Female,31.0,0.0,1,1
Spain,Female,36.0,0.0,2,0
Spain,Male,35.0,95772.97,1,0
Spain,Male,38.0,105473.74,1,0
Spain,Female,32.0,156674.2,1,0
Spain,Female,39.0,0.0,1,0
Spain,Male,25.0,0.0,2,0
Spain,Male,33.0,132759.8,1,0
Spain,Female,43.0,0.0,1,1
Spain,Female,24.0,0.0,1,0
Spain,Male,34.0,0.0,2,0
Spain,Male,32.0,129055.29,1,0
Spain,Female,41.0,153614.28,2,0
Spain,Male,67.0,0.0,2,0
Spain,Female,37.0,0.0,2,0
Spain,Female,29.0,103907.28,1,0
Spain,Male,31.0,127543.11,1,0
Spain,Male,40.0,0.0,2,0
Spain,Male,50.0,0.0,2,0
Spain,Male,43.0,113873.22,1,0
Spain,Female,27.0,0.0,1,1
Spain,Male,40.0,0.0,1,1
Spain,Male,35.0,0.0,1,1
Spain,Male,39.0,112755.34,1,0
Spain,Male,31.0,125341.69,1,0
Spain,Male,36.0,0.0,1,0
Spain,Male,35.0,0.0,2,0
Spain,Male,29.0,0.0,2,0
Spain,Male,35.0,0.0,2,0
Spain,Female,56.0,0.0,1,1
Spain,Female,37.0,137853.0,1,1
Spain,Female,43.0,0.0,2,0
Spain,Female,33.0,0.0,1,1
Spain,Female,37.0,0.0,2,0
Spain,Female,57.0,0.0,2,0
Spain,Female,30.0,0.0,3,1
Spain,Male,34.0,142643.53,1,0
Spain,Male,41.0,123971.16,1,0
Spain,Male,28.0,166526.97,1,0
Spain,Male,38.0,0.0,2,0
Spain,Female,51.0,0.0,1,1
Spain,Male,28.0,0.0,2,0
Spain,Male,38.0,107926.02,1,0
Spain,Female,39.0,0.0,3,1
Spain,Male,33.0,0.0,2,0
Spain,Male,45.0,177640.09,1,0
Spain,Female,66.0,0.0,2,0
Spain,Female,41.0,0.0,2,0
Spain,Male,40.0,0.0,2,0
Spain,Female,24.0,0.0,1,0
Spain,Female,25.0,0.0,2,0
Spain,Male,37.0,0.0,1,0
Spain,Female,34.0,0.0,1,0
Spain,Female,39.0,171848.38,1,0
Spain,Female,59.0,137390.11,1,1
Spain,Male,35.0,0.0,1,0
Spain,Female,27.0,0.0,2,0
Spain,Female,40.0,0.0,2,0
Spain,Female,35.0,103772.49,1,0
Spain,Male,31.0,0.0,2,0
Spain,Female,56.0,0.0,1,1
Spain,Female,63.0,0.0,1,1
Spain,Male,45.0,0.0,2,0
Spain,Female,31.0,0.0,2,0
Spain,Male,32.0,0.0,2,0
Spain,Female,32.0,0.0,1,0
Spain,Female,35.0,0.0,2,0
Spain,Female,35.0,0.0,2,0
Spain,Male,25.0,0.0,2,0
Spain,Female,32.0,0.0,2,0
Spain,Male,34.0,0.0,1,0
Spain,Male,35.0,74371.49,1,1
Spain,Male,30.0,0.0,2,0
Spain,Male,31.0,0.0,2,0
Spain,Male,28.0,109137.12,1,0
Spain,Male,29.0,0.0,2,0
Spain,Male,37.0,0.0,2,0
Spain,Male,71.0,0.0,2,0
Spain,Female,57.0,125211.92,1,0
Spain,Male,58.0,0.0,1,1
Spain,Female,37.0,0.0,2,0
Spain,Male,38.0,142967.07,2,1
Spain,Male,35.0,0.0,2,0
Spain,Female,24.0,0.0,1,1
Spain,Male,36.0,0.0,2,0
Spain,Male,35.0,0.0,2,0
Spain,Female,26.0,96353.7,2,0
Spain,Female,22.0,0.0,2,0
Spain,Female,33.0,0.0,1,1
Spain,Male,28.0,79715.36,2,0
Spain,Male,33.0,137936.94,1,0
Spain,Female,40.0,0.0,2,0
Spain,Male,46.0,0.0,1,0
Spain,Female,43.0,0.0,2,0
Spain,Female,34.0,0.0,3,1
Spain,Male,42.0,154962.99,1,0
Spain,Female,36.0,161637.75,1,0
Spain,Male,39.0,0.0,2,0
Spain,Male,40.0,167878.5,1,0
Spain,Female,38.0,0.0,2,0
Spain,Male,41.0,126586.28,2,0
Spain,Female,26.0,0.0,2,0
Spain,Female,42.0,0.0,2,0
Spain,Male,27.0,0.0,2,0
Spain,Female,37.0,0.0,2,0
Spain,Female,32.0,0.0,2,0
Spain,Male,40.0,0.0,2,0
Spain,Male,34.0,122570.87,2,0
Spain,Male,41.0,154902.66,1,0
Spain,Male,42.0,122028.65,1,0
Spain,Male,27.0,0.0,2,0
Spain,Male,51.0,135506.58,2,0
Spain,Male,30.0,0.0,2,0
Spain,Male,42.0,0.0,2,0
Spain,Male,37.0,0.0,2,0
Spain,Female,62.0,0.0,3,1
Spain,Male,36.0,118994.84,1,0
Spain,Male,29.0,0.0,1,0
Spain,Male,57.0,0.0,2,0
Spain,Female,38.0,0.0,2,0
Spain,Male,32.0,0.0,2,0
Spain,Male,34.0,122447.57,1,0
Spain,Male,45.0,0.0,2,0
Spain,Male,44.0,0.0,2,0
Spain,Female,38.0,0.0,2,0
Spain,Male,47.0,0.0,2,0
Spain,Female,44.0,0.0,2,0
Spain,Female,42.0,111669.68,1,0
Spain,Female,33.0,0.0,2,0
Spain,Male,32.0,0.0,2,0
Spain,Male,34.0,132439.99,1,1
Spain,Male,41.0,131762.94,1,0
Spain,Male,35.0,121681.82,1,0
Spain,Male,41.0,121355.99,1,0
Spain,Female,43.0,0.0,1,1
Spain,Male,34.0,0.0,2,0
Spain,Male,63.0,123599.48,1,0
Spain,Male,53.0,0.0,1,1
Spain,Female,48.0,0.0,1,1
Spain,Male,38.0,132623.76,1,0
Spain,Female,40.0,0.0,3,1
Spain,Female,51.0,0.0,3,1
Spain,Male,36.0,53369.13,1,1
Spain,Male,36.0,81573.07,1,0
Spain,Male,21.0,0.0,2,0
Spain,Male,35.0,0.0,2,0
Spain,Female,32.0,123844.26,2,0
Spain,Male,22.0,0.0,1,0
Spain,Male,30.0,0.0,1,0
Spain,Female,60.0,0.0,2,0
Spain,Male,29.0,0.0,2,0
Spain,Male,37.0,177657.35,2,0
Spain,Female,41.0,0.0,1,1
Spain,Female,39.0,0.0,2,0
Spain,Female,40.0,98382.72,1,0
Spain,Female,51.0,68375.27,1,1
Spain,Female,60.0,0.0,2,0
Spain,Male,33.0,0.0,2,0
Spain,Female,49.0,89750.21,1,0
Spain,Female,38.0,97266.1,1,0
Spain,Male,43.0,171653.17,1,0
Spain,Male,55.0,134152.29,1,1
Spain,Female,55.0,56942.08,2,1
Spain,Female,29.0,0.0,2,0
Spain,Female,34.0,0.0,2,0
Spain,Female,33.0,0.0,2,0
Spain,Male,28.0,141806.01,1,0
Spain,Male,39.0,164870.81,2,0
Spain,Female,30.0,0.0,2,0
Spain,Male,24.0,142028.36,2,0
Spain,Male,45.0,128061.0,2,0
Spain,Male,37.0,0.0,2,0
Spain,Male,31.0,0.0,2,0
Spain,Male,40.0,142726.54,1,0
Spain,Female,37.0,0.0,2,0
Spain,Male,38.0,109402.13,1,0
Spain,Female,38.0,0.0,2,0
Spain,Male,35.0,146777.44,1,1
Spain,Female,34.0,0.0,2,0
Spain,Female,35.0,0.0,2,0
Spain,Male,40.0,0.0,2,0
Spain,Male,48.0,129845.58,1,0
Spain,Female,32.0,0.0,2,0
Spain,Male,41.0,82161.7,4,1
Spain,Female,39.0,0.0,2,0
Spain,Male,37.0,0.0,2,0
Spain,Female,52.0,0.0,3,1
Spain,Male,37.0,106912.67,2,0
Spain,Male,30.0,0.0,2,0
Spain,Female,28.0,105683.63,1,0
Spain,Female,41.0,123401.43,2,0
Spain,Female,39.0,0.0,2,0
Spain,Female,38.0,0.0,2,0
Spain,Female,30.0,178111.82,1,1
Spain,Male,48.0,0.0,2,0
Spain,Female,37.0,0.0,2,0
Spain,Male,39.0,106851.21,1,0
Spain,Male,35.0,0.0,2,0
Spain,Male,30.0,127723.25,1,1
Spain,Male,34.0,0.0,2,0
Spain,Male,26.0,0.0,2,0
Spain,Male,44.0,121031.09,2,0
Spain,Male,27.0,0.0,2,0
Spain,Female,60.0,0.0,2,0
Spain,Female,41.0,83794.26,1,0
Spain,Female,52.0,100912.19,2,1
Spain,Male,29.0,123200.78,1,0
Spain,Male,29.0,111063.06,1,0
Spain,Female,35.0,0.0,2,0
Spain,Male,36.0,0.0,2,0
Spain,Male,39.0,0.0,2,0
Spain,Female,32.0,0.0,2,0
Spain,Female,35.0,0.0,2,0
Spain,Male,38.0,128366.44,1,0
Spain,Male,47.0,0.0,2,1
Spain,Female,36.0,99240.51,2,0
Spain,Female,61.0,0.0,1,1
Spain,Male,37.0,108825.5,1,0
Spain,Female,41.0,0.0,2,0
Spain,Female,27.0,0.0,2,0
Spain,Male,30.0,56580.95,2,0
Spain,Male,29.0,0.0,2,0
Spain,Male,36.0,113110.26,1,0
Spain,Male,35.0,137948.51,1,0
Spain,Female,26.0,135559.8,1,0
Spain,Male,28.0,0.0,1,0
Spain,Female,39.0,150148.51,1,1
Spain,Male,43.0,0.0,2,0
Spain,Female,36.0,0.0,2,0
Spain,Male,28.0,104478.12,1,0
Spain,Female,32.0,0.0,2,0
Spain,Female,32.0,0.0,1,0
Spain,Male,59.0,170600.78,1,1
Spain,Female,36.0,0.0,2,0
Spain,Female,26.0,93925.3,1,0
Spain,Female,38.0,172274.01,1,0
Spain,Female,36.0,0.0,2,0
Spain,Female,38.0,0.0,1,1
Spain,Female,46.0,0.0,1,1
Spain,Male,35.0,0.0,2,0
Spain,Male,34.0,0.0,2,0
Spain,Female,41.0,125537.52,2,0
Spain,Male,26.0,123557.65,2,0
Spain,Male,46.0,102773.2,1,1
Spain,Male,33.0,0.0,2,0
Spain,Female,33.0,0.0,2,0
Spain,Female,46.0,119278.01,1,0
Spain,Male,24.0,123331.36,1,0
Spain,Female,36.0,135923.16,1,0
Spain,Female,29.0,93816.7,1,0
Spain,Female,28.0,0.0,2,0
Spain,Male,34.0,79562.98,1,0
Spain,Male,41.0,0.0,1,1
Spain,Male,40.0,112896.86,1,0
Spain,Male,48.0,0.0,2,0
Spain,Male,34.0,89743.05,1,0
Spain,Male,24.0,0.0,1,0
Spain,Male,28.0,0.0,2,0
Spain,Male,22.0,0.0,2,0
Spain,Female,40.0,200322.45,2,1
Spain,Female,51.0,156650.76,1,1
Spain,Male,61.0,131284.53,1,0
Spain,Female,55.0,0.0,1,0
Spain,Male,34.0,0.0,2,0
Spain,Male,45.0,128723.63,1,0
Spain,Male,28.0,170288.38,1,0
Spain,Male,32.0,98459.18,1,0
Spain,Male,35.0,142703.12,1,0
Spain,Female,36.0,71142.77,2,0
Spain,Male,44.0,184552.12,1,0
Spain,Male,31.0,0.0,1,0
Spain,Male,39.0,0.0,2,0
Spain,Male,42.0,0.0,2,0
Spain,Male,29.0,0.0,2,0
Spain,Female,40.0,100471.34,2,0
Spain,Male,29.0,0.0,2,0
Spain,Male,33.0,132767.68,1,0
Spain,Female,36.0,133204.91,1,0
Spain,Female,32.0,0.0,2,0
Spain,Female,64.0,0.0,1,1
Spain,Male,56.0,123845.36,2,1
Spain,Female,46.0,0.0,1,1
Spain,Male,43.0,0.0,2,0
Spain,Male,27.0,0.0,2,0
Spain,Male,38.0,0.0,2,0
Spain,Male,49.0,0.0,1,1
Spain,Male,28.0,0.0,2,0
Spain,Male,33.0,83134.3,1,0
Spain,Male,32.0,0.0,1,0
Spain,Male,38.0,0.0,2,0
Spain,Male,35.0,122570.69,1,0
Spain,Male,28.0,0.0,2,0
Spain,Female,24.0,80613.93,1,0
Spain,Male,32.0,0.0,1,0
Spain,Male,40.0,0.0,2,0
Spain,Female,57.0,173306.13,1,0
Spain,Female,55.0,0.0,1,1
Spain,Female,32.0,123709.46,2,0
Spain,Male,36.0,0.0,2,0
Spain,Male,43.0,101960.92,1,0
Spain,Male,38.0,168920.75,1,0
Spain,Female,38.0,0.0,2,0
Spain,Male,35.0,0.0,2,0
Spain,Female,37.0,0.0,2,0
Spain,Male,24.0,132077.48,1,0
Spain,Male,37.0,0.0,1,0
Spain,Male,40.0,0.0,1,0
Spain,Male,65.0,134714.7,2,0
Spain,Male,33.0,130334.84,3,0
Spain,Male,40.0,0.0,1,1
Spain,Male,30.0,0.0,2,0
Spain,Male,50.0,132876.07,1,0
Spain,Female,28.0,93617.07,1,0
Spain,Male,48.0,0.0,1,1
Spain,Male,35.0,107569.96,1,0
Spain,Female,39.0,0.0,2,0
Spain,Male,39.0,0.0,2,0
Spain,Female,33.0,123033.56,1,0
Spain,Male,36.0,0.0,2,0
Spain,Female,43.0,0.0,2,0
Spain,Male,38.0,0.0,2,0
Spain,Female,31.0,145623.36,1,0
Spain,Male,28.0,0.0,1,0
Spain,Female,44.0,146301.31,1,0
Spain,Male,29.0,0.0,2,0
Spain,Male,36.0,70438.01,1,0
Spain,Female,29.0,0.0,2,0
Spain,Male,36.0,0.0,2,0
Spain,Female,37.0,139106.19,1,0
Spain,Female,24.0,0.0,2,0
Spain,Male,38.0,118546.44,1,0
Spain,Male,31.0,93833.86,1,0
Spain,Male,36.0,0.0,2,0
Spain,Male,35.0,129278.97,1,0
Spain,Female,46.0,0.0,2,0
Spain,Female,32.0,0.0,2,1
Spain,Male,27.0,0.0,2,0
Spain,Female,51.0,143139.87,2,0
Spain,Male,32.0,113696.38,1,0
Spain,Male,41.0,0.0,1,0
Spain,Female,41.0,0.0,1,0
Spain,Female,30.0,0.0,2,0
Spain,Female,35.0,0.0,1,0
Spain,Male,52.0,0.0,1,0
Spain,Male,29.0,0.0,2,0
Spain,Male,34.0,0.0,2,0
Spain,Male,40.0,0.0,1,0
Spain,Female,30.0,0.0,2,0
Spain,Female,44.0,0.0,2,0
Spain,Female,29.0,0.0,2,0
Spain,Female,41.0,0.0,1,0
Spain,Male,29.0,0.0,2,0
Spain,Female,32.0,0.0,2,0
Spain,Male,40.0,147107.91,1,0
Spain,Female,32.0,84496.71,2,0
Spain,Male,36.0,141918.09,1,0
Spain,Male,31.0,102772.67,2,0
Spain,Female,33.0,0.0,2,0
Spain,Female,31.0,0.0,2,0
Spain,Male,46.0,0.0,2,0
Spain,Female,25.0,0.0,2,0
Spain,Male,25.0,154763.07,1,0
Spain,Male,29.0,0.0,2,0
Spain,Female,39.0,0.0,1,1
Spain,Female,28.0,0.0,2,0
Spain,Female,54.0,0.0,2,0
Spain,Female,34.0,0.0,2,0
Spain,Male,33.0,123783.91,2,0
Spain,Male,42.0,0.0,1,0
Spain,Male,27.0,0.0,1,0
Spain,Female,43.0,0.0,2,0
Spain,Male,21.0,123845.68,1,0
Spain,Male,42.0,0.0,2,0
Spain,Male,38.0,123372.3,1,0
Spain,Male,33.0,0.0,2,0
Spain,Female,31.0,0.0,2,0
Spain,Male,38.0,122330.7,1,0
Spain,Male,74.0,0.0,1,0
Spain,Female,34.0,0.0,2,0
Spain,Female,45.0,0.0,2,0
Spain,Female,34.0,0.0,2,0
Spain,Female,28.0,0.0,2,0
Spain,Female,43.0,104488.18,1,0
Spain,Male,34.0,0.0,2,0
Spain,Male,41.0,156570.86,1,1
Spain,Female,27.0,134954.11,1,0
Spain,Male,33.0,91241.85,1,0
Spain,Female,38.0,0.0,2,0
Spain,Female,37.0,0.0,2,1
Spain,Male,59.0,0.0,1,0
Spain,Male,33.0,0.0,2,0
Spain,Female,33.0,117655.76,1,0
Spain,Male,23.0,0.0,1,0
Spain,Male,33.0,0.0,2,0
Spain,Male,35.0,0.0,2,0
Spain,Female,34.0,148863.17,1,0
Spain,Male,30.0,97445.49,2,0
Spain,Male,32.0,0.0,1,0
Spain,Female,38.0,124197.22,1,0
Spain,Female,48.0,0.0,1,1
Spain,Male,46.0,0.0,1,1
Spain,Male,34.0,0.0,1,0
Spain,Male,36.0,0.0,2,0
Spain,Female,46.0,64345.21,1,1
Spain,Female,30.0,129944.39,2,1
Spain,Male,27.0,141806.0,2,0
Spain,Female,29.0,0.0,2,0
Spain,Male,29.0,0.0,2,0
Spain,Male,29.0,0.0,2,0
Spain,Male,41.0,0.0,2,0
Spain,Female,38.0,0.0,2,0
Spain,Female,26.0,0.0,2,0
Spain,Male,46.0,0.0,1,1
Spain,Male,30.0,0.0,1,0
Spain,Male,32.0,133060.76,1,0
Spain,Female,35.0,122929.42,2,0
Spain,Male,40.0,97720.09,1,0
Spain,Male,39.0,124532.78,2,0
Spain,Male,33.0,129810.6,1,0
Spain,Male,55.0,0.0,1,1
Spain,Male,44.0,123906.55,1,0
Spain,Male,46.0,127209.0,1,1
Spain,Male,29.0,0.0,2,0
Spain,Female,35.0,0.0,1,0
Spain,Female,38.0,0.0,2,0
Spain,Female,34.0,0.0,2,0
Spain,Female,38.0,0.0,1,0
Spain,Female,46.0,98858.26,1,0
Spain,Female,37.0,82696.09,1,0
Spain,Female,36.0,98800.0,1,1
Spain,Female,39.0,171646.76,2,0
Spain,Male,34.0,102800.06,2,0
Spain,Male,37.0,0.0,2,0
Spain,Male,38.0,0.0,2,0
Spain,Male,31.0,0.0,2,0
Spain,Male,64.0,0.0,2,0
Spain,Male,32.0,0.0,2,0
Spain,Male,32.0,0.0,2,0
Spain,Male,38.0,118866.36,1,0
Spain,Male,32.0,135658.73,1,0
Spain,Male,39.0,0.0,1,0
Spain,Female,26.0,108909.12,2,0
Spain,Male,44.0,0.0,2,0
Spain,Male,57.0,0.0,2,0
Spain,Female,31.0,0.0,2,0
Spain,Female,37.0,0.0,1,0
Spain,Female,56.0,157559.59,1,0
Spain,Male,67.0,0.0,2,0
Spain,Male,38.0,0.0,1,0
Spain,Male,23.0,0.0,1,0
Spain,Female,24.0,0.0,1,1
Spain,Female,40.0,0.0,1,0
Spain,Male,41.0,0.0,2,0
Spain,Female,50.0,0.0,2,0
Spain,Male,64.0,45752.78,2,0
Spain,Female,34.0,0.0,2,0
Spain,Female,53.0,109330.06,1,1
Spain,Male,36.0,0.0,1,0
Spain,Male,24.0,0.0,2,0
Spain,Male,35.0,0.0,2,0
Spain,Female,30.0,110942.9,1,1
Spain,Male,29.0,171787.85,1,0
Spain,Male,40.0,106920.91,1,1
Spain,Male,25.0,0.0,1,0
Spain,Male,25.0,0.0,2,0
Spain,Male,45.0,168920.71,1,1
Spain,Female,36.0,0.0,2,0
Spain,Male,35.0,0.0,2,0
Spain,Female,36.0,0.0,1,0
Spain,Male,24.0,0.0,2,0
Spain,Female,60.0,0.0,1,1
Spain,Female,31.0,136555.01,1,1
Spain,Male,48.0,0.0,3,1
Spain,Male,37.0,0.0,2,0
Spain,Male,35.0,135277.96,1,0
Spain,Male,34.0,0.0,2,0
Spain,Male,24.0,0.0,2,0
Spain,Male,52.0,141038.57,1,0
Spain,Female,51.0,0.0,2,1
Spain,Male,43.0,0.0,2,0
Spain,Male,35.0,0.0,2,0
Spain,Female,33.0,0.0,1,0
Spain,Male,41.0,127523.75,1,0
Spain,Female,46.0,0.0,2,0
Spain,Female,41.0,185734.96,1,1
Spain,Male,30.0,0.0,2,0
Spain,Female,28.0,0.0,2,0
Spain,Female,45.0,0.0,2,0
Spain,Female,42.0,0.0,2,0
Spain,Female,44.0,0.0,2,1
Spain,Male,39.0,0.0,2,0
Spain,Male,42.0,178074.55,1,0
Spain,Male,39.0,0.0,2,0
Spain,Female,35.0,114552.6,1,0
Spain,Male,46.0,0.0,1,1
Spain,Male,31.0,0.0,1,0
Spain,Male,38.0,0.0,2,0
Spain,Female,54.0,85819.43,1,1
Spain,Male,38.0,0.0,2,0
Spain,Male,38.0,0.0,2,0
Spain,Male,22.0,93301.97,1,0
Spain,Female,27.0,0.0,2,0
Spain,Male,35.0,0.0,3,0
Spain,Male,55.0,152264.81,1,0
Spain,Female,36.0,0.0,2,0
Spain,Male,47.0,0.0,2,0
Spain,Female,34.0,97739.06,2,0
Spain,Female,44.0,0.0,1,1
Spain,Male,27.0,123770.15,1,0
Spain,Male,35.0,91538.51,1,0
Spain,Female,35.0,0.0,2,0
Spain,Male,38.0,0.0,2,0
Spain,Male,24.0,121531.9,2,0
Spain,Male,25.0,0.0,2,0
Spain,Female,36.0,0.0,2,0
Spain,Male,38.0,0.0,2,0
Spain,Female,29.0,0.0,2,0
Spain,Male,52.0,0.0,1,0
Spain,Female,53.0,187602.18,1,1
Spain,Female,52.0,0.0,1,1
Spain,Male,34.0,0.0,2,0
Spain,Male,36.0,0.0,2,0
Spain,Male,34.0,0.0,2,0
Spain,Male,41.0,0.0,1,0
Spain,Female,30.0,0.0,1,0
Spain,Female,34.0,0.0,2,0
Spain,Male,30.0,0.0,2,0
Spain,Male,34.0,0.0,1,0
Spain,Female,41.0,0.0,2,0
Spain,Male,36.0,131694.54,2,0
Spain,Male,38.0,160982.99,1,0
Spain,Male,47.0,0.0,1,0
Spain,Female,28.0,128743.55,1,0
Spain,Female,53.0,0.0,2,0
Spain,Male,33.0,80927.56,1,0
Spain,Male,32.0,0.0,2,0
Spain,Female,37.0,157929.82,1,0
Spain,Female,34.0,0.0,2,0
Spain,Male,34.0,0.0,2,0
Spain,Female,30.0,100683.54,1,1
Spain,Male,26.0,132444.64,1,0
Spain,Male,30.0,145974.01,1,0
Spain,Female,25.0,0.0,2,0
Spain,Male,52.0,117221.21,1,1
Spain,Female,32.0,0.0,2,0
Spain,Male,42.0,0.0,2,0
Spain,Female,32.0,0.0,2,0
Spain,Female,42.0,160855.88,1,0
Spain,Male,27.0,0.0,2,0
Spain,Female,40.0,151709.33,1,1
Spain,Male,42.0,0.0,2,0
Spain,Male,36.0,0.0,2,0
Spain,Female,43.0,0.0,1,1
Spain,Female,34.0,0.0,2,0
Spain,Male,37.0,0.0,2,0
Spain,Male,32.0,0.0,1,0
Spain,Female,38.0,0.0,2,0
Spain,Male,57.0,0.0,1,0
Spain,Male,29.0,0.0,2,0
Spain,Male,39.0,0.0,2,0
Spain,Male,39.0,0.0,2,0
Spain,Male,35.0,0.0,2,0
Spain,Female,29.0,0.0,2,0
Spain,Female,34.0,0.0,2,0
Spain,Female,46.0,0.0,2,0
Spain,Female,39.0,123049.21,1,0
Spain,Female,38.0,86824.09,1,0
Spain,Male,36.0,0.0,2,0
Spain,Male,41.0,0.0,1,0
Spain,Female,32.0,0.0,2,0
Spain,Female,29.0,127216.31,1,0
Spain,Male,39.0,0.0,2,0
Spain,Male,39.0,92930.92,1,0
Spain,Male,39.0,0.0,2,0
Spain,Male,29.0,0.0,2,0
Spain,Female,38.0,0.0,2,0
Spain,Female,34.0,0.0,2,0
Spain,Female,30.0,0.0,2,0
Spain,Female,33.0,0.0,2,0
Spain,Male,44.0,0.0,2,0
Spain,Female,52.0,136525.99,1,0
Spain,Male,45.0,137104.47,1,0
Spain,Female,33.0,117864.85,1,0
Spain,Male,57.0,0.0,2,1
Spain,Female,45.0,0.0,1,1
Spain,Male,39.0,0.0,2,0
Spain,Female,43.0,112544.29,2,0
Spain,Male,34.0,71264.02,1,1
Spain,Male,36.0,0.0,2,0
Spain,Male,41.0,152677.48,1,0
Spain,Female,35.0,0.0,2,0
Spain,Male,39.0,0.0,2,0
Spain,Female,48.0,0.0,3,1
Spain,Female,40.0,0.0,2,0
Spain,Female,33.0,116969.44,1,0
Spain,Male,30.0,134152.29,1,0
Spain,Male,31.0,124483.53,1,1
Spain,Male,47.0,0.0,1,1
Spain,Male,44.0,0.0,4,0
Spain,Female,24.0,0.0,2,0
Spain,Female,35.0,0.0,2,0
Spain,Female,29.0,0.0,2,0
Spain,Male,38.0,0.0,2,0
Spain,Female,44.0,81153.82,1,0
Spain,Male,34.0,112994.65,1,0
Spain,Female,28.0,0.0,2,1
Spain,Male,40.0,0.0,1,0
Spain,Female,36.0,0.0,2,0
Spain,Male,37.0,112712.17,1,0
Spain,Male,38.0,0.0,2,1
Spain,Female,36.0,0.0,1,0
Spain,Female,47.0,0.0,1,0
Spain,Male,43.0,0.0,2,0
Spain,Female,57.0,173306.13,1,0
Spain,Male,37.0,98683.47,1,0
Spain,Female,28.0,0.0,2,0
Spain,Female,26.0,0.0,2,0
Spain,Female,38.0,0.0,2,0
Spain,Male,40.0,0.0,2,0
Spain,Female,55.0,117738.91,2,1
Spain,Male,47.0,0.0,2,0
Spain,Male,46.0,0.0,1,1
Spain,Female,56.0,0.0,1,1
Spain,Male,38.0,0.0,2,0
Spain,Male,44.0,0.0,2,0
Spain,Female,47.0,0.0,2,0
Spain,Male,39.0,129824.59,1,0
Spain,Male,29.0,0.0,2,0
Spain,Female,35.0,0.0,2,0
Spain,Female,34.0,0.0,2,0
Spain,Female,39.0,0.0,2,0
Spain,Male,34.0,0.0,1,1
Spain,Male,29.0,0.0,2,0
Spain,Female,44.0,71187.24,1,0
Spain,Male,35.0,138705.02,2,0
Spain,Male,71.0,0.0,2,0
Spain,Male,23.0,159203.71,1,0
Spain,Female,19.0,143390.51,1,0
Spain,Male,40.0,0.0,1,0
Spain,Male,33.0,0.0,2,0
Spain,Male,38.0,0.0,2,0
Spain,Female,35.0,0.0,2,0
Spain,Female,42.0,0.0,2,1
Spain,Female,35.0,0.0,2,0
Spain,Female,35.0,0.0,1,0
Spain,Female,34.0,0.0,2,0
Spain,Male,41.0,97910.16,1,0
Spain,Female,36.0,0.0,1,0
Spain,Female,29.0,143964.36,1,0
Spain,Male,59.0,129321.44,1,0
Spain,Male,37.0,0.0,1,1
Spain,Female,52.0,149950.19,1,1
Spain,Male,31.0,0.0,2,0
Spain,Male,40.0,0.0,2,0
Spain,Male,44.0,0.0,2,0
Spain,Female,44.0,0.0,1,0
Spain,Male,39.0,0.0,2,1
Spain,Male,53.0,84903.33,1,0
Spain,Female,43.0,0.0,2,0
Spain,Male,37.0,0.0,2,0
Spain,Female,35.0,122795.65,1,0
Spain,Female,33.0,114634.63,2,1
Spain,Male,40.0,0.0,2,0
Spain,Female,55.0,0.0,1,1
Spain,Male,41.0,0.0,2,0
Spain,Female,34.0,0.0,1,1
Spain,Male,28.0,0.0,2,0
Spain,Female,56.0,0.0,1,1
Spain,Female,31.0,92471.24,1,0
Spain,Male,33.0,0.0,1,0
Spain,Female,33.0,122924.75,2,0
Spain,Female,31.0,0.0,1,0
Spain,Female,37.0,0.0,2,0
Spain,Male,57.0,103688.52,2,0
Spain,Female,52.0,0.0,2,0
Spain,Male,39.0,0.0,2,0
Spain,Female,48.0,0.0,1,0
Spain,Female,41.0,81732.88,1,0
Spain,Male,42.0,180614.04,1,0
Spain,Male,43.0,106397.75,1,0
Spain,Female,33.0,0.0,2,0
Spain,Male,36.0,0.0,1,0
Spain,Female,66.0,0.0,1,1
Spain,Male,39.0,0.0,1,0
Spain,Male,30.0,0.0,1,0
Spain,Male,44.0,77637.35,2,0
Spain,Male,35.0,0.0,2,0
Spain,Male,32.0,0.0,2,0
Spain,Male,36.0,0.0,2,0
Spain,Female,46.0,0.0,1,0
Spain,Female,38.0,0.0,2,0
Spain,Male,30.0,0.0,2,0
Spain,Female,39.0,0.0,2,0
Spain,Female,33.0,128793.61,1,0
Spain,Female,49.0,0.0,1,1
Spain,Female,43.0,0.0,1,1
Spain,Female,31.0,0.0,2,0
Spain,Female,32.0,0.0,1,1
Spain,Male,36.0,115532.52,1,0
Spain,Female,42.0,104719.71,3,1
Spain,Male,40.0,0.0,2,0
Spain,Male,29.0,0.0,1,0
Spain,Female,45.0,129755.99,1,0
Spain,Male,34.0,0.0,2,0
Spain,Female,35.0,0.0,2,0
Spain,Male,41.0,100374.58,1,0
Spain,Male,40.0,0.0,2,0
Spain,Female,36.0,0.0,2,0
Spain,Male,32.0,0.0,2,0
Spain,Male,28.0,0.0,2,0
Spain,Male,29.0,0.0,2,0
Spain,Female,35.0,144470.77,1,0
Spain,Male,41.0,0.0,2,0
Spain,Female,29.0,0.0,2,0
Spain,Female,52.0,97157.86,1,1
Spain,Female,48.0,0.0,2,1
Spain,Male,36.0,0.0,2,0
Spain,Male,34.0,128743.55,1,0
Spain,Female,51.0,0.0,1,1
Spain,Female,35.0,0.0,2,0
Spain,Female,39.0,134208.25,1,0
Spain,Female,35.0,0.0,1,1
Spain,Female,40.0,0.0,2,0
Spain,Male,30.0,0.0,2,0
Spain,Male,23.0,82963.28,1,0
Spain,Male,22.0,138577.9,1,0
Spain,Female,37.0,0.0,2,0
Spain,Female,45.0,0.0,2,0
Spain,Female,24.0,0.0,1,0
Spain,Male,36.0,152390.26,2,0
Spain,Female,40.0,0.0,1,1
Spain,Male,28.0,130142.79,1,0
Spain,Male,36.0,0.0,2,0
Spain,Male,34.0,0.0,1,0
Spain,Male,67.0,129968.67,1,0
Spain,Female,51.0,97382.53,1,1
Spain,Male,37.0,0.0,2,0
Spain,Male,32.0,0.0,1,0
Spain,Female,32.0,106957.28,1,0
Spain,Male,67.0,111629.29,1,1
Spain,Female,44.0,103816.43,1,1
Spain,Male,47.0,0.0,1,1
Spain,Female,40.0,0.0,2,0
Spain,Male,39.0,0.0,1,1
Spain,Male,28.0,0.0,2,0
Spain,Male,57.0,0.0,1,1
Spain,Female,33.0,79450.09,3,1
Spain,Female,22.0,0.0,3,1
Spain,Female,41.0,0.0,3,1
Spain,Female,59.0,0.0,2,0
Spain,Male,40.0,108891.84,1,0
Spain,Male,30.0,56580.95,2,0
Spain,Male,31.0,103818.41,1,0
Spain,Male,31.0,0.0,2,0
Spain,Male,38.0,0.0,1,0
Spain,Male,47.0,0.0,2,0
Spain,Female,37.0,0.0,2,0
Spain,Male,38.0,0.0,2,0
Spain,Male,35.0,122486.47,1,0
Spain,Male,29.0,0.0,2,0
Spain,Male,27.0,0.0,1,0
Spain,Male,36.0,102918.65,1,1
Spain,Male,57.0,0.0,1,0
Spain,Female,32.0,0.0,2,0
Spain,Female,43.0,0.0,1,0
Spain,Male,33.0,0.0,2,0
Spain,Female,35.0,176273.95,1,0
Spain,Male,46.0,148055.86,1,0
Spain,Male,39.0,0.0,2,0
Spain,Male,40.0,0.0,1,0
Spain,Female,26.0,148610.41,3,1
Spain,Male,26.0,0.0,2,0
Spain,Male,36.0,142578.17,1,0
Spain,Female,36.0,132623.76,1,1
Spain,Male,34.0,102277.52,1,1
Spain,Female,36.0,0.0,2,0
Spain,Male,36.0,0.0,2,0
Spain,Male,37.0,134204.44,1,0
Spain,Male,40.0,109730.22,1,1
Spain,Male,29.0,0.0,2,0
Spain,Female,38.0,0.0,2,0
Spain,Male,33.0,0.0,2,0
Spain,Female,38.0,0.0,2,0
Spain,Male,46.0,0.0,2,0
Spain,Female,47.0,0.0,2,0
Spain,Female,26.0,105355.72,1,0
Spain,Male,36.0,0.0,2,0
Spain,Male,33.0,0.0,2,0
Spain,Male,38.0,84901.05,1,0
Spain,Male,45.0,181645.78,2,1
Spain,Male,44.0,0.0,1,0
Spain,Female,39.0,0.0,2,0
Spain,Female,41.0,0.0,1,1
Spain,Female,36.0,0.0,2,0
Spain,Female,39.0,0.0,1,0
Spain,Male,33.0,0.0,2,0
Spain,Female,40.0,0.0,1,0
Spain,Male,51.0,98955.87,1,0
Spain,Female,33.0,0.0,2,0
Spain,Male,34.0,0.0,2,0
Spain,Female,32.0,0.0,2,0
Spain,Male,27.0,155655.98,1,0
Spain,Female,39.0,0.0,1,0
Spain,Female,38.0,0.0,2,0
Spain,Male,40.0,121629.22,2,0
Spain,Male,39.0,151963.26,2,1
Spain,Male,39.0,167878.5,1,0
Spain,Female,58.0,0.0,1,1
Spain,Female,21.0,113348.5,2,0
Spain,Female,38.0,0.0,2,0
Spain,Female,45.0,0.0,1,1
Spain,Male,47.0,139395.08,1,0
Spain,Male,36.0,170826.53,1,0
Spain,Female,34.0,0.0,2,0
Spain,Male,30.0,0.0,1,0
Spain,Male,36.0,0.0,2,0
Spain,Female,40.0,101090.27,1,0
Spain,Female,39.0,0.0,2,0
Spain,Male,37.0,0.0,2,0
Spain,Male,37.0,0.0,2,0
Spain,Male,30.0,0.0,2,0
Spain,Male,40.0,0.0,1,0
Spain,Male,36.0,0.0,2,0
Spain,Male,39.0,0.0,1,0
Spain,Male,42.0,79857.64,1,0
Spain,Male,44.0,135919.35,1,0
Spain,Female,33.0,73481.05,1,0
Spain,Male,42.0,83015.71,1,0
Spain,Female,24.0,97378.54,1,0
Spain,Female,36.0,0.0,2,0
Spain,Female,52.0,0.0,2,0
Spain,Female,28.0,0.0,2,0
Spain,Male,27.0,126418.14,1,1
Spain,Male,32.0,0.0,2,0
Spain,Male,36.0,103520.56,1,0
Spain,Male,41.0,0.0,2,0
Spain,Male,37.0,0.0,2,0
Spain,Male,67.0,0.0,2,0
Spain,Female,42.0,0.0,1,0
Spain,Male,35.0,141581.81,1,0
Spain,Male,66.0,143773.07,1,0
Spain,Male,31.0,0.0,2,0
Spain,Female,34.0,127758.8,1,0
Spain,Male,38.0,0.0,2,0
Spain,Male,42.0,0.0,2,0
Spain,Female,49.0,0.0,1,1
Spain,Female,26.0,0.0,1,0
Spain,Male,31.0,0.0,2,0
Spain,Female,35.0,0.0,2,1
Spain,Male,52.0,154872.08,1,0
Spain,Female,39.0,0.0,2,0
Spain,Female,40.0,142289.28,1,0
Spain,Male,36.0,0.0,2,0
Spain,Male,23.0,96947.58,1,0
Spain,Male,28.0,0.0,2,0
Spain,Female,39.0,0.0,2,0
Spain,Female,33.0,0.0,2,0
Spain,Male,42.0,0.0,2,0
Spain,Female,42.0,0.0,2,0
Spain,Female,45.0,0.0,2,0
Spain,Male,36.0,145555.03,1,0
Spain,Female,36.0,0.0,2,0
Spain,Male,49.0,97339.46,1,0
Spain,Male,36.0,0.0,2,0
Spain,Female,32.0,96656.76,1,0
Spain,Female,45.0,0.0,1,1
Spain,Female,41.0,102870.93,1,1
Spain,Male,40.0,0.0,1,0
Spain,Female,41.0,69974.66,2,0
Spain,Male,40.0,155519.4,1,1
Spain,Male,37.0,0.0,2,0
Spain,Male,29.0,139974.01,1,0
Spain,Female,37.0,0.0,2,0
Spain,Female,35.0,0.0,1,0
Spain,Female,46.0,0.0,1,1
Spain,Male,29.0,152347.67,1,0
Spain,Female,37.0,152760.24,2,0
Spain,Female,26.0,0.0,1,0
Spain,Female,36.0,0.0,2,0
Spain,Female,29.0,0.0,2,0
Spain,Female,57.0,0.0,1,1
Spain,Male,34.0,117294.31,1,0
Spain,Male,43.0,0.0,1,0
Spain,Male,37.0,0.0,1,0
Spain,Male,36.0,145981.87,1,0
Spain,Female,42.0,0.0,1,0
Spain,Male,36.0,0.0,1,1
Spain,Female,32.0,148853.29,1,0
Spain,Female,32.0,0.0,2,0
Spain,Female,39.0,139723.9,1,1
Spain,Male,40.0,0.0,2,0
Spain,Male,33.0,120787.18,1,0
Spain,Female,35.0,0.0,2,0
Spain,Female,36.0,0.0,1,0
Spain,Female,45.0,0.0,2,0
Spain,Male,40.0,61482.47,1,0
Spain,Male,41.0,0.0,2,0
Spain,Female,34.0,0.0,2,0
Spain,Female,34.0,70784.27,1,0
Spain,Male,33.0,121854.45,2,0
Spain,Male,43.0,0.0,2,0
Spain,Male,46.0,151709.33,1,0
Spain,Female,36.0,74983.69,1,0
Spain,Male,46.0,121063.9,4,1
Spain,Female,40.0,136858.42,1,1
Spain,Male,46.0,0.0,2,0
Spain,Female,37.0,0.0,2,0
Spain,Male,30.0,127261.35,1,0
Spain,Female,28.0,161592.76,2,0
Spain,Male,61.0,0.0,2,0
Spain,Female,35.0,0.0,2,0
Spain,Female,46.0,0.0,2,0
Spain,Female,36.0,135515.76,1,0
Spain,Male,39.0,0.0,2,0
Spain,Female,26.0,0.0,2,0
Spain,Male,47.0,0.0,2,0
Spain,Female,36.0,0.0,2,0
Spain,Female,31.0,124640.51,1,0
Spain,Male,27.0,0.0,1,0
Spain,Female,41.0,0.0,2,0
Spain,Male,26.0,57327.04,2,0
Spain,Male,37.0,0.0,2,0
Spain,Female,29.0,0.0,1,0
Spain,Male,32.0,0.0,2,0
Spain,Female,36.0,0.0,1,1
Spain,Male,35.0,112712.17,2,0
Spain,Female,37.0,0.0,1,0
Spain,Female,56.0,92786.66,2,1
Spain,Male,46.0,0.0,2,0
Spain,Female,38.0,0.0,2,0
Spain,Male,38.0,141749.68,1,0
Spain,Male,54.0,0.0,1,1
Spain,Male,34.0,129305.87,1,0
Spain,Female,22.0,0.0,2,0
Spain,Male,41.0,0.0,1,1
Spain,Male,32.0,114540.38,1,0
Spain,Female,35.0,0.0,1,0
Spain,Male,52.0,118201.41,1,1
Spain,Female,34.0,98592.88,1,1
Spain,Male,32.0,0.0,2,0
Spain,Female,35.0,130661.96,2,0
Spain,Male,33.0,0.0,2,0
Spain,Male,27.0,99811.44,1,0
Spain,Male,37.0,121681.91,1,0
Spain,Female,31.0,141796.43,1,0
Spain,Male,33.0,0.0,2,0
Spain,Male,43.0,110245.14,1,0
Spain,Female,29.0,108204.52,1,0
Spain,Male,50.0,122028.65,1,0
Spain,Male,35.0,90865.8,1,0
Spain,Male,35.0,0.0,2,0
Spain,Male,42.0,136659.74,1,0
Spain,Female,53.0,183579.54,1,1
Spain,Male,38.0,102739.4,1,1
Spain,Male,35.0,0.0,1,0
Spain,Female,34.0,0.0,1,1
Spain,Male,40.0,152880.16,1,0
Spain,Male,50.0,0.0,2,0
Spain,Male,34.0,0.0,2,0
Spain,Female,35.0,0.0,2,0
Spain,Male,41.0,0.0,2,0
Spain,Male,64.0,0.0,2,0
Spain,Female,53.0,0.0,2,0
Spain,Male,57.0,0.0,1,1
Spain,Female,34.0,0.0,2,0
Spain,Female,39.0,0.0,2,0
Spain,Male,31.0,0.0,2,0
Spain,Female,36.0,117864.85,1,0
Spain,Female,57.0,0.0,2,0
Spain,Male,35.0,0.0,1,1
Spain,Male,35.0,89968.13,1,0
Spain,Male,45.0,74274.87,2,0
Spain,Male,31.0,113316.35,1,0
Spain,Male,37.0,105355.76,1,0
Spain,Female,32.0,0.0,2,0
Spain,Female,36.0,0.0,2,1
Spain,Female,29.0,0.0,2,0
Spain,Male,55.0,122570.87,1,0
Spain,Female,38.0,0.0,1,1
Spain,Female,44.0,0.0,1,0
Spain,Female,39.0,0.0,3,1
Spain,Male,33.0,0.0,2,0
Spain,Female,33.0,0.0,2,0
Spain,Female,31.0,0.0,1,0
Spain,Female,28.0,0.0,2,0
Spain,Male,42.0,0.0,2,0
Spain,Female,38.0,115462.09,1,1
Spain,Male,36.0,0.0,2,0
Spain,Male,26.0,80764.04,1,0
Spain,Female,42.0,0.0,2,0
Spain,Male,25.0,0.0,2,0
Spain,Male,34.0,0.0,3,1
Spain,Male,40.0,123070.43,2,0
Spain,Male,24.0,0.0,1,0
Spain,Male,29.0,0.0,2,0
Spain,Female,46.0,0.0,1,1
Spain,Male,49.0,0.0,1,1
Spain,Male,38.0,0.0,2,0
Spain,Female,46.0,0.0,1,0
Spain,Female,41.0,0.0,1,0
Spain,Female,29.0,71996.29,2,0
Spain,Male,40.0,0.0,2,0
Spain,Male,36.0,122284.39,1,0
Spain,Female,21.0,0.0,2,0
Spain,Female,36.0,0.0,2,0
Spain,Male,52.0,0.0,1,1
Spain,Male,29.0,0.0,1,0
Spain,Male,47.0,0.0,2,0
Spain,Male,52.0,0.0,1,1
Spain,Male,45.0,0.0,2,0
Spain,Female,61.0,0.0,1,1
Spain,Male,38.0,0.0,2,0
Spain,Male,33.0,0.0,2,0
Spain,Female,36.0,98955.16,1,0
Spain,Female,32.0,0.0,2,0
Spain,Male,39.0,154962.79,1,1
Spain,Female,34.0,123612.28,2,0
Spain,Female,28.0,0.0,2,0
Spain,Male,41.0,0.0,2,0
Spain,Female,28.0,0.0,1,0
Spain,Male,21.0,0.0,2,0
Spain,Male,41.0,97955.34,2,0
Spain,Male,36.0,45752.78,1,0
Spain,Female,39.0,0.0,2,0
Spain,Female,41.0,0.0,2,0
Spain,Male,54.0,0.0,2,0
Spain,Female,36.0,0.0,2,0
Spain,Female,31.0,0.0,2,0
Spain,Female,35.0,0.0,2,0
Spain,Female,21.0,0.0,2,0
Spain,Male,37.0,131519.49,1,1
Spain,Female,46.0,0.0,1,0
Spain,Male,38.0,121527.4,1,0
Spain,Female,44.0,0.0,1,1
Spain,Male,32.0,125540.05,1,0
Spain,Male,40.0,110340.68,1,1
Spain,Female,31.0,0.0,2,0
Spain,Male,32.0,0.0,1,0
Spain,Female,33.0,0.0,1,1
Spain,Male,56.0,144440.05,2,1
Spain,Male,26.0,0.0,2,0
Spain,Male,24.0,0.0,2,0
Spain,Female,35.0,0.0,2,0
Spain,Female,59.0,0.0,1,1
Spain,Female,34.0,151839.26,2,0
Spain,Male,27.0,0.0,2,0
Spain,Female,35.0,90218.0,1,0
Spain,Male,44.0,0.0,2,0
Spain,Male,39.0,0.0,2,0
Spain,Male,29.0,0.0,2,0
Spain,Male,31.0,0.0,1,0
Spain,Male,31.0,0.0,2,0
Spain,Female,38.0,124483.53,1,1
Spain,Female,25.0,0.0,2,0
Spain,Female,28.0,0.0,2,0
Spain,Male,35.0,0.0,2,0
Spain,Male,46.0,117273.73,1,0
Spain,Female,37.0,116935.89,1,0
Spain,Female,67.0,0.0,1,0
Spain,Female,29.0,0.0,2,1
Spain,Male,43.0,0.0,1,1
Spain,Male,40.0,148790.61,2,0
Spain,Female,38.0,0.0,2,0
Spain,Male,31.0,0.0,2,0
Spain,Male,33.0,0.0,2,0
Spain,Male,35.0,0.0,2,0
Spain,Male,50.0,0.0,2,0
Spain,Male,32.0,0.0,2,0
Spain,Female,43.0,161807.18,2,0
Spain,Female,46.0,0.0,1,1
Spain,Male,31.0,137687.72,1,0
Spain,Female,35.0,0.0,2,0
Spain,Male,42.0,0.0,2,0
Spain,Male,24.0,90212.0,2,0
Spain,Female,41.0,0.0,2,0
Spain,Male,40.0,0.0,1,1
Spain,Male,31.0,153538.13,1,0
Spain,Male,41.0,0.0,1,0
Spain,Female,50.0,0.0,2,0
Spain,Female,31.0,0.0,2,0
Spain,Female,30.0,151691.44,1,0
Spain,Male,29.0,0.0,2,0
Spain,Female,54.0,116968.97,1,1
Spain,Female,36.0,106687.76,1,0
Spain,Female,43.0,0.0,3,1
Spain,Male,34.0,0.0,2,0
Spain,Male,31.0,0.0,2,0
Spain,Male,38.0,0.0,1,1
Spain,Male,28.0,0.0,2,0
Spain,Male,23.0,0.0,2,0
Spain,Female,30.0,116474.28,2,0
Spain,Female,85.0,109044.6,1,0
Spain,Male,33.0,98630.31,1,0
Spain,Female,27.0,108738.71,1,0
Spain,Male,44.0,0.0,2,0
Spain,Male,36.0,0.0,2,0
Spain,Female,38.0,0.0,1,0
Spain,Male,46.0,95772.96,1,0
Spain,Male,35.0,0.0,2,0
Spain,Female,32.0,101160.29,1,0
Spain,Male,36.0,0.0,2,0
Spain,Female,47.0,122547.64,1,0
Spain,Female,31.0,0.0,2,0
Spain,Female,27.0,0.0,2,0
Spain,Male,41.0,133344.43,1,0
Spain,Male,35.0,0.0,2,0
Spain,Female,43.0,0.0,1,1
Spain,Male,56.0,0.0,1,1
Spain,Male,34.0,0.0,2,0
Spain,Male,30.0,111063.05,1,0
Spain,Male,39.0,0.0,2,0
Spain,Male,30.0,0.0,2,0
Spain,Male,29.0,0.0,2,0
Spain,Female,44.0,0.0,2,0
Spain,Male,35.0,0.0,2,0
Spain,Male,39.0,0.0,2,0
Spain,Female,34.0,0.0,2,0
Spain,Female,31.0,0.0,2,0
Spain,Male,42.0,0.0,1,1
Spain,Male,41.0,0.0,2,0
Spain,Female,41.0,0.0,2,0
Spain,Male,36.0,126428.38,2,0
Spain,Male,33.0,0.0,1,0
Spain,Male,44.0,0.0,1,1
Spain,Male,35.0,116936.29,1,0
Spain,Male,43.0,114739.35,1,0
Spain,Female,43.0,108308.0,1,0
Spain,Female,28.0,0.0,2,0
Spain,Male,28.0,87098.91,2,0
Spain,Male,48.0,132876.23,2,0
Spain,Female,42.0,0.0,1,1
Spain,Female,44.0,0.0,1,0
Spain,Male,39.0,0.0,2,1
Spain,Female,39.0,0.0,2,0
Spain,Male,29.0,0.0,1,1
Spain,Male,45.0,145984.92,1,0
Spain,Female,35.0,0.0,2,0
Spain,Male,31.0,0.0,2,0
Spain,Male,35.0,0.0,2,0
Spain,Female,36.0,0.0,2,0
Spain,Male,38.0,0.0,2,0
Spain,Female,27.0,125406.58,1,1
Spain,Female,29.0,123946.85,1,0
Spain,Male,31.0,0.0,2,0
Spain,Female,30.0,134348.57,1,0
Spain,Male,38.0,0.0,2,0
Spain,Female,31.0,0.0,2,0
Spain,Male,46.0,141688.55,1,0
Spain,Female,35.0,0.0,1,1
Spain,Male,34.0,0.0,2,0
Spain,Female,31.0,0.0,2,0
Spain,Female,25.0,0.0,2,0
Spain,Male,21.0,0.0,1,0
Spain,Male,31.0,0.0,2,0
Spain,Male,41.0,0.0,2,0
Spain,Female,36.0,0.0,1,1
Spain,Male,44.0,0.0,1,0
Spain,Male,38.0,75967.63,2,0
Spain,Female,35.0,0.0,2,0
Spain,Male,26.0,0.0,2,0
Spain,Male,33.0,0.0,2,0
Spain,Male,63.0,0.0,2,0
Spain,Female,42.0,92345.31,1,0
Spain,Female,66.0,137723.68,1,1
Spain,Male,39.0,0.0,1,0
Spain,Female,25.0,0.0,2,0
Spain,Male,25.0,125537.55,1,0
Spain,Male,38.0,0.0,2,0
Spain,Female,32.0,0.0,2,0
Spain,Female,28.0,0.0,2,1
Spain,Female,24.0,0.0,1,0
Spain,Female,58.0,216109.88,1,0
Spain,Male,39.0,161801.47,2,0
Spain,Female,35.0,0.0,2,0
Spain,Male,37.0,0.0,2,0
Spain,Male,38.0,0.0,2,0
Spain,Male,31.0,0.0,1,1
Spain,Male,36.0,115462.02,1,1
Spain,Female,46.0,0.0,1,1
Spain,Male,35.0,0.0,2,0
Spain,Female,43.0,0.0,1,1
Spain,Female,32.0,0.0,2,0
Spain,Male,37.0,0.0,1,0
Spain,Female,30.0,0.0,2,0
Spain,Male,38.0,157989.15,1,0
Spain,Male,64.0,0.0,2,0
Spain,Female,79.0,108078.56,1,0
Spain,Female,34.0,0.0,2,0
Spain,Male,32.0,0.0,1,0
Spain,Male,51.0,151012.55,1,0
Spain,Male,47.0,137115.36,1,0
Spain,Male,33.0,0.0,2,0
Spain,Male,36.0,0.0,2,0
Spain,Male,33.0,76319.96,1,0
Spain,Male,34.0,131694.59,1,0
Spain,Male,43.0,0.0,3,1
Spain,Female,30.0,0.0,1,0
Spain,Male,33.0,0.0,1,0
Spain,Female,34.0,0.0,2,0
Spain,Male,39.0,0.0,2,0
Spain,Female,31.0,0.0,2,0
Spain,Male,29.0,0.0,2,0
Spain,Female,41.0,0.0,2,0
Spain,Male,40.0,80928.08,1,0
Spain,Male,24.0,134348.58,1,0
Spain,Female,32.0,0.0,2,0
Spain,Female,33.0,132578.23,1,0
Spain,Male,32.0,129255.2,1,0
Spain,Male,38.0,108733.96,1,0
Spain,Male,29.0,0.0,2,0
Spain,Female,37.0,148021.12,1,0
Spain,Male,49.0,115007.08,1,0
Spain,Male,32.0,0.0,1,0
Spain,Male,60.0,126477.42,1,0
Spain,Male,43.0,0.0,2,0
Spain,Male,36.0,0.0,2,0
Spain,Female,35.0,81576.75,1,0
Spain,Female,37.0,127763.24,1,0
Spain,Male,29.0,83889.03,2,0
Spain,Female,42.0,160982.05,2,0
Spain,Female,45.0,0.0,1,0
Spain,Male,25.0,0.0,2,0
Spain,Female,36.0,0.0,2,0
Spain,Male,32.0,109387.5,1,0
Spain,Female,47.0,0.0,1,1
Spain,Male,43.0,0.0,1,0
Spain,Male,42.0,0.0,2,0
Spain,Female,33.0,0.0,1,0
Spain,Female,30.0,143637.71,1,0
Spain,Male,31.0,0.0,1,0
Spain,Female,28.0,0.0,2,0
Spain,Male,32.0,0.0,2,0
Spain,Male,38.0,0.0,2,0
Spain,Male,45.0,105266.32,2,0
Spain,Female,33.0,0.0,1,0
Spain,Male,35.0,0.0,1,0
Spain,Male,35.0,105245.21,1,0
Spain,Male,54.0,0.0,1,0
Spain,Male,26.0,0.0,2,0
Spain,Male,53.0,0.0,2,0
Spain,Male,37.0,0.0,2,0
Spain,Male,34.0,0.0,1,0
Spain,Male,58.0,0.0,3,1
Spain,Female,34.0,0.0,2,0
Spain,Male,29.0,81273.13,1,0
Spain,Male,26.0,0.0,2,0
Spain,Male,28.0,0.0,2,0
Spain,Female,32.0,0.0,1,0
Spain,Male,37.0,0.0,2,0
Spain,Male,41.0,0.0,1,0
Spain,Male,33.0,0.0,1,1
Spain,Female,42.0,0.0,2,0
Spain,Male,30.0,0.0,2,0
Spain,Male,39.0,79932.41,1,0
Spain,Female,37.0,108944.3,2,0
Spain,Male,58.0,91573.99,1,0
Spain,Female,34.0,0.0,2,0
Spain,Female,43.0,141796.43,2,1
Spain,Female,45.0,0.0,2,1
Spain,Male,32.0,0.0,2,0
Spain,Male,42.0,0.0,1,0
Spain,Male,36.0,0.0,2,0
Spain,Female,42.0,133970.22,1,1
Spain,Male,33.0,0.0,2,0
Spain,Male,35.0,89182.09,1,1
Spain,Female,58.0,122446.61,2,0
Spain,Female,29.0,0.0,1,0
Spain,Male,46.0,142669.93,2,0
Spain,Female,46.0,0.0,1,1
Spain,Male,29.0,0.0,2,0
Spain,Male,37.0,0.0,2,0
Spain,Female,31.0,77933.08,2,0
Spain,Male,29.0,141952.07,1,0
Spain,Female,27.0,0.0,2,0
Spain,Female,49.0,110864.38,2,0
Spain,Female,54.0,78126.28,2,0
Spain,Male,31.0,0.0,2,0
Spain,Male,33.0,48387.0,2,0
Spain,Male,29.0,0.0,2,0
Spain,Female,39.0,0.0,2,0
Spain,Female,32.0,0.0,2,0
Spain,Female,36.0,0.0,2,0
Spain,Female,41.0,0.0,2,1
Spain,Male,36.0,0.0,1,1
Spain,Male,33.0,0.0,1,0
Spain,Female,37.0,73211.12,2,0
Spain,Male,62.0,0.0,2,0
Spain,Male,32.0,132953.92,2,0
Spain,Female,38.0,0.0,2,0
Spain,Male,39.0,0.0,1,0
Spain,Male,28.0,0.0,2,0
Spain,Female,27.0,155413.06,1,0
Spain,Female,22.0,0.0,2,0
Spain,Male,28.0,0.0,1,0
Spain,Female,33.0,144102.32,1,0
Spain,Male,36.0,129726.58,1,0
Spain,Female,46.0,0.0,1,1
Spain,Male,52.0,0.0,1,1
Spain,Male,37.0,0.0,2,0
Spain,Female,39.0,141349.43,1,0
Spain,Female,41.0,0.0,1,0
Spain,Female,35.0,143006.7,1,0
Spain,Female,34.0,0.0,2,0
Spain,Female,36.0,110934.54,1,1
Spain,Male,29.0,0.0,2,0
Spain,Male,39.0,134766.85,1,0
Spain,Female,28.0,107141.27,1,0
Spain,Male,35.0,105492.53,1,0
Spain,Male,35.0,0.0,2,0
Spain,Female,29.0,0.0,2,0
Spain,Male,34.0,139914.27,1,0
Spain,Male,36.0,0.0,2,0
Spain,Female,28.0,0.0,2,0
Spain,Male,37.0,0.0,1,0
Spain,Male,31.0,0.0,2,0
Spain,Male,48.0,0.0,2,0
Spain,Male,37.0,0.0,2,0
Spain,Female,36.0,0.0,2,0
Spain,Female,35.0,0.0,2,0
Spain,Male,54.0,152677.48,1,1
Spain,Male,33.0,0.0,1,0
Spain,Male,34.0,0.0,2,0
Spain,Female,48.0,0.0,2,0
Spain,Male,30.0,0.0,2,0
Spain,Male,34.0,0.0,2,0
Spain,Male,35.0,0.0,2,0
Spain,Male,34.0,0.0,1,0
Spain,Male,33.0,0.0,2,0
Spain,Male,31.0,0.0,2,0
Spain,Female,35.0,0.0,2,0
Spain,Female,45.0,0.0,1,1
Spain,Male,41.0,0.0,2,0
Spain,Male,31.0,0.0,2,0
Spain,Male,33.0,0.0,2,0
Spain,Male,24.0,0.0,2,0
Spain,Male,35.0,134446.04,1,0
Spain,Male,35.0,159693.9,2,1
Spain,Female,36.0,130334.96,1,0
Spain,Female,37.0,0.0,2,0
Spain,Female,43.0,0.0,2,0
Spain,Male,29.0,140197.42,1,0
Spain,Male,55.0,119618.42,2,0
Spain,Male,43.0,126473.33,1,0
Spain,Male,33.0,0.0,2,0
Spain,Female,30.0,0.0,2,0
Spain,Male,37.0,0.0,2,0
Spain,Male,36.0,135095.47,1,1
Spain,Female,35.0,0.0,2,0
Spain,Male,28.0,0.0,2,0
Spain,Male,40.0,0.0,1,0
Spain,Male,33.0,153360.02,1,0
Spain,Female,55.0,111201.41,1,0
Spain,Male,42.0,0.0,2,0
Spain,Female,35.0,0.0,1,0
Spain,Male,37.0,0.0,2,0
Spain,Male,48.0,0.0,1,1
Spain,Female,50.0,0.0,1,1
Spain,Male,30.0,0.0,2,0
Spain,Male,32.0,161893.13,1,0
Spain,Male,38.0,0.0,2,0
Spain,Male,34.0,0.0,2,0
Spain,Male,43.0,0.0,2,0
Spain,Male,36.0,0.0,2,0
Spain,Female,37.0,0.0,2,0
Spain,Female,51.0,164672.66,1,1
Spain,Male,34.0,0.0,2,0
Spain,Female,36.0,118334.04,2,1
Spain,Male,33.0,122325.5,1,0
Spain,Female,33.0,137115.12,1,0
Spain,Male,40.0,0.0,3,1
Spain,Female,34.0,115290.27,1,0
Spain,Female,35.0,0.0,2,0
Spain,Male,27.0,0.0,2,0
Spain,Male,40.0,124023.18,1,0
Spain,Male,32.0,0.0,2,0
Spain,Male,32.0,0.0,2,0
Spain,Female,36.0,121855.33,1,0
Spain,Male,40.0,145988.14,1,0
Spain,Female,33.0,81556.89,2,1
Spain,Female,35.0,139972.18,1,0
Spain,Female,28.0,0.0,2,0
Spain,Male,23.0,0.0,2,0
Spain,Female,42.0,118626.6,1,0
Spain,Male,28.0,120047.77,1,0
Spain,Male,39.0,118879.35,2,0
Spain,Male,39.0,0.0,2,0
Spain,Male,38.0,0.0,2,0
Spain,Female,28.0,129255.2,1,0
Spain,Female,33.0,0.0,1,0
Spain,Female,56.0,0.0,1,1
Spain,Male,32.0,0.0,2,0
Spain,Male,40.0,0.0,1,0
Spain,Female,49.0,66079.45,2,0
Spain,Male,38.0,118899.54,1,0
Spain,Male,31.0,0.0,2,0
Spain,Male,35.0,0.0,2,0
Spain,Female,34.0,0.0,1,0
Spain,Female,53.0,0.0,2,0
Spain,Male,33.0,0.0,1,0
Spain,Female,29.0,0.0,2,0
Spain,Female,35.0,0.0,2,0
Spain,Female,55.0,123783.25,1,1
Spain,Male,35.0,0.0,2,1
Spain,Female,41.0,150463.11,1,0
Spain,Male,21.0,0.0,2,0
Spain,Male,38.0,0.0,1,0
Spain,Female,34.0,0.0,2,0
Spain,Female,42.0,128760.39,1,0
Spain,Female,37.0,137222.73,1,0
Spain,Male,35.0,0.0,2,0
Spain,Male,27.0,115730.71,1,0
Spain,Female,43.0,0.0,2,0
Spain,Male,35.0,0.0,2,0
Spain,Female,24.0,98298.19,1,0
Spain,Female,52.0,0.0,1,1
Spain,Female,38.0,0.0,2,0
Spain,Female,49.0,113882.33,1,1
Spain,Female,41.0,0.0,2,0
Spain,Male,38.0,0.0,2,0
Spain,Male,41.0,0.0,2,0
Spain,Male,48.0,81818.49,1,1
Spain,Female,35.0,0.0,2,0
Spain,Female,37.0,0.0,1,0
Spain,Female,27.0,160599.06,2,0
Spain,Female,34.0,0.0,1,0
Spain,Male,43.0,0.0,2,0
Spain,Male,42.0,0.0,2,1
Spain,Female,31.0,0.0,2,0
Spain,Male,27.0,136624.9,1,0
Spain,Female,33.0,0.0,2,0
Spain,Male,34.0,0.0,2,0
Spain,Male,26.0,113674.2,1,0
Spain,Female,31.0,112713.34,1,0
Spain,Female,35.0,0.0,1,1
Spain,Female,37.0,0.0,2,0
Spain,Female,24.0,105918.73,2,1
Spain,Female,38.0,83617.09,1,0
Spain,Female,35.0,0.0,2,0
Spain,Female,37.0,121063.8,1,0
Spain,Male,36.0,0.0,1,0
Spain,Male,43.0,0.0,1,1
Spain,Female,30.0,0.0,2,0
Spain,Female,36.0,98683.47,2,0
Spain,Male,34.0,150795.81,1,0
Spain,Male,33.0,0.0,1,0
Spain,Male,29.0,0.0,1,0
Spain,Male,30.0,0.0,2,0
Spain,Male,43.0,115024.5,1,0
Spain,Male,32.0,0.0,2,0
Spain,Male,56.0,0.0,2,0
Spain,Female,36.0,0.0,1,1
Spain,Female,38.0,0.0,2,0
Spain,Female,44.0,118449.21,2,1
Spain,Female,30.0,104678.78,2,0
Spain,Male,52.0,123925.23,1,0
Spain,Male,37.0,0.0,2,1
Spain,Male,34.0,0.0,1,0
Spain,Female,58.0,0.0,2,0
Spain,Male,32.0,122330.7,2,0
Spain,Male,41.0,0.0,2,0
Spain,Female,48.0,135506.58,1,0
Spain,Male,41.0,122554.75,1,0
Spain,Male,32.0,0.0,2,0
Spain,Female,42.0,142872.52,1,0
Spain,Male,29.0,0.0,2,0
Spain,Male,34.0,0.0,2,0
Spain,Male,34.0,0.0,2,0
Spain,Female,38.0,96945.9,1,0
Spain,Male,41.0,0.0,1,0
Spain,Female,37.0,153855.52,1,0
Spain,Male,47.0,0.0,1,1
Spain,Male,45.0,81954.96,1,0
Spain,Male,36.0,109528.28,1,0
Spain,Female,43.0,0.0,2,0
Spain,Male,37.0,0.0,1,1
Spain,Female,37.0,0.0,2,0
Spain,Male,35.0,99818.39,1,0
Spain,Male,50.0,149992.74,1,0
Spain,Male,32.0,168920.78,2,0
Spain,Female,36.0,0.0,2,0
Spain,Female,38.0,79871.04,1,0
Spain,Male,43.0,0.0,1,0
Spain,Female,51.0,69413.44,1,1
Spain,Female,44.0,0.0,2,0
Spain,Female,51.0,135843.33,1,1
Spain,Female,28.0,0.0,1,0
Spain,Male,38.0,0.0,2,0
Spain,Female,44.0,0.0,2,0
Spain,Female,58.0,0.0,1,0
Spain,Male,41.0,0.0,1,1
Spain,Male,30.0,0.0,2,0
Spain,Male,31.0,0.0,2,0
Spain,Female,40.0,0.0,1,0
Spain,Female,42.0,0.0,2,0
Spain,Male,33.0,0.0,1,1
Spain,Female,35.0,138734.94,2,1
Spain,Female,35.0,171671.9,1,1
Spain,Male,41.0,0.0,2,0
Spain,Female,33.0,111348.56,2,0
Spain,Female,34.0,0.0,2,0
Spain,Male,28.0,0.0,2,0
Spain,Female,34.0,0.0,2,0
Spain,Female,44.0,0.0,3,1
Spain,Male,62.0,80927.56,1,1
Spain,Male,33.0,0.0,2,0
Spain,Male,26.0,66582.79,1,0
Spain,Female,27.0,0.0,2,0
Spain,Male,44.0,0.0,1,1
Spain,Female,44.0,127772.48,1,1
Spain,Female,33.0,0.0,2,0
Spain,Male,49.0,92897.13,1,0
Spain,Female,36.0,0.0,1,0
Spain,Female,37.0,110182.54,1,0
Spain,Male,33.0,153325.1,2,0
Spain,Male,24.0,0.0,2,0
Spain,Female,43.0,0.0,2,0
Spain,Male,37.0,110829.52,1,0
Spain,Male,42.0,0.0,2,0
Spain,Female,40.0,0.0,2,0
Spain,Male,43.0,0.0,1,1
Spain,Female,46.0,0.0,1,1
Spain,Male,68.0,0.0,2,0
Spain,Female,39.0,0.0,2,0
Spain,Male,42.0,0.0,2,0
Spain,Male,36.0,0.0,2,0
Spain,Female,40.0,134571.08,1,1
Spain,Female,48.0,0.0,1,1
Spain,Female,39.0,103853.51,1,0
Spain,Female,44.0,0.0,2,1
Spain,Female,23.0,0.0,2,0
Spain,Male,32.0,0.0,2,0
Spain,Female,35.0,93833.86,1,0
Spain,Female,38.0,0.0,2,0
Spain,Female,39.0,0.0,2,0
Spain,Female,32.0,0.0,2,0
Spain,Male,37.0,91536.93,1,0
Spain,Female,43.0,0.0,1,1
Spain,Female,25.0,0.0,1,0
Spain,Female,49.0,0.0,1,1
Spain,Male,37.0,0.0,1,0
Spain,Male,36.0,0.0,2,0
Spain,Male,45.0,0.0,2,1
Spain,Male,66.0,123760.68,1,0
Spain,Female,37.0,104435.52,1,1
Spain,Male,40.0,0.0,2,0
Spain,Female,30.0,0.0,3,0
Spain,Female,21.0,0.0,2,0
Spain,Male,36.0,0.0,1,0
Spain,Male,61.0,145081.73,1,0
Spain,Male,37.0,0.0,2,0
Spain,Female,38.0,0.0,2,0
Spain,Female,29.0,0.0,1,0
Spain,Female,30.0,185932.18,1,0
Spain,Male,44.0,0.0,2,0
Spain,Male,39.0,0.0,2,0
Spain,Female,31.0,0.0,2,0
Spain,Male,40.0,0.0,1,0
Spain,Female,57.0,0.0,1,1
Spain,Male,29.0,0.0,2,0
Spain,Male,35.0,166492.48,1,0
Spain,Male,53.0,120599.03,1,0
Spain,Female,29.0,0.0,2,0
Spain,Female,33.0,0.0,2,0
Spain,Female,34.0,0.0,2,0
Spain,Male,43.0,0.0,2,0
Spain,Male,43.0,0.0,2,0
Spain,Male,33.0,0.0,2,0
Spain,Female,33.0,106000.12,1,0
Spain,Male,38.0,106648.98,2,0
Spain,Male,30.0,0.0,2,0
Spain,Female,32.0,0.0,2,0
Spain,Male,42.0,0.0,2,0
Spain,Male,32.0,0.0,2,0
Spain,Female,23.0,0.0,2,0
Spain,Female,31.0,0.0,2,0
Spain,Male,32.0,0.0,2,0
Spain,Female,38.0,96471.2,1,0
Spain,Female,28.0,166939.88,2,0
Spain,Male,34.0,0.0,2,0
Spain,Male,35.0,0.0,1,0
Spain,Male,34.0,0.0,2,0
Spain,Male,56.0,0.0,1,1
Spain,Male,61.0,0.0,2,0
Spain,Male,37.0,135370.12,2,0
Spain,Female,34.0,0.0,1,0
Spain,Male,36.0,0.0,2,0
Spain,Male,22.0,141789.15,1,0
Spain,Female,29.0,147422.44,1,0
Spain,Male,41.0,143637.58,2,0
Spain,Female,39.0,0.0,2,0
Spain,Male,37.0,0.0,2,0
Spain,Female,36.0,84026.86,1,0
Spain,Male,37.0,0.0,2,0
Spain,Male,37.0,0.0,1,0
Spain,Male,29.0,0.0,2,0
Spain,Male,39.0,0.0,2,0
Spain,Male,38.0,0.0,2,0
Spain,Female,31.0,57530.06,1,0
Spain,Male,32.0,0.0,2,0
Spain,Female,40.0,0.0,1,0
Spain,Male,33.0,113909.67,1,0
Spain,Female,32.0,0.0,2,0
Spain,Male,40.0,0.0,2,0
Spain,Male,48.0,128029.72,2,0
Spain,Female,40.0,112181.08,1,0
Spain,Female,47.0,0.0,1,0
Spain,Male,37.0,0.0,2,0
Spain,Male,38.0,113922.78,1,0
Spain,Male,27.0,0.0,1,0
Spain,Male,51.0,0.0,1,1
Spain,Female,57.0,0.0,3,1
Spain,Female,37.0,0.0,2,0
Spain,Female,38.0,129431.3,1,0
Spain,Male,34.0,89033.07,1,0
Spain,Female,30.0,0.0,2,0
Spain,Female,33.0,0.0,2,0
Spain,Female,56.0,0.0,1,1
Spain,Female,39.0,0.0,2,0
Spain,Female,33.0,0.0,2,0
Spain,Female,45.0,0.0,2,0
Spain,Male,34.0,120243.49,1,0
Spain,Male,41.0,94153.56,1,0
Spain,Female,38.0,0.0,1,0
Spain,Female,33.0,0.0,2,0
Spain,Female,38.0,0.0,2,0
Spain,Female,29.0,0.0,1,1
Spain,Male,34.0,72594.0,1,0
Spain,Female,22.0,156267.59,2,0
Spain,Female,29.0,156773.78,1,0
Spain,Male,40.0,0.0,2,0
Spain,Female,43.0,145295.34,1,0
Spain,Male,43.0,0.0,2,0
Spain,Female,29.0,0.0,1,0
Spain,Female,33.0,0.0,2,0
Spain,Female,35.0,83765.35,2,0
Spain,Male,40.0,0.0,2,0
Spain,Male,38.0,0.0,2,0
Spain,Female,29.0,0.0,2,0
Spain,Male,40.0,125538.66,1,0
Spain,Female,29.0,152805.05,1,0
Spain,Female,35.0,104486.1,1,0
Spain,Female,47.0,0.0,1,0
Spain,Male,46.0,126835.18,1,0
Spain,Male,28.0,0.0,2,0
Spain,Male,42.0,0.0,2,0
Spain,Male,47.0,112687.89,1,0
Spain,Female,43.0,0.0,2,0
Spain,Male,37.0,0.0,2,0
Spain,Male,39.0,0.0,1,1
Spain,Female,30.0,0.0,2,0
Spain,Male,36.0,0.0,1,0
Spain,Female,27.0,0.0,1,0
Spain,Female,54.0,161613.94,1,1
Spain,Male,31.0,0.0,2,0
Spain,Female,31.0,0.0,2,0
Spain,Female,33.0,0.0,2,0
Spain,Male,42.0,135870.01,1,0
Spain,Male,27.0,105266.32,1,0
Spain,Male,36.0,0.0,2,0
Spain,Male,58.0,0.0,2,0
Spain,Female,41.0,0.0,1,1
Spain,Female,29.0,90450.0,1,0
Spain,Female,66.0,0.0,2,0
Spain,Male,27.0,153701.86,1,0
Spain,Female,31.0,0.0,1,1
Spain,Female,46.0,0.0,2,0
Spain,Female,31.0,86038.56,1,0
Spain,Female,43.0,105356.09,2,0
Spain,Male,37.0,0.0,2,0
Spain,Female,39.0,0.0,2,0
Spain,Male,27.0,0.0,2,0
Spain,Female,46.0,0.0,1,1
Spain,Male,19.0,0.0,2,0
Spain,Female,36.0,0.0,2,0
Spain,Male,30.0,0.0,2,0
Spain,Male,41.0,0.0,2,0
Spain,Female,38.0,0.0,2,0
Spain,Female,42.0,145081.72,1,0
Spain,Female,32.0,0.0,1,0
Spain,Male,41.0,0.0,2,0
Spain,Male,50.0,0.0,2,0
Spain,Female,28.0,123324.8,1,1
Spain,Female,27.0,0.0,2,0
Spain,Female,33.0,0.0,2,0
Spain,Female,44.0,0.0,1,0
Spain,Female,31.0,107738.55,1,0
Spain,Male,31.0,0.0,2,0
Spain,Female,34.0,0.0,2,0
Spain,Male,31.0,152522.72,1,0
Spain,Male,34.0,0.0,2,0
Spain,Female,43.0,139432.37,1,1
Spain,Female,53.0,113625.93,1,1
Spain,Male,30.0,0.0,2,0
Spain,Male,29.0,122949.21,1,0
Spain,Female,46.0,75075.14,2,1
Spain,Female,56.0,0.0,1,1
Spain,Female,72.0,0.0,2,0
Spain,Male,44.0,114739.92,1,0
Spain,Male,37.0,0.0,2,0
Spain,Female,23.0,0.0,2,0
Spain,Female,47.0,0.0,3,0
Spain,Male,55.0,0.0,1,1
Spain,Male,42.0,126645.65,2,0
Spain,Female,47.0,89087.87,4,1
Spain,Male,37.0,0.0,2,0
Spain,Male,40.0,121345.88,4,1
Spain,Female,31.0,0.0,2,0
Spain,Male,37.0,0.0,2,0
Spain,Male,32.0,0.0,2,0
Spain,Male,43.0,0.0,2,0
Spain,Male,44.0,0.0,2,0
Spain,Male,38.0,0.0,1,0
Spain,Female,33.0,0.0,2,0
Spain,Female,46.0,148045.45,1,0
Spain,Female,39.0,0.0,2,0
Spain,Male,40.0,0.0,2,0
Spain,Male,37.0,102704.95,1,0
Spain,Female,67.0,0.0,2,0
Spain,Male,37.0,133745.44,1,1
Spain,Male,39.0,0.0,1,0
Spain,Female,39.0,0.0,2,0
Spain,Male,32.0,0.0,2,0
Spain,Female,35.0,0.0,1,0
Spain,Male,35.0,113635.16,1,1
Spain,Male,51.0,0.0,1,0
Spain,Female,32.0,0.0,2,0
Spain,Male,50.0,0.0,1,0
Spain,Male,32.0,0.0,2,0
Spain,Male,34.0,101506.66,1,0
Spain,Male,27.0,134169.62,1,0
Spain,Female,53.0,0.0,2,0
Spain,Male,21.0,0.0,2,0
Spain,Male,38.0,0.0,2,0
Spain,Male,39.0,0.0,2,0
Spain,Female,35.0,0.0,2,0
Spain,Male,31.0,0.0,2,0
Spain,Male,32.0,97777.23,1,0
Spain,Male,21.0,0.0,2,0
Spain,Female,26.0,182364.66,2,0
Spain,Male,31.0,0.0,2,0
Spain,Female,48.0,0.0,1,1
Spain,Female,63.0,115465.28,1,0
Spain,Male,40.0,0.0,2,0
Spain,Female,23.0,0.0,2,0
Spain,Female,39.0,141535.52,1,0
Spain,Male,34.0,126437.28,1,0
Spain,Male,40.0,0.0,2,0
Spain,Female,38.0,109346.04,1,0
Spain,Male,34.0,0.0,1,0
Spain,Female,38.0,0.0,2,0
Spain,Male,36.0,84560.04,1,0
Spain,Female,29.0,0.0,2,0
Spain,Female,44.0,129278.19,1,0
Spain,Male,29.0,0.0,2,0
Spain,Male,34.0,0.0,2,0
Spain,Female,34.0,152096.08,1,0
Spain,Male,32.0,0.0,2,0
Spain,Male,48.0,169824.46,2,1
Spain,Male,33.0,0.0,2,0
Spain,Female,29.0,0.0,1,0
Spain,Male,23.0,139914.15,1,0
Spain,Male,36.0,0.0,1,0
Spain,Female,41.0,0.0,2,0
Spain,Male,30.0,0.0,2,0
Spain,Female,31.0,0.0,2,0
Spain,Male,53.0,0.0,2,0
Spain,Female,42.0,0.0,2,0
Spain,Male,46.0,122924.24,1,0
Spain,Female,36.0,0.0,1,1
Spain,Male,38.0,0.0,2,0
Spain,Female,42.0,0.0,2,0
Spain,Male,32.0,0.0,2,0
Spain,Female,27.0,0.0,1,0
Spain,Female,27.0,0.0,2,0
Spain,Male,30.0,111695.62,1,0
Spain,Female,66.0,0.0,2,0
Spain,Male,32.0,0.0,2,0
Spain,Male,23.0,0.0,1,0
Spain,Male,37.0,0.0,2,0
Spain,Male,30.0,129433.34,2,0
Spain,Female,26.0,0.0,2,0
Spain,Male,37.0,0.0,2,0
Spain,Male,39.0,0.0,2,0
Spain,Female,32.0,0.0,2,0
Spain,Male,47.0,101985.81,1,0
Spain,Male,25.0,114386.85,1,0
Spain,Female,32.0,0.0,2,0
Spain,Female,40.0,122789.88,1,0
Spain,Female,42.0,0.0,2,0
Spain,Male,57.0,0.0,4,0
Spain,Male,25.0,0.0,2,0
Spain,Male,36.0,151801.82,1,0
Spain,Male,35.0,0.0,2,0
Spain,Male,31.0,0.0,2,0
Spain,Female,36.0,0.0,2,0
Spain,Male,35.0,115680.58,1,0
Spain,Female,32.0,0.0,2,0
Spain,Female,36.0,0.0,1,1
Spain,Female,35.0,0.0,2,0
Spain,Female,49.0,0.0,2,0
Spain,Male,32.0,139887.17,1,0
Spain,Male,38.0,126730.69,1,0
Spain,Female,50.0,0.0,2,0
Spain,Male,40.0,0.0,2,0
Spain,Male,55.0,118913.45,1,0
Spain,Male,59.0,0.0,2,0
Spain,Male,23.0,84560.04,1,0
Spain,Male,24.0,0.0,2,0
Spain,Female,57.0,0.0,2,0
Spain,Female,37.0,0.0,2,0
Spain,Male,32.0,0.0,2,0
Spain,Female,51.0,143930.92,2,0
Spain,Male,48.0,0.0,3,1
Spain,Male,53.0,0.0,3,1
Spain,Male,36.0,0.0,1,0
Spain,Female,36.0,0.0,2,0
Spain,Male,45.0,126528.66,2,0
Spain,Female,49.0,129855.54,1,1
Spain,Male,37.0,154737.88,2,0
Spain,Male,34.0,0.0,2,1
Spain,Female,29.0,0.0,2,0
Spain,Male,30.0,0.0,2,0
Spain,Male,29.0,115545.33,1,1
Spain,Female,34.0,134590.51,1,0
Spain,Male,38.0,0.0,2,0
Spain,Male,32.0,0.0,2,0
Spain,Female,45.0,0.0,3,1
Spain,Male,32.0,0.0,2,0
Spain,Male,28.0,0.0,2,0
Spain,Male,38.0,0.0,2,0
Spain,Male,32.0,0.0,2,0
Spain,Female,26.0,143832.32,1,0
Spain,Female,29.0,123126.29,1,0
Spain,Female,43.0,0.0,2,0
Spain,Male,60.0,0.0,2,0
Spain,Male,42.0,0.0,2,0
Spain,Male,35.0,0.0,2,0
Spain,Male,37.0,0.0,2,0
Spain,Male,34.0,0.0,1,0
Spain,Male,38.0,0.0,3,0
Spain,Female,44.0,0.0,2,1
Spain,Male,29.0,150355.35,1,0
Spain,Male,54.0,134729.4,1,1
Spain,Male,29.0,139840.55,1,0
Spain,Female,48.0,106198.5,1,0
Spain,Male,42.0,0.0,1,0
Spain,Female,59.0,0.0,1,0
Spain,Female,29.0,0.0,2,0
Spain,Male,30.0,0.0,2,1
Spain,Female,34.0,0.0,2,0
Spain,Male,43.0,125510.82,1,0
Spain,Male,37.0,0.0,2,0
Spain,Male,39.0,136100.69,1,0
Spain,Male,35.0,0.0,2,0
Spain,Female,27.0,165896.59,1,0
Spain,Female,33.0,89685.92,1,0
Spain,Male,36.0,0.0,1,0
Spain,Male,38.0,0.0,1,0
Spain,Male,37.0,0.0,2,0
Spain,Female,30.0,0.0,1,1
Spain,Female,45.0,90723.36,2,0
Spain,Male,34.0,0.0,1,0
Spain,Male,36.0,109632.85,1,0
Spain,Female,35.0,0.0,2,0
Spain,Female,45.0,0.0,2,0
Spain,Female,27.0,0.0,2,0
Spain,Female,26.0,0.0,2,0
Spain,Male,60.0,0.0,1,0
Spain,Female,30.0,135859.0,1,0
Spain,Male,43.0,0.0,2,0
Spain,Male,37.0,0.0,2,0
Spain,Female,41.0,66250.71,1,0
Spain,Female,28.0,95357.49,2,0
Spain,Male,29.0,0.0,2,0
Spain,Female,38.0,99167.54,1,0
Spain,Male,38.0,0.0,2,0
Spain,Male,36.0,0.0,1,0
Spain,Male,34.0,132552.11,1,0
Spain,Male,35.0,108724.98,1,0
Spain,Male,39.0,140236.98,1,0
Spain,Male,62.0,0.0,2,0
Spain,Male,33.0,0.0,2,0
Spain,Male,35.0,0.0,1,0
Spain,Male,35.0,0.0,2,0
Spain,Male,36.0,0.0,2,0
Spain,Male,52.0,0.0,2,0
Spain,Female,23.0,0.0,2,0
Spain,Male,38.0,0.0,2,0
Spain,Female,44.0,0.0,2,0
Spain,Male,38.0,0.0,1,1
Spain,Male,44.0,83325.77,1,0
Spain,Female,28.0,0.0,2,0
Spain,Female,43.0,147852.71,2,0
Spain,Male,32.0,0.0,2,0
Spain,Male,46.0,0.0,1,0
Spain,Male,50.0,128914.13,2,0
Spain,Male,38.0,130233.14,1,1
Spain,Male,35.0,83600.24,1,0
Spain,Male,40.0,0.0,2,0
Spain,Female,38.0,102874.28,1,1
Spain,Male,33.0,0.0,2,0
Spain,Female,40.0,0.0,2,0
Spain,Male,27.0,0.0,2,0
Spain,Male,50.0,144895.05,2,0
Spain,Female,26.0,0.0,2,0
Spain,Male,42.0,0.0,2,0
Spain,Male,48.0,163715.68,1,0
Spain,Female,33.0,0.0,2,0
Spain,Female,29.0,0.0,2,0
Spain,Female,28.0,0.0,1,0
Spain,Male,36.0,83947.12,1,0
Spain,Male,40.0,105229.72,1,0
Spain,Male,25.0,129922.11,1,0
Spain,Female,36.0,0.0,2,0
Spain,Female,51.0,0.0,1,1
Spain,Female,34.0,0.0,2,0
Spain,Male,39.0,0.0,2,0
Spain,Female,40.0,0.0,2,0
Spain,Male,30.0,128065.12,1,0
Spain,Male,43.0,115643.58,2,0
Spain,Male,46.0,142856.28,1,0
Spain,Male,50.0,150507.21,1,0
Spain,Male,34.0,0.0,2,0
Spain,Male,52.0,0.0,1,0
Spain,Male,42.0,0.0,2,0
Spain,Male,28.0,167731.07,1,0
Spain,Male,32.0,0.0,2,0
Spain,Male,32.0,0.0,2,0
Spain,Female,36.0,0.0,2,0
Spain,Male,37.0,0.0,2,0
Spain,Female,36.0,101993.12,2,0
Spain,Female,46.0,0.0,2,0
Spain,Female,37.0,150777.1,1,0
Spain,Female,28.0,0.0,2,0
Spain,Female,35.0,175509.8,1,1
Spain,Male,30.0,0.0,1,0
Spain,Male,33.0,0.0,2,0
Spain,Male,39.0,0.0,2,0
Spain,Female,33.0,0.0,1,0
Spain,Male,32.0,0.0,2,0
Spain,Female,50.0,0.0,1,1
Spain,Male,37.0,0.0,2,0
Spain,Male,37.0,0.0,1,0
Spain,Female,46.0,0.0,1,1
Spain,Female,53.0,113711.43,1,0
Spain,Female,46.0,0.0,1,0
Spain,Male,30.0,0.0,2,0
Spain,Male,41.0,0.0,1,0
Spain,Male,29.0,114731.76,1,0
Spain,Female,34.0,0.0,2,0
Spain,Female,51.0,0.0,2,0
Spain,Female,34.0,0.0,4,1
Spain,Male,38.0,0.0,2,0
Spain,Male,35.0,0.0,2,0
Spain,Male,35.0,132310.22,1,1
Spain,Female,49.0,0.0,1,1
Spain,Male,30.0,0.0,2,0
Spain,Male,23.0,110203.77,1,0
Spain,Female,38.0,81070.34,1,0
Spain,Female,39.0,166082.68,1,0
Spain,Male,29.0,0.0,1,0
Spain,Female,35.0,0.0,2,0
Spain,Male,24.0,128226.37,1,0
Spain,Male,41.0,0.0,2,0
Spain,Female,31.0,0.0,2,0
Spain,Male,31.0,86006.3,1,0
Spain,Male,38.0,0.0,1,0
Spain,Male,37.0,157099.47,1,0
Spain,Male,38.0,0.0,2,0
Spain,Male,41.0,0.0,2,0
Spain,Male,48.0,0.0,2,0
Spain,Male,38.0,0.0,2,0
Spain,Male,46.0,0.0,1,1
Spain,Female,30.0,0.0,2,0
Spain,Male,57.0,0.0,1,0
Spain,Male,32.0,0.0,2,0
Spain,Male,38.0,116739.42,1,0
Spain,Male,44.0,0.0,2,0
Spain,Male,62.0,169831.46,1,1
Spain,Male,27.0,0.0,1,0
Spain,Female,36.0,0.0,2,0
Spain,Female,28.0,144238.7,1,0
Spain,Male,37.0,0.0,2,0
Spain,Male,38.0,0.0,2,0
Spain,Male,43.0,0.0,2,0
Spain,Male,22.0,0.0,2,0
Spain,Male,34.0,0.0,2,0
Spain,Female,40.0,101993.12,1,0
Spain,Female,35.0,0.0,2,0
Spain,Male,32.0,107594.11,2,0
Spain,Male,40.0,0.0,2,0
Spain,Male,27.0,0.0,1,0
Spain,Male,39.0,0.0,2,0
Spain,Male,44.0,176913.45,1,1
Spain,Female,61.0,0.0,1,1
Spain,Male,41.0,0.0,2,0
Spain,Female,32.0,0.0,2,0
Spain,Male,46.0,92855.02,1,0
Spain,Male,43.0,116234.61,1,0
Spain,Male,35.0,0.0,1,0
Spain,Female,40.0,0.0,1,1
Spain,Female,39.0,0.0,1,0
Spain,Male,36.0,138992.48,2,0
Spain,Male,35.0,187530.06,1,0
Spain,Female,51.0,0.0,1,1
Spain,Female,24.0,0.0,2,0
Spain,Female,32.0,0.0,1,1
Spain,Male,35.0,0.0,2,0
Spain,Male,35.0,59532.18,1,0
Spain,Female,43.0,0.0,2,0
Spain,Male,60.0,0.0,2,0
Spain,Female,34.0,0.0,2,0
Spain,Male,29.0,0.0,2,0
Spain,Male,37.0,152335.7,1,0
Spain,Female,54.0,0.0,1,1
Spain,Male,30.0,0.0,2,0
Spain,Male,64.0,116954.32,1,0
Spain,Male,40.0,0.0,2,0
Spain,Male,42.0,103692.82,1,0
Spain,Male,34.0,0.0,2,0
Spain,Female,33.0,0.0,2,0
Spain,Male,43.0,102773.15,2,1
Spain,Female,43.0,0.0,1,0
Spain,Male,39.0,0.0,2,0
Spain,Male,69.0,142644.64,2,0
Spain,Male,33.0,0.0,2,0
Spain,Male,40.0,0.0,2,0
Spain,Female,27.0,133964.3,1,0
Spain,Female,29.0,80895.44,1,0
Spain,Female,52.0,143938.97,1,0
Spain,Male,56.0,115897.73,1,0
Spain,Male,42.0,0.0,2,0
Spain,Male,39.0,0.0,1,1
Spain,Male,40.0,0.0,2,0
Spain,Male,37.0,0.0,2,0
Spain,Female,43.0,0.0,2,0
Spain,Male,36.0,0.0,2,0
Spain,Female,34.0,0.0,2,0
Spain,Male,32.0,0.0,2,0
Spain,Female,35.0,0.0,2,0
Spain,Female,42.0,0.0,4,1
Spain,Male,23.0,153697.62,1,0
Spain,Female,42.0,71264.02,1,0
Spain,Male,39.0,0.0,2,0
Spain,Female,35.0,0.0,2,0
Spain,Male,45.0,112994.65,1,0
Spain,Female,58.0,0.0,2,0
Spain,Female,42.0,0.0,1,1
Spain,Female,50.0,0.0,1,1
Spain,Male,37.0,0.0,1,0
Spain,Female,44.0,127476.73,1,1
Spain,Female,41.0,61811.74,2,0
Spain,Male,33.0,123974.19,1,0
Spain,Female,38.0,0.0,1,0
Spain,Female,36.0,0.0,1,1
Spain,Female,32.0,88294.6,1,0
Spain,Female,41.0,171671.9,1,0
Spain,Male,32.0,0.0,1,0
Spain,Female,42.0,0.0,2,0
Spain,Male,34.0,101100.22,1,0
Spain,Male,29.0,0.0,2,0
Spain,Male,37.0,0.0,2,0
Spain,Female,36.0,0.0,1,1
Spain,Male,63.0,0.0,2,0
Spain,Female,39.0,0.0,1,0
Spain,Male,31.0,0.0,2,0
Spain,Male,41.0,0.0,2,0
Spain,Male,22.0,0.0,2,0
Spain,Male,29.0,0.0,2,0
Spain,Male,58.0,0.0,1,1
Spain,Female,36.0,0.0,2,0
Spain,Female,45.0,0.0,1,0
Spain,Male,21.0,0.0,2,0
Spain,Male,42.0,109733.2,1,0
Spain,Male,34.0,0.0,1,0
Spain,Male,25.0,148238.29,1,0
Spain,Male,34.0,0.0,2,0
Spain,Male,41.0,0.0,1,0
Spain,Female,44.0,0.0,2,0
Spain,Male,66.0,169824.45,1,0
Spain,Male,38.0,0.0,2,0
Spain,Female,38.0,0.0,2,1
Spain,Male,33.0,0.0,2,0
Spain,Male,41.0,0.0,2,0
Spain,Male,22.0,0.0,2,0
Spain,Male,37.0,123692.0,1,1
Spain,Male,44.0,0.0,1,0
Spain,Male,46.0,0.0,1,0
Spain,Male,27.0,0.0,2,0
Spain,Female,32.0,0.0,1,1
Spain,Female,30.0,0.0,2,0
Spain,Male,30.0,66345.52,1,0
Spain,Female,38.0,0.0,2,0
Spain,Male,72.0,0.0,2,0
Spain,Female,33.0,0.0,1,0
Spain,Male,38.0,0.0,2,0
Spain,Male,51.0,87375.78,1,0
Spain,Female,38.0,0.0,2,0
Spain,Male,31.0,0.0,2,0
Spain,Male,37.0,126476.36,2,0
Spain,Female,49.0,71902.84,2,0
Spain,Male,35.0,0.0,2,0
Spain,Female,34.0,171671.9,1,0
Spain,Female,33.0,0.0,2,0
Spain,Male,38.0,0.0,2,0
Spain,Male,38.0,0.0,2,0
Spain,Female,57.0,175575.95,2,0
Spain,Female,42.0,0.0,1,1
Spain,Female,37.0,0.0,2,0
Spain,Male,39.0,0.0,2,0
Spain,Male,40.0,171848.38,1,0
Spain,Male,32.0,88915.84,1,0
Spain,Female,38.0,119208.85,1,1
Spain,Male,40.0,0.0,1,1
Spain,Male,44.0,107764.75,1,0
Spain,Female,40.0,0.0,2,0
Spain,Female,50.0,115115.38,1,0
Spain,Female,33.0,125211.92,1,0
Spain,Male,45.0,0.0,2,0
Spain,Male,55.0,0.0,2,0
Spain,Male,55.0,104784.23,1,0
Spain,Male,35.0,0.0,2,0
Spain,Male,29.0,0.0,2,0
Spain,Male,29.0,60280.62,2,1
Spain,Male,38.0,118078.69,1,0
Spain,Male,36.0,0.0,2,0
Spain,Male,38.0,0.0,2,0
Spain,Female,42.0,0.0,3,1
Spain,Male,40.0,0.0,1,0
Spain,Female,38.0,0.0,2,0
Spain,Female,30.0,0.0,2,0
Spain,Male,42.0,135927.65,1,0
Spain,Female,31.0,0.0,2,0
Spain,Male,41.0,92219.59,1,0
Spain,Male,40.0,0.0,2,0
Spain,Male,41.0,105229.85,1,0
Spain,Male,35.0,0.0,2,0
Spain,Male,40.0,0.0,2,0
Spain,Male,37.0,146780.21,1,0
Spain,Female,37.0,116473.46,2,0
Spain,Female,30.0,0.0,1,0
Spain,Male,32.0,129850.94,2,0
Spain,Female,35.0,0.0,1,1
Spain,Female,36.0,0.0,2,0
Spain,Male,40.0,0.0,1,0
Spain,Female,31.0,0.0,1,0
Spain,Male,46.0,0.0,1,0
Spain,Male,41.0,38340.02,1,0
Spain,Male,36.0,0.0,2,0
Spain,Female,46.0,131754.11,1,0
Spain,Male,26.0,104349.45,1,0
Spain,Female,37.0,145556.07,1,0
Spain,Female,28.0,0.0,2,0
Spain,Female,37.0,81838.26,2,0
Spain,Female,23.0,178743.1,1,0
Spain,Male,46.0,0.0,2,0
Spain,Female,50.0,0.0,3,1
Spain,Female,44.0,0.0,2,0
Spain,Male,31.0,0.0,2,0
Spain,Female,33.0,70541.05,1,0
Spain,Male,33.0,0.0,2,0
Spain,Female,36.0,185714.28,1,0
Spain,Female,43.0,0.0,2,0
Spain,Male,26.0,0.0,2,0
Spain,Male,33.0,0.0,2,0
Spain,Male,42.0,0.0,2,0
Spain,Female,54.0,0.0,1,1
Spain,Male,35.0,169312.13,1,0
Spain,Female,38.0,0.0,1,1
Spain,Male,28.0,0.0,2,0
Spain,Female,32.0,0.0,2,0
Spain,Female,39.0,0.0,2,0
Spain,Male,33.0,0.0,2,0
Spain,Female,33.0,0.0,2,0
Spain,Female,45.0,0.0,2,0
Spain,Male,67.0,0.0,2,0
Spain,Male,29.0,68375.27,2,0
Spain,Male,54.0,0.0,1,1
Spain,Male,46.0,0.0,2,0
Spain,Female,38.0,0.0,2,0
Spain,Male,38.0,142400.25,1,1
Spain,Male,26.0,126776.3,2,1
Spain,Male,34.0,155519.59,1,1
Spain,Female,25.0,0.0,1,0
Spain,Female,39.0,140553.46,1,0
Spain,Male,36.0,96950.21,1,0
Spain,Male,38.0,0.0,2,0
Spain,Male,54.0,0.0,2,0
Spain,Male,48.0,0.0,2,0
Spain,Female,47.0,127286.04,1,0
Spain,Female,36.0,0.0,2,0
Spain,Female,42.0,0.0,2,0
Spain,Male,26.0,0.0,2,0
Spain,Male,49.0,0.0,1,1
Spain,Female,26.0,0.0,2,0
Spain,Male,32.0,0.0,2,0
Spain,Female,50.0,0.0,3,0
Spain,Female,30.0,0.0,1,1
Spain,Female,29.0,0.0,2,0
Spain,Male,40.0,0.0,2,0
Spain,Male,32.0,0.0,2,0
Spain,Female,42.0,0.0,2,0
Spain,Male,30.0,0.0,2,0
Spain,Female,38.0,0.0,2,0
Spain,Male,34.0,122314.51,1,0
Spain,Female,28.0,86059.46,1,0
Spain,Female,46.0,62212.29,1,0
Spain,Male,36.0,0.0,2,0
Spain,Male,34.0,0.0,1,0
Spain,Male,33.0,76962.96,1,0
Spain,Male,33.0,0.0,2,0
Spain,Female,30.0,121355.13,1,0
Spain,Female,47.0,88786.81,2,0
Spain,Female,35.0,0.0,2,0
Spain,Male,35.0,0.0,1,0
Spain,Female,41.0,0.0,1,1
Spain,Male,46.0,0.0,1,1
Spain,Male,41.0,0.0,1,1
Spain,Female,36.0,0.0,2,0
Spain,Male,38.0,0.0,1,0
Spain,Male,67.0,77592.84,1,0
Spain,Male,30.0,0.0,1,0
Spain,Male,24.0,0.0,2,0
Spain,Male,63.0,0.0,2,0
Spain,Female,35.0,0.0,2,0
Spain,Male,54.0,100446.57,1,1
Spain,Male,37.0,125923.76,1,0
Spain,Female,22.0,67178.19,1,0
Spain,Male,40.0,0.0,2,0
Spain,Male,37.0,39344.83,1,0
Spain,Male,38.0,0.0,2,0
Spain,Male,43.0,144848.52,1,0
Spain,Male,31.0,0.0,2,0
Spain,Female,41.0,0.0,2,0
Spain,Female,41.0,0.0,1,1
Spain,Male,43.0,0.0,2,0
Spain,Male,56.0,0.0,2,1
Spain,Male,46.0,98899.76,2,0
Spain,Male,31.0,0.0,1,0
Spain,Male,39.0,0.0,1,1
Spain,Male,37.0,0.0,2,0
Spain,Male,43.0,141541.25,1,0
Spain,Male,51.0,238387.56,1,1
Spain,Female,29.0,0.0,2,0
Spain,Female,36.0,0.0,2,0
Spain,Male,35.0,110046.93,1,0
Spain,Female,34.0,0.0,1,0
Spain,Female,30.0,0.0,2,0
Spain,Male,34.0,133683.0,1,0
Spain,Male,39.0,0.0,2,0
Spain,Female,45.0,0.0,2,0
Spain,Male,36.0,0.0,2,0
Spain,Female,45.0,0.0,2,0
Spain,Male,28.0,0.0,3,1
Spain,Male,37.0,0.0,2,0
Spain,Male,32.0,0.0,2,0
Spain,Female,27.0,0.0,1,0
Spain,Female,28.0,141078.01,1,0
Spain,Male,32.0,0.0,2,0
Spain,Male,57.0,0.0,2,0
Spain,Female,48.0,0.0,2,1
Spain,Male,35.0,0.0,2,0
Spain,Female,33.0,0.0,1,0
Spain,Male,43.0,92366.39,1,0
Spain,Female,42.0,0.0,2,0
Spain,Male,30.0,0.0,2,0
Spain,Male,46.0,0.0,2,0
Spain,Male,32.0,107852.96,1,0
Spain,Female,43.0,0.0,1,0
Spain,Male,27.0,0.0,2,0
Spain,Female,62.0,121286.27,1,0
Spain,Male,36.0,0.0,2,0
Spain,Female,51.0,118991.79,1,0
Spain,Male,31.0,0.0,2,0
Spain,Female,36.0,0.0,2,0
Spain,Male,36.0,0.0,2,0
Spain,Female,43.0,0.0,2,0
Spain,Female,47.0,147910.45,1,1
Spain,Male,40.0,0.0,2,0
Spain,Male,46.0,0.0,2,1
Spain,Male,42.0,0.0,2,0
Spain,Female,29.0,0.0,2,0
Spain,Male,34.0,0.0,2,0
Spain,Male,35.0,0.0,2,0
Spain,Male,55.0,0.0,3,1
Spain,Male,37.0,126683.8,1,0
Spain,Female,33.0,0.0,2,0
Spain,Male,33.0,0.0,2,0
Spain,Male,44.0,0.0,2,0
Spain,Female,43.0,0.0,1,1
Spain,Male,52.0,0.0,1,1
Spain,Male,41.0,0.0,2,0
Spain,Male,47.0,0.0,2,0
Spain,Male,24.0,143656.55,2,0
Spain,Male,29.0,0.0,1,0
Spain,Male,40.0,0.0,2,0
Spain,Female,51.0,155047.11,1,1
Spain,Male,25.0,0.0,2,0
Spain,Male,66.0,0.0,2,0
Spain,Male,32.0,0.0,2,0
Spain,Male,37.0,152212.88,2,1
Spain,Male,26.0,79858.13,1,0
Spain,Male,33.0,103811.51,1,0
Spain,Female,37.0,0.0,1,1
Spain,Female,44.0,89188.83,1,1
Spain,Female,46.0,0.0,1,0
Spain,Male,39.0,0.0,1,0
Spain,Female,43.0,0.0,2,0
Spain,Female,36.0,0.0,2,0
Spain,Male,31.0,0.0,2,0
Spain,Female,61.0,129968.67,1,0
Spain,Female,40.0,0.0,2,0
Spain,Female,28.0,161809.82,1,0
Spain,Male,45.0,148962.81,1,0
Spain,Male,42.0,0.0,2,0
Spain,Female,54.0,187997.15,1,0
Spain,Male,74.0,0.0,2,0
Spain,Male,38.0,100486.18,1,0
Spain,Female,40.0,0.0,2,1
Spain,Female,42.0,0.0,1,0
Spain,Female,35.0,0.0,2,0
Spain,Male,42.0,141796.04,2,0
Spain,Male,26.0,0.0,2,0
Spain,Male,42.0,139561.46,1,0
Spain,Male,57.0,0.0,1,1
Spain,Male,23.0,0.0,2,0
Spain,Male,50.0,118890.81,1,0
Spain,Female,23.0,132932.14,1,0
Spain,Male,61.0,125921.37,1,0
Spain,Male,36.0,0.0,2,0
Spain,Female,37.0,0.0,2,0
Spain,Male,38.0,137936.94,1,0
Spain,Male,46.0,117286.74,1,0
Spain,Male,40.0,0.0,1,0
Spain,Female,33.0,0.0,2,0
Spain,Female,38.0,0.0,2,0
Spain,Male,24.0,0.0,1,0
Spain,Female,30.0,0.0,2,0
Spain,Male,35.0,123544.65,1,0
Spain,Male,52.0,0.0,2,0
Spain,Male,71.0,0.0,2,0
Spain,Male,55.0,0.0,2,0
Spain,Female,37.0,0.0,2,0
Spain,Male,40.0,122874.74,2,0
Spain,Female,43.0,0.0,2,0
Spain,Male,32.0,137761.55,1,0
Spain,Female,41.0,0.0,1,0
Spain,Male,35.0,135095.54,2,0
Spain,Female,35.0,0.0,2,0
Spain,Male,24.0,0.0,1,0
Spain,Male,45.0,0.0,1,1
Spain,Male,36.0,116229.85,2,0
Spain,Male,32.0,0.0,2,0
Spain,Male,32.0,0.0,1,0
Spain,Male,34.0,126679.69,2,0
Spain,Female,27.0,0.0,2,0
Spain,Female,31.0,0.0,2,0
Spain,Male,39.0,0.0,2,0
Spain,Female,38.0,0.0,2,0
Spain,Female,23.0,0.0,2,0
Spain,Male,44.0,0.0,2,0
Spain,Female,34.0,0.0,2,0
Spain,Female,34.0,0.0,2,0
Spain,Male,24.0,0.0,2,0
Spain,Female,29.0,0.0,2,1
Spain,Male,66.0,134007.9,1,0
Spain,Female,33.0,0.0,2,0
Spain,Male,29.0,128707.3,1,0
Spain,Female,30.0,0.0,2,0
Spain,Male,39.0,0.0,2,0
Spain,Male,26.0,0.0,2,0
Spain,Female,47.0,133853.27,3,1
Spain,Female,45.0,204510.94,1,1
Spain,Female,41.0,0.0,2,0
Spain,Female,31.0,0.0,2,0
Spain,Female,43.0,0.0,2,1
Spain,Male,37.0,0.0,1,0
Spain,Female,48.0,0.0,1,1
Spain,Female,36.0,0.0,2,0
Spain,Male,33.0,0.0,2,0
Spain,Female,36.0,0.0,2,0
Spain,Female,61.0,108632.48,1,0
Spain,Male,37.0,128207.23,1,0
Spain,Male,34.0,0.0,2,0
Spain,Male,29.0,0.0,2,0
Spain,Female,43.0,0.0,2,0
Spain,Male,34.0,0.0,1,0
Spain,Male,45.0,144889.18,1,0
Spain,Female,39.0,0.0,2,0
Spain,Male,23.0,104744.89,1,1
Spain,Male,30.0,0.0,1,0
Spain,Female,36.0,0.0,2,0
Spain,Male,32.0,0.0,2,0
Spain,Male,35.0,0.0,2,0
Spain,Female,37.0,0.0,2,0
Spain,Male,29.0,0.0,2,0
Spain,Female,33.0,0.0,1,0
Spain,Male,41.0,0.0,1,0
Spain,Female,45.0,0.0,1,1
Spain,Female,32.0,0.0,2,0
Spain,Female,33.0,0.0,2,0
Spain,Male,41.0,98894.39,1,0
Spain,Male,35.0,0.0,2,0
Spain,Male,58.0,0.0,2,0
Spain,Male,42.0,0.0,2,0
Spain,Male,48.0,141827.64,1,0
Spain,Female,45.0,106521.49,1,1
Spain,Male,26.0,0.0,2,0
Spain,Female,33.0,0.0,2,0
Spain,Female,76.0,134208.25,1,0
Spain,Female,38.0,0.0,2,0
Spain,Male,45.0,0.0,1,0
Spain,Male,36.0,0.0,2,0
Spain,Male,38.0,130796.33,1,0
Spain,Female,39.0,0.0,2,0
Spain,Male,26.0,121537.71,1,0
Spain,Male,47.0,142675.57,1,0
Spain,Female,37.0,0.0,2,0
Spain,Female,36.0,0.0,2,0
Spain,Female,26.0,126589.12,1,0
Spain,Male,35.0,0.0,2,0
Spain,Male,36.0,170600.78,1,0
Spain,Female,41.0,146997.64,2,0
Spain,Male,40.0,0.0,2,0
Spain,Female,28.0,146098.43,1,0
Spain,Male,39.0,119565.92,1,0
Spain,Male,37.0,0.0,2,0
Spain,Male,29.0,0.0,2,0
Spain,Female,52.0,0.0,2,0
Spain,Male,33.0,93772.13,1,0
Spain,Female,26.0,0.0,1,1
Spain,Male,19.0,0.0,1,1
Spain,Male,24.0,171922.72,1,0
Spain,Male,57.0,0.0,2,0
Spain,Female,37.0,128932.4,2,0
Spain,Female,44.0,0.0,1,1
Spain,Female,32.0,100486.18,1,0
Spain,Male,40.0,163867.86,1,0
Spain,Female,33.0,176714.46,1,0
Spain,Female,43.0,0.0,2,0
Spain,Female,46.0,87603.35,2,0
Spain,Female,32.0,0.0,2,0
Spain,Male,41.0,0.0,2,0
Spain,Male,43.0,0.0,1,1
Spain,Male,44.0,123925.18,1,0
Spain,Male,35.0,0.0,2,0
Spain,Male,39.0,142703.4,1,0
Spain,Male,32.0,123912.78,2,0
Spain,Male,27.0,0.0,2,1
Spain,Female,42.0,145737.75,1,0
Spain,Female,33.0,0.0,2,0
Spain,Female,21.0,0.0,1,0
Spain,Female,25.0,0.0,2,0
Spain,Male,33.0,0.0,2,0
Spain,Female,32.0,127070.65,1,0
Spain,Female,39.0,123816.5,1,1
Spain,Male,39.0,0.0,2,0
Spain,Female,76.0,121260.19,2,0
Spain,Female,45.0,0.0,2,0
Spain,Male,32.0,127785.17,1,0
Spain,Female,35.0,0.0,2,0
Spain,Female,25.0,0.0,2,0
Spain,Male,42.0,0.0,1,1
Spain,Female,41.0,0.0,1,0
Spain,Female,34.0,110641.58,1,0
Spain,Female,28.0,0.0,2,0
Spain,Male,33.0,0.0,2,0
Spain,Female,33.0,0.0,1,0
Spain,Female,32.0,0.0,2,0
Spain,Female,20.0,0.0,2,0
Spain,Male,31.0,0.0,2,0
Spain,Male,20.0,84557.82,1,0
Spain,Male,44.0,0.0,2,0
Spain,Female,67.0,0.0,2,0
Spain,Male,60.0,0.0,2,0
Spain,Female,47.0,0.0,1,1
Spain,Male,36.0,0.0,2,0
Spain,Male,37.0,0.0,2,0
Spain,Male,39.0,0.0,2,0
Spain,Female,36.0,0.0,2,0
Spain,Male,40.0,0.0,2,0
Spain,Male,26.0,155519.35,1,0
Spain,Female,37.0,0.0,2,0
Spain,Male,34.0,0.0,2,0
Spain,Male,36.0,0.0,2,0
Spain,Female,31.0,0.0,2,0
Spain,Female,32.0,0.0,2,0
Spain,Male,42.0,0.0,2,0
Spain,Female,62.0,0.0,3,1
Spain,Female,37.0,95328.6,1,1
Spain,Male,32.0,0.0,2,0
Spain,Female,40.0,132838.07,1,0
Spain,Female,36.0,0.0,2,0
Spain,Female,37.0,0.0,2,0
Spain,Female,32.0,0.0,1,0
Spain,Male,47.0,0.0,2,1
Spain,Female,43.0,0.0,2,0
Spain,Female,26.0,0.0,2,0
Spain,Female,37.0,157084.99,1,0
Spain,Male,26.0,0.0,2,0
Spain,Male,32.0,0.0,2,0
Spain,Male,25.0,0.0,2,0
Spain,Female,35.0,0.0,2,0
Spain,Male,33.0,0.0,2,0
Spain,Male,37.0,84009.47,1,0
Spain,Male,41.0,0.0,2,0
Spain,Male,28.0,0.0,2,0
Spain,Male,67.0,0.0,2,0
Spain,Male,38.0,0.0,1,0
Spain,Male,42.0,0.0,2,0
Spain,Male,35.0,0.0,2,0
Spain,Male,36.0,0.0,1,0
Spain,Male,77.0,0.0,2,0
Spain,Male,37.0,0.0,2,0
Spain,Male,25.0,168560.46,1,0
Spain,Female,31.0,0.0,1,0
Spain,Male,39.0,0.0,2,0
Spain,Male,31.0,140197.18,1,0
Spain,Female,35.0,161628.66,1,0
Spain,Male,42.0,0.0,2,0
Spain,Male,44.0,0.0,2,0
Spain,Male,23.0,0.0,2,0
Spain,Female,32.0,133894.53,1,0
Spain,Male,31.0,0.0,2,0
Spain,Male,36.0,0.0,1,0
Spain,Female,36.0,0.0,1,0
Spain,Male,39.0,129299.28,2,1
Spain,Female,36.0,0.0,2,0
Spain,Male,22.0,125265.61,1,1
Spain,Female,39.0,0.0,1,0
Spain,Female,22.0,122314.5,2,0
Spain,Male,33.0,0.0,2,0
Spain,Male,36.0,103502.22,1,0
Spain,Female,41.0,130142.46,1,0
Spain,Male,23.0,0.0,2,0
Spain,Male,55.0,0.0,2,0
Spain,Male,34.0,115285.3,2,0
Spain,Female,40.0,175454.0,1,0
Spain,Female,35.0,0.0,1,0
Spain,Male,41.0,121598.18,1,0
Spain,Female,36.0,0.0,2,0
Spain,Female,34.0,0.0,1,0
Spain,Female,23.0,145843.53,1,1
Spain,Male,27.0,102773.15,1,0
Spain,Female,38.0,0.0,2,0
Spain,Male,52.0,81277.22,1,1
Spain,Female,32.0,0.0,1,0
Spain,Male,29.0,0.0,2,0
Spain,Female,33.0,0.0,2,0
Spain,Male,52.0,0.0,2,0
Spain,Male,33.0,0.0,2,0
Spain,Male,35.0,0.0,2,0
Spain,Female,40.0,0.0,2,1
Spain,Male,39.0,0.0,2,0
Spain,Male,36.0,0.0,1,0
Spain,Female,26.0,76554.06,2,0
Spain,Male,49.0,108131.53,1,0
Spain,Male,45.0,0.0,1,1
Spain,Female,42.0,108117.1,1,1
Spain,Male,34.0,133800.69,2,0
Spain,Male,43.0,97001.36,2,0
Spain,Female,36.0,0.0,1,1
Spain,Female,37.0,97975.21,1,1
Spain,Male,41.0,0.0,2,1
Spain,Male,40.0,0.0,2,0
Spain,Female,42.0,116674.42,1,0
Spain,Male,28.0,0.0,2,0
Spain,Male,33.0,0.0,2,0
Spain,Female,63.0,0.0,2,0
Spain,Female,37.0,0.0,2,0
Spain,Male,34.0,0.0,2,0
Spain,Male,43.0,0.0,2,0
Spain,Male,26.0,0.0,2,0
Spain,Female,38.0,126473.33,1,1
Spain,Male,36.0,0.0,3,0
Spain,Female,28.0,99263.09,1,0
Spain,Female,41.0,81553.97,1,0
Spain,Male,40.0,0.0,2,0
Spain,Male,40.0,0.0,2,0
Spain,Female,47.0,0.0,1,1
Spain,Female,25.0,125830.52,1,0
Spain,Male,28.0,0.0,2,0
Spain,Female,59.0,91219.61,1,1
Spain,Male,35.0,0.0,1,0
Spain,Male,44.0,0.0,2,0
Spain,Male,35.0,0.0,2,0
Spain,Male,43.0,107726.93,1,0
Spain,Female,32.0,0.0,2,0
Spain,Male,31.0,101126.75,1,0
Spain,Female,35.0,0.0,2,0
Spain,Male,43.0,0.0,1,0
Spain,Female,27.0,0.0,2,0
Spain,Male,44.0,91560.55,1,0
Spain,Female,28.0,0.0,2,0
Spain,Male,41.0,0.0,1,0
Spain,Female,41.0,96032.22,1,0
Spain,Male,31.0,84327.77,2,0
Spain,Male,30.0,185514.04,1,0
Spain,Female,47.0,155419.71,1,1
Spain,Female,36.0,0.0,1,0
Spain,Male,32.0,0.0,2,0
Spain,Male,27.0,0.0,2,0
Spain,Female,41.0,0.0,2,0
Spain,Male,34.0,0.0,2,0
Spain,Male,39.0,0.0,2,0
Spain,Female,56.0,0.0,1,1
Spain,Male,54.0,0.0,1,1
Spain,Male,35.0,0.0,2,0
Spain,Male,32.0,0.0,1,0
Spain,Male,38.0,129938.07,1,0
Spain,Male,31.0,0.0,2,0
Spain,Female,41.0,0.0,1,1
Spain,Female,41.0,0.0,2,0
Spain,Female,43.0,0.0,1,1
Spain,Male,54.0,0.0,2,0
Spain,Male,38.0,0.0,2,0
Spain,Female,44.0,0.0,3,1
Spain,Female,40.0,0.0,2,0
Spain,Male,31.0,0.0,2,0
Spain,Female,33.0,0.0,1,1
Spain,Male,58.0,0.0,1,0
Spain,Male,35.0,0.0,2,0
Spain,Female,38.0,0.0,2,0
Spain,Female,35.0,0.0,2,0
Spain,Female,33.0,0.0,2,0
Spain,Male,33.0,0.0,1,0
Spain,Female,42.0,0.0,1,1
Spain,Male,27.0,148874.99,1,0
Spain,Male,30.0,130274.22,1,0
Spain,Female,35.0,0.0,1,1
Spain,Female,40.0,79035.95,1,0
Spain,Female,35.0,0.0,2,0
Spain,Male,36.0,142876.84,1,0
Spain,Male,37.0,0.0,2,0
Spain,Female,34.0,0.0,2,0
Spain,Male,41.0,0.0,2,0
Spain,Male,43.0,0.0,2,0
Spain,Male,67.0,0.0,2,0
Spain,Female,38.0,0.0,2,0
Spain,Female,28.0,0.0,2,0
Spain,Male,35.0,84421.62,1,0
Spain,Male,35.0,0.0,1,1
Spain,Male,36.0,0.0,1,0
Spain,Male,42.0,0.0,1,0
Spain,Female,43.0,0.0,2,0
Spain,Male,36.0,0.0,2,0
Spain,Male,41.0,150142.79,1,0
Spain,Female,47.0,87772.84,1,1
Spain,Female,47.0,0.0,2,1
Spain,Male,38.0,58469.37,2,1
Spain,Female,59.0,148021.12,1,0
Spain,Female,40.0,0.0,2,0
Spain,Male,31.0,109876.82,1,0
Spain,Male,50.0,0.0,1,1
Spain,Male,33.0,0.0,2,0
Spain,Male,40.0,0.0,2,0
Spain,Male,40.0,133686.52,1,0
Spain,Male,37.0,0.0,1,0
Spain,Female,44.0,125495.64,1,0
Spain,Female,33.0,93547.23,1,0
Spain,Female,38.0,141287.15,1,0
Spain,Male,39.0,145644.05,1,0
Spain,Male,33.0,139825.18,2,0
Spain,Male,68.0,114005.78,2,0
Spain,Male,32.0,152982.02,1,0
Spain,Male,31.0,129988.81,1,0
Spain,Female,46.0,0.0,2,0
Spain,Female,39.0,89039.9,1,0
Spain,Female,32.0,145553.48,2,0
Spain,Female,43.0,0.0,2,1
Spain,Male,53.0,0.0,3,1
Spain,Female,25.0,0.0,2,0
Spain,Male,31.0,0.0,1,0
Spain,Male,33.0,0.0,2,0
Spain,Male,37.0,0.0,1,0
Spain,Male,27.0,0.0,1,0
Spain,Male,35.0,135936.1,2,0
Spain,Female,47.0,0.0,2,1
Spain,Male,40.0,0.0,2,0
Spain,Male,32.0,126473.33,2,0
Spain,Male,40.0,0.0,2,0
Spain,Female,48.0,0.0,1,1
Spain,Male,42.0,119919.12,1,0
Spain,Male,23.0,98752.51,2,0
Spain,Female,32.0,57530.06,1,1
Spain,Male,28.0,0.0,1,1
Spain,Male,36.0,161371.02,1,0
Spain,Female,35.0,0.0,2,0
Spain,Female,56.0,99097.36,1,0
Spain,Male,46.0,157879.39,1,0
Spain,Male,34.0,0.0,2,0
Spain,Female,40.0,146466.81,1,0
Spain,Male,36.0,0.0,1,0
Spain,Male,41.0,0.0,2,0
Spain,Male,41.0,0.0,2,0
Spain,Male,30.0,0.0,2,0
Spain,Male,35.0,90727.79,1,0
Spain,Female,37.0,122214.0,1,1
Spain,Male,42.0,0.0,1,0
Spain,Male,55.0,0.0,1,1
Spain,Male,41.0,104631.67,1,0
Spain,Female,39.0,121765.81,1,0
Spain,Male,40.0,0.0,2,0
Spain,Male,32.0,0.0,2,0
Spain,Female,31.0,125877.48,1,0
Spain,Male,35.0,0.0,2,0
Spain,Male,29.0,0.0,2,0
Spain,Male,33.0,0.0,2,0
Spain,Male,33.0,0.0,2,0
Spain,Male,37.0,0.0,2,0
Spain,Male,43.0,97392.18,2,0
Spain,Male,43.0,96863.52,1,1
Spain,Female,35.0,76595.34,1,0
Spain,Female,35.0,0.0,1,0
Spain,Male,29.0,142028.36,1,0
Spain,Male,37.0,128243.99,1,0
Spain,Male,36.0,0.0,2,0
Spain,Male,43.0,97403.18,1,1
Spain,Male,46.0,0.0,1,1
Spain,Female,37.0,64345.21,1,0
Spain,Female,45.0,0.0,2,0
Spain,Female,38.0,0.0,2,0
Spain,Female,35.0,111827.27,2,0
Spain,Female,48.0,150315.92,1,0
Spain,Male,30.0,0.0,1,0
Spain,Female,46.0,0.0,3,1
Spain,Male,34.0,0.0,2,0
Spain,Female,47.0,0.0,1,1
Spain,Female,44.0,0.0,1,0
Spain,Female,23.0,85897.95,1,0
Spain,Male,37.0,0.0,2,0
Spain,Female,29.0,115766.26,1,0
Spain,Male,31.0,0.0,2,0
Spain,Female,29.0,0.0,1,0
Spain,Male,56.0,0.0,2,1
Spain,Male,22.0,0.0,2,0
Spain,Male,35.0,0.0,2,0
Spain,Male,33.0,0.0,1,0
Spain,Female,49.0,122486.47,1,0
Spain,Male,38.0,0.0,2,0
Spain,Male,35.0,0.0,1,0
Spain,Female,54.0,0.0,1,1
Spain,Male,43.0,0.0,2,0
Spain,Female,35.0,0.0,2,0
Spain,Female,34.0,0.0,2,0
Spain,Female,39.0,0.0,1,0
Spain,Male,32.0,135643.0,1,0
Spain,Male,37.0,0.0,2,0
Spain,Male,29.0,0.0,2,0
Spain,Male,29.0,156070.58,1,0
Spain,Female,40.0,0.0,2,0
Spain,Male,36.0,0.0,1,0
Spain,Male,37.0,0.0,2,0
Spain,Female,42.0,0.0,2,0
Spain,Female,36.0,0.0,2,0
Spain,Male,43.0,0.0,1,1
Spain,Male,30.0,0.0,3,0
Spain,Female,45.0,0.0,2,0
Spain,Female,43.0,0.0,2,0
Spain,Female,30.0,0.0,2,0
Spain,Male,32.0,129502.49,1,0
Spain,Female,50.0,127258.86,1,1
Spain,Female,44.0,0.0,2,0
Spain,Male,36.0,0.0,2,0
Spain,Male,39.0,0.0,2,0
Spain,Female,32.0,0.0,2,0
Spain,Male,35.0,0.0,2,0
Spain,Male,32.0,132187.73,1,0
Spain,Male,36.0,0.0,2,0
Spain,Female,36.0,0.0,2,0
Spain,Male,39.0,0.0,2,0
Spain,Male,37.0,0.0,2,0
Spain,Male,30.0,150300.88,2,1
Spain,Male,25.0,89325.22,2,0
Spain,Male,36.0,0.0,2,0
Spain,Female,26.0,0.0,2,0
Spain,Male,35.0,0.0,2,0
Spain,Male,38.0,0.0,2,0
Spain,Female,29.0,0.0,2,0
Spain,Female,38.0,0.0,2,0
Spain,Male,38.0,0.0,2,0
Spain,Male,37.0,0.0,2,0
Spain,Male,41.0,95858.76,1,0
Spain,Male,50.0,113657.08,1,1
Spain,Female,38.0,0.0,2,0
Spain,Male,35.0,125211.55,3,1
Spain,Male,37.0,142658.04,1,0
Spain,Male,34.0,125845.66,1,0
Spain,Female,32.0,0.0,2,0
Spain,Female,34.0,143061.88,1,0
Spain,Female,45.0,0.0,2,0
Spain,Male,31.0,0.0,2,0
Spain,Male,32.0,0.0,2,0
Spain,Male,33.0,0.0,2,0
Spain,Male,28.0,0.0,2,0
Spain,Male,39.0,60374.98,1,0
Spain,Male,41.0,0.0,2,0
Spain,Male,29.0,0.0,2,0
Spain,Male,39.0,151607.67,1,0
Spain,Female,49.0,0.0,1,1
Spain,Female,40.0,0.0,1,1
Spain,Female,24.0,162261.01,1,0
Spain,Female,37.0,92347.61,1,0
Spain,Male,34.0,0.0,2,0
Spain,Male,24.0,0.0,2,0
Spain,Male,40.0,79460.98,2,0
Spain,Female,29.0,185078.26,2,0
Spain,Male,30.0,0.0,1,0
Spain,Female,30.0,0.0,2,0
Spain,Male,48.0,0.0,2,0
Spain,Female,45.0,0.0,2,0
Spain,Female,29.0,0.0,2,0
Spain,Female,35.0,0.0,2,0
Spain,Male,34.0,0.0,2,0
Spain,Male,39.0,0.0,1,0
Spain,Male,42.0,175159.9,2,0
Spain,Female,64.0,0.0,1,0
Spain,Male,31.0,0.0,2,0
Spain,Female,29.0,113980.21,1,0
Spain,Male,43.0,0.0,2,0
Spain,Male,45.0,0.0,2,0
Spain,Female,24.0,0.0,2,0
Spain,Female,41.0,0.0,2,0
Spain,Male,34.0,0.0,2,0
Spain,Male,35.0,137102.65,1,0
Spain,Female,43.0,141756.82,1,0
Spain,Female,32.0,0.0,2,0
Spain,Female,38.0,79460.2,1,0
Spain,Male,39.0,0.0,2,0
Spain,Male,48.0,0.0,1,1
Spain,Male,45.0,97925.11,1,0
Spain,Male,38.0,0.0,2,0
Spain,Male,32.0,0.0,2,0
Spain,Male,29.0,0.0,2,0
Spain,Female,31.0,141573.55,1,0
Spain,Female,38.0,156555.54,1,0
Spain,Female,39.0,0.0,1,0
Spain,Female,50.0,0.0,2,0
Spain,Female,53.0,0.0,2,1
Spain,Male,38.0,96939.06,1,0
Spain,Female,36.0,0.0,2,0
Spain,Male,36.0,0.0,2,0
Spain,Female,31.0,147813.05,1,0
Spain,Male,31.0,0.0,1,0
Spain,Male,41.0,0.0,2,0
Spain,Male,37.0,0.0,2,0
Spain,Male,40.0,156773.78,1,0
Spain,Female,36.0,131647.01,1,0
Spain,Female,32.0,106022.73,2,0
Spain,Female,25.0,0.0,2,0
Spain,Male,32.0,0.0,2,0
Spain,Female,38.0,0.0,2,0
Spain,Female,34.0,0.0,2,0
Spain,Male,41.0,0.0,2,0
Spain,Male,37.0,94901.09,1,1
Spain,Female,29.0,0.0,1,0
Spain,Female,38.0,126670.37,1,0
Spain,Male,42.0,0.0,1,0
Spain,Male,60.0,0.0,2,0
Spain,Female,44.0,0.0,1,0
Spain,Male,40.0,0.0,2,0
Spain,Male,40.0,0.0,1,0
Spain,Female,35.0,0.0,2,0
Spain,Female,40.0,0.0,2,0
Spain,Female,33.0,0.0,2,0
Spain,Male,36.0,0.0,2,0
Spain,Female,64.0,0.0,1,0
Spain,Male,33.0,0.0,2,0
Spain,Male,56.0,123959.97,2,0
Spain,Male,38.0,0.0,2,0
Spain,Male,27.0,0.0,2,0
Spain,Female,35.0,0.0,1,1
Spain,Female,29.0,0.0,1,0
Spain,Female,53.0,75225.53,2,0
Spain,Male,43.0,0.0,2,0
Spain,Male,28.0,124483.53,1,0
Spain,Male,27.0,0.0,2,0
Spain,Female,41.0,106365.29,1,0
Spain,Male,38.0,0.0,2,0
Spain,Male,42.0,0.0,2,0
Spain,Male,32.0,0.0,1,1
Spain,Male,59.0,0.0,1,1
Spain,Female,32.0,0.0,1,0
Spain,Male,39.0,95161.75,1,0
Spain,Female,29.0,0.0,2,0
Spain,Male,38.0,146777.44,1,0
Spain,Male,28.0,0.0,2,0
Spain,Male,34.0,127728.24,1,0
Spain,Male,25.0,153325.1,2,0
Spain,Female,41.0,86824.54,1,0
Spain,Male,27.0,0.0,2,0
Spain,Female,30.0,141788.76,1,0
Spain,Male,37.0,0.0,2,0
Spain,Male,38.0,0.0,2,0
Spain,Female,34.0,0.0,1,1
Spain,Female,37.0,136067.82,1,0
Spain,Male,43.0,0.0,2,0
Spain,Female,34.0,160966.65,1,0
Spain,Female,37.0,0.0,2,0
Spain,Female,34.0,0.0,2,0
Spain,Female,38.0,109632.85,1,0
Spain,Female,44.0,0.0,1,1
Spain,Female,42.0,0.0,2,0
Spain,Female,40.0,124151.09,1,1
Spain,Male,37.0,0.0,2,0
Spain,Male,32.0,0.0,2,0
Spain,Female,56.0,0.0,2,1
Spain,Male,46.0,0.0,2,0
Spain,Male,54.0,102141.9,1,0
Spain,Female,34.0,91718.4,1,0
Spain,Female,39.0,80613.47,2,0
Spain,Female,40.0,0.0,1,1
Spain,Male,39.0,0.0,2,0
Spain,Female,46.0,0.0,1,1
Spain,Male,44.0,0.0,2,0
Spain,Male,41.0,0.0,2,0
Spain,Male,34.0,0.0,2,0
Spain,Male,37.0,0.0,2,0
Spain,Female,25.0,128509.63,2,0
Spain,Female,31.0,0.0,2,0
Spain,Male,38.0,137301.87,1,0
Spain,Male,36.0,0.0,1,0
Spain,Male,22.0,0.0,2,0
Spain,Female,49.0,0.0,2,0
Spain,Female,44.0,0.0,3,1
Spain,Male,40.0,122449.31,1,1
Spain,Female,37.0,115409.18,1,1
Spain,Female,40.0,87361.02,1,1
Spain,Female,47.0,152264.81,1,0
Spain,Male,34.0,0.0,2,0
Spain,Male,33.0,0.0,2,0
Spain,Female,33.0,0.0,2,0
Spain,Male,35.0,0.0,1,0
Spain,Male,41.0,150219.41,2,0
Spain,Male,31.0,88161.85,2,0
Spain,Male,33.0,0.0,2,0
Spain,Female,41.0,112079.58,1,0
Spain,Male,46.0,0.0,1,1
Spain,Male,37.0,0.0,2,0
Spain,Female,32.0,183744.98,1,0
Spain,Male,34.0,0.0,2,0
Spain,Female,55.0,0.0,1,1
Spain,Male,37.0,142557.11,1,0
Spain,Male,35.0,0.0,2,0
Spain,Female,61.0,129855.32,1,1
Spain,Male,42.0,0.0,2,0
Spain,Male,36.0,0.0,1,0
Spain,Male,29.0,0.0,2,0
Spain,Male,37.0,0.0,2,0
Spain,Male,34.0,0.0,1,0
Spain,Female,29.0,0.0,2,0
Spain,Male,28.0,0.0,2,0
Spain,Female,32.0,0.0,1,0
Spain,Male,41.0,0.0,2,0
Spain,Female,39.0,0.0,2,0
Spain,Male,41.0,0.0,1,0
Spain,Female,59.0,0.0,2,0
Spain,Female,34.0,0.0,2,0
Spain,Female,49.0,0.0,2,0
Spain,Female,37.0,90425.15,1,0
Spain,Female,49.0,0.0,1,0
Spain,Male,39.0,150593.59,1,0
Spain,Male,41.0,0.0,2,0
Spain,Female,40.0,0.0,2,0
Spain,Female,39.0,134766.85,1,0
Spain,Male,25.0,0.0,2,0
Spain,Female,27.0,113034.26,1,0
Spain,Male,27.0,108887.57,1,0
Spain,Male,24.0,99816.43,1,0
Spain,Female,34.0,147249.22,1,1
Spain,Male,47.0,0.0,1,1
Spain,Male,35.0,0.0,1,1
Spain,Male,39.0,125537.43,1,0
Spain,Male,43.0,120107.43,1,0
Spain,Male,45.0,0.0,2,0
Spain,Male,43.0,0.0,1,1
Spain,Female,31.0,0.0,1,0
Spain,Male,38.0,99842.5,1,0
Spain,Female,43.0,0.0,2,0
Spain,Male,31.0,0.0,2,0
Spain,Female,40.0,168978.32,1,0
Spain,Male,38.0,0.0,2,0
Spain,Female,39.0,0.0,2,0
Spain,Female,31.0,0.0,2,0
Spain,Male,32.0,105770.39,1,0
Spain,Female,51.0,108867.0,1,1
Spain,Male,29.0,0.0,2,0
Spain,Male,39.0,0.0,2,0
Spain,Male,32.0,102773.4,1,1
Spain,Female,31.0,0.0,2,0
Spain,Female,62.0,0.0,2,0
Spain,Female,33.0,0.0,2,0
Spain,Male,43.0,125212.65,1,0
Spain,Female,45.0,0.0,2,1
Spain,Male,50.0,0.0,2,0
Spain,Female,29.0,0.0,1,0
Spain,Male,43.0,113844.42,1,0
Spain,Female,49.0,0.0,2,1
Spain,Male,29.0,61482.08,1,0
Spain,Male,25.0,105473.86,1,0
Spain,Male,24.0,0.0,2,1
Spain,Male,39.0,0.0,2,0
Spain,Male,29.0,0.0,2,0
Spain,Female,40.0,0.0,1,1
Spain,Female,37.0,0.0,2,0
Spain,Male,38.0,131778.96,1,0
Spain,Male,38.0,0.0,2,0
Spain,Female,39.0,0.0,1,1
Spain,Female,34.0,0.0,2,0
Spain,Female,47.0,0.0,2,1
Spain,Male,39.0,0.0,2,0
Spain,Male,63.0,148368.02,1,1
Spain,Female,33.0,0.0,1,1
Spain,Male,42.0,93608.28,1,1
Spain,Female,35.0,0.0,2,0
Spain,Female,36.0,0.0,2,0
Spain,Female,34.0,146710.76,1,0
Spain,Male,38.0,0.0,1,0
Spain,Female,38.0,0.0,2,0
Spain,Male,40.0,0.0,2,0
Spain,Female,32.0,0.0,1,0
Spain,Female,36.0,0.0,2,0
Spain,Female,38.0,0.0,2,0
Spain,Female,39.0,117221.15,1,0
Spain,Female,39.0,0.0,1,1
Spain,Male,40.0,110540.28,1,0
Spain,Male,45.0,95772.86,1,0
Spain,Male,39.0,0.0,3,0
Spain,Female,29.0,0.0,2,0
Spain,Female,39.0,121525.96,1,1
Spain,Male,32.0,0.0,2,0
Spain,Female,58.0,124728.95,1,1
Spain,Male,29.0,0.0,2,0
Spain,Male,39.0,123681.95,1,0
Spain,Male,34.0,0.0,1,0
Spain,Male,40.0,95312.8,1,0
Spain,Male,38.0,169312.72,1,0
Spain,Male,34.0,0.0,2,0
Spain,Female,32.0,81553.82,1,1
Spain,Female,42.0,0.0,2,0
Spain,Female,32.0,113980.21,1,0
Spain,Male,61.0,0.0,1,1
Spain,Female,36.0,0.0,1,0
Spain,Female,19.0,0.0,2,0
Spain,Female,33.0,0.0,1,0
Spain,Female,35.0,0.0,1,0
Spain,Female,32.0,0.0,2,1
Spain,Male,28.0,150187.9,1,0
Spain,Male,42.0,127728.24,2,0
Spain,Female,36.0,0.0,2,0
Spain,Male,39.0,0.0,1,0
Spain,Male,44.0,0.0,2,0
Spain,Female,33.0,0.0,2,0
Spain,Female,45.0,0.0,2,0
Spain,Female,34.0,0.0,2,0
Spain,Female,43.0,0.0,2,0
Spain,Male,32.0,0.0,2,0
Spain,Male,33.0,0.0,2,0
Spain,Female,26.0,161798.78,1,0
Spain,Female,31.0,0.0,2,0
Spain,Female,28.0,0.0,2,0
Spain,Female,36.0,0.0,1,0
Spain,Female,35.0,0.0,1,0
Spain,Female,43.0,0.0,1,0
Spain,Male,34.0,116495.22,1,0
Spain,Male,30.0,0.0,2,0
Spain,Male,41.0,0.0,2,0
Spain,Male,34.0,0.0,2,0
Spain,Male,42.0,0.0,1,0
Spain,Female,34.0,0.0,2,0
Spain,Male,38.0,0.0,1,0
Spain,Male,47.0,122486.47,1,1
Spain,Female,39.0,142876.98,2,1
Spain,Female,42.0,0.0,1,0
Spain,Male,41.0,0.0,2,1
Spain,Female,54.0,84438.57,1,1
Spain,Female,56.0,121286.27,1,0
Spain,Male,32.0,0.0,2,0
Spain,Male,36.0,0.0,1,1
Spain,Male,38.0,111484.88,1,0
Spain,Male,34.0,0.0,2,0
Spain,Female,36.0,0.0,1,0
Spain,Female,34.0,0.0,2,0
Spain,Female,53.0,0.0,1,1
Spain,Female,35.0,0.0,1,0
Spain,Male,35.0,97495.8,2,0
Spain,Female,37.0,152303.8,1,0
Spain,Female,45.0,99106.73,2,1
Spain,Male,47.0,133111.73,1,0
Spain,Male,30.0,0.0,1,0
Spain,Female,44.0,0.0,3,1
Spain,Female,26.0,0.0,2,0
Spain,Male,35.0,0.0,2,0
Spain,Male,41.0,91897.54,1,0
Spain,Male,36.0,101198.01,1,0
Spain,Male,28.0,0.0,2,0
Spain,Female,53.0,0.0,3,1
Spain,Male,35.0,0.0,2,0
Spain,Male,39.0,0.0,2,0
Spain,Male,33.0,0.0,1,0
Spain,Female,35.0,0.0,2,0
Spain,Male,30.0,76322.69,1,0
Spain,Male,48.0,81710.46,1,1
Spain,Female,33.0,141158.07,1,0
Spain,Female,27.0,0.0,1,0
Spain,Male,32.0,132088.68,2,0
Spain,Female,51.0,151226.18,1,1
Spain,Male,35.0,0.0,2,0
Spain,Female,47.0,0.0,2,0
Spain,Male,36.0,0.0,2,0
Spain,Male,32.0,0.0,2,0
Spain,Male,41.0,0.0,2,0
Spain,Female,41.0,0.0,1,0
Spain,Male,28.0,0.0,2,0
Spain,Male,30.0,122222.0,2,0
Spain,Male,23.0,0.0,1,0
Spain,Male,29.0,0.0,2,0
Spain,Male,38.0,0.0,2,0
Spain,Female,38.0,0.0,2,0
Spain,Male,30.0,0.0,2,0
Spain,Female,57.0,0.0,2,0
Spain,Male,43.0,0.0,2,0
Spain,Female,30.0,0.0,2,0
Spain,Male,48.0,0.0,1,1
Spain,Female,30.0,122929.52,1,0
Spain,Female,27.0,0.0,2,0
Spain,Male,37.0,0.0,2,0
Spain,Male,30.0,0.0,2,0
Spain,Female,25.0,0.0,2,0
Spain,Female,28.0,0.0,2,0
Spain,Male,40.0,82674.15,1,0
Spain,Female,42.0,0.0,2,0
Spain,Male,30.0,0.0,2,0
Spain,Female,36.0,0.0,2,0
Spain,Male,28.0,0.0,2,0
Spain,Female,34.0,0.0,1,0
Spain,Male,40.0,0.0,2,0
Spain,Male,40.0,0.0,2,0
Spain,Female,32.0,0.0,2,0
Spain,Male,39.0,0.0,2,0
Spain,Female,36.0,0.0,2,0
Spain,Male,43.0,0.0,2,0
Spain,Male,33.0,121237.65,1,1
Spain,Male,32.0,0.0,2,0
Spain,Female,41.0,0.0,1,0
Spain,Male,35.0,0.0,2,0
Spain,Male,35.0,116120.19,1,0
Spain,Male,32.0,118510.42,1,0
Spain,Male,30.0,0.0,2,0
Spain,Male,26.0,156815.71,1,0
Spain,Male,67.0,0.0,2,0
Spain,Male,54.0,0.0,3,1
Spain,Female,62.0,0.0,2,0
Spain,Male,33.0,0.0,2,0
Spain,Male,38.0,123783.85,2,0
Spain,Male,20.0,0.0,2,0
Spain,Female,40.0,0.0,2,0
Spain,Male,77.0,0.0,2,0
Spain,Male,33.0,164870.81,1,1
Spain,Female,34.0,0.0,2,0
Spain,Male,48.0,135847.51,3,1
Spain,Male,33.0,0.0,2,0
Spain,Female,44.0,0.0,2,0
Spain,Male,28.0,103421.32,1,0
Spain,Male,31.0,138521.57,1,0
Spain,Male,39.0,0.0,2,0
Spain,Male,38.0,0.0,1,0
Spain,Female,26.0,108528.07,1,0
Spain,Female,32.0,0.0,1,0
Spain,Male,40.0,0.0,2,0
Spain,Male,35.0,0.0,2,0
Spain,Male,22.0,123345.65,1,0
Spain,Male,36.0,102827.44,1,0
Spain,Male,34.0,0.0,2,0
Spain,Female,47.0,0.0,2,0
Spain,Male,43.0,0.0,1,0
Spain,Male,44.0,0.0,2,0
Spain,Male,44.0,0.0,2,0
Spain,Female,29.0,165827.3,1,1
Spain,Female,37.0,0.0,1,1
Spain,Male,46.0,117028.6,2,0
Spain,Female,36.0,167545.32,1,0
Spain,Male,38.0,0.0,1,1
Spain,Male,41.0,0.0,2,0
Spain,Male,48.0,0.0,1,0
Spain,Female,41.0,109013.23,1,0
Spain,Female,34.0,0.0,2,0
Spain,Female,27.0,0.0,2,0
Spain,Female,36.0,0.0,2,0
Spain,Male,46.0,92783.68,2,0
Spain,Female,47.0,0.0,1,0
Spain,Male,55.0,0.0,2,0
Spain,Male,45.0,128264.03,1,0
Spain,Male,36.0,0.0,2,0
Spain,Male,32.0,0.0,2,0
Spain,Male,38.0,0.0,2,0
Spain,Female,29.0,100524.69,2,0
Spain,Female,31.0,158983.19,1,1
Spain,Male,48.0,82559.42,1,0
Spain,Female,40.0,0.0,2,0
Spain,Female,35.0,0.0,2,0
Spain,Male,31.0,0.0,2,0
Spain,Female,27.0,0.0,2,0
Spain,Female,37.0,109003.39,2,0
Spain,Female,26.0,132727.26,1,0
Spain,Female,47.0,0.0,1,1
Spain,Female,30.0,136082.0,2,0
Spain,Female,31.0,0.0,2,0
Spain,Female,37.0,64345.21,1,1
Spain,Female,25.0,0.0,2,0
Spain,Male,47.0,104744.89,1,0
Spain,Female,46.0,140363.95,2,1
Spain,Male,42.0,0.0,2,1
Spain,Female,37.0,0.0,2,0
Spain,Male,38.0,0.0,2,0
Spain,Male,30.0,0.0,1,1
Spain,Female,31.0,0.0,2,0
Spain,Male,26.0,0.0,2,0
Spain,Female,37.0,0.0,1,0
Spain,Female,43.0,0.0,2,0
Spain,Male,25.0,0.0,2,0
Spain,Male,31.0,0.0,2,0
Spain,Male,67.0,0.0,2,0
Spain,Male,41.0,0.0,2,0
Spain,Male,35.0,0.0,1,0
Spain,Female,33.0,0.0,2,0
Spain,Female,36.0,0.0,2,0
Spain,Female,34.0,0.0,1,0
Spain,Male,24.0,0.0,1,0
Spain,Female,35.0,137948.51,1,1
Spain,Female,28.0,0.0,2,0
Spain,Male,26.0,0.0,2,0
Spain,Male,41.0,0.0,1,1
Spain,Male,32.0,0.0,2,0
Spain,Male,31.0,0.0,2,0
Spain,Male,31.0,72599.94,1,0
Spain,Male,42.0,121418.62,1,0
Spain,Male,34.0,0.0,2,0
Spain,Female,27.0,0.0,2,0
Spain,Female,35.0,0.0,2,0
Spain,Male,34.0,0.0,2,0
Spain,Male,36.0,0.0,1,1
Spain,Female,35.0,0.0,2,0
Spain,Male,39.0,0.0,2,0
Spain,Female,26.0,146580.41,1,0
Spain,Male,35.0,0.0,2,0
Spain,Male,30.0,0.0,2,0
Spain,Male,32.0,63639.34,1,1
Spain,Female,41.0,0.0,2,0
Spain,Male,24.0,0.0,2,0
Spain,Female,49.0,0.0,3,1
Spain,Female,36.0,0.0,2,0
Spain,Male,47.0,0.0,2,0
Spain,Female,29.0,0.0,2,0
Spain,Male,41.0,0.0,2,0
Spain,Female,42.0,90963.75,1,0
Spain,Female,28.0,0.0,2,0
Spain,Male,33.0,125917.59,1,0
Spain,Male,30.0,0.0,3,1
Spain,Female,29.0,0.0,1,0
Spain,Female,38.0,0.0,2,0
Spain,Male,33.0,0.0,2,0
Spain,Male,32.0,0.0,2,0
Spain,Female,35.0,0.0,2,1
Spain,Male,24.0,97435.85,1,0
Spain,Female,34.0,0.0,2,0
Spain,Male,37.0,108396.67,1,1
Spain,Female,39.0,0.0,2,0
Spain,Male,41.0,0.0,2,0
Spain,Male,30.0,128065.12,1,0
Spain,Male,35.0,0.0,2,0
Spain,Male,28.0,136963.12,1,0
Spain,Female,53.0,140579.71,1,0
Spain,Male,34.0,0.0,2,0
Spain,Male,29.0,0.0,2,0
Spain,Female,39.0,59408.63,1,0
Spain,Female,32.0,121669.93,1,0
Spain,Female,36.0,0.0,1,1
Spain,Male,45.0,0.0,1,1
Spain,Male,45.0,43134.65,1,0
Spain,Male,36.0,0.0,2,0
Spain,Female,44.0,0.0,2,1
Spain,Female,38.0,137946.39,2,0
Spain,Female,26.0,0.0,2,0
Spain,Male,28.0,111093.01,2,0
Spain,Female,28.0,0.0,2,0
Spain,Female,37.0,159597.45,1,0
Spain,Male,29.0,141581.77,1,0
Spain,Male,42.0,0.0,4,1
Spain,Male,26.0,0.0,2,0
Spain,Female,43.0,0.0,1,0
Spain,Male,38.0,0.0,2,0
Spain,Male,38.0,0.0,2,0
Spain,Male,49.0,118307.84,2,1
Spain,Male,35.0,0.0,2,0
Spain,Male,29.0,107784.65,1,0
Spain,Male,34.0,0.0,2,0
Spain,Male,25.0,134169.62,1,0
Spain,Female,40.0,134740.24,1,1
Spain,Female,54.0,0.0,3,1
Spain,Female,29.0,95507.12,1,0
Spain,Female,42.0,0.0,2,0
Spain,Male,30.0,0.0,2,0
Spain,Female,23.0,0.0,2,0
Spain,Male,34.0,170600.78,1,0
Spain,Female,34.0,0.0,1,1
Spain,Male,36.0,109052.39,1,0
Spain,Male,36.0,0.0,2,0
Spain,Male,36.0,0.0,3,1
Spain,Male,37.0,0.0,2,0
Spain,Male,33.0,0.0,3,1
Spain,Female,40.0,96891.54,2,0
Spain,Male,43.0,131411.11,1,0
Spain,Female,42.0,105021.28,1,0
Spain,Male,66.0,0.0,2,0
Spain,Male,40.0,178820.91,1,0
Spain,Female,34.0,0.0,2,0
Spain,Male,52.0,102290.56,1,1
Spain,Female,40.0,0.0,3,0
Spain,Female,48.0,113034.74,1,0
Spain,Male,61.0,0.0,1,0
Spain,Male,33.0,148962.46,1,0
Spain,Female,33.0,0.0,2,0
Spain,Female,26.0,0.0,1,0
Spain,Male,35.0,0.0,2,0
Spain,Female,40.0,0.0,1,1
Spain,Female,40.0,0.0,2,0
Spain,Male,43.0,120811.84,1,0
Spain,Female,36.0,0.0,2,0
Spain,Female,42.0,95357.49,1,0
Spain,Female,37.0,0.0,2,0
Spain,Male,30.0,0.0,1,0
Spain,Female,28.0,88814.4,2,0
Spain,Female,35.0,129490.36,2,0
Spain,Female,30.0,117468.67,1,0
Spain,Male,30.0,0.0,2,0
Spain,Female,41.0,99095.73,1,0
Spain,Female,38.0,0.0,3,1
Spain,Female,32.0,0.0,2,0
Spain,Male,28.0,0.0,1,0
Spain,Male,22.0,122446.61,2,0
Spain,Male,36.0,0.0,2,0
Spain,Female,54.0,154951.66,3,1
Spain,Male,33.0,0.0,1,0
Spain,Male,41.0,0.0,2,0
Spain,Male,37.0,0.0,2,0
Spain,Male,39.0,172478.15,1,0
Spain,Male,23.0,110931.55,1,0
Spain,Male,33.0,0.0,1,0
Spain,Male,51.0,0.0,1,1
Spain,Male,51.0,142566.65,1,1
Spain,Female,54.0,0.0,2,0
Spain,Male,34.0,0.0,1,0
Spain,Male,63.0,0.0,3,1
Spain,Male,32.0,178056.54,2,0
Spain,Male,39.0,0.0,2,0
Spain,Male,26.0,0.0,2,0
Spain,Female,31.0,140363.95,2,0
Spain,Female,33.0,0.0,1,0
Spain,Female,27.0,0.0,2,0
Spain,Female,42.0,0.0,2,0
Spain,Male,33.0,0.0,2,0
Spain,Female,31.0,0.0,1,0
Spain,Male,47.0,108541.53,1,0
Spain,Male,30.0,0.0,2,0
Spain,Female,47.0,0.0,1,1
Spain,Female,42.0,0.0,2,0
Spain,Female,57.0,0.0,1,1
Spain,Male,51.0,149961.99,1,0
Spain,Male,63.0,0.0,1,0
Spain,Male,29.0,0.0,1,0
Spain,Female,35.0,150005.38,1,0
Spain,Female,32.0,121542.57,1,0
Spain,Male,35.0,148045.45,1,0
Spain,Female,37.0,0.0,1,0
Spain,Male,37.0,0.0,2,0
Spain,Male,25.0,0.0,1,0
Spain,Male,35.0,0.0,1,1
Spain,Male,40.0,0.0,2,0
Spain,Male,25.0,133463.1,1,0
Spain,Male,55.0,0.0,3,1
Spain,Male,36.0,109799.55,2,0
Spain,Male,36.0,0.0,2,0
Spain,Male,42.0,0.0,1,0
Spain,Male,30.0,0.0,2,0
Spain,Male,33.0,146580.69,1,0
Spain,Female,29.0,0.0,2,0
Spain,Male,40.0,166034.45,2,0
Spain,Male,35.0,0.0,2,0
Spain,Male,44.0,0.0,2,0
Spain,Male,28.0,129840.21,2,0
Spain,Female,33.0,0.0,1,0
Spain,Male,55.0,0.0,2,0
Spain,Male,30.0,0.0,2,0
Spain,Male,34.0,0.0,2,0
Spain,Male,26.0,0.0,2,0
Spain,Male,34.0,0.0,1,0
Spain,Female,66.0,0.0,2,0
Spain,Female,47.0,0.0,1,1
Spain,Female,34.0,0.0,2,0
Spain,Male,22.0,147307.91,2,0
Spain,Male,30.0,0.0,2,0
Spain,Male,40.0,0.0,1,0
Spain,Male,31.0,0.0,2,0
Spain,Female,29.0,0.0,2,0
Spain,Male,31.0,0.0,2,0
Spain,Male,38.0,101487.18,1,0
Spain,Male,49.0,127278.97,1,1
Spain,Female,31.0,0.0,2,0
Spain,Male,23.0,0.0,2,0
Spain,Female,37.0,0.0,1,1
Spain,Male,40.0,0.0,1,0
Spain,Male,32.0,0.0,2,0
Spain,Male,60.0,124447.73,1,0
Spain,Male,46.0,0.0,1,1
Spain,Male,37.0,0.0,2,0
Spain,Female,34.0,74430.1,1,0
Spain,Female,33.0,0.0,1,1
Spain,Male,44.0,184552.12,1,0
Spain,Male,39.0,103399.12,1,0
Spain,Male,55.0,0.0,2,1
Spain,Male,35.0,0.0,2,0
Spain,Female,30.0,0.0,2,0
Spain,Male,32.0,104817.54,1,0
Spain,Male,34.0,0.0,2,0
Spain,Female,39.0,0.0,2,0
Spain,Male,80.0,0.0,1,0
Spain,Male,25.0,0.0,2,0
Spain,Female,40.0,146502.07,2,0
Spain,Male,40.0,0.0,2,0
Spain,Female,30.0,0.0,2,0
Spain,Female,28.0,0.0,1,1
Spain,Female,57.0,0.0,2,0
Spain,Male,21.0,61671.19,1,0
Spain,Female,39.0,0.0,2,0
Spain,Female,41.0,152084.66,1,0
Spain,Male,36.0,0.0,1,1
Spain,Male,42.0,0.0,2,0
Spain,Male,27.0,102729.22,1,0
Spain,Male,31.0,0.0,2,0
Spain,Male,49.0,104817.45,3,1
Spain,Male,45.0,0.0,2,0
Spain,Male,31.0,0.0,2,0
Spain,Female,37.0,0.0,2,0
Spain,Female,42.0,91958.21,1,0
Spain,Female,49.0,0.0,3,1
Spain,Female,26.0,76554.06,1,0
Spain,Male,35.0,111283.53,1,0
Spain,Male,39.0,95920.81,1,0
Spain,Male,40.0,118879.35,1,0
Spain,Female,42.0,0.0,1,1
Spain,Male,33.0,0.0,2,0
Spain,Male,33.0,135423.11,1,1
Spain,Female,33.0,0.0,2,0
Spain,Female,27.0,121580.42,1,0
Spain,Male,29.0,0.0,2,0
Spain,Female,28.0,0.0,2,0
Spain,Male,34.0,0.0,2,0
Spain,Female,38.0,62276.99,1,0
Spain,Male,36.0,138522.02,1,0
Spain,Male,51.0,0.0,2,0
Spain,Female,26.0,116576.45,1,0
Spain,Female,31.0,0.0,2,0
Spain,Male,63.0,0.0,1,0
Spain,Female,38.0,123711.25,1,0
Spain,Male,37.0,0.0,2,0
Spain,Male,37.0,118907.6,1,0
Spain,Male,39.0,0.0,2,0
Spain,Female,41.0,157576.07,1,1
Spain,Female,33.0,0.0,2,0
Spain,Female,47.0,123578.24,1,0
Spain,Female,41.0,106521.49,1,1
Spain,Male,32.0,0.0,1,0
Spain,Male,60.0,0.0,2,0
Spain,Male,35.0,0.0,2,0
Spain,Female,46.0,0.0,1,1
Spain,Female,64.0,0.0,1,0
Spain,Male,47.0,131765.67,1,1
Spain,Male,41.0,0.0,2,0
Spain,Male,27.0,0.0,2,1
Spain,Male,33.0,0.0,2,0
Spain,Male,51.0,0.0,1,1
Spain,Male,35.0,124577.33,1,0
Spain,Female,50.0,0.0,1,0
Spain,Male,43.0,92474.05,1,1
Spain,Female,43.0,92350.47,1,1
Spain,Female,39.0,0.0,2,0
Spain,Female,49.0,0.0,1,1
Spain,Female,45.0,0.0,1,1
Spain,Female,44.0,0.0,3,1
Spain,Male,38.0,0.0,2,0
Spain,Female,42.0,143680.47,1,0
Spain,Male,34.0,110741.56,1,0
Spain,Female,37.0,134168.5,2,1
Spain,Male,35.0,0.0,2,0
Spain,Male,35.0,0.0,1,1
Spain,Female,56.0,0.0,1,0
Spain,Male,43.0,137780.74,1,1
Spain,Female,40.0,0.0,1,1
Spain,Male,37.0,0.0,2,0
Spain,Female,31.0,0.0,2,0
Spain,Female,46.0,140137.15,1,0
Spain,Male,35.0,116969.35,1,0
Spain,Male,41.0,0.0,2,0
Spain,Male,26.0,131643.25,1,1
Spain,Male,33.0,0.0,2,0
Spain,Female,34.0,0.0,1,0
Spain,Male,26.0,0.0,2,0
Spain,Male,43.0,0.0,2,0
Spain,Male,41.0,0.0,1,0
Spain,Male,30.0,133737.76,2,0
Spain,Male,52.0,0.0,2,0
Spain,Female,42.0,0.0,3,1
Spain,Male,36.0,0.0,2,0
Spain,Female,39.0,0.0,1,1
Spain,Female,41.0,162702.65,1,0
Spain,Male,44.0,0.0,2,0
Spain,Male,32.0,0.0,2,0
Spain,Female,43.0,137796.06,2,0
Spain,Male,27.0,0.0,2,0
Spain,Female,53.0,88815.56,1,1
Spain,Male,32.0,0.0,2,0
Spain,Male,27.0,0.0,2,0
Spain,Female,50.0,0.0,3,1
Spain,Female,42.0,133889.06,1,0
Spain,Male,46.0,0.0,2,0
Spain,Male,30.0,0.0,2,0
Spain,Female,58.0,0.0,1,1
Spain,Female,60.0,0.0,2,1
Spain,Male,29.0,122449.31,2,0
Spain,Male,44.0,88915.37,1,0
Spain,Male,28.0,133214.13,1,0
Spain,Male,37.0,107592.89,2,1
Spain,Female,46.0,133656.01,1,1
Spain,Female,25.0,141786.77,1,0
Spain,Male,50.0,0.0,2,0
Spain,Male,40.0,0.0,1,0
Spain,Male,50.0,0.0,1,1
Spain,Male,67.0,0.0,1,0
Spain,Male,43.0,122728.48,2,1
Spain,Male,35.0,0.0,2,0
Spain,Male,43.0,129891.64,1,1
Spain,Male,35.0,0.0,2,0
Spain,Male,38.0,0.0,2,0
Spain,Male,31.0,170184.99,1,0
Spain,Female,27.0,0.0,2,0
Spain,Female,30.0,0.0,2,0
Spain,Female,46.0,0.0,2,0
Spain,Male,43.0,0.0,2,0
Spain,Female,31.0,126428.54,1,0
Spain,Male,64.0,91216.0,1,0
Spain,Female,27.0,0.0,2,0
Spain,Female,35.0,111525.6,1,0
Spain,Male,33.0,0.0,2,1
Spain,Female,49.0,0.0,1,0
Spain,Female,29.0,0.0,2,0
Spain,Male,49.0,126053.82,1,0
Spain,Male,33.0,0.0,2,0
Spain,Male,50.0,0.0,2,0
Spain,Male,44.0,125909.85,1,0
Spain,Female,36.0,124547.13,1,0
Spain,Male,40.0,0.0,2,0
Spain,Male,30.0,0.0,2,0
Spain,Female,39.0,0.0,2,1
Spain,Female,33.0,0.0,2,0
Spain,Female,31.0,0.0,2,0
Spain,Male,35.0,145081.72,1,0
Spain,Male,35.0,104469.58,1,0
Spain,Male,39.0,81877.38,1,0
Spain,Male,31.0,118829.03,1,0
Spain,Female,35.0,0.0,2,0
Spain,Male,37.0,106518.52,1,0
Spain,Male,48.0,0.0,1,1
Spain,Male,36.0,90218.9,1,0
Spain,Male,41.0,143330.56,1,0
Spain,Male,39.0,0.0,2,0
Spain,Male,29.0,0.0,2,0
Spain,Male,38.0,0.0,2,0
Spain,Male,30.0,0.0,2,0
Spain,Male,50.0,145750.45,2,1
Spain,Male,28.0,129819.32,1,0
Spain,Male,31.0,0.0,2,0
Spain,Male,31.0,0.0,2,0
Spain,Male,40.0,0.0,2,0
Spain,Male,32.0,78939.15,1,0
Spain,Female,33.0,118114.28,2,1
Spain,Male,25.0,0.0,1,1
Spain,Male,39.0,0.0,1,0
Spain,Female,27.0,126645.13,1,0
Spain,Male,57.0,155619.27,1,1
Spain,Female,53.0,187602.18,1,0
Spain,Female,30.0,0.0,2,0
Spain,Female,29.0,91622.69,1,0
Spain,Male,33.0,0.0,2,0
Spain,Female,34.0,147493.9,1,1
Spain,Male,35.0,142862.21,1,0
Spain,Female,38.0,127299.67,1,1
Spain,Male,50.0,0.0,1,0
Spain,Female,41.0,116563.58,2,0
Spain,Male,21.0,92472.1,1,0
Spain,Male,32.0,0.0,2,0
Spain,Male,26.0,0.0,1,0
Spain,Male,40.0,105683.63,1,0
Spain,Female,38.0,0.0,1,0
Spain,Male,29.0,0.0,2,0
Spain,Male,35.0,0.0,2,0
Spain,Male,70.0,0.0,2,0
Spain,Male,39.0,0.0,2,0
Spain,Male,34.0,0.0,2,0
Spain,Male,38.0,125730.92,1,0
Spain,Female,31.0,0.0,2,0
Spain,Male,48.0,0.0,2,1
Spain,Female,46.0,130854.85,1,0
Spain,Female,30.0,0.0,2,0
Spain,Male,39.0,106288.74,2,0
Spain,Male,21.0,0.0,2,0
Spain,Female,62.0,0.0,2,0
Spain,Female,26.0,81210.72,2,0
Spain,Male,49.0,0.0,1,1
Spain,Male,32.0,0.0,2,0
Spain,Male,26.0,0.0,2,0
Spain,Female,24.0,83693.34,1,0
Spain,Male,81.0,0.0,2,0
Spain,Female,45.0,0.0,2,0
Spain,Female,27.0,91562.99,1,0
Spain,Female,44.0,0.0,2,0
Spain,Female,50.0,158633.61,1,0
Spain,Male,36.0,128743.69,1,0
Spain,Female,32.0,0.0,2,0
Spain,Male,33.0,148843.56,1,0
Spain,Male,44.0,0.0,2,0
Spain,Male,32.0,0.0,2,1
Spain,Female,37.0,97545.68,1,0
Spain,Female,22.0,0.0,2,0
Spain,Female,64.0,0.0,2,0
Spain,Male,31.0,0.0,1,0
Spain,Male,36.0,0.0,2,0
Spain,Male,35.0,0.0,2,0
Spain,Female,37.0,0.0,1,1
Spain,Male,33.0,0.0,2,0
Spain,Male,31.0,0.0,2,0
Spain,Female,62.0,0.0,2,0
Spain,Male,43.0,97403.18,2,0
Spain,Male,31.0,0.0,2,0
Spain,Female,23.0,0.0,2,0
Spain,Male,34.0,0.0,2,0
Spain,Female,36.0,0.0,2,0
Spain,Female,26.0,0.0,2,0
Spain,Male,40.0,0.0,2,0
Spain,Male,39.0,119912.46,1,0
Spain,Male,28.0,131355.8,1,0
Spain,Male,37.0,146491.58,1,0
Spain,Male,31.0,0.0,2,0
Spain,Female,33.0,0.0,2,0
Spain,Male,30.0,128065.12,1,0
Spain,Female,64.0,0.0,2,0
Spain,Male,48.0,0.0,2,0
Spain,Female,51.0,92246.14,2,0
Spain,Male,23.0,0.0,2,0
Spain,Male,61.0,0.0,2,0
Spain,Male,35.0,0.0,2,0
Spain,Female,30.0,0.0,2,0
Spain,Female,43.0,0.0,2,1
Spain,Female,43.0,0.0,2,0
Spain,Female,44.0,0.0,2,0
Spain,Female,41.0,82321.88,1,0
Spain,Female,40.0,0.0,1,1
Spain,Male,38.0,0.0,2,0
Spain,Female,38.0,95858.37,1,0
Spain,Male,34.0,152693.18,1,0
Spain,Female,33.0,0.0,1,0
Spain,Female,28.0,0.0,1,0
Spain,Female,43.0,0.0,2,1
Spain,Female,39.0,0.0,1,1
Spain,Male,41.0,115251.64,1,0
Spain,Male,33.0,0.0,1,1
Spain,Female,44.0,0.0,2,0
Spain,Male,38.0,0.0,2,0
Spain,Female,42.0,81827.64,2,0
Spain,Male,54.0,120911.75,1,0
Spain,Male,40.0,0.0,1,0
Spain,Male,33.0,0.0,2,0
Spain,Male,28.0,0.0,1,0
Spain,Female,36.0,0.0,2,0
Spain,Female,36.0,0.0,2,0
Spain,Male,35.0,0.0,2,0
Spain,Female,30.0,142703.65,1,0
Spain,Female,49.0,0.0,2,0
Spain,Male,46.0,0.0,2,0
Spain,Female,38.0,97266.1,1,0
Spain,Female,41.0,0.0,1,0
Spain,Female,37.0,0.0,2,0
Spain,Male,34.0,121151.05,1,0
Spain,Female,52.0,0.0,2,1
Spain,Male,32.0,0.0,2,0
Spain,Male,35.0,0.0,2,0
Spain,Male,27.0,124620.01,1,0
Spain,Male,41.0,153198.23,1,0
Spain,Female,40.0,0.0,1,0
Spain,Female,36.0,0.0,1,1
Spain,Female,34.0,72788.03,1,0
Spain,Female,33.0,0.0,2,0
Spain,Male,31.0,0.0,2,0
Spain,Female,43.0,0.0,1,1
Spain,Male,43.0,0.0,1,1
Spain,Male,32.0,166833.86,2,0
Spain,Male,29.0,0.0,2,0
Spain,Female,27.0,0.0,1,0
Spain,Female,37.0,0.0,2,0
Spain,Female,33.0,131355.56,3,1
Spain,Female,31.0,0.0,2,0
Spain,Female,47.0,0.0,3,1
Spain,Male,40.0,101090.27,2,0
Spain,Male,40.0,0.0,2,0
Spain,Male,36.0,0.0,1,0
Spain,Female,38.0,0.0,1,0
Spain,Male,27.0,88827.17,1,0
Spain,Male,41.0,0.0,1,1
Spain,Female,41.0,0.0,1,0
Spain,Male,40.0,0.0,1,0
Spain,Female,38.0,96939.06,1,0
Spain,Male,32.0,0.0,2,0
Spain,Male,39.0,0.0,2,0
Spain,Male,35.0,127510.99,1,0
Spain,Female,25.0,0.0,2,0
Spain,Female,32.0,112088.06,1,0
Spain,Male,46.0,0.0,1,1
Spain,Male,24.0,0.0,2,0
Spain,Male,43.0,0.0,2,0
Spain,Female,25.0,0.0,2,0
Spain,Male,35.0,133463.1,2,0
Spain,Female,42.0,160982.07,1,1
Spain,Male,37.0,152212.88,1,0
Spain,Female,32.0,0.0,2,0
Spain,Male,37.0,0.0,2,0
Spain,Female,40.0,0.0,1,1
Spain,Female,35.0,0.0,2,0
Spain,Female,59.0,135979.65,1,1
Spain,Female,41.0,113843.27,2,0
Spain,Female,31.0,0.0,4,0
Spain,Male,27.0,0.0,2,0
Spain,Male,56.0,78707.16,1,0
Spain,Male,23.0,0.0,1,0
Spain,Male,35.0,0.0,2,0
Spain,Male,32.0,106345.58,2,0
Spain,Female,28.0,0.0,2,0
Spain,Male,37.0,0.0,2,0
Spain,Male,37.0,81733.74,1,0
Spain,Female,28.0,0.0,2,0
Spain,Female,37.0,114084.6,1,0
Spain,Male,40.0,114318.37,2,0
Spain,Male,35.0,91070.34,1,0
Spain,Female,26.0,0.0,1,0
Spain,Female,31.0,112373.49,2,0
Spain,Female,45.0,0.0,2,0
Spain,Female,40.0,0.0,1,1
Spain,Male,30.0,0.0,2,0
Spain,Male,31.0,0.0,2,0
Spain,Male,33.0,80764.88,1,0
Spain,Female,29.0,113811.75,1,0
Spain,Male,29.0,0.0,1,0
Spain,Female,32.0,0.0,2,0
Spain,Male,38.0,0.0,1,1
Spain,Male,28.0,128396.33,2,0
Spain,Female,32.0,0.0,1,1
Spain,Female,45.0,119035.35,1,1
Spain,Female,33.0,0.0,2,0
Spain,Male,30.0,0.0,1,0
Spain,Female,48.0,0.0,2,0
Spain,Female,23.0,0.0,2,0
Spain,Female,46.0,0.0,2,0
Spain,Female,75.0,0.0,2,0
Spain,Male,49.0,0.0,2,0
Spain,Female,38.0,0.0,2,0
Spain,Female,39.0,0.0,1,0
Spain,Male,37.0,0.0,2,0
Spain,Female,32.0,0.0,2,0
Spain,Male,44.0,131778.74,2,0
Spain,Male,31.0,0.0,1,1
Spain,Female,31.0,0.0,2,0
Spain,Male,35.0,115076.06,1,0
Spain,Female,33.0,145166.09,2,0
Spain,Male,32.0,0.0,2,0
Spain,Female,35.0,138106.75,1,0
Spain,Female,43.0,0.0,1,1
Spain,Female,31.0,0.0,1,0
Spain,Male,56.0,0.0,2,1
Spain,Female,55.0,131778.66,1,0
Spain,Male,37.0,0.0,2,0
Spain,Male,25.0,0.0,2,0
Spain,Male,52.0,0.0,1,1
Spain,Female,42.0,88335.61,2,0
Spain,Male,35.0,0.0,2,0
Spain,Female,37.0,0.0,1,0
Spain,Male,50.0,0.0,1,1
Spain,Male,42.0,0.0,2,0
Spain,Female,51.0,0.0,1,0
Spain,Female,40.0,0.0,2,0
Spain,Male,47.0,0.0,2,0
Spain,Male,34.0,0.0,2,0
Spain,Male,29.0,0.0,1,0
Spain,Female,35.0,0.0,1,0
Spain,Female,43.0,0.0,2,0
Spain,Female,26.0,151772.92,1,0
Spain,Male,31.0,0.0,2,0
Spain,Female,38.0,0.0,2,0
Spain,Male,41.0,0.0,1,0
Spain,Male,33.0,0.0,1,0
Spain,Female,42.0,0.0,2,0
Spain,Female,38.0,0.0,2,0
Spain,Female,34.0,124197.22,1,0
Spain,Male,38.0,0.0,1,0
Spain,Female,40.0,122924.75,2,0
Spain,Male,28.0,0.0,2,0
Spain,Female,29.0,0.0,2,0
Spain,Female,30.0,0.0,2,0
Spain,Female,32.0,121558.46,1,0
Spain,Female,43.0,0.0,1,1
Spain,Male,40.0,150842.85,1,0
Spain,Male,41.0,0.0,3,1
Spain,Female,33.0,0.0,2,0
Spain,Female,28.0,99462.8,1,0
Spain,Female,35.0,122449.31,1,1
Spain,Male,50.0,0.0,2,1
Spain,Female,33.0,88915.85,1,0
Spain,Female,46.0,106057.82,2,0
Spain,Female,34.0,0.0,1,0
Spain,Male,41.0,110483.76,1,0
Spain,Male,34.0,152532.3,1,0
Spain,Female,32.0,0.0,2,0
Spain,Male,40.0,0.0,1,0
Spain,Male,38.0,0.0,2,0
Spain,Male,36.0,0.0,2,0
Spain,Male,33.0,126041.02,1,0
Spain,Female,42.0,0.0,1,1
Spain,Female,39.0,0.0,2,0
Spain,Male,40.0,0.0,2,0
Spain,Female,55.0,0.0,1,1
Spain,Female,36.0,98675.74,1,0
Spain,Male,35.0,0.0,2,0
Spain,Male,22.0,0.0,2,0
Spain,Male,30.0,0.0,2,0
Spain,Female,38.0,142400.91,2,0
Spain,Male,33.0,0.0,2,0
Spain,Male,33.0,170172.9,2,0
Spain,Male,32.0,80915.74,1,0
Spain,Female,39.0,0.0,1,0
Spain,Female,33.0,0.0,2,0
Spain,Male,30.0,90920.92,1,0
Spain,Female,24.0,0.0,2,0
Spain,Male,35.0,0.0,2,0
Spain,Male,31.0,0.0,2,0
Spain,Male,28.0,0.0,2,0
Spain,Female,34.0,0.0,2,0
Spain,Female,41.0,0.0,2,1
Spain,Female,37.0,0.0,1,0
Spain,Male,40.0,0.0,2,0
Spain,Female,43.0,116360.07,1,1
Spain,Male,55.0,0.0,1,1
Spain,Female,36.0,0.0,2,0
Spain,Male,44.0,0.0,2,0
Spain,Male,35.0,0.0,2,0
Spain,Male,33.0,0.0,1,0
Spain,Male,36.0,0.0,2,0
Spain,Female,56.0,128472.8,1,0
Spain,Female,41.0,0.0,2,0
Spain,Male,38.0,0.0,2,0
Spain,Male,33.0,0.0,2,0
Spain,Male,50.0,81210.72,1,1
Spain,Female,66.0,135842.41,1,0
Spain,Male,45.0,0.0,2,0
Spain,Male,23.0,0.0,2,0
Spain,Male,45.0,129934.63,1,0
Spain,Female,26.0,0.0,1,0
Spain,Male,20.0,0.0,1,0
Spain,Male,36.0,0.0,2,0
Spain,Female,56.0,0.0,2,0
Spain,Male,35.0,0.0,1,1
Spain,Female,42.0,0.0,2,1
Spain,Female,46.0,0.0,1,0
Spain,Female,25.0,0.0,1,0
Spain,Female,41.0,0.0,2,0
Spain,Female,38.0,0.0,1,1
Spain,Female,28.0,0.0,1,0
Spain,Male,35.0,139914.97,1,0
Spain,Female,37.0,0.0,2,0
Spain,Female,40.0,93320.8,1,1
Spain,Male,40.0,0.0,2,0
Spain,Male,18.0,0.0,2,0
Spain,Male,35.0,146053.43,1,0
Spain,Male,35.0,96462.74,1,0
Spain,Male,40.0,0.0,1,0
Spain,Female,22.0,0.0,2,0
Spain,Female,39.0,0.0,1,1
Spain,Male,33.0,120108.56,1,0
Spain,Male,25.0,0.0,2,0
Spain,Female,33.0,0.0,1,0
Spain,Female,29.0,114435.94,1,1
Spain,Male,38.0,79460.96,1,0
Spain,Female,38.0,98905.46,1,0
Spain,Female,35.0,115576.44,1,0
Spain,Female,29.0,0.0,1,0
Spain,Female,30.0,0.0,2,0
Spain,Male,56.0,0.0,1,1
Spain,Female,39.0,0.0,1,0
Spain,Male,45.0,0.0,1,1
Spain,Female,51.0,57568.94,1,1
Spain,Female,37.0,0.0,2,0
Spain,Female,46.0,92887.06,1,1
Spain,Female,40.0,101090.27,1,0
Spain,Male,47.0,0.0,1,1
Spain,Female,42.0,0.0,2,1
Spain,Female,38.0,0.0,1,0
Spain,Male,34.0,0.0,2,0
Spain,Male,42.0,0.0,2,0
Spain,Male,42.0,0.0,1,0
Spain,Female,26.0,0.0,2,0
Spain,Female,32.0,142856.96,1,0
Spain,Male,44.0,0.0,2,0
Spain,Male,47.0,0.0,1,1
Spain,Male,41.0,91955.61,1,0
Spain,Female,22.0,0.0,1,0
Spain,Male,34.0,155739.66,1,0
Spain,Male,36.0,0.0,2,0
Spain,Female,34.0,0.0,2,0
Spain,Male,33.0,0.0,2,0
Spain,Female,32.0,0.0,2,0
Spain,Male,39.0,0.0,2,0
Spain,Female,24.0,123557.1,1,0
Spain,Female,36.0,0.0,2,0
Spain,Male,38.0,0.0,2,0
Spain,Male,54.0,0.0,2,0
Spain,Male,34.0,0.0,2,0
Spain,Female,48.0,0.0,1,1
Spain,Female,52.0,0.0,1,1
Spain,Male,35.0,114514.74,1,0
Spain,Male,26.0,111735.96,2,0
Spain,Female,26.0,0.0,2,0
Spain,Female,30.0,0.0,2,0
Spain,Male,36.0,0.0,2,0
Spain,Male,43.0,0.0,1,1
Spain,Male,39.0,0.0,2,0
Spain,Male,67.0,0.0,2,0
Spain,Male,36.0,122889.88,1,0
Spain,Male,28.0,159035.45,1,1
Spain,Male,42.0,0.0,1,0
Spain,Male,29.0,0.0,2,0
Spain,Female,52.0,0.0,1,1
Spain,Male,35.0,0.0,2,0
Spain,Female,40.0,0.0,1,1
Spain,Male,32.0,107714.79,1,0
Spain,Male,37.0,153058.64,1,0
Spain,Male,22.0,118680.57,2,0
Spain,Male,40.0,121458.18,1,0
Spain,Female,41.0,0.0,2,0
Spain,Male,36.0,0.0,2,0
Spain,Female,32.0,121151.1,1,0
Spain,Male,50.0,147737.64,2,0
Spain,Male,37.0,0.0,2,0
Spain,Female,27.0,0.0,2,0
Spain,Female,55.0,0.0,1,1
Spain,Female,40.0,0.0,2,0
Spain,Male,28.0,0.0,1,0
Spain,Male,38.0,0.0,2,0
Spain,Female,39.0,0.0,2,0
Spain,Female,38.0,164701.68,1,0
Spain,Male,33.0,0.0,1,0
Spain,Male,30.0,0.0,2,0
Spain,Male,41.0,118546.71,1,0
Spain,Male,24.0,0.0,2,0
Spain,Male,22.0,109848.6,1,0
Spain,Male,32.0,0.0,2,0
Spain,Female,40.0,0.0,2,0
Spain,Female,29.0,0.0,2,1
Spain,Male,39.0,0.0,2,0
Spain,Female,51.0,0.0,1,1
Spain,Female,34.0,0.0,2,0
Spain,Male,34.0,0.0,1,0
Spain,Female,40.0,139432.37,1,0
Spain,Male,29.0,0.0,1,0
Spain,Female,43.0,0.0,2,0
Spain,Male,55.0,99685.06,1,0
Spain,Male,41.0,87098.91,2,0
Spain,Male,36.0,0.0,1,0
Spain,Female,30.0,0.0,2,0
Spain,Female,37.0,0.0,2,0
Spain,Female,36.0,0.0,1,0
Spain,Male,27.0,0.0,2,0
Spain,Male,38.0,0.0,2,0
Spain,Male,40.0,130806.99,1,0
Spain,Male,30.0,0.0,2,0
Spain,Male,29.0,104449.8,1,0
Spain,Male,43.0,0.0,2,0
Spain,Male,41.0,0.0,2,0
Spain,Female,23.0,0.0,2,0
Spain,Male,59.0,0.0,1,1
Spain,Female,25.0,123711.73,1,0
Spain,Female,44.0,0.0,2,1
Spain,Female,32.0,0.0,2,0
Spain,Female,30.0,0.0,1,0
Spain,Female,34.0,0.0,2,0
Spain,Male,37.0,0.0,2,0
Spain,Female,36.0,0.0,2,0
Spain,Male,51.0,0.0,2,0
Spain,Female,39.0,0.0,2,0
Spain,Male,45.0,0.0,2,0
Spain,Female,34.0,0.0,2,0
Spain,Male,29.0,95010.92,1,0
Spain,Male,62.0,0.0,2,0
Spain,Male,39.0,138160.0,1,0
Spain,Male,30.0,0.0,2,0
Spain,Male,33.0,0.0,2,0
Spain,Female,33.0,80790.74,1,0
Spain,Male,38.0,0.0,2,0
Spain,Female,73.0,137732.23,1,1
Spain,Male,66.0,0.0,2,0
Spain,Male,33.0,0.0,2,0
Spain,Female,36.0,160599.06,1,0
Spain,Male,41.0,0.0,2,0
Spain,Male,37.0,0.0,1,0
Spain,Male,35.0,0.0,2,0
Spain,Male,27.0,178032.53,2,0
Spain,Female,32.0,0.0,2,0
Spain,Female,45.0,81818.49,1,1
Spain,Male,56.0,0.0,2,0
Spain,Male,45.0,0.0,2,1
Spain,Male,38.0,0.0,2,0
Spain,Male,25.0,0.0,2,0
Spain,Female,25.0,0.0,2,0
Spain,Male,43.0,0.0,1,0
Spain,Female,57.0,103688.19,1,0
Spain,Male,41.0,0.0,2,0
Spain,Male,29.0,0.0,2,0
Spain,Male,35.0,0.0,2,0
Spain,Female,42.0,0.0,2,0
Spain,Female,46.0,0.0,1,1
Spain,Female,48.0,0.0,1,1
Spain,Female,23.0,0.0,2,0
Spain,Male,41.0,0.0,2,0
Spain,Female,33.0,0.0,2,0
Spain,Male,22.0,0.0,1,1
Spain,Male,52.0,145537.56,1,0
Spain,Male,29.0,151325.57,2,0
Spain,Male,33.0,150092.8,1,1
Spain,Female,35.0,130334.35,2,0
Spain,Female,40.0,0.0,2,0
Spain,Male,39.0,152685.4,1,1
Spain,Female,37.0,0.0,2,0
Spain,Male,36.0,0.0,1,0
Spain,Male,39.0,0.0,2,0
Spain,Female,38.0,0.0,2,0
Spain,Male,31.0,114739.92,1,0
Spain,Female,55.0,0.0,2,0
Spain,Male,32.0,0.0,2,0
Spain,Female,54.0,0.0,3,1
Spain,Male,35.0,127283.78,2,0
Spain,Male,37.0,0.0,1,1
Spain,Female,34.0,0.0,2,0
Spain,Female,34.0,0.0,1,1
Spain,Male,46.0,73070.18,1,0
Spain,Female,41.0,137559.94,1,0
Spain,Male,31.0,0.0,2,0
Spain,Male,40.0,0.0,2,0
Spain,Female,62.0,147936.42,1,1
Spain,Male,22.0,149083.7,1,0
Spain,Female,29.0,109876.82,2,0
Spain,Female,39.0,0.0,2,0
Spain,Male,38.0,0.0,2,0
Spain,Female,35.0,0.0,2,0
Spain,Female,33.0,102918.38,1,0
Spain,Male,36.0,0.0,2,0
Spain,Female,35.0,0.0,1,1
Spain,Male,23.0,0.0,2,0
Spain,Male,31.0,97268.4,1,0
Spain,Female,35.0,0.0,2,0
Spain,Male,33.0,0.0,2,0
Spain,Male,41.0,0.0,1,1
Spain,Male,32.0,0.0,3,1
Spain,Male,37.0,0.0,2,0
Spain,Female,28.0,136082.0,1,0
Spain,Male,31.0,0.0,2,0
Spain,Female,39.0,0.0,2,0
Spain,Female,34.0,104577.88,1,0
Spain,Female,33.0,80728.15,1,0
Spain,Female,27.0,95984.21,1,0
Spain,Female,32.0,0.0,1,0
Spain,Female,33.0,0.0,2,0
Spain,Female,40.0,0.0,2,0
Spain,Female,52.0,121461.88,1,1
Spain,Male,22.0,0.0,2,0
Spain,Female,56.0,0.0,1,1
Spain,Female,38.0,0.0,2,0
Spain,Female,50.0,0.0,1,1
Spain,Male,32.0,0.0,2,0
Spain,Male,29.0,0.0,2,0
Spain,Female,38.0,130931.83,2,0
Spain,Female,40.0,146502.07,2,0
Spain,Male,44.0,0.0,2,0
Spain,Male,33.0,0.0,2,0
Spain,Female,33.0,0.0,2,1
Spain,Female,54.0,118241.02,1,0
Spain,Male,41.0,0.0,2,0
Spain,Male,42.0,80926.02,1,0
Spain,Female,32.0,0.0,2,0
Spain,Female,36.0,0.0,2,0
Spain,Male,42.0,0.0,2,0
Spain,Male,29.0,0.0,2,0
Spain,Male,35.0,0.0,2,0
Spain,Male,50.0,0.0,1,1
Spain,Female,32.0,0.0,2,0
Spain,Male,36.0,0.0,2,0
Spain,Male,41.0,0.0,2,0
Spain,Male,25.0,109805.17,1,0
Spain,Female,63.0,0.0,2,0
Spain,Female,35.0,0.0,2,0
Spain,Male,45.0,0.0,2,0
Spain,Male,31.0,0.0,2,0
Spain,Female,46.0,0.0,2,0
Spain,Male,43.0,141549.67,2,0
Spain,Female,30.0,0.0,1,0
Spain,Male,33.0,0.0,2,0
Spain,Male,35.0,0.0,2,0
Spain,Male,42.0,0.0,2,0
Spain,Female,26.0,0.0,2,0
Spain,Male,47.0,109876.82,2,0
Spain,Male,33.0,0.0,2,0
Spain,Female,20.0,0.0,1,0
Spain,Female,32.0,53667.44,1,1
Spain,Male,60.0,0.0,1,1
Spain,Male,30.0,0.0,2,0
Spain,Female,29.0,0.0,2,0
Spain,Male,35.0,0.0,3,1
Spain,Male,34.0,113157.22,1,0
Spain,Female,34.0,0.0,1,0
Spain,Male,24.0,0.0,1,0
Spain,Male,32.0,116822.74,1,1
Spain,Female,53.0,157094.78,2,1
Spain,Male,32.0,113873.22,1,0
Spain,Male,28.0,0.0,2,0
Spain,Female,44.0,0.0,1,1
Spain,Female,34.0,0.0,1,0
Spain,Male,27.0,103895.31,1,0
Spain,Male,47.0,130169.27,1,0
Spain,Male,31.0,0.0,2,0
Spain,Female,33.0,72835.56,1,0
Spain,Male,42.0,0.0,2,0
Spain,Male,32.0,0.0,2,0
Spain,Male,39.0,0.0,2,0
Spain,Male,36.0,0.0,2,0
Spain,Male,36.0,0.0,2,0
Spain,Female,38.0,129938.95,1,1
Spain,Female,40.0,88466.82,1,0
Spain,Female,36.0,0.0,1,1
Spain,Male,44.0,133050.93,1,0
Spain,Male,33.0,0.0,2,0
Spain,Female,49.0,0.0,1,0
Spain,Female,40.0,54726.07,1,0
Spain,Female,29.0,0.0,2,0
Spain,Male,41.0,0.0,2,0
Spain,Female,23.0,0.0,2,0
Spain,Female,30.0,82228.67,1,0
Spain,Female,48.0,0.0,1,0
Spain,Female,47.0,0.0,2,0
Spain,Female,39.0,0.0,1,0
Spain,Male,37.0,0.0,2,0
Spain,Female,41.0,0.0,2,0
Spain,Male,32.0,0.0,2,0
Spain,Male,52.0,0.0,1,1
Spain,Female,48.0,0.0,1,0
Spain,Male,40.0,0.0,1,0
Spain,Male,38.0,121152.05,1,0
Spain,Male,31.0,0.0,1,0
Spain,Male,37.0,0.0,2,0
Spain,Male,31.0,118899.45,2,0
Spain,Male,60.0,0.0,2,0
Spain,Male,46.0,127209.0,1,1
Spain,Female,26.0,0.0,2,0
Spain,Male,35.0,0.0,2,0
Spain,Male,58.0,0.0,1,0
Spain,Female,42.0,118356.61,1,0
Spain,Female,58.0,0.0,1,1
Spain,Female,33.0,109196.13,1,0
Spain,Male,44.0,0.0,1,1
Spain,Male,39.0,154962.66,1,0
Spain,Female,25.0,0.0,2,0
Spain,Male,27.0,127117.8,1,0
Spain,Male,31.0,0.0,2,0
Spain,Male,33.0,0.0,2,0
Spain,Male,40.0,0.0,2,0
Spain,Male,35.0,0.0,2,0
Spain,Female,31.0,135842.41,1,0
Spain,Female,61.0,0.0,2,0
Spain,Female,37.0,0.0,1,0
Spain,Male,34.0,0.0,2,0
Spain,Male,52.0,0.0,1,1
Spain,Male,37.0,0.0,2,0
Spain,Male,39.0,131429.59,1,0
Spain,Male,38.0,0.0,1,0
Spain,Male,31.0,121172.97,1,0
Spain,Female,23.0,0.0,2,0
Spain,Female,28.0,128843.67,2,0
Spain,Male,45.0,0.0,1,1
Spain,Female,33.0,0.0,2,0
Spain,Male,54.0,160980.74,1,1
Spain,Female,34.0,124543.98,1,0
Spain,Female,28.0,0.0,2,0
Spain,Male,26.0,0.0,2,0
Spain,Male,40.0,129801.54,1,0
Spain,Female,23.0,0.0,1,0
Spain,Female,57.0,0.0,2,0
Spain,Male,32.0,0.0,2,0
Spain,Male,25.0,117685.83,1,0
Spain,Male,41.0,0.0,2,0
Spain,Female,46.0,0.0,1,1
Spain,Male,36.0,0.0,2,0
Spain,Female,45.0,0.0,1,1
Spain,Male,26.0,76226.9,1,0
Spain,Male,47.0,0.0,1,0
Spain,Male,35.0,0.0,2,0
Spain,Female,43.0,148851.19,1,0
Spain,Male,51.0,123976.16,1,1
Spain,Female,33.0,0.0,1,0
Spain,Female,42.0,0.0,2,0
Spain,Male,21.0,0.0,2,0
Spain,Male,40.0,109960.06,1,0
Spain,Female,47.0,0.0,2,0
Spain,Male,35.0,0.0,2,0
Spain,Male,38.0,0.0,1,1
Spain,Male,27.0,0.0,2,0
Spain,Male,26.0,0.0,1,1
Spain,Male,38.0,0.0,2,0
Spain,Female,53.0,0.0,1,1
Spain,Male,55.0,0.0,2,0
Spain,Male,35.0,0.0,2,0
Spain,Female,40.0,119656.45,2,0
Spain,Male,42.0,0.0,2,0
Spain,Female,45.0,0.0,1,1
Spain,Female,35.0,122328.7,1,0
Spain,Female,52.0,107906.75,2,0
Spain,Male,35.0,177738.55,1,1
Spain,Male,35.0,125685.02,1,0
Spain,Male,48.0,0.0,2,0
Spain,Male,34.0,98382.72,1,0
Spain,Male,45.0,0.0,2,0
Spain,Male,44.0,112262.57,1,0
Spain,Male,34.0,151839.26,1,0
Spain,Female,36.0,139183.06,2,0
Spain,Female,49.0,0.0,2,0
Spain,Male,35.0,0.0,2,0
Spain,Female,37.0,0.0,2,0
Spain,Female,47.0,0.0,1,1
Spain,Female,30.0,0.0,2,0
Spain,Male,35.0,0.0,2,0
Spain,Male,33.0,0.0,2,0
Spain,Female,26.0,0.0,1,0
Spain,Female,28.0,0.0,2,0
Spain,Female,31.0,0.0,2,0
Spain,Female,35.0,105419.73,1,0
Spain,Male,35.0,0.0,2,0
Spain,Male,26.0,0.0,2,0
Spain,Female,42.0,115094.85,2,0
Spain,Female,43.0,58629.97,1,0
Spain,Male,41.0,0.0,2,0
Spain,Female,32.0,0.0,1,1
Spain,Female,27.0,0.0,2,0
Spain,Female,49.0,134940.01,1,0
Spain,Female,37.0,128396.64,1,1
Spain,Male,29.0,0.0,2,0
Spain,Male,38.0,0.0,1,0
Spain,Female,43.0,0.0,2,0
Spain,Male,20.0,0.0,2,0
Spain,Female,30.0,121537.71,1,0
Spain,Male,36.0,0.0,1,1
Spain,Female,32.0,0.0,2,0
Spain,Female,35.0,0.0,2,0
Spain,Male,40.0,132876.23,1,0
Spain,Female,34.0,0.0,2,0
Spain,Female,38.0,0.0,2,0
Spain,Male,67.0,129440.3,3,1
Spain,Male,32.0,0.0,2,0
Spain,Male,39.0,0.0,2,0
Spain,Male,46.0,0.0,1,1
Spain,Female,33.0,0.0,2,0
Spain,Male,37.0,100160.75,1,0
Spain,Male,38.0,0.0,1,0
Spain,Male,36.0,0.0,1,0
Spain,Male,35.0,0.0,2,0
Spain,Female,32.0,62400.48,1,0
Spain,Female,34.0,0.0,2,0
Spain,Male,34.0,0.0,1,0
Spain,Female,39.0,160777.9,1,0
Spain,Female,37.0,0.0,2,0
Spain,Male,33.0,127637.92,1,0
Spain,Male,33.0,133744.22,1,0
Spain,Male,31.0,145051.77,1,0
Spain,Male,39.0,0.0,1,0
Spain,Female,37.0,0.0,1,1
Spain,Male,40.0,0.0,2,0
Spain,Male,57.0,102290.74,1,1
Spain,Male,35.0,71481.79,2,0
Spain,Female,26.0,170833.46,1,0
Spain,Female,33.0,136659.74,1,1
Spain,Female,30.0,0.0,2,0
Spain,Female,36.0,0.0,2,0
Spain,Female,48.0,0.0,2,1
Spain,Female,37.0,0.0,2,0
Spain,Male,33.0,0.0,2,0
Spain,Female,25.0,0.0,2,0
Spain,Female,36.0,0.0,1,1
Spain,Male,47.0,0.0,2,0
Spain,Female,40.0,0.0,2,0
Spain,Male,45.0,0.0,1,0
Spain,Male,31.0,110071.1,1,0
Spain,Male,31.0,0.0,2,0
Spain,Female,67.0,0.0,2,0
Spain,Female,36.0,105173.99,2,0
Spain,Female,26.0,0.0,2,0
Spain,Female,41.0,0.0,2,0
Spain,Female,56.0,131078.42,2,1
Spain,Male,47.0,0.0,1,1
Spain,Female,28.0,0.0,2,1
Spain,Male,30.0,141441.75,1,0
Spain,Female,28.0,0.0,2,0
Spain,Female,45.0,0.0,2,0
Spain,Male,33.0,0.0,1,0
Spain,Male,35.0,99529.6,1,0
Spain,Male,35.0,0.0,1,0
Spain,Male,41.0,153137.74,1,0
Spain,Female,35.0,0.0,2,0
Spain,Male,50.0,163085.79,2,1
Spain,Male,56.0,0.0,1,1
Spain,Female,71.0,0.0,2,0
Spain,Female,47.0,103895.31,1,1
Spain,Male,37.0,133070.11,1,0
Spain,Female,34.0,0.0,2,0
Spain,Female,39.0,0.0,1,0
Spain,Male,25.0,0.0,2,0
Spain,Male,32.0,0.0,2,0
Spain,Male,30.0,0.0,2,0
Spain,Male,39.0,0.0,2,0
Spain,Female,46.0,153393.18,2,1
Spain,Male,37.0,138032.15,2,0
Spain,Male,34.0,121151.05,1,0
Spain,Female,37.0,0.0,3,1
Spain,Male,31.0,0.0,1,0
Spain,Female,27.0,0.0,2,0
Spain,Male,39.0,0.0,2,0
Spain,Female,35.0,135703.59,1,0
Spain,Male,35.0,109908.06,1,0
Spain,Male,28.0,161801.47,1,0
Spain,Male,33.0,102556.32,1,0
Spain,Female,42.0,0.0,2,0
Spain,Female,36.0,0.0,1,0
Spain,Female,34.0,0.0,1,1
Spain,Female,49.0,0.0,3,1
Spain,Female,33.0,0.0,2,0
Spain,Female,55.0,0.0,2,0
Spain,Male,29.0,0.0,2,0
Spain,Female,46.0,0.0,2,0
Spain,Female,46.0,0.0,1,1
Spain,Male,31.0,0.0,1,0
Spain,Female,39.0,0.0,2,0
Spain,Female,35.0,89799.46,1,0
Spain,Male,40.0,0.0,2,0
Spain,Male,33.0,77253.22,1,0
Spain,Female,34.0,144855.34,1,0
Spain,Female,29.0,0.0,1,1
Spain,Male,39.0,0.0,2,0
Spain,Male,38.0,99183.9,1,0
Spain,Female,36.0,101868.51,1,0
Spain,Female,46.0,0.0,1,1
Spain,Female,35.0,0.0,2,0
Spain,Female,39.0,0.0,2,0
Spain,Female,57.0,0.0,1,1
Spain,Female,39.0,0.0,2,0
Spain,Male,46.0,0.0,2,0
Spain,Female,28.0,0.0,2,0
Spain,Female,40.0,0.0,2,0
Spain,Female,35.0,145578.28,1,0
Spain,Female,56.0,96798.81,1,1
Spain,Male,44.0,200322.45,1,0
Spain,Male,36.0,139129.85,1,0
Spain,Male,32.0,0.0,2,0
Spain,Male,36.0,124540.28,1,0
Spain,Male,29.0,0.0,1,0
Spain,Male,45.0,0.0,2,0
Spain,Female,32.0,149995.72,1,0
Spain,Female,40.0,0.0,2,0
Spain,Male,36.0,142862.21,1,0
Spain,Male,30.0,109735.3,1,0
Spain,Male,40.0,0.0,2,0
Spain,Male,42.0,0.0,2,0
Spain,Male,38.0,0.0,1,0
Spain,Male,31.0,0.0,2,0
Spain,Male,49.0,115301.31,1,0
Spain,Male,33.0,0.0,1,0
Spain,Male,45.0,0.0,2,0
Spain,Male,26.0,0.0,2,0
Spain,Female,37.0,98141.94,1,0
Spain,Female,33.0,0.0,2,0
Spain,Male,38.0,135289.33,2,0
Spain,Female,39.0,121626.9,1,1
Spain,Female,29.0,0.0,2,0
Spain,Female,41.0,111669.68,1,1
Spain,Male,38.0,0.0,2,0
Spain,Male,39.0,0.0,1,0
Spain,Female,35.0,0.0,2,0
Spain,Female,34.0,117715.23,2,0
Spain,Male,38.0,0.0,2,0
Spain,Male,27.0,0.0,1,0
Spain,Male,33.0,0.0,2,0
Spain,Male,49.0,0.0,2,0
Spain,Male,53.0,0.0,1,1
Spain,Female,47.0,0.0,2,0
Spain,Female,35.0,0.0,2,0
Spain,Male,39.0,0.0,2,0
Spain,Female,38.0,0.0,1,0
Spain,Male,35.0,0.0,2,0
Spain,Male,31.0,121665.92,1,0
Spain,Female,42.0,0.0,2,0
Spain,Male,33.0,0.0,2,0
Spain,Male,46.0,0.0,1,1
Spain,Male,34.0,0.0,2,0
Spain,Female,40.0,0.0,2,0
Spain,Female,32.0,0.0,2,0
Spain,Female,28.0,0.0,2,0
Spain,Female,42.0,0.0,3,1
Spain,Male,40.0,0.0,2,0
Spain,Female,30.0,152663.77,1,0
Spain,Male,45.0,0.0,2,0
Spain,Male,37.0,145537.36,1,0
Spain,Female,35.0,104015.79,1,0
Spain,Female,30.0,101198.01,1,0
Spain,Female,39.0,0.0,2,0
Spain,Female,29.0,0.0,2,0
Spain,Male,35.0,0.0,2,0
Spain,Female,54.0,0.0,1,1
Spain,Female,31.0,0.0,2,0
Spain,Male,39.0,0.0,2,0
Spain,Female,39.0,0.0,3,1
Spain,Male,31.0,142880.28,1,0
Spain,Male,47.0,118079.47,2,1
Spain,Male,43.0,0.0,2,0
Spain,Female,38.0,0.0,2,0
Spain,Female,41.0,0.0,2,0
Spain,Male,33.0,0.0,2,0
Spain,Male,38.0,161803.07,1,0
Spain,Male,35.0,0.0,1,0
Spain,Male,36.0,148795.84,1,0
Spain,Male,26.0,0.0,2,0
Spain,Male,45.0,124547.13,1,0
Spain,Female,33.0,0.0,1,0
Spain,Male,34.0,115897.41,1,0
Spain,Male,44.0,0.0,2,0
Spain,Female,38.0,0.0,2,0
Spain,Female,40.0,54428.37,1,0
Spain,Male,38.0,0.0,2,0
Spain,Female,32.0,0.0,2,0
Spain,Male,35.0,115137.26,1,0
Spain,Male,40.0,0.0,2,0
Spain,Female,26.0,0.0,2,0
Spain,Male,33.0,48387.0,1,0
Spain,Male,39.0,0.0,2,0
Spain,Male,42.0,0.0,2,0
Spain,Male,31.0,0.0,2,0
Spain,Male,58.0,88141.1,2,0
Spain,Male,33.0,134200.02,1,0
Spain,Female,40.0,0.0,2,0
Spain,Female,45.0,0.0,2,0
Spain,Male,42.0,137841.05,2,0
Spain,Female,32.0,0.0,3,1
Spain,Female,65.0,0.0,2,0
Spain,Female,30.0,121863.61,1,0
Spain,Male,43.0,0.0,1,1
Spain,Male,37.0,0.0,2,0
Spain,Female,43.0,0.0,1,1
Spain,Male,53.0,0.0,1,1
Spain,Male,49.0,159304.07,1,1
Spain,Male,32.0,134944.0,1,0
Spain,Female,47.0,130866.19,1,0
Spain,Male,36.0,0.0,2,0
Spain,Male,37.0,0.0,1,0
Spain,Male,37.0,0.0,2,1
Spain,Female,37.0,140594.78,1,0
Spain,Male,36.0,0.0,2,0
Spain,Female,48.0,0.0,1,1
Spain,Male,43.0,0.0,2,0
Spain,Male,40.0,0.0,1,1
Spain,Male,39.0,0.0,2,0
Spain,Female,36.0,0.0,2,0
Spain,Female,33.0,0.0,2,0
Spain,Male,38.0,104386.74,1,0
Spain,Male,35.0,0.0,2,0
Spain,Male,41.0,137624.5,1,1
Spain,Female,20.0,102258.11,1,0
Spain,Male,35.0,0.0,2,0
Spain,Female,29.0,0.0,2,0
Spain,Male,31.0,0.0,2,0
Spain,Female,40.0,0.0,2,0
Spain,Male,29.0,0.0,2,0
Spain,Male,35.0,0.0,1,0
Spain,Male,32.0,169743.99,1,1
Spain,Male,32.0,0.0,1,1
Spain,Male,34.0,0.0,2,0
Spain,Male,38.0,0.0,2,0
Spain,Female,34.0,0.0,2,0
Spain,Female,31.0,0.0,2,1
Spain,Female,25.0,0.0,2,0
Spain,Male,39.0,0.0,1,0
Spain,Female,35.0,0.0,2,0
Spain,Female,22.0,0.0,2,0
Spain,Male,34.0,0.0,2,0
Spain,Female,56.0,0.0,2,1
Spain,Female,24.0,142862.21,1,1
Spain,Male,29.0,0.0,2,0
Spain,Female,27.0,123599.65,1,0
Spain,Male,39.0,0.0,2,0
Spain,Male,43.0,111061.01,2,0
Spain,Male,36.0,0.0,2,0
Spain,Female,71.0,0.0,2,0
Spain,Male,31.0,0.0,1,0
Spain,Female,66.0,0.0,2,0
Spain,Male,41.0,0.0,2,0
Spain,Male,67.0,0.0,2,0
Spain,Male,36.0,142705.95,1,0
Spain,Female,46.0,0.0,1,1
Spain,Male,31.0,0.0,1,0
Spain,Male,23.0,122017.19,1,0
Spain,Male,42.0,0.0,2,0
Spain,Male,30.0,128065.12,1,0
Spain,Female,46.0,0.0,1,0
Spain,Female,44.0,134177.09,1,1
Spain,Female,22.0,101060.25,1,0
Spain,Male,35.0,0.0,2,0
Spain,Male,31.0,0.0,2,0
Spain,Male,36.0,129934.64,1,1
Spain,Female,51.0,0.0,3,1
Spain,Female,25.0,0.0,2,0
Spain,Male,27.0,0.0,2,0
Spain,Male,39.0,92474.05,2,0
Spain,Male,32.0,0.0,2,0
Spain,Male,42.0,0.0,1,0
Spain,Male,43.0,147167.25,1,1
Spain,Female,25.0,76597.79,1,0
Spain,Male,34.0,0.0,2,0
Spain,Male,28.0,93901.78,1,0
Spain,Male,34.0,0.0,2,0
Spain,Female,33.0,0.0,2,0
Spain,Male,50.0,104386.82,1,0
Spain,Male,33.0,80931.75,2,0
Spain,Male,44.0,0.0,2,0
Spain,Male,50.0,0.0,2,0
Spain,Male,41.0,0.0,2,0
Spain,Male,43.0,0.0,2,0
Spain,Female,36.0,160541.0,2,0
Spain,Male,37.0,0.0,2,0
Spain,Female,51.0,0.0,1,1
Spain,Female,44.0,0.0,1,1
Spain,Female,40.0,200322.45,1,0
Spain,Male,42.0,68892.95,2,1
Spain,Female,37.0,0.0,2,0
Spain,Male,32.0,140745.33,1,0
Spain,Male,38.0,132951.92,1,0
Spain,Male,48.0,79858.13,1,1
Spain,Female,36.0,0.0,2,0
Spain,Male,37.0,0.0,1,0
Spain,Female,33.0,0.0,2,0
Spain,Male,38.0,116980.78,1,0
Spain,Male,31.0,0.0,2,0
Spain,Male,38.0,0.0,2,0
Spain,Female,38.0,103895.31,1,0
Spain,Male,37.0,0.0,1,0
Spain,Male,32.0,0.0,2,0
Spain,Female,40.0,0.0,3,1
Spain,Male,28.0,0.0,2,0
Spain,Female,33.0,0.0,2,0
Spain,Female,40.0,95010.92,1,0
Spain,Male,34.0,0.0,2,0
Spain,Female,40.0,0.0,1,1
Spain,Female,38.0,0.0,1,1
Spain,Male,43.0,0.0,2,0
Spain,Female,30.0,0.0,2,0
Spain,Female,36.0,0.0,2,0
Spain,Male,33.0,92398.08,1,0
Spain,Male,37.0,139265.31,2,0
Spain,Female,44.0,69518.95,1,1
Spain,Male,36.0,0.0,2,0
Spain,Female,58.0,0.0,3,1
Spain,Female,35.0,0.0,1,1
Spain,Female,40.0,0.0,2,0
Spain,Male,29.0,0.0,1,0
Spain,Female,37.0,111087.5,1,1
Spain,Female,36.0,156948.41,1,0
Spain,Male,46.0,0.0,1,0
Spain,Female,43.0,0.0,1,0
Spain,Female,37.0,0.0,1,0
Spain,Male,32.0,0.0,2,0
Spain,Female,71.0,0.0,1,1
Spain,Male,30.0,154733.97,2,0
Spain,Female,43.0,0.0,2,0
Spain,Male,44.0,0.0,1,1
Spain,Male,34.0,133936.04,1,0
Spain,Female,33.0,0.0,2,0
Spain,Female,36.0,0.0,2,0
Spain,Male,51.0,0.0,2,0
Spain,Male,36.0,133964.3,1,0
Spain,Female,44.0,132942.51,2,0
Spain,Female,46.0,0.0,1,1
Spain,Female,33.0,0.0,2,0
Spain,Male,43.0,183768.47,1,0
Spain,Female,42.0,0.0,2,0
Spain,Female,22.0,141604.76,1,0
Spain,Male,52.0,99786.07,1,0
Spain,Male,37.0,0.0,2,0
Spain,Male,41.0,0.0,1,0
Spain,Female,23.0,0.0,2,0
Spain,Female,43.0,0.0,1,1
Spain,Male,42.0,0.0,2,0
Spain,Female,48.0,0.0,1,1
Spain,Male,30.0,0.0,2,0
Spain,Female,47.0,0.0,2,1
Spain,Female,35.0,0.0,2,0
Spain,Male,28.0,127842.6,2,0
Spain,Female,37.0,126147.84,1,0
Spain,Male,47.0,0.0,2,0
Spain,Male,49.0,0.0,3,1
Spain,Female,34.0,0.0,2,0
Spain,Male,48.0,0.0,1,1
Spain,Female,44.0,0.0,2,1
Spain,Female,42.0,0.0,2,0
Spain,Female,40.0,0.0,2,0
Spain,Female,33.0,128509.63,1,1
Spain,Female,39.0,79958.43,2,0
Spain,Male,35.0,127205.32,1,0
Spain,Male,33.0,0.0,2,0
Spain,Male,39.0,0.0,2,0
Spain,Female,35.0,0.0,1,0
Spain,Male,45.0,73054.85,1,0
Spain,Male,27.0,0.0,2,0
Spain,Male,54.0,0.0,1,1
Spain,Female,27.0,116322.27,1,0
Spain,Male,38.0,98649.55,1,0
Spain,Female,40.0,0.0,2,0
Spain,Male,40.0,0.0,2,0
Spain,Female,29.0,119785.47,2,0
Spain,Female,55.0,109798.18,1,0
Spain,Female,33.0,0.0,2,0
Spain,Male,38.0,0.0,1,0
Spain,Female,38.0,137794.18,1,0
Spain,Male,22.0,102741.15,2,0
Spain,Female,56.0,0.0,1,1
Spain,Male,37.0,0.0,2,0
Spain,Female,45.0,0.0,1,1
Spain,Female,32.0,111241.36,2,0
Spain,Female,40.0,0.0,2,0
Spain,Female,37.0,0.0,1,0
Spain,Female,29.0,0.0,2,0
Spain,Male,43.0,0.0,1,0
Spain,Male,42.0,102870.93,1,0
Spain,Male,32.0,0.0,1,0
Spain,Female,53.0,125193.81,1,0
Spain,Female,56.0,0.0,1,1
Spain,Male,29.0,0.0,1,0
Spain,Male,40.0,0.0,2,0
Spain,Male,37.0,81844.98,1,0
Spain,Male,36.0,71481.79,2,0
Spain,Female,45.0,0.0,3,1
Spain,Female,40.0,0.0,3,1
Spain,Male,29.0,82531.56,2,0
Spain,Male,36.0,137367.94,1,0
Spain,Female,24.0,0.0,2,0
Spain,Male,40.0,0.0,2,0
Spain,Male,27.0,0.0,2,0
Spain,Male,39.0,94443.77,1,0
Spain,Female,44.0,0.0,2,1
Spain,Male,40.0,0.0,2,0
Spain,Female,37.0,0.0,2,0
Spain,Female,58.0,0.0,2,0
Spain,Female,55.0,122857.46,1,0
Spain,Male,36.0,0.0,1,0
Spain,Female,29.0,0.0,2,0
Spain,Male,46.0,0.0,3,1
Spain,Male,41.0,137824.03,1,0
Spain,Female,42.0,0.0,2,0
Spain,Female,43.0,0.0,2,0
Spain,Female,51.0,0.0,1,1
Spain,Male,35.0,0.0,2,0
Spain,Male,28.0,0.0,1,0
Spain,Female,43.0,0.0,1,0
Spain,Male,37.0,0.0,2,0
Spain,Male,36.0,98903.06,1,1
Spain,Male,43.0,0.0,2,0
Spain,Female,37.0,0.0,2,0
Spain,Female,32.0,156773.78,1,0
Spain,Female,34.0,0.0,2,0
Spain,Female,39.0,0.0,1,0
Spain,Male,32.0,0.0,1,0
Spain,Male,32.0,0.0,2,0
Spain,Male,40.0,0.0,2,0
Spain,Male,32.0,0.0,2,0
Spain,Male,40.0,161807.18,2,1
Spain,Male,45.0,132412.38,3,1
Spain,Male,34.0,0.0,2,0
Spain,Female,37.0,0.0,1,0
Spain,Male,31.0,106086.42,2,0
Spain,Male,41.0,0.0,1,0
Spain,Male,25.0,0.0,2,0
Spain,Female,36.0,0.0,2,0
Spain,Female,49.0,0.0,2,0
Spain,Male,34.0,0.0,2,0
Spain,Female,31.0,88977.39,1,0
Spain,Male,32.0,0.0,2,0
Spain,Male,34.0,97544.05,2,0
Spain,Male,38.0,0.0,1,0
Spain,Male,37.0,0.0,2,0
Spain,Female,37.0,0.0,1,0
Spain,Female,29.0,0.0,2,0
Spain,Female,38.0,0.0,2,0
Spain,Female,30.0,0.0,2,0
Spain,Female,41.0,0.0,2,0
Spain,Female,45.0,161648.69,1,1
Spain,Female,35.0,120130.54,1,0
Spain,Female,44.0,0.0,1,1
Spain,Female,37.0,0.0,2,0
Spain,Male,34.0,0.0,2,0
Spain,Female,38.0,141452.98,1,0
Spain,Male,34.0,0.0,2,0
Spain,Male,30.0,0.0,2,0
Spain,Female,28.0,118071.37,2,0
Spain,Male,28.0,127289.28,1,0
Spain,Male,28.0,116576.45,1,0
Spain,Female,55.0,133676.65,1,1
Spain,Male,59.0,0.0,2,0
Spain,Female,37.0,112712.17,1,0
Spain,Male,43.0,96888.39,2,0
Spain,Female,37.0,0.0,2,0
Spain,Male,35.0,0.0,2,0
Spain,Female,37.0,0.0,2,0
Spain,Female,43.0,0.0,2,0
Spain,Male,30.0,0.0,2,0
Spain,Male,32.0,118899.62,1,0
Spain,Female,42.0,140197.18,1,0
Spain,Male,29.0,0.0,2,0
Spain,Female,41.0,0.0,1,0
Spain,Male,40.0,0.0,2,0
Spain,Male,41.0,0.0,2,0
Spain,Female,38.0,126477.42,2,1
Spain,Male,38.0,0.0,2,0
Spain,Male,32.0,0.0,1,0
Spain,Male,37.0,0.0,2,0
Spain,Male,30.0,0.0,2,0
Spain,Male,35.0,0.0,2,0
Spain,Male,42.0,0.0,2,0
Spain,Female,54.0,0.0,2,0
Spain,Female,54.0,132576.25,1,1
Spain,Male,36.0,0.0,2,0
Spain,Male,27.0,0.0,2,0
Spain,Female,44.0,0.0,2,0
Spain,Male,38.0,0.0,2,0
Spain,Male,32.0,0.0,2,0
Spain,Female,20.0,0.0,1,1
Spain,Male,25.0,0.0,2,0
Spain,Male,36.0,0.0,2,0
Spain,Female,52.0,0.0,1,0
Spain,Female,43.0,133204.91,1,1
Spain,Male,38.0,0.0,1,0
Spain,Male,40.0,112896.86,1,0
Spain,Male,61.0,0.0,2,1
Spain,Male,37.0,0.0,1,1
Spain,Female,32.0,98993.02,1,0
Spain,Male,34.0,0.0,2,0
Spain,Female,38.0,0.0,2,0
Spain,Male,40.0,0.0,2,0
Spain,Female,25.0,160680.39,1,0
Spain,Male,27.0,120579.88,1,0
Spain,Male,52.0,0.0,1,1
Spain,Female,50.0,0.0,2,0
Spain,Male,60.0,0.0,2,0
Spain,Male,66.0,0.0,2,0
Spain,Female,49.0,0.0,1,1
Spain,Female,45.0,0.0,2,0
Spain,Female,31.0,0.0,2,0
Spain,Male,35.0,0.0,2,0
Spain,Male,40.0,221532.8,1,0
Spain,Male,42.0,0.0,1,0
Spain,Male,40.0,0.0,2,0
Spain,Male,46.0,0.0,1,0
Spain,Male,26.0,103711.42,1,0
Spain,Female,31.0,153316.14,2,0
Spain,Female,52.0,0.0,1,1
Spain,Male,27.0,123826.07,1,0
Spain,Male,26.0,80780.16,1,1
Spain,Female,28.0,176099.13,1,0
Spain,Male,30.0,140197.54,1,0
Spain,Female,34.0,0.0,2,0
Spain,Female,33.0,0.0,2,0
Spain,Male,29.0,81290.02,1,0
Spain,Male,33.0,0.0,2,0
Spain,Male,29.0,0.0,2,0
Spain,Female,28.0,109978.83,1,0
Spain,Female,28.0,0.0,1,0
Spain,Female,47.0,120821.24,1,1
Spain,Female,36.0,104016.88,1,0
Spain,Female,38.0,80613.93,1,0
Spain,Female,40.0,0.0,2,0
Spain,Male,40.0,0.0,2,0
Spain,Male,38.0,152581.06,1,0
Spain,Male,43.0,123817.85,2,0
Spain,Male,58.0,98186.7,1,0
Spain,Male,41.0,0.0,2,0
Spain,Female,44.0,0.0,1,1
Spain,Male,47.0,145751.03,1,0
Spain,Male,28.0,0.0,2,0
Spain,Female,37.0,0.0,2,0
Spain,Male,38.0,0.0,2,0
Spain,Female,27.0,119769.71,2,0
Spain,Male,38.0,72594.0,1,1
Spain,Female,37.0,0.0,2,1
Spain,Male,23.0,0.0,1,0
Spain,Male,39.0,0.0,1,0
Spain,Male,47.0,0.0,2,0
Spain,Male,31.0,0.0,2,0
Spain,Female,49.0,146779.07,1,0
Spain,Male,44.0,0.0,2,0
Spain,Female,36.0,0.0,2,0
Spain,Male,40.0,99580.13,1,0
Spain,Male,35.0,91622.91,1,0
Spain,Male,35.0,0.0,2,0
Spain,Female,32.0,140273.47,1,0
Spain,Female,34.0,0.0,1,0
Spain,Male,38.0,157938.53,1,0
Spain,Male,56.0,0.0,2,0
Spain,Female,33.0,0.0,2,0
Spain,Female,45.0,0.0,1,1
Spain,Female,39.0,0.0,2,0
Spain,Male,44.0,0.0,1,1
Spain,Female,39.0,88980.32,2,1
Spain,Male,29.0,0.0,1,0
Spain,Male,31.0,156111.24,1,1
Spain,Female,31.0,0.0,2,0
Spain,Male,35.0,124532.58,1,1
Spain,Female,38.0,0.0,2,0
Spain,Female,31.0,139859.1,1,0
Spain,Male,28.0,0.0,2,0
Spain,Male,35.0,0.0,2,0
Spain,Male,34.0,0.0,2,0
Spain,Female,30.0,0.0,2,0
Spain,Male,35.0,0.0,2,0
Spain,Male,35.0,0.0,2,0
Spain,Female,33.0,0.0,2,0
Spain,Male,51.0,0.0,1,1
Spain,Female,49.0,0.0,1,0
Spain,Female,47.0,0.0,1,1
Spain,Male,36.0,160858.13,1,0
Spain,Female,30.0,135842.89,1,0
Spain,Female,38.0,0.0,2,0
Spain,Male,30.0,155736.42,1,0
Spain,Male,38.0,0.0,2,0
Spain,Female,26.0,0.0,1,0
Spain,Male,36.0,123871.5,1,0
Spain,Female,37.0,0.0,3,1
Spain,Male,33.0,0.0,2,0
Spain,Female,35.0,106365.29,2,0
Spain,Male,41.0,0.0,1,0
Spain,Male,31.0,0.0,2,0
Spain,Female,46.0,121498.11,1,1
Spain,Male,62.0,0.0,2,1
Spain,Female,41.0,0.0,1,0
Spain,Female,39.0,152685.4,2,0
Spain,Female,33.0,105957.37,1,1
Spain,Male,38.0,0.0,1,0
Spain,Male,47.0,0.0,1,0
Spain,Male,31.0,0.0,2,0
Spain,Female,50.0,98365.33,1,1
Spain,Male,62.0,0.0,2,0
Spain,Male,33.0,132876.23,1,1
Spain,Female,35.0,0.0,2,0
Spain,Male,53.0,75263.16,1,1
Spain,Male,39.0,0.0,2,1
Spain,Male,28.0,0.0,2,0
Spain,Male,31.0,0.0,2,0
Spain,Male,32.0,110559.46,1,0
Spain,Female,57.0,107784.65,1,1
Spain,Male,29.0,121021.05,1,0
Spain,Male,38.0,69329.47,2,0
Spain,Male,34.0,0.0,1,0
Spain,Female,29.0,0.0,2,0
Spain,Female,42.0,0.0,1,1
Spain,Male,29.0,138880.94,1,0
Spain,Female,23.0,0.0,2,0
Spain,Male,31.0,147936.42,1,0
Spain,Female,44.0,0.0,2,0
Spain,Male,48.0,0.0,1,1
Spain,Female,31.0,0.0,2,0
Spain,Male,28.0,136589.12,1,0
Spain,Male,33.0,0.0,1,0
Spain,Male,35.0,0.0,2,0
Spain,Male,37.0,0.0,1,0
Spain,Female,45.0,0.0,1,0
Spain,Female,35.0,61592.14,1,0
Spain,Female,27.0,0.0,1,0
Spain,Male,30.0,0.0,2,0
Spain,Male,31.0,142929.81,1,0
Spain,Male,42.0,0.0,2,0
Spain,Male,39.0,0.0,2,0
Spain,Male,34.0,117300.02,1,0
Spain,Male,45.0,0.0,1,1
Spain,Male,25.0,0.0,1,0
Spain,Male,45.0,0.0,2,1
Spain,Male,21.0,0.0,2,0
Spain,Male,32.0,0.0,2,0
Spain,Male,35.0,141806.31,1,0
Spain,Female,36.0,0.0,2,0
Spain,Female,24.0,0.0,2,0
Spain,Female,38.0,153455.72,1,0
Spain,Female,46.0,0.0,1,1
Spain,Male,37.0,166115.42,2,0
Spain,Male,31.0,0.0,2,0
Spain,Female,44.0,0.0,2,0
Spain,Female,32.0,0.0,2,0
Spain,Male,40.0,112528.61,1,0
Spain,Female,33.0,88311.48,1,1
Spain,Male,28.0,0.0,2,0
Spain,Male,38.0,0.0,2,0
Spain,Male,20.0,0.0,2,0
Spain,Male,38.0,122330.7,2,0
Spain,Female,25.0,163735.94,1,0
Spain,Female,59.0,122446.61,2,1
Spain,Female,30.0,124693.48,1,0
Spain,Male,35.0,142905.51,2,0
Spain,Male,40.0,0.0,2,0
Spain,Male,32.0,98400.61,1,0
Spain,Male,35.0,0.0,1,0
Spain,Female,36.0,0.0,2,0
Spain,Male,54.0,0.0,1,1
Spain,Male,34.0,0.0,2,0
Spain,Female,40.0,0.0,1,1
Spain,Female,39.0,122522.32,2,0
Spain,Female,45.0,91091.06,2,0
Spain,Male,38.0,156848.13,1,0
Spain,Female,39.0,146408.68,1,0
Spain,Male,30.0,0.0,2,0
Spain,Female,47.0,134264.26,1,1
Spain,Male,32.0,78381.13,1,0
Spain,Male,38.0,0.0,2,0
Spain,Female,26.0,0.0,2,0
Spain,Male,40.0,79959.1,1,0
Spain,Male,30.0,0.0,2,0
Spain,Male,33.0,0.0,2,0
Spain,Male,40.0,113794.22,1,0
Spain,Male,47.0,121698.52,1,0
Spain,Female,37.0,0.0,2,0
Spain,Female,35.0,0.0,2,0
Spain,Male,29.0,0.0,2,0
Spain,Male,38.0,0.0,2,0
Spain,Female,31.0,0.0,2,0
Spain,Female,41.0,0.0,2,0
Spain,Male,38.0,0.0,2,0
Spain,Male,43.0,0.0,2,0
Spain,Male,36.0,0.0,2,0
Spain,Male,36.0,0.0,2,0
Spain,Female,24.0,129555.7,1,1
Spain,Male,39.0,121063.7,1,0
Spain,Female,54.0,0.0,1,0
Spain,Male,33.0,0.0,2,0
Spain,Male,32.0,120889.73,2,0
Spain,Female,37.0,0.0,1,0
Spain,Female,38.0,0.0,2,0
Spain,Female,39.0,0.0,1,0
Spain,Male,38.0,0.0,1,1
Spain,Male,62.0,80927.56,1,0
Spain,Male,21.0,102945.92,1,0
Spain,Male,39.0,0.0,1,0
Spain,Female,46.0,62400.48,1,0
Spain,Male,35.0,0.0,2,0
Spain,Female,31.0,108117.1,1,0
Spain,Female,45.0,0.0,2,0
Spain,Female,46.0,0.0,1,1
Spain,Male,30.0,0.0,2,0
Spain,Male,47.0,0.0,3,0
Spain,Male,60.0,94652.04,1,1
Spain,Male,37.0,0.0,2,0
Spain,Female,31.0,0.0,2,0
Spain,Female,39.0,94493.03,1,1
Spain,Male,26.0,149879.66,1,0
Spain,Male,34.0,0.0,1,0
Spain,Female,37.0,0.0,2,0
Spain,Male,29.0,154853.34,1,1
Spain,Male,35.0,0.0,2,0
Spain,Male,67.0,153946.14,1,0
Spain,Female,40.0,0.0,2,0
Spain,Male,59.0,0.0,1,1
Spain,Male,40.0,0.0,2,1
Spain,Female,46.0,0.0,2,0
Spain,Female,38.0,118129.92,1,1
Spain,Male,27.0,0.0,2,0
Spain,Male,55.0,109980.39,1,1
Spain,Male,30.0,0.0,2,0
Spain,Female,44.0,110527.17,1,0
Spain,Male,67.0,0.0,2,0
Spain,Female,36.0,0.0,2,0
Spain,Male,30.0,141604.76,1,0
Spain,Male,32.0,0.0,2,0
Spain,Male,31.0,118158.74,1,0
Spain,Male,25.0,127900.63,1,0
Spain,Male,37.0,0.0,1,0
Spain,Female,64.0,111093.05,1,0
Spain,Female,40.0,0.0,2,0
Spain,Female,23.0,134208.25,2,0
Spain,Female,31.0,0.0,2,0
Spain,Male,32.0,0.0,2,0
Spain,Male,45.0,0.0,2,0
Spain,Male,42.0,108867.0,2,0
Spain,Female,43.0,0.0,1,1
Spain,Male,34.0,54980.81,1,0
Spain,Male,57.0,108269.3,3,1
Spain,Male,49.0,147832.15,1,0
Spain,Male,21.0,137761.79,1,0
Spain,Male,33.0,0.0,2,0
Spain,Male,39.0,0.0,2,0
Spain,Male,39.0,0.0,1,0
Spain,Male,50.0,102749.72,1,1
Spain,Female,30.0,102585.88,1,0
Spain,Male,44.0,131853.29,1,1
Spain,Female,55.0,0.0,1,1
Spain,Male,42.0,0.0,2,0
Spain,Male,23.0,126576.62,1,0
Spain,Male,62.0,0.0,1,1
Spain,Male,29.0,0.0,1,0
Spain,Male,34.0,0.0,1,0
Spain,Male,36.0,80927.56,1,0
Spain,Female,43.0,0.0,2,0
Spain,Male,23.0,62400.48,1,0
Spain,Male,33.0,126524.11,1,1
Spain,Male,26.0,115897.12,1,0
Spain,Male,37.0,0.0,2,0
Spain,Male,21.0,127864.4,1,0
Spain,Male,40.0,0.0,2,0
Spain,Male,35.0,147974.19,1,0
Spain,Female,34.0,0.0,1,0
Spain,Male,38.0,0.0,1,0
Spain,Female,57.0,123826.07,1,1
Spain,Male,32.0,0.0,2,0
Spain,Male,39.0,0.0,2,0
Spain,Male,28.0,92855.02,1,0
Spain,Male,22.0,0.0,2,0
Spain,Male,33.0,0.0,2,0
Spain,Male,26.0,0.0,2,0
Spain,Male,28.0,0.0,2,0
Spain,Male,52.0,63349.75,1,1
Spain,Male,53.0,135506.58,1,0
Spain,Female,52.0,0.0,1,1
Spain,Male,36.0,0.0,2,0
Spain,Male,30.0,116251.24,1,0
Spain,Male,31.0,0.0,2,0
Spain,Female,42.0,0.0,2,0
Spain,Male,35.0,0.0,2,0
Spain,Female,39.0,0.0,2,0
Spain,Male,36.0,0.0,1,0
Spain,Female,28.0,0.0,2,0
Spain,Male,27.0,0.0,1,0
Spain,Male,27.0,93569.18,1,0
Spain,Male,48.0,0.0,2,0
Spain,Male,39.0,0.0,1,0
Spain,Female,43.0,0.0,2,0
Spain,Male,28.0,0.0,2,0
Spain,Female,37.0,0.0,2,0
Spain,Female,21.0,116099.82,1,0
Spain,Female,35.0,122917.71,1,0
Spain,Female,55.0,99685.06,1,0
Spain,Female,37.0,0.0,1,1
Spain,Male,30.0,0.0,2,0
Spain,Male,32.0,0.0,2,0
Spain,Male,54.0,0.0,2,0
Spain,Male,26.0,135096.02,1,0
Spain,Female,35.0,121551.58,2,0
Spain,Female,45.0,0.0,1,0
Spain,Male,24.0,0.0,2,0
Spain,Female,41.0,0.0,1,0
Spain,Male,41.0,0.0,2,0
Spain,Male,38.0,0.0,2,0
Spain,Female,21.0,80613.11,1,0
Spain,Female,71.0,0.0,1,0
Spain,Female,32.0,133686.52,1,0
Spain,Female,24.0,56769.23,1,0
Spain,Female,46.0,147910.3,1,1
Spain,Female,31.0,156968.96,2,0
Spain,Male,47.0,0.0,1,1
Spain,Female,25.0,77556.25,1,0
Spain,Male,37.0,124577.48,1,0
Spain,Female,39.0,0.0,1,1
Spain,Female,49.0,0.0,1,0
Spain,Female,38.0,0.0,2,0
Spain,Male,31.0,138772.79,1,0
Spain,Male,36.0,0.0,1,0
Spain,Female,47.0,0.0,1,1
Spain,Male,29.0,0.0,2,0
Spain,Female,37.0,0.0,2,0
Spain,Female,39.0,0.0,1,1
Spain,Female,42.0,0.0,1,1
Spain,Female,38.0,113793.31,1,0
Spain,Female,31.0,0.0,2,0
Spain,Female,29.0,0.0,2,0
Spain,Female,29.0,122924.75,1,0
Spain,Female,27.0,0.0,2,0
Spain,Male,39.0,0.0,2,1
Spain,Male,32.0,0.0,1,1
Spain,Male,33.0,0.0,2,0
Spain,Male,47.0,0.0,2,0
Spain,Male,29.0,0.0,2,0
Spain,Male,38.0,0.0,2,0
Spain,Male,23.0,0.0,2,0
Spain,Male,38.0,0.0,1,0
Spain,Male,50.0,0.0,1,1
Spain,Male,41.0,156822.94,1,1
Spain,Female,43.0,161807.18,2,0
Spain,Male,30.0,131872.08,1,0
Spain,Male,30.0,0.0,2,0
Spain,Male,25.0,0.0,2,0
Spain,Female,34.0,129999.55,1,0
Spain,Female,37.0,0.0,2,0
Spain,Male,43.0,0.0,2,0
Spain,Male,42.0,0.0,1,0
Spain,Male,60.0,148874.06,1,0
Spain,Female,40.0,155059.1,1,0
Spain,Male,50.0,108867.0,1,1
Spain,Male,49.0,161757.87,2,1
Spain,Male,48.0,0.0,1,1
Spain,Female,44.0,149592.14,2,0
Spain,Male,33.0,0.0,2,0
Spain,Female,36.0,98752.51,2,0
Spain,Female,50.0,0.0,1,1
Spain,Female,29.0,0.0,1,0
Spain,Female,35.0,164672.66,1,0
Spain,Female,51.0,119688.81,1,0
Spain,Male,36.0,137593.07,1,0
Spain,Male,23.0,0.0,2,0
Spain,Male,46.0,0.0,2,0
Spain,Male,39.0,0.0,1,1
Spain,Male,22.0,71240.3,1,0
Spain,Female,41.0,86813.73,2,0
Spain,Male,48.0,131659.59,2,0
Spain,Male,28.0,0.0,1,1
Spain,Male,32.0,0.0,2,0
Spain,Female,31.0,0.0,2,0
Spain,Male,56.0,0.0,2,0
Spain,Male,31.0,83772.95,1,0
Spain,Female,36.0,0.0,2,0
Spain,Male,19.0,0.0,1,0
Spain,Male,41.0,0.0,2,0
Spain,Male,58.0,0.0,2,0
Spain,Male,58.0,0.0,2,0
Spain,Male,25.0,78396.08,1,0
Spain,Male,38.0,0.0,1,0
Spain,Male,28.0,0.0,2,0
Spain,Female,38.0,0.0,2,1
Spain,Male,53.0,99705.31,1,0
Spain,Male,39.0,0.0,2,0
Spain,Male,44.0,118886.55,1,0
Spain,Male,37.0,136659.74,1,0
Spain,Male,44.0,104254.04,1,0
Spain,Male,28.0,171490.72,1,0
Spain,Male,32.0,0.0,2,0
Spain,Male,32.0,109013.59,1,0
Spain,Male,36.0,0.0,2,0
Spain,Male,26.0,0.0,1,1
Spain,Female,26.0,0.0,1,0
Spain,Male,36.0,0.0,1,0
Spain,Female,40.0,110610.41,1,1
Spain,Female,34.0,123086.63,2,0
Spain,Male,36.0,135962.0,2,0
Spain,Female,31.0,103688.19,1,1
Spain,Female,43.0,0.0,1,0
Spain,Male,41.0,138232.15,1,1
Spain,Female,26.0,0.0,2,0
Spain,Male,27.0,113873.22,1,1
Spain,Male,33.0,0.0,2,0
Spain,Male,25.0,104308.77,1,0
Spain,Female,31.0,0.0,2,0
Spain,Male,30.0,0.0,1,0
Spain,Male,39.0,0.0,2,0
Spain,Female,57.0,0.0,1,1
Spain,Male,49.0,131753.41,1,0
Spain,Male,36.0,0.0,2,0
Spain,Male,37.0,0.0,2,0
Spain,Male,29.0,0.0,2,0
Spain,Male,77.0,27517.15,2,0
Spain,Female,45.0,0.0,1,1
Spain,Female,38.0,0.0,2,0
Spain,Male,35.0,0.0,2,0
Spain,Female,32.0,0.0,2,0
Spain,Male,32.0,0.0,2,0
Spain,Male,31.0,0.0,2,0
Spain,Female,29.0,130922.81,1,0
Spain,Male,40.0,0.0,1,0
Spain,Female,44.0,0.0,2,0
Spain,Male,35.0,0.0,2,0
Spain,Male,37.0,0.0,2,0
Spain,Male,33.0,121151.05,1,0
Spain,Male,32.0,0.0,2,0
Spain,Male,57.0,0.0,2,0
Spain,Male,40.0,0.0,2,0
Spain,Female,31.0,0.0,1,0
Spain,Male,55.0,0.0,1,0
Spain,Female,50.0,0.0,3,1
Spain,Male,31.0,132876.23,1,0
Spain,Male,37.0,0.0,2,0
Spain,Male,42.0,88381.21,2,1
Spain,Female,29.0,0.0,1,1
Spain,Male,29.0,118731.84,2,0
Spain,Female,36.0,0.0,2,0
Spain,Male,29.0,0.0,1,0
Spain,Male,30.0,0.0,2,0
Spain,Male,32.0,0.0,2,0
Spain,Male,41.0,0.0,2,0
Spain,Female,38.0,128578.71,1,0
Spain,Female,35.0,0.0,2,0
Spain,Male,32.0,85757.93,2,0
Spain,Male,41.0,134760.21,1,0
Spain,Female,40.0,0.0,1,0
Spain,Male,36.0,0.0,1,0
Spain,Male,27.0,0.0,2,0
Spain,Male,35.0,0.0,3,1
Spain,Male,44.0,0.0,2,0
Spain,Female,26.0,0.0,2,0
Spain,Female,32.0,0.0,2,0
Spain,Male,39.0,0.0,2,0
Spain,Female,41.0,0.0,1,0
Spain,Female,35.0,0.0,2,0
Spain,Male,39.0,0.0,2,0
Spain,Female,37.0,0.0,2,0
Spain,Female,25.0,0.0,2,0
Spain,Male,43.0,0.0,2,0
Spain,Female,33.0,0.0,2,0
Spain,Male,36.0,145874.34,2,0
Spain,Male,30.0,0.0,1,1
Spain,Female,36.0,0.0,2,0
Spain,Male,34.0,0.0,2,0
Spain,Female,38.0,0.0,1,0
Spain,Female,40.0,0.0,2,0
Spain,Male,43.0,0.0,2,0
Spain,Female,34.0,0.0,2,0
Spain,Female,38.0,155584.21,1,1
Spain,Female,39.0,0.0,2,0
Spain,Male,33.0,0.0,2,0
Spain,Male,63.0,111179.83,1,0
Spain,Male,40.0,0.0,2,0
Spain,Female,39.0,0.0,2,0
Spain,Female,46.0,153548.11,1,0
Spain,Male,28.0,0.0,2,0
Spain,Female,33.0,0.0,2,0
Spain,Female,28.0,0.0,2,0
Spain,Female,39.0,0.0,2,0
Spain,Male,35.0,0.0,2,0
Spain,Male,37.0,0.0,2,1
Spain,Male,45.0,0.0,2,0
Spain,Male,58.0,0.0,2,0
Spain,Female,39.0,0.0,2,0
Spain,Male,56.0,0.0,2,0
Spain,Male,27.0,0.0,1,0
Spain,Female,41.0,91893.32,1,0
Spain,Male,26.0,0.0,2,0
Spain,Female,36.0,0.0,1,0
Spain,Female,31.0,0.0,1,0
Spain,Female,35.0,92786.66,3,1
Spain,Female,45.0,134264.04,1,0
Spain,Male,37.0,0.0,2,0
Spain,Male,31.0,0.0,2,0
Spain,Female,41.0,121898.47,2,0
Spain,Male,39.0,137998.2,2,0
Spain,Male,36.0,121527.4,1,0
Spain,Male,37.0,92659.9,2,0
Spain,Female,37.0,117858.35,1,0
Spain,Female,38.0,0.0,1,1
Spain,Male,59.0,0.0,1,1
Spain,Female,33.0,0.0,1,0
Spain,Female,37.0,0.0,2,0
Spain,Female,28.0,0.0,2,0
Spain,Male,41.0,0.0,1,0
Spain,Male,33.0,122277.87,1,0
Spain,Male,40.0,100471.34,1,0
Spain,Female,28.0,0.0,2,0
Spain,Female,37.0,0.0,2,0
Spain,Female,47.0,90218.9,1,0
Spain,Male,33.0,0.0,2,0
Spain,Male,34.0,79450.84,1,0
Spain,Male,38.0,0.0,2,0
Spain,Female,50.0,0.0,1,1
Spain,Female,28.0,132088.59,1,0
Spain,Male,37.0,0.0,1,1
Spain,Female,40.0,0.0,2,0
Spain,Male,37.0,0.0,2,0
Spain,Female,44.0,152303.8,1,0
Spain,Male,38.0,0.0,2,0
Spain,Male,45.0,0.0,2,0
Spain,Male,39.0,0.0,1,0
Spain,Female,38.0,195926.39,1,0
Spain,Male,76.0,0.0,2,0
Spain,Female,32.0,0.0,1,0
Spain,Male,40.0,0.0,2,0
Spain,Male,44.0,92566.46,1,0
Spain,Female,43.0,0.0,2,1
Spain,Female,55.0,79974.55,1,0
Spain,Male,36.0,0.0,2,0
Spain,Male,32.0,0.0,2,0
Spain,Male,36.0,98986.28,1,0
Spain,Male,42.0,93608.28,1,0
Spain,Female,40.0,101993.12,2,0
Spain,Female,30.0,137853.87,1,0
Spain,Male,45.0,73211.12,1,0
Spain,Female,33.0,127837.54,1,0
Spain,Male,38.0,131354.42,1,0
Spain,Female,37.0,0.0,2,0
Spain,Female,58.0,127299.34,2,0
Spain,Male,34.0,124577.33,1,0
Spain,Female,60.0,0.0,2,0
Spain,Female,29.0,0.0,2,0
Spain,Male,38.0,0.0,2,0
Spain,Male,32.0,136855.88,1,0
Spain,Female,27.0,141078.37,2,0
Spain,Female,40.0,124577.88,1,1
Spain,Male,26.0,168920.75,1,0
Spain,Male,28.0,0.0,2,0
Spain,Male,28.0,0.0,2,0
Spain,Female,49.0,0.0,2,0
Spain,Male,30.0,0.0,1,0
Spain,Female,60.0,0.0,2,1
Spain,Male,42.0,0.0,1,0
Spain,Male,30.0,0.0,2,0
Spain,Female,46.0,86568.75,1,0
Spain,Female,35.0,141789.15,1,0
Spain,Male,37.0,0.0,2,0
Spain,Male,40.0,118560.0,1,0
Spain,Female,50.0,150186.58,1,1
Spain,Male,48.0,154712.58,1,1
Spain,Female,37.0,115309.75,1,0
Spain,Male,52.0,135139.33,1,1
Spain,Male,43.0,0.0,2,0
Spain,Male,40.0,0.0,1,1
Spain,Male,35.0,0.0,2,0
Spain,Male,50.0,0.0,2,0
Spain,Male,36.0,0.0,1,1
Spain,Female,35.0,0.0,2,0
Spain,Male,58.0,0.0,2,0
Spain,Male,44.0,0.0,2,0
Spain,Male,63.0,0.0,1,1
Spain,Female,31.0,0.0,2,0
Spain,Female,42.0,0.0,1,1
Spain,Male,36.0,99897.53,2,0
Spain,Male,37.0,109162.82,1,0
Spain,Female,39.0,0.0,2,0
Spain,Female,33.0,96486.29,1,0
Spain,Male,54.0,0.0,2,0
Spain,Male,43.0,0.0,2,0
Spain,Male,37.0,0.0,2,0
Spain,Female,43.0,0.0,2,0
Spain,Female,58.0,0.0,3,1
Spain,Female,43.0,0.0,3,1
Spain,Male,39.0,209490.21,1,0
Spain,Male,51.0,0.0,1,0
Spain,Female,33.0,0.0,2,0
Spain,Male,41.0,0.0,2,0
Spain,Male,34.0,0.0,2,0
Spain,Male,31.0,137179.39,1,0
Spain,Female,33.0,101470.29,1,0
Spain,Female,46.0,107553.47,1,1
Spain,Male,39.0,0.0,2,0
Spain,Female,38.0,0.0,2,0
Spain,Male,34.0,0.0,2,0
Spain,Male,77.0,0.0,1,0
Spain,Male,38.0,202904.64,1,0
Spain,Female,41.0,120107.73,1,0
Spain,Female,33.0,0.0,2,0
Spain,Male,62.0,0.0,1,0
Spain,Female,36.0,0.0,2,0
Spain,Male,39.0,119547.46,2,0
Spain,Female,35.0,0.0,1,1
Spain,Male,36.0,145222.99,1,0
Spain,Female,25.0,0.0,2,0
Spain,Male,40.0,0.0,2,0
Spain,Female,36.0,152264.81,2,0
Spain,Male,48.0,140418.57,1,1
Spain,Male,30.0,0.0,2,0
Spain,Male,41.0,91091.06,1,0
Spain,Male,35.0,0.0,2,0
Spain,Male,31.0,120150.21,1,0
Spain,Male,67.0,0.0,2,0
Spain,Male,58.0,57530.07,1,1
Spain,Female,50.0,0.0,1,1
Spain,Male,40.0,0.0,1,0
Spain,Male,39.0,0.0,2,0
Spain,Male,38.0,120764.08,2,0
Spain,Female,46.0,152926.6,1,1
Spain,Female,29.0,0.0,2,0
Spain,Male,37.0,0.0,2,0
Spain,Male,33.0,0.0,1,0
Spain,Female,45.0,124439.58,1,1
Spain,Female,27.0,0.0,2,0
Spain,Male,33.0,0.0,1,0
Spain,Female,50.0,0.0,1,1
Spain,Male,31.0,0.0,1,0
Spain,Male,33.0,0.0,2,0
Spain,Male,36.0,0.0,2,0
Spain,Male,40.0,0.0,2,0
Spain,Female,41.0,0.0,2,0
Spain,Male,44.0,0.0,1,1
Spain,Female,72.0,0.0,2,0
Spain,Male,31.0,86911.4,1,0
Spain,Female,54.0,0.0,2,0
Spain,Male,32.0,107712.57,1,0
Spain,Female,30.0,0.0,2,0
Spain,Female,33.0,0.0,2,0
Spain,Female,38.0,0.0,2,0
Spain,Female,38.0,0.0,2,0
Spain,Male,31.0,0.0,2,0
Spain,Male,34.0,0.0,2,0
Spain,Male,28.0,0.0,2,0
Spain,Male,60.0,0.0,1,1
Spain,Male,31.0,0.0,2,0
Spain,Female,32.0,141726.88,2,0
Spain,Female,31.0,0.0,1,0
Spain,Male,28.0,54473.8,1,0
Spain,Male,39.0,0.0,2,1
Spain,Female,25.0,128509.63,1,1
Spain,Male,26.0,0.0,1,0
Spain,Female,34.0,0.0,2,0
Spain,Male,39.0,0.0,2,0
Spain,Male,44.0,0.0,1,1
Spain,Male,31.0,124268.64,1,0
Spain,Male,38.0,0.0,2,0
Spain,Male,26.0,131643.25,1,0
Spain,Male,33.0,0.0,1,0
Spain,Male,46.0,0.0,2,0
Spain,Male,28.0,0.0,2,0
Spain,Female,40.0,101090.27,2,0
Spain,Female,39.0,0.0,2,0
Spain,Female,37.0,0.0,2,0
Spain,Male,62.0,0.0,1,0
Spain,Female,33.0,0.0,1,0
Spain,Male,35.0,137452.09,1,0
Spain,Female,49.0,140700.61,1,1
Spain,Female,21.0,0.0,2,0
Spain,Male,40.0,0.0,2,0
Spain,Female,31.0,137712.64,1,0
Spain,Male,36.0,0.0,2,0
Spain,Female,55.0,0.0,2,1
Spain,Female,23.0,0.0,1,0
Spain,Male,33.0,0.0,2,0
Spain,Male,37.0,138131.73,1,0
Spain,Female,38.0,79360.97,1,0
Spain,Female,29.0,141434.04,1,0
Spain,Male,32.0,0.0,2,0
Spain,Male,62.0,113736.27,1,0
Spain,Male,46.0,0.0,2,0
Spain,Female,46.0,0.0,2,0
Spain,Male,54.0,0.0,3,1
Spain,Male,55.0,0.0,2,0
Spain,Female,49.0,0.0,2,1
Spain,Male,36.0,0.0,2,0
Spain,Male,38.0,0.0,2,0
Spain,Male,37.0,155176.83,1,1
Spain,Male,49.0,0.0,1,1
Spain,Female,25.0,0.0,2,0
Spain,Male,37.0,0.0,1,0
Spain,Female,32.0,0.0,2,0
Spain,Female,37.0,116060.04,1,1
Spain,Male,43.0,0.0,2,0
Spain,Male,62.0,118356.89,1,0
Spain,Male,39.0,0.0,2,0
Spain,Female,52.0,0.0,1,0
Spain,Male,35.0,0.0,2,0
Spain,Male,41.0,0.0,2,0
Spain,Male,45.0,0.0,1,1
Spain,Male,29.0,0.0,2,0
Spain,Female,39.0,0.0,1,0
Spain,Male,53.0,0.0,2,0
Spain,Male,50.0,122359.5,1,0
Spain,Female,26.0,136659.55,1,0
Spain,Male,28.0,0.0,2,0
Spain,Female,27.0,0.0,2,0
Spain,Female,27.0,87099.85,1,0
Spain,Male,36.0,0.0,2,0
Spain,Male,30.0,0.0,2,0
Spain,Female,29.0,0.0,2,0
Spain,Male,46.0,0.0,1,1
Spain,Female,37.0,155973.48,1,0
Spain,Male,35.0,122449.31,1,0
Spain,Female,31.0,0.0,2,0
Spain,Male,57.0,0.0,2,0
Spain,Female,29.0,0.0,1,0
Spain,Male,27.0,0.0,1,0
Spain,Male,35.0,75592.43,1,0
Spain,Male,29.0,0.0,1,0
Spain,Male,35.0,128065.12,1,0
Spain,Male,42.0,135756.74,1,1
Spain,Male,38.0,0.0,1,0
Spain,Female,41.0,93360.49,1,0
Spain,Male,33.0,142705.65,1,0
Spain,Male,51.0,123783.91,1,0
Spain,Female,38.0,0.0,1,0
Spain,Female,24.0,0.0,1,0
Spain,Male,24.0,0.0,2,0
Spain,Male,58.0,124577.33,1,1
Spain,Female,31.0,113680.54,1,0
Spain,Female,39.0,0.0,1,1
Spain,Male,33.0,78885.88,1,1
Spain,Female,42.0,0.0,3,1
Spain,Female,36.0,0.0,2,0
Spain,Female,34.0,0.0,2,0
Spain,Female,34.0,0.0,2,0
Spain,Male,33.0,0.0,1,0
Spain,Male,38.0,0.0,2,0
Spain,Female,27.0,87099.85,2,1
Spain,Male,37.0,0.0,2,0
Spain,Female,30.0,0.0,2,0
Spain,Male,31.0,0.0,2,0
Spain,Male,38.0,0.0,1,1
Spain,Male,45.0,68423.89,1,1
Spain,Male,40.0,0.0,2,0
Spain,Female,28.0,146098.43,3,0
Spain,Female,41.0,123906.11,1,0
Spain,Male,29.0,0.0,2,0
Spain,Female,36.0,139972.18,1,0
Spain,Female,36.0,0.0,2,0
Spain,Female,56.0,0.0,1,1
Spain,Male,46.0,0.0,2,1
Spain,Male,41.0,0.0,2,0
Spain,Female,41.0,0.0,1,0
Spain,Male,38.0,0.0,1,0
Spain,Female,41.0,0.0,2,0
Spain,Female,53.0,0.0,1,0
Spain,Male,39.0,0.0,1,1
Spain,Female,23.0,137262.71,1,0
Spain,Female,45.0,0.0,2,0
Spain,Female,55.0,97266.9,1,0
Spain,Male,40.0,0.0,2,0
Spain,Male,32.0,148884.47,2,0
Spain,Female,30.0,0.0,1,0
Spain,Male,39.0,0.0,2,0
Spain,Male,36.0,0.0,2,0
Spain,Female,36.0,0.0,2,0
Spain,Female,27.0,0.0,2,0
Spain,Female,29.0,0.0,2,0
Spain,Male,35.0,125870.73,2,0
Spain,Male,47.0,0.0,2,0
Spain,Male,31.0,0.0,2,0
Spain,Male,36.0,98862.54,1,0
Spain,Male,39.0,0.0,1,0
Spain,Male,49.0,0.0,1,0
Spain,Female,25.0,0.0,2,0
Spain,Female,50.0,0.0,1,1
Spain,Male,28.0,135848.6,1,0
Spain,Male,42.0,115141.2,1,1
Spain,Female,32.0,0.0,2,0
Spain,Male,35.0,0.0,2,0
Spain,Female,37.0,0.0,2,0
Spain,Male,30.0,0.0,2,0
Spain,Male,39.0,0.0,3,1
Spain,Male,25.0,106901.42,1,0
Spain,Female,33.0,0.0,2,0
Spain,Male,32.0,102721.52,1,0
Spain,Female,45.0,118879.35,1,1
Spain,Male,37.0,0.0,2,0
Spain,Male,26.0,131643.25,1,0
Spain,Female,30.0,0.0,2,0
Spain,Male,56.0,0.0,1,1
Spain,Female,35.0,0.0,2,0
Spain,Female,30.0,0.0,2,0
Spain,Female,34.0,178171.04,2,0
Spain,Female,23.0,126833.79,2,1
Spain,Female,43.0,0.0,1,0
Spain,Male,39.0,116967.28,1,0
Spain,Male,44.0,0.0,1,1
Spain,Male,49.0,0.0,2,0
Spain,Female,35.0,127661.69,1,0
Spain,Male,33.0,0.0,2,0
Spain,Female,34.0,0.0,2,0
Spain,Female,33.0,0.0,2,0
Spain,Male,44.0,102950.19,1,1
Spain,Male,39.0,0.0,2,0
Spain,Female,40.0,0.0,2,0
Spain,Female,31.0,122453.57,1,0
Spain,Male,35.0,0.0,2,0
Spain,Male,35.0,0.0,2,0
Spain,Male,29.0,137853.0,1,0
Spain,Male,38.0,130233.14,1,0
Spain,Female,37.0,0.0,2,0
Spain,Male,69.0,0.0,2,0
Spain,Male,42.0,96679.71,1,0
Spain,Male,66.0,56228.25,2,0
Spain,Male,34.0,0.0,2,0
Spain,Male,51.0,0.0,2,1
Spain,Male,39.0,0.0,2,0
Spain,Female,37.0,139561.74,1,0
Spain,Female,43.0,0.0,3,1
Spain,Male,38.0,0.0,2,0
Spain,Female,36.0,125731.82,1,0
Spain,Female,46.0,127660.46,2,1
Spain,Male,38.0,107798.85,1,0
Spain,Female,29.0,117412.19,2,0
Spain,Male,31.0,101736.77,1,0
Spain,Male,64.0,0.0,2,0
Spain,Male,19.0,0.0,1,0
Spain,Male,34.0,0.0,1,0
Spain,Female,35.0,100252.18,1,0
Spain,Female,38.0,156815.71,2,0
Spain,Female,31.0,0.0,2,0
Spain,Male,19.0,0.0,1,0
Spain,Female,28.0,123692.0,1,1
Spain,Male,31.0,0.0,2,0
Spain,Female,46.0,0.0,1,1
Spain,Male,33.0,0.0,2,0
Spain,Male,36.0,127926.35,1,0
Spain,Female,40.0,0.0,2,0
Spain,Male,43.0,0.0,1,1
Spain,Male,39.0,0.0,2,0
Spain,Female,42.0,0.0,2,0
Spain,Male,39.0,0.0,2,0
Spain,Male,31.0,0.0,2,0
Spain,Female,22.0,0.0,3,1
Spain,Male,61.0,0.0,1,1
Spain,Female,57.0,0.0,1,1
Spain,Female,33.0,0.0,2,0
Spain,Male,45.0,0.0,1,1
Spain,Female,28.0,0.0,2,0
Spain,Male,40.0,0.0,2,0
Spain,Female,26.0,0.0,1,0
Spain,Male,40.0,162039.78,1,0
Spain,Male,42.0,127806.91,1,0
Spain,Male,28.0,107379.68,2,0
Spain,Male,34.0,0.0,1,0
Spain,Female,35.0,0.0,2,0
Spain,Female,47.0,125191.69,2,1
Spain,Male,51.0,108377.75,1,1
Spain,Male,52.0,0.0,1,0
Spain,Male,30.0,0.0,2,0
Spain,Male,39.0,127278.31,1,1
Spain,Male,42.0,0.0,2,0
Spain,Female,43.0,0.0,2,0
Spain,Male,26.0,0.0,2,0
Spain,Male,58.0,92930.92,1,0
Spain,Male,37.0,0.0,2,0
Spain,Female,33.0,0.0,2,0
Spain,Female,37.0,105770.7,2,1
Spain,Female,38.0,0.0,2,0
Spain,Female,33.0,0.0,1,0
Spain,Male,37.0,0.0,1,0
Spain,Male,29.0,0.0,2,0
Spain,Female,24.0,113308.88,1,1
Spain,Male,38.0,0.0,2,0
Spain,Male,34.0,0.0,2,0
Spain,Female,37.0,0.0,2,0
Spain,Male,46.0,0.0,2,1
Spain,Female,37.0,0.0,2,0
Spain,Female,36.0,0.0,2,0
Spain,Male,43.0,0.0,2,0
Spain,Female,32.0,0.0,2,0
Spain,Male,38.0,0.0,2,0
Spain,Male,23.0,0.0,2,0
Spain,Female,36.0,0.0,1,0
Spain,Male,32.0,128262.98,1,0
Spain,Male,39.0,0.0,2,0
Spain,Female,46.0,0.0,1,1
Spain,Male,33.0,0.0,2,0
Spain,Male,42.0,0.0,2,0
Spain,Male,36.0,0.0,2,0
Spain,Male,28.0,0.0,1,0
Spain,Female,61.0,0.0,2,0
Spain,Female,40.0,0.0,1,0
Spain,Male,29.0,0.0,2,0
Spain,Female,33.0,0.0,2,0
Spain,Male,26.0,0.0,2,0
Spain,Female,44.0,0.0,2,0
Spain,Female,26.0,0.0,2,0
Spain,Male,44.0,105962.0,1,0
Spain,Male,33.0,142772.67,1,0
Spain,Female,33.0,0.0,2,0
Spain,Male,49.0,0.0,1,0
Spain,Female,45.0,0.0,2,0
Spain,Female,51.0,120530.51,1,0
Spain,Female,28.0,0.0,1,1
Spain,Male,38.0,0.0,2,0
Spain,Male,31.0,0.0,1,0
Spain,Male,38.0,117152.3,1,0
Spain,Male,23.0,0.0,2,0
Spain,Male,30.0,85996.19,1,0
Spain,Female,38.0,133636.88,1,0
Spain,Male,45.0,139986.65,1,0
Spain,Female,62.0,0.0,2,0
Spain,Male,36.0,176273.95,1,0
Spain,Female,41.0,0.0,2,0
Spain,Female,35.0,0.0,2,0
Spain,Female,41.0,0.0,2,0
Spain,Female,50.0,0.0,2,0
Spain,Female,40.0,101090.27,1,0
Spain,Female,24.0,0.0,2,0
Spain,Female,35.0,0.0,2,0
Spain,Male,29.0,0.0,1,0
Spain,Female,44.0,106520.73,1,0
Spain,Male,43.0,108867.0,1,1
Spain,Female,34.0,0.0,1,0
Spain,Male,28.0,0.0,2,0
Spain,Female,47.0,157296.02,2,0
Spain,Female,34.0,91955.61,1,0
Spain,Male,44.0,85877.18,2,0
Spain,Male,29.0,0.0,2,0
Spain,Male,62.0,0.0,1,1
Spain,Female,36.0,0.0,2,0
Spain,Male,35.0,0.0,2,0
Spain,Male,19.0,89750.21,1,1
Spain,Female,47.0,0.0,1,1
Spain,Male,40.0,0.0,2,0
Spain,Male,33.0,152304.65,1,1
Spain,Male,39.0,0.0,2,0
Spain,Male,48.0,0.0,2,0
Spain,Male,27.0,123895.34,1,0
Spain,Female,23.0,0.0,2,0
Spain,Male,92.0,126076.24,2,0
Spain,Female,33.0,123974.85,2,0
Spain,Female,32.0,0.0,1,0
Spain,Female,43.0,151691.44,1,1
Spain,Male,39.0,0.0,2,0
Spain,Male,25.0,0.0,2,0
Spain,Male,33.0,0.0,1,0
Spain,Female,30.0,0.0,2,0
Spain,Male,33.0,0.0,2,0
Spain,Male,34.0,0.0,2,0
Spain,Male,38.0,123365.62,1,0
Spain,Male,34.0,0.0,2,0
Spain,Male,36.0,0.0,2,0
Spain,Male,41.0,133676.65,1,0
Spain,Male,26.0,0.0,2,0
Spain,Male,31.0,144801.97,2,0
Spain,Male,36.0,0.0,1,0
Spain,Female,35.0,0.0,2,0
Spain,Male,60.0,0.0,1,1
Spain,Male,40.0,0.0,3,0
Spain,Male,30.0,117412.35,1,0
Spain,Female,37.0,0.0,2,0
Spain,Female,39.0,148586.64,2,0
Spain,Female,28.0,0.0,1,0
Spain,Female,26.0,153363.1,1,0
Spain,Male,66.0,0.0,1,1
Spain,Female,37.0,0.0,2,0
Spain,Female,36.0,0.0,2,0
Spain,Male,33.0,0.0,2,0
Spain,Female,32.0,118883.6,1,0
Spain,Male,31.0,0.0,2,0
Spain,Male,28.0,0.0,2,0
Spain,Female,38.0,0.0,1,0
Spain,Female,27.0,0.0,2,0
Spain,Female,53.0,0.0,1,1
Spain,Male,33.0,0.0,1,0
Spain,Male,27.0,0.0,2,0
Spain,Female,57.0,134498.54,1,1
Spain,Male,40.0,0.0,2,0
Spain,Male,37.0,137843.8,1,0
Spain,Male,30.0,0.0,2,0
Spain,Male,39.0,0.0,2,0
Spain,Male,38.0,0.0,2,0
Spain,Male,51.0,0.0,1,0
Spain,Female,40.0,0.0,1,0
Spain,Female,36.0,0.0,2,0
Spain,Female,30.0,129850.3,2,0
Spain,Male,19.0,0.0,2,0
Spain,Male,48.0,105266.32,1,1
Spain,Female,32.0,0.0,2,0
Spain,Male,33.0,0.0,2,0
Spain,Female,31.0,119658.49,1,0
Spain,Female,39.0,0.0,1,1
Spain,Male,33.0,0.0,2,0
Spain,Female,39.0,0.0,2,0
Spain,Male,45.0,115251.64,1,0
Spain,Female,31.0,0.0,2,0
Spain,Male,29.0,0.0,2,0
Spain,Female,42.0,0.0,2,0
Spain,Male,29.0,149814.07,2,0
Spain,Female,36.0,111769.96,1,1
Spain,Female,34.0,0.0,2,0
Spain,Female,33.0,0.0,1,0
Spain,Male,38.0,127415.85,1,0
Spain,Male,31.0,0.0,2,0
Spain,Male,37.0,127261.35,1,0
Spain,Female,54.0,0.0,1,0
Spain,Male,48.0,91622.72,1,0
Spain,Male,28.0,0.0,2,0
Spain,Female,32.0,72788.03,1,0
Spain,Female,36.0,81811.71,1,1
Spain,Male,49.0,0.0,2,0
Spain,Male,37.0,0.0,2,0
Spain,Female,29.0,0.0,2,0
Spain,Male,56.0,113599.42,1,0
Spain,Male,35.0,0.0,2,0
Spain,Male,36.0,129934.64,1,0
Spain,Female,36.0,118866.54,1,0
Spain,Male,42.0,117899.95,2,0
Spain,Male,39.0,94493.03,1,0
Spain,Female,31.0,0.0,3,1
Spain,Male,29.0,152992.91,1,0
Spain,Male,40.0,125909.77,1,1
Spain,Female,38.0,0.0,1,1
Spain,Female,35.0,0.0,2,0
Spain,Male,36.0,0.0,1,0
Spain,Male,33.0,72788.03,1,0
Spain,Female,42.0,0.0,2,0
Spain,Male,34.0,91025.07,2,0
Spain,Male,44.0,0.0,1,0
Spain,Male,39.0,85901.74,2,0
Spain,Male,33.0,175735.5,1,0
Spain,Male,33.0,0.0,2,0
Spain,Female,31.0,0.0,2,0
Spain,Female,44.0,0.0,2,0
Spain,Female,31.0,0.0,2,0
Spain,Male,53.0,117412.35,1,0
Spain,Male,33.0,154891.59,1,0
Spain,Female,40.0,95039.73,1,1
Spain,Male,43.0,128412.61,1,1
Spain,Male,58.0,106913.43,1,0
Spain,Female,36.0,0.0,1,0
Spain,Male,38.0,0.0,1,0
Spain,Male,35.0,0.0,2,0
Spain,Female,34.0,0.0,2,0
Spain,Male,20.0,139432.55,1,1
Spain,Male,32.0,155060.41,1,0
Spain,Female,28.0,96662.59,1,0
Spain,Male,54.0,0.0,2,0
Spain,Female,38.0,0.0,2,0
Spain,Female,39.0,0.0,2,0
Spain,Female,27.0,0.0,2,0
Spain,Male,30.0,0.0,2,0
Spain,Male,36.0,171837.14,1,0
Spain,Male,50.0,0.0,1,1
Spain,Male,32.0,135139.33,2,0
Spain,Male,34.0,82255.51,2,0
Spain,Male,28.0,108601.0,3,1
Spain,Male,33.0,0.0,1,1
Spain,Female,47.0,0.0,2,1
Spain,Male,42.0,0.0,1,1
Spain,Male,38.0,0.0,2,0
Spain,Male,41.0,0.0,1,1
Spain,Male,40.0,0.0,2,0
Spain,Male,48.0,0.0,2,0
Spain,Female,35.0,0.0,1,0
Spain,Male,41.0,0.0,2,0
Spain,Male,64.0,0.0,1,1
Spain,Male,36.0,123695.52,2,0
Spain,Male,47.0,0.0,2,0
Spain,Female,48.0,0.0,2,1
Spain,Male,35.0,0.0,2,0
Spain,Female,40.0,146466.46,2,1
Spain,Male,40.0,0.0,2,0
Spain,Male,37.0,111169.91,1,0
Spain,Female,28.0,0.0,2,1
Spain,Male,41.0,0.0,2,0
Spain,Male,41.0,0.0,1,1
Spain,Female,46.0,0.0,1,0
Spain,Male,45.0,122917.71,1,1
Spain,Female,47.0,0.0,1,1
Spain,Male,25.0,130169.18,1,0
Spain,Male,45.0,0.0,1,1
Spain,Female,41.0,0.0,2,1
Spain,Male,38.0,0.0,1,1
Spain,Female,34.0,0.0,2,0
Spain,Female,30.0,0.0,2,0
Spain,Female,37.0,0.0,2,0
Spain,Male,26.0,0.0,2,0
Spain,Female,41.0,154733.97,1,0
Spain,Female,74.0,0.0,2,0
Spain,Female,29.0,95922.9,1,1
Spain,Male,37.0,92855.02,2,0
Spain,Male,33.0,0.0,2,0
Spain,Female,30.0,162923.85,1,0
Spain,Female,33.0,0.0,2,0
Spain,Male,46.0,92783.68,2,0
Spain,Male,40.0,0.0,1,0
Spain,Female,28.0,0.0,1,0
Spain,Male,29.0,97541.24,1,0
Spain,Male,34.0,0.0,2,0
Spain,Female,39.0,0.0,1,1
Spain,Male,30.0,0.0,1,0
Spain,Female,53.0,0.0,1,1
Spain,Male,31.0,0.0,2,0
Spain,Male,56.0,0.0,2,0
Spain,Female,40.0,0.0,1,1
Spain,Male,38.0,135289.33,2,0
Spain,Female,42.0,0.0,2,0
Spain,Female,40.0,0.0,2,0
Spain,Male,47.0,91218.44,1,0
Spain,Female,42.0,0.0,1,1
Spain,Male,44.0,0.0,2,0
Spain,Male,42.0,0.0,2,0
Spain,Male,37.0,0.0,2,0
Spain,Female,49.0,0.0,3,1
Spain,Male,37.0,121407.54,2,0
Spain,Female,35.0,0.0,1,0
Spain,Female,34.0,0.0,2,0
Spain,Male,30.0,0.0,2,0
Spain,Female,31.0,0.0,2,0
Spain,Female,47.0,0.0,1,1
Spain,Male,42.0,0.0,1,0
Spain,Female,34.0,0.0,1,0
Spain,Male,34.0,88141.81,2,0
Spain,Female,38.0,0.0,2,0
Spain,Male,39.0,0.0,2,0
Spain,Male,27.0,0.0,1,0
Spain,Male,39.0,0.0,2,0
Spain,Male,40.0,0.0,1,1
Spain,Female,37.0,0.0,1,0
Spain,Male,44.0,98556.89,1,0
Spain,Female,58.0,0.0,1,1
Spain,Female,38.0,0.0,2,0
Spain,Male,39.0,0.0,2,0
Spain,Male,45.0,0.0,2,0
Spain,Male,35.0,0.0,2,0
Spain,Female,27.0,137275.36,1,1
Spain,Male,20.0,0.0,2,0
Spain,Male,39.0,0.0,2,0
Spain,Female,33.0,113743.37,1,0
Spain,Male,32.0,0.0,2,0
Spain,Male,35.0,0.0,1,0
Spain,Female,43.0,0.0,1,0
Spain,Male,41.0,0.0,2,0
Spain,Male,58.0,0.0,1,0
Spain,Female,61.0,155973.88,1,0
Spain,Male,32.0,101242.98,1,0
Spain,Female,31.0,0.0,2,0
Spain,Male,27.0,0.0,2,0
Spain,Female,48.0,139853.7,1,1
Spain,Male,49.0,0.0,2,0
Spain,Male,43.0,0.0,2,0
Spain,Male,32.0,0.0,1,0
Spain,Male,31.0,0.0,2,0
Spain,Male,26.0,0.0,1,0
Spain,Male,35.0,0.0,2,0
Spain,Male,50.0,84327.77,1,0
Spain,Male,26.0,138335.96,1,0
Spain,Male,33.0,96858.35,1,0
Spain,Female,37.0,0.0,2,0
Spain,Male,47.0,0.0,1,0
Spain,Male,40.0,153344.72,1,1
Spain,Male,38.0,0.0,2,0
Spain,Male,30.0,0.0,2,0
Spain,Female,47.0,0.0,1,1
Spain,Female,33.0,92855.02,2,1
Spain,Male,44.0,0.0,2,0
Spain,Male,34.0,95553.97,1,0
Spain,Male,30.0,0.0,2,0
Spain,Female,38.0,0.0,3,1
Spain,Female,40.0,131374.37,1,0
Spain,Male,59.0,0.0,1,1
Spain,Male,30.0,0.0,2,0
Spain,Female,33.0,127283.78,1,0
Spain,Male,39.0,0.0,1,1
Spain,Female,45.0,139973.65,1,1
Spain,Male,37.0,199689.49,2,0
Spain,Male,38.0,0.0,2,0
Spain,Female,56.0,139603.22,1,1
Spain,Male,26.0,109570.58,1,0
Spain,Female,31.0,0.0,2,0
Spain,Male,38.0,0.0,2,0
Spain,Male,40.0,0.0,2,0
Spain,Female,38.0,119963.45,2,0
Spain,Female,42.0,0.0,1,0
Spain,Male,35.0,0.0,1,1
Spain,Male,39.0,102954.68,2,0
Spain,Male,41.0,0.0,2,1
Spain,Male,46.0,0.0,1,0
Spain,Male,34.0,0.0,2,0
Spain,Female,33.0,0.0,2,0
Spain,Male,35.0,0.0,2,0
Spain,Male,46.0,0.0,1,1
Spain,Male,34.0,131433.34,1,0
Spain,Male,44.0,0.0,2,0
Spain,Male,32.0,0.0,1,0
Spain,Male,65.0,0.0,3,1
Spain,Male,37.0,125487.96,1,0
Spain,Female,29.0,0.0,1,0
Spain,Female,40.0,81733.74,1,0
Spain,Female,37.0,134204.67,1,0
Spain,Female,61.0,161887.81,1,1
Spain,Male,42.0,145396.49,2,0
Spain,Female,33.0,183768.47,1,0
Spain,Male,47.0,0.0,2,0
Spain,Male,40.0,116932.59,1,0
Spain,Female,29.0,0.0,2,0
Spain,Male,48.0,0.0,1,1
Spain,Male,43.0,0.0,3,1
Spain,Male,29.0,0.0,2,0
Spain,Male,39.0,0.0,2,0
Spain,Female,23.0,0.0,2,0
Spain,Female,41.0,0.0,2,0
Spain,Male,32.0,0.0,2,0
Spain,Male,40.0,99886.42,1,0
Spain,Female,56.0,0.0,1,1
Spain,Male,56.0,0.0,1,1
Spain,Female,43.0,0.0,2,0
Spain,Male,34.0,152806.74,1,1
Spain,Male,44.0,0.0,2,0
Spain,Male,19.0,128514.84,1,0
Spain,Female,40.0,0.0,2,0
Spain,Female,43.0,170172.9,1,1
Spain,Female,49.0,0.0,1,1
Spain,Male,37.0,0.0,1,0
Spain,Male,30.0,81710.46,1,0
Spain,Male,34.0,0.0,2,0
Spain,Female,38.0,0.0,2,0
Spain,Male,36.0,95120.59,2,0
Spain,Female,31.0,102365.37,1,0
Spain,Female,38.0,0.0,1,0
Spain,Male,25.0,0.0,2,0
Spain,Male,42.0,95386.82,1,0
Spain,Male,54.0,0.0,2,0
Spain,Male,33.0,0.0,2,0
Spain,Female,30.0,0.0,2,0
Spain,Male,40.0,0.0,2,0
Spain,Female,41.0,100565.94,1,0
Spain,Female,34.0,0.0,2,0
Spain,Male,40.0,0.0,2,0
Spain,Female,24.0,0.0,1,1
Spain,Female,36.0,0.0,2,0
Spain,Male,31.0,0.0,2,0
Spain,Male,31.0,0.0,2,0
Spain,Female,30.0,0.0,1,0
Spain,Male,33.0,0.0,2,0
Spain,Male,37.0,71269.89,3,1
Spain,Female,55.0,81370.07,1,1
Spain,Male,36.0,0.0,2,0
Spain,Female,40.0,0.0,2,0
Spain,Female,29.0,0.0,2,0
Spain,Male,47.0,129748.54,1,1
Spain,Female,35.0,131354.25,1,0
Spain,Male,40.0,209767.31,2,0
Spain,Male,46.0,0.0,2,0
Spain,Female,43.0,0.0,1,1
Spain,Female,38.0,0.0,2,0
Spain,Male,39.0,0.0,2,0
Spain,Female,46.0,126473.33,1,0
Spain,Female,25.0,0.0,2,0
Spain,Male,18.0,0.0,2,0
Spain,Female,30.0,0.0,2,0
Spain,Female,37.0,0.0,2,0
Spain,Male,23.0,85906.65,1,0
Spain,Female,39.0,0.0,2,0
Spain,Male,40.0,74896.92,1,0
Spain,Male,35.0,0.0,2,0
Spain,Male,27.0,0.0,2,0
Spain,Male,40.0,108716.53,1,1
Spain,Male,52.0,0.0,1,0
Spain,Male,31.0,0.0,2,0
Spain,Male,31.0,157731.8,2,0
Spain,Male,44.0,139825.56,1,0
Spain,Male,33.0,0.0,1,0
Spain,Female,36.0,0.0,2,0
Spain,Female,34.0,0.0,2,0
Spain,Male,34.0,0.0,2,0
Spain,Female,40.0,0.0,2,1
Spain,Male,70.0,119684.88,2,0
Spain,Male,26.0,0.0,2,0
Spain,Female,34.0,0.0,1,1
Spain,Female,35.0,0.0,1,0
Spain,Male,35.0,0.0,2,0
Spain,Female,31.0,0.0,2,0
Spain,Female,45.0,102562.23,1,0
Spain,Female,37.0,135846.46,1,0
Spain,Male,39.0,103195.2,2,0
Spain,Male,35.0,122922.58,1,0
Spain,Female,20.0,0.0,2,0
Spain,Female,41.0,0.0,2,0
Spain,Male,40.0,127070.73,1,0
Spain,Male,48.0,142400.29,1,0
Spain,Male,36.0,0.0,2,0
Spain,Female,43.0,0.0,1,1
Spain,Male,46.0,0.0,2,0
Spain,Male,41.0,0.0,2,0
Spain,Male,35.0,0.0,1,0
Spain,Male,41.0,118890.54,1,0
Spain,Male,26.0,165901.59,1,0
Spain,Male,40.0,174588.8,1,1
Spain,Male,31.0,103267.8,1,0
Spain,Female,31.0,0.0,2,0
Spain,Female,38.0,0.0,2,0
Spain,Male,60.0,141069.18,1,1
Spain,Female,42.0,0.0,2,0
Spain,Male,41.0,103817.71,1,0
Spain,Female,26.0,0.0,2,0
Spain,Male,59.0,123692.0,1,0
Spain,Female,42.0,0.0,2,1
Spain,Female,36.0,0.0,2,0
Spain,Male,43.0,0.0,1,1
Spain,Female,40.0,106431.53,1,1
Spain,Male,33.0,0.0,1,0
Spain,Female,40.0,0.0,2,0
Spain,Female,37.0,0.0,2,0
Spain,Female,39.0,118889.66,1,0
Spain,Male,22.0,0.0,2,0
Spain,Male,50.0,139676.95,1,1
Spain,Female,47.0,0.0,1,1
Spain,Male,35.0,173434.9,1,1
Spain,Female,56.0,157559.59,2,0
Spain,Male,38.0,0.0,2,0
Spain,Female,32.0,0.0,2,0
Spain,Female,37.0,145943.37,1,0
Spain,Male,34.0,0.0,2,0
Spain,Male,36.0,0.0,1,0
Spain,Female,61.0,138912.17,1,0
Spain,Female,46.0,0.0,1,1
Spain,Female,42.0,0.0,1,0
Spain,Female,29.0,0.0,1,1
Spain,Male,26.0,148853.29,2,0
Spain,Female,38.0,0.0,2,0
Spain,Male,46.0,0.0,2,0
Spain,Male,33.0,0.0,2,0
Spain,Female,42.0,0.0,2,0
Spain,Male,48.0,0.0,1,1
Spain,Female,46.0,0.0,1,1
Spain,Female,43.0,87542.89,1,0
Spain,Male,29.0,0.0,1,1
Spain,Female,28.0,0.0,2,1
Spain,Male,26.0,0.0,2,0
Spain,Male,49.0,90963.85,2,1
Spain,Male,33.0,0.0,1,0
Spain,Female,31.0,0.0,2,0
Spain,Male,32.0,123959.97,1,0
Spain,Male,35.0,122964.88,1,0
Spain,Male,37.0,0.0,1,0
Spain,Male,38.0,90536.93,1,0
Spain,Male,28.0,141038.57,2,0
Spain,Male,44.0,0.0,2,0
Spain,Male,51.0,103888.65,1,1
Spain,Male,40.0,0.0,2,0
Spain,Male,39.0,0.0,2,0
Spain,Male,37.0,0.0,2,0
Spain,Female,38.0,132044.6,2,1
Spain,Female,33.0,0.0,2,0
Spain,Male,35.0,0.0,2,0
Spain,Female,34.0,0.0,2,0
Spain,Male,59.0,0.0,4,1
Spain,Female,22.0,0.0,2,0
Spain,Female,62.0,0.0,2,0
Spain,Male,41.0,0.0,1,0
Spain,Male,46.0,110368.18,1,0
Spain,Male,27.0,0.0,2,0
Spain,Male,42.0,0.0,2,0
Spain,Female,37.0,0.0,2,0
Spain,Male,46.0,89364.91,1,1
Spain,Female,41.0,0.0,1,0
Spain,Male,23.0,0.0,2,0
Spain,Female,34.0,0.0,2,0
Spain,Female,40.0,0.0,2,0
Spain,Female,34.0,0.0,2,0
Spain,Female,21.0,156218.19,2,0
Spain,Female,36.0,0.0,2,0
Spain,Female,46.0,0.0,2,0
Spain,Female,42.0,0.0,2,0
Spain,Female,42.0,141581.08,1,0
Spain,Male,36.0,152212.88,1,0
Spain,Male,51.0,118560.0,1,1
Spain,Male,31.0,0.0,2,0
Spain,Female,35.0,0.0,1,1
Spain,Male,31.0,0.0,2,0
Spain,Female,25.0,0.0,2,0
Spain,Male,23.0,0.0,2,0
Spain,Female,37.0,0.0,1,1
Spain,Female,31.0,0.0,2,0
Spain,Male,40.0,85845.43,1,0
Spain,Female,39.0,122486.11,2,1
Spain,Male,30.0,0.0,2,0
Spain,Male,36.0,108309.0,1,0
Spain,Female,36.0,0.0,2,0
Spain,Male,33.0,0.0,2,0
Spain,Male,63.0,0.0,1,1
Spain,Male,55.0,76296.81,1,0
Spain,Female,32.0,0.0,2,0
Spain,Female,36.0,0.0,1,0
Spain,Male,42.0,125566.9,1,0
Spain,Female,51.0,0.0,2,0
Spain,Female,40.0,131778.24,1,0
Spain,Female,40.0,113348.5,1,1
Spain,Male,35.0,0.0,1,0
Spain,Male,23.0,71460.67,2,0
Spain,Male,40.0,0.0,2,0
Spain,Male,53.0,145578.07,1,1
Spain,Female,26.0,0.0,2,0
Spain,Female,32.0,139811.55,1,0
Spain,Male,34.0,0.0,2,0
Spain,Male,39.0,0.0,2,0
Spain,Female,32.0,0.0,2,0
Spain,Male,47.0,0.0,1,1
Spain,Male,27.0,153060.86,1,0
Spain,Male,21.0,45752.78,2,0
Spain,Female,33.0,61691.45,3,1
Spain,Female,72.0,119658.49,1,0
Spain,Male,39.0,0.0,1,1
Spain,Male,32.0,126645.13,1,0
Spain,Female,32.0,0.0,2,0
Spain,Male,43.0,152509.45,1,0
Spain,Male,32.0,150200.72,1,0
Spain,Male,48.0,0.0,1,0
Spain,Female,59.0,128663.31,1,0
Spain,Female,31.0,0.0,1,0
Spain,Male,60.0,169742.64,1,1
Spain,Female,46.0,0.0,2,0
Spain,Male,38.0,122267.85,1,0
Spain,Male,41.0,0.0,2,0
Spain,Female,29.0,0.0,1,0
Spain,Female,28.0,0.0,2,0
Spain,Female,41.0,0.0,1,1
Spain,Female,39.0,0.0,2,1
Spain,Male,39.0,0.0,2,0
Spain,Female,30.0,124099.13,1,0
Spain,Female,31.0,0.0,2,0
Spain,Female,26.0,0.0,2,0
Spain,Female,34.0,0.0,1,0
Spain,Male,26.0,0.0,2,0
Spain,Female,36.0,69365.25,1,0
Spain,Male,41.0,27755.97,1,1
Spain,Male,32.0,0.0,2,0
Spain,Female,31.0,0.0,3,1
Spain,Male,39.0,0.0,1,0
Spain,Female,29.0,0.0,1,1
Spain,Male,46.0,0.0,2,0
Spain,Male,43.0,0.0,2,0
Spain,Male,38.0,141796.74,1,0
Spain,Female,22.0,128743.09,1,0
Spain,Female,46.0,0.0,1,1
Spain,Female,39.0,0.0,1,1
Spain,Male,61.0,0.0,1,1
Spain,Male,23.0,115084.53,1,1
Spain,Male,38.0,0.0,2,0
Spain,Female,32.0,127763.24,1,0
Spain,Male,41.0,0.0,2,0
Spain,Male,36.0,0.0,2,0
Spain,Male,56.0,0.0,3,1
Spain,Female,40.0,0.0,2,0
Spain,Female,31.0,0.0,1,0
Spain,Female,46.0,0.0,2,0
Spain,Female,35.0,0.0,1,0
Spain,Female,30.0,80964.03,1,0
Spain,Female,37.0,0.0,2,0
Spain,Male,35.0,129401.72,1,0
Spain,Male,39.0,0.0,2,0
Spain,Male,54.0,0.0,2,0
Spain,Female,36.0,113625.93,1,0
Spain,Male,33.0,0.0,1,0
Spain,Male,38.0,135847.41,1,0
Spain,Female,48.0,0.0,1,1
Spain,Female,36.0,0.0,2,0
Spain,Female,48.0,0.0,2,0
Spain,Female,33.0,117808.74,1,0
Spain,Male,59.0,0.0,1,1
Spain,Female,33.0,0.0,2,0
Spain,Female,34.0,0.0,2,0
Spain,Female,38.0,86824.09,1,0
Spain,Female,29.0,0.0,2,0
Spain,Male,75.0,129735.3,1,0
Spain,Male,44.0,0.0,1,0
Spain,Female,32.0,144432.04,1,1
Spain,Male,38.0,0.0,2,0
Spain,Female,24.0,0.0,2,0
Spain,Female,54.0,0.0,2,0
Spain,Female,33.0,0.0,2,0
Spain,Male,29.0,0.0,2,0
Spain,Male,34.0,123971.16,1,0
Spain,Female,33.0,0.0,2,0
Spain,Male,48.0,0.0,2,0
Spain,Female,46.0,0.0,2,0
Spain,Male,63.0,137715.66,1,0
Spain,Female,34.0,0.0,2,0
Spain,Male,47.0,0.0,1,1
Spain,Male,38.0,0.0,1,0
Spain,Male,33.0,0.0,2,0
Spain,Male,44.0,109798.25,1,0
Spain,Male,23.0,114091.32,1,0
Spain,Male,31.0,113693.0,1,0
Spain,Female,48.0,0.0,2,0
Spain,Female,31.0,0.0,2,0
Spain,Female,43.0,132667.17,1,0
Spain,Male,44.0,0.0,2,0
Spain,Female,38.0,0.0,2,1
Spain,Male,33.0,0.0,2,0
Spain,Female,59.0,0.0,1,0
Spain,Male,32.0,0.0,2,0
Spain,Male,44.0,0.0,1,0
Spain,Female,46.0,0.0,2,1
Spain,Female,19.0,171646.76,1,0
Spain,Female,42.0,0.0,2,0
Spain,Female,31.0,57866.03,2,0
Spain,Male,38.0,0.0,3,0
Spain,Male,31.0,0.0,1,0
Spain,Male,39.0,0.0,1,0
Spain,Male,56.0,0.0,2,0
Spain,Male,42.0,0.0,2,0
Spain,Male,21.0,0.0,2,0
Spain,Female,31.0,117992.59,2,0
Spain,Female,36.0,0.0,1,0
Spain,Female,26.0,0.0,2,0
Spain,Male,24.0,0.0,2,0
Spain,Female,38.0,0.0,2,0
Spain,Female,73.0,0.0,1,0
Spain,Male,35.0,132906.88,2,0
Spain,Male,31.0,146466.26,1,0
Spain,Male,23.0,153573.47,2,0
Spain,Male,71.0,0.0,2,0
Spain,Female,39.0,95377.24,1,0
Spain,Male,30.0,125385.01,2,0
Spain,Male,31.0,0.0,2,0
Spain,Male,36.0,0.0,2,0
Spain,Female,43.0,106521.49,1,1
Spain,Male,40.0,0.0,2,0
Spain,Female,28.0,0.0,1,0
Spain,Male,37.0,0.0,2,0
Spain,Male,46.0,0.0,2,0
Spain,Male,19.0,0.0,2,0
Spain,Female,43.0,0.0,2,0
Spain,Male,34.0,0.0,1,0
Spain,Female,40.0,109799.55,2,0
Spain,Female,78.0,0.0,2,0
Spain,Male,42.0,147079.71,1,0
Spain,Male,25.0,141859.12,1,0
Spain,Female,43.0,116360.07,1,0
Spain,Male,40.0,0.0,1,0
Spain,Male,23.0,0.0,2,0
Spain,Male,35.0,0.0,2,0
Spain,Male,33.0,0.0,2,0
Spain,Male,39.0,0.0,2,0
Spain,Female,44.0,0.0,1,1
Spain,Female,37.0,0.0,2,0
Spain,Female,20.0,87099.85,1,0
Spain,Male,44.0,126589.14,1,0
Spain,Male,47.0,109876.82,2,0
Spain,Male,56.0,97324.91,2,0
Spain,Male,39.0,104832.49,2,0
Spain,Female,64.0,113599.74,1,0
Spain,Male,30.0,62974.64,2,0
Spain,Female,21.0,0.0,2,0
Spain,Male,39.0,0.0,2,0
Spain,Male,39.0,0.0,2,0
Spain,Female,46.0,151909.97,1,1
Spain,Male,31.0,0.0,2,0
Spain,Female,27.0,0.0,1,0
Spain,Female,39.0,0.0,2,0
Spain,Male,45.0,0.0,2,0
Spain,Female,33.0,0.0,1,1
Spain,Male,31.0,0.0,2,0
Spain,Female,25.0,0.0,2,0
Spain,Male,38.0,0.0,3,0
Spain,Male,34.0,0.0,1,0
Spain,Male,29.0,0.0,2,0
Spain,Male,31.0,93736.86,2,0
Spain,Female,39.0,0.0,2,0
Spain,Male,36.0,0.0,1,0
Spain,Male,39.0,0.0,1,1
Spain,Female,21.0,0.0,2,0
Spain,Male,44.0,0.0,2,0
Spain,Female,36.0,163715.83,1,0
Spain,Male,42.0,120233.83,1,0
Spain,Female,32.0,0.0,2,0
Spain,Male,42.0,0.0,1,1
Spain,Female,30.0,0.0,2,0
Spain,Male,43.0,0.0,2,0
Spain,Male,38.0,128718.78,1,0
Spain,Male,37.0,0.0,1,0
Spain,Female,28.0,0.0,2,0
Spain,Male,37.0,0.0,2,0
Spain,Female,38.0,116095.32,1,0
Spain,Male,42.0,194532.66,2,0
Spain,Female,51.0,0.0,1,1
Spain,Female,36.0,103895.31,1,0
Spain,Female,33.0,0.0,2,0
Spain,Male,28.0,95010.92,1,0
Spain,Male,26.0,0.0,2,0
Spain,Male,39.0,121355.57,1,0
Spain,Male,25.0,0.0,2,0
Spain,Male,35.0,103430.11,2,0
Spain,Male,40.0,0.0,2,0
Spain,Female,44.0,120879.73,2,0
Spain,Female,33.0,0.0,2,0
Spain,Female,34.0,0.0,2,0
Spain,Male,40.0,101179.23,2,0
Spain,Female,27.0,159561.93,1,0
Spain,Male,29.0,0.0,2,0
Spain,Male,42.0,77002.2,2,0
Spain,Male,61.0,113316.57,1,0
Spain,Female,40.0,81568.94,1,0
Spain,Male,54.0,0.0,1,0
Spain,Female,37.0,0.0,2,0
Spain,Male,33.0,0.0,2,0
Spain,Male,40.0,118520.26,1,1
Spain,Female,39.0,91344.57,1,0
Spain,Male,58.0,0.0,2,0
Spain,Female,48.0,0.0,1,1
Spain,Female,29.0,0.0,1,0
Spain,Female,46.0,0.0,2,0
Spain,Male,28.0,0.0,2,0
Spain,Female,38.0,127290.61,1,0
Spain,Female,58.0,0.0,2,0
Spain,Male,31.0,148021.49,1,0
Spain,Female,47.0,0.0,1,0
Spain,Male,32.0,0.0,2,0
Spain,Female,19.0,0.0,1,0
Spain,Male,37.0,0.0,2,0
Spain,Male,42.0,0.0,1,0
Spain,Male,55.0,0.0,1,1
Spain,Male,27.0,0.0,2,0
Spain,Male,40.0,74896.33,1,1
Spain,Female,35.0,0.0,1,1
Spain,Male,35.0,95772.97,1,0
Spain,Male,59.0,0.0,2,0
Spain,Female,47.0,0.0,1,0
Spain,Female,49.0,0.0,1,1
Spain,Female,35.0,0.0,2,0
Spain,Male,25.0,0.0,2,0
Spain,Male,41.0,0.0,2,0
Spain,Female,63.0,114552.6,2,0
Spain,Male,37.0,0.0,2,0
Spain,Female,56.0,0.0,1,1
Spain,Male,30.0,0.0,2,0
Spain,Female,27.0,0.0,2,0
Spain,Female,40.0,0.0,2,0
Spain,Female,36.0,0.0,2,0
Spain,Female,39.0,0.0,2,0
Spain,Male,21.0,103000.94,1,0
Spain,Male,39.0,119624.6,1,0
Spain,Male,31.0,0.0,2,0
Spain,Female,40.0,110150.43,1,1
Spain,Female,40.0,70416.75,1,0
Spain,Female,25.0,123925.23,2,0
Spain,Male,25.0,0.0,2,0
Spain,Male,31.0,0.0,2,0
Spain,Female,33.0,0.0,2,0
Spain,Male,32.0,0.0,2,0
Spain,Male,34.0,0.0,2,0
Spain,Female,25.0,0.0,1,0
Spain,Female,32.0,0.0,2,0
Spain,Male,23.0,127760.07,2,0
Spain,Female,29.0,0.0,2,0
Spain,Female,55.0,61211.93,1,1
Spain,Female,52.0,0.0,2,1
Spain,Male,29.0,0.0,2,0
Spain,Female,37.0,0.0,2,0
Spain,Male,33.0,0.0,1,0
Spain,Female,51.0,0.0,2,0
Spain,Female,39.0,0.0,2,0
Spain,Male,33.0,0.0,2,0
Spain,Female,48.0,0.0,1,1
Spain,Male,37.0,172397.8,1,1
Spain,Male,36.0,145986.45,1,0
Spain,Male,33.0,138032.15,1,0
Spain,Male,46.0,0.0,1,1
Spain,Male,34.0,0.0,1,0
Spain,Female,40.0,0.0,2,0
Spain,Male,32.0,0.0,2,0
Spain,Female,29.0,0.0,2,0
Spain,Male,54.0,0.0,1,0
Spain,Male,51.0,0.0,1,0
Spain,Female,47.0,0.0,1,1
Spain,Female,45.0,91091.06,2,0
Spain,Female,32.0,0.0,2,0
Spain,Female,31.0,66213.92,2,0
Spain,Male,33.0,71667.74,1,0
Spain,Female,39.0,0.0,2,0
Spain,Male,34.0,0.0,2,0
Spain,Male,36.0,0.0,2,0
Spain,Female,42.0,0.0,1,1
Spain,Female,41.0,100488.81,1,0
Spain,Female,54.0,185648.56,1,1
Spain,Male,31.0,0.0,1,1
Spain,Female,29.0,98592.88,1,0
Spain,Female,37.0,0.0,3,1
Spain,Male,39.0,97588.6,1,0
Spain,Male,45.0,113680.54,1,0
Spain,Female,44.0,140693.18,1,1
Spain,Female,31.0,119266.69,1,1
Spain,Female,46.0,0.0,2,0
Spain,Female,28.0,0.0,2,0
Spain,Female,45.0,0.0,1,1
Spain,Male,38.0,137841.53,2,0
Spain,Male,37.0,0.0,1,0
Spain,Female,59.0,0.0,1,1
Spain,Male,29.0,0.0,1,0
Spain,Male,43.0,0.0,2,0
Spain,Male,31.0,0.0,1,0
Spain,Female,30.0,0.0,2,0
Spain,Male,58.0,0.0,2,0
Spain,Female,32.0,0.0,2,0
Spain,Male,38.0,0.0,2,0
Spain,Female,43.0,131403.8,1,1
Spain,Female,36.0,0.0,1,1
Spain,Female,48.0,0.0,1,1
Spain,Male,31.0,0.0,2,0
Spain,Female,21.0,134264.03,1,0
Spain,Male,38.0,0.0,2,0
Spain,Female,30.0,0.0,1,0
Spain,Female,36.0,0.0,2,0
Spain,Female,34.0,0.0,2,0
Spain,Female,32.34,0.0,2,0
Spain,Female,27.0,133802.29,2,0
Spain,Male,28.0,0.0,2,0
Spain,Female,47.0,0.0,1,1
Spain,Female,36.0,0.0,2,0
Spain,Male,39.0,81273.13,1,0
Spain,Female,47.0,0.0,2,0
Spain,Female,34.0,0.0,2,0
Spain,Female,49.0,0.0,1,1
Spain,Male,31.0,0.0,1,0
Spain,Female,35.0,0.0,2,0
Spain,Female,30.0,125884.95,2,0
Spain,Male,39.0,81231.85,1,0
Spain,Female,47.0,0.0,1,1
Spain,Female,30.0,0.0,2,0
Spain,Female,38.0,0.0,2,0
Spain,Female,36.0,0.0,1,0
Spain,Male,38.0,57037.74,1,0
Spain,Female,40.0,0.0,2,0
Spain,Male,33.0,79281.61,1,0
Spain,Female,30.0,137841.45,1,0
Spain,Female,36.0,0.0,2,0
Spain,Male,51.0,0.0,2,0
Spain,Male,44.0,0.0,2,0
Spain,Male,36.0,0.0,2,0
Spain,Female,43.0,166082.17,1,0
Spain,Female,27.0,0.0,2,0
Spain,Female,46.0,0.0,3,1
Spain,Male,31.0,0.0,2,0
Spain,Male,43.0,0.0,2,0
Spain,Female,38.0,0.0,2,0
Spain,Male,28.0,0.0,2,0
Spain,Male,33.0,0.0,2,0
Spain,Male,54.0,79415.67,1,0
Spain,Female,21.0,81905.95,2,1
Spain,Male,39.0,171671.25,1,0
Spain,Male,42.0,0.0,2,0
Spain,Male,39.0,141099.43,1,0
Spain,Male,71.0,0.0,1,1
Spain,Male,30.0,0.0,2,0
Spain,Male,30.0,0.0,2,0
Spain,Female,45.0,0.0,2,0
Spain,Male,39.0,0.0,1,1
Spain,Male,40.0,0.0,2,0
Spain,Male,39.0,0.0,2,0
Spain,Male,67.0,0.0,2,0
Spain,Male,48.0,0.0,2,1
Spain,Male,32.0,0.0,1,0
Spain,Female,35.0,0.0,2,0
Spain,Male,33.0,156848.13,1,0
Spain,Female,29.0,0.0,1,0
Spain,Female,37.0,0.0,3,1
Spain,Female,32.0,113690.76,1,0
Spain,Female,32.0,0.0,2,0
Spain,Male,31.0,0.0,2,0
Spain,Female,27.0,0.0,2,0
Spain,Female,28.0,116479.27,1,0
Spain,Female,61.0,122446.61,2,1
Spain,Female,29.0,0.0,2,0
Spain,Female,48.0,161378.02,3,1
Spain,Male,37.0,0.0,2,0
Spain,Female,67.0,124577.15,1,1
Spain,Male,60.0,0.0,2,0
Spain,Female,37.0,54817.55,1,0
Spain,Female,37.0,0.0,1,0
Spain,Female,33.0,0.0,2,0
Spain,Female,57.0,0.0,1,0
Spain,Female,43.0,0.0,1,0
Spain,Male,32.0,0.0,2,0
Spain,Male,32.0,0.0,2,0
Spain,Female,43.0,0.0,2,0
Spain,Male,33.0,0.0,2,0
Spain,Male,39.0,0.0,2,0
Spain,Male,36.0,0.0,2,0
Spain,Male,35.0,125167.74,1,0
Spain,Male,33.0,0.0,1,0
Spain,Female,31.0,0.0,2,0
Spain,Male,31.0,0.0,1,0
Spain,Male,35.0,0.0,2,0
Spain,Female,36.0,0.0,1,0
Spain,Male,37.0,0.0,2,0
Spain,Female,40.0,0.0,2,0
Spain,Female,31.0,0.0,1,0
Spain,Male,39.0,0.0,2,0
Spain,Male,35.0,123557.65,1,1
Spain,Male,42.0,0.0,1,1
Spain,Female,43.0,0.0,1,0
Spain,Female,45.0,0.0,1,1
Spain,Female,42.0,0.0,2,1
Spain,Male,32.0,115563.71,1,0
Spain,Male,48.0,0.0,2,0
Spain,Male,40.0,100275.88,1,0
Spain,Male,48.0,0.0,1,0
Spain,Female,36.0,141675.23,2,0
Spain,Male,38.0,156823.7,2,0
Spain,Male,34.0,47020.65,1,0
Spain,Female,46.0,0.0,2,1
Spain,Female,29.0,0.0,2,1
Spain,Male,38.0,0.0,2,0
Spain,Male,56.0,94231.13,3,1
Spain,Female,52.0,148863.03,2,1
Spain,Male,39.0,206014.94,2,0
Spain,Female,34.0,0.0,2,0
Spain,Male,32.0,0.0,2,0
Spain,Female,36.0,107850.82,2,0
Spain,Male,38.0,0.0,2,0
Spain,Male,39.0,131935.51,1,0
Spain,Male,38.0,113348.5,1,0
Spain,Male,35.0,102827.44,2,0
Spain,Male,34.0,150593.58,1,1
Spain,Male,27.0,116932.59,2,0
Spain,Female,39.0,129646.91,1,0
Spain,Female,44.0,139676.97,1,0
Spain,Female,49.0,0.0,2,0
Spain,Male,46.0,0.0,2,0
Spain,Female,40.0,0.0,1,1
Spain,Female,35.0,0.0,2,0
Spain,Male,49.0,0.0,2,0
Spain,Female,23.0,123709.46,2,0
Spain,Female,35.0,0.0,1,0
Spain,Male,36.0,0.0,2,0
Spain,Male,28.0,120852.18,1,0
Spain,Female,57.0,0.0,1,1
Spain,Female,43.0,0.0,2,1
Spain,Male,34.0,0.0,2,0
Spain,Male,36.0,0.0,2,0
Spain,Female,42.0,123875.3,1,0
Spain,Female,34.0,116805.88,1,0
Spain,Female,60.0,131240.61,1,1
Spain,Female,55.0,109026.8,1,1
Spain,Male,34.0,0.0,2,0
Spain,Male,42.0,129634.25,2,0
Spain,Male,39.0,0.0,1,0
Spain,Female,48.0,127205.32,1,0
Spain,Female,42.0,0.0,3,1
Spain,Male,30.0,0.0,2,0
Spain,Female,37.0,140363.95,2,0
Spain,Male,34.0,0.0,2,0
Spain,Female,38.0,0.0,2,0
Spain,Female,38.0,0.0,2,0
Spain,Male,28.0,0.0,2,0
Spain,Female,29.0,0.0,1,0
Spain,Male,39.0,126816.18,2,0
Spain,Female,36.0,0.0,2,0
Spain,Female,28.0,0.0,2,0
Spain,Male,31.0,0.0,2,0
Spain,Male,38.0,0.0,1,0
Spain,Female,37.0,0.0,2,0
Spain,Female,46.0,0.0,1,1
Spain,Male,48.0,115730.71,1,0
Spain,Female,23.0,148843.56,1,0
Spain,Female,29.0,0.0,2,0
Spain,Male,40.0,171069.58,1,0
Spain,Male,46.0,0.0,2,1
Spain,Male,46.0,0.0,2,0
Spain,Female,50.0,174852.64,1,0
Spain,Male,29.0,0.0,2,0
Spain,Female,25.0,0.0,2,0
Spain,Male,36.0,0.0,1,1
Spain,Female,24.0,133705.74,1,0
Spain,Female,41.0,0.0,2,0
Spain,Male,31.0,99792.8,1,0
Spain,Male,35.0,0.0,2,0
Spain,Female,41.0,0.0,1,0
Spain,Male,41.0,96032.22,1,0
Spain,Female,29.0,0.0,1,0
Spain,Male,24.0,0.0,2,0
Spain,Female,36.0,92895.56,1,0
Spain,Female,63.0,121798.81,1,1
Spain,Male,45.0,167772.57,1,0
Spain,Male,29.0,0.0,2,0
Spain,Male,38.0,105770.81,2,0
Spain,Male,33.0,0.0,2,0
Spain,Male,39.0,0.0,2,0
Spain,Male,33.0,99106.73,1,0
Spain,Female,39.0,0.0,2,0
Spain,Male,61.0,0.0,2,0
Spain,Female,37.0,0.0,2,0
Spain,Male,28.0,0.0,2,0
Spain,Male,35.0,0.0,2,0
Spain,Female,32.0,0.0,2,0
Spain,Female,34.0,0.0,2,0
Spain,Male,33.0,0.0,2,0
Spain,Female,41.0,120962.59,1,0
Spain,Female,45.0,0.0,1,1
Spain,Male,39.0,122446.61,2,0
Spain,Male,37.0,0.0,1,0
Spain,Male,27.0,0.0,1,0
Spain,Female,24.0,0.0,2,0
Spain,Male,32.0,0.0,2,0
Spain,Female,31.0,0.0,1,0
Spain,Male,36.0,0.0,2,0
Spain,Male,37.0,0.0,2,0
Spain,Male,38.0,0.0,2,0
Spain,Female,36.0,0.0,2,0
Spain,Female,43.0,0.0,1,1
Spain,Female,30.0,0.0,2,0
Spain,Female,30.0,0.0,2,0
Spain,Female,35.0,0.0,2,0
Spain,Female,42.0,0.0,2,0
Spain,Male,29.0,0.0,1,1
Spain,Male,34.0,0.0,2,0
Spain,Male,41.0,0.0,2,0
Spain,Male,40.0,90194.34,2,0
Spain,Male,33.0,0.0,2,0
Spain,Male,26.0,0.0,2,0
Spain,Female,50.0,158633.61,1,1
Spain,Female,41.0,0.0,2,0
Spain,Male,39.0,0.0,1,1
Spain,Female,31.0,124442.54,1,1
Spain,Male,26.0,0.0,2,0
Spain,Male,35.0,0.0,2,0
Spain,Male,36.0,0.0,2,0
Spain,Male,37.0,0.0,2,0
Spain,Male,35.0,0.0,2,0
Spain,Male,32.0,0.0,1,0
Spain,Male,40.0,155423.17,1,1
Spain,Female,39.0,0.0,1,0
Spain,Female,39.0,61297.05,1,0
Spain,Male,29.0,0.0,2,0
Spain,Male,66.0,0.0,2,0
Spain,Female,39.0,106425.75,1,1
Spain,Female,33.0,0.0,2,0
Spain,Male,30.0,125927.23,1,0
Spain,Female,51.0,0.0,2,1
Spain,Male,42.0,0.0,2,0
Spain,Male,32.0,123783.26,1,0
Spain,Female,48.0,104430.08,1,1
Spain,Male,40.0,0.0,1,1
Spain,Male,32.0,40169.88,2,0
Spain,Female,35.0,105599.65,1,0
Spain,Male,28.0,0.0,2,0
Spain,Female,28.0,0.0,2,0
Spain,Female,37.0,0.0,2,1
Spain,Male,30.0,0.0,2,0
Spain,Female,33.0,0.0,1,0
Spain,Male,33.0,103421.32,1,0
Spain,Female,26.0,0.0,2,0
Spain,Male,34.0,139541.58,2,0
Spain,Female,29.0,0.0,2,0
Spain,Male,44.0,124577.15,1,0
Spain,Male,32.0,0.0,1,0
Spain,Female,35.0,0.0,1,0
Spain,Female,41.0,0.0,1,1
Spain,Female,26.0,101242.98,1,0
Spain,Female,30.0,0.0,2,0
Spain,Male,37.0,0.0,2,0
Spain,Female,49.0,111087.5,2,0
Spain,Female,22.0,167864.56,1,0
Spain,Male,32.0,0.0,2,0
Spain,Male,34.0,121132.26,1,0
Spain,Female,28.0,0.0,2,0
Spain,Male,45.0,0.0,2,0
Spain,Female,38.0,0.0,1,0
Spain,Female,41.0,125860.2,1,0
Spain,Male,43.0,0.0,1,1
Spain,Female,44.0,0.0,1,1
Spain,Male,33.0,0.0,2,0
Spain,Female,36.0,132623.6,1,0
Spain,Male,40.0,122446.61,2,0
Spain,Male,40.0,61482.47,1,1
Spain,Female,48.0,57327.04,1,0
Spain,Female,47.0,0.0,1,1
Spain,Female,31.0,109330.06,1,0
Spain,Male,29.0,104533.24,1,0
Spain,Male,31.0,0.0,2,0
Spain,Male,32.0,0.0,2,0
Spain,Female,27.0,0.0,2,0
Spain,Female,29.0,0.0,2,0
Spain,Male,36.0,71902.02,1,0
Spain,Female,38.0,175464.85,2,0
Spain,Male,31.0,0.0,2,0
Spain,Male,60.0,0.0,2,0
Spain,Female,42.0,156371.61,2,0
Spain,Male,53.0,0.0,1,0
Spain,Male,37.0,0.0,2,0
Spain,Male,59.0,0.0,2,0
Spain,Female,54.0,126816.18,2,1
Spain,Female,25.0,0.0,2,0
Spain,Male,33.0,152696.88,1,0
Spain,Female,33.0,0.0,2,0
Spain,Male,37.0,0.0,2,0
Spain,Male,39.0,0.0,1,0
Spain,Male,34.0,0.0,2,0
Spain,Female,27.0,0.0,2,0
Spain,Female,29.0,0.0,1,0
Spain,Male,39.0,171757.42,1,0
Spain,Male,46.0,96881.6,1,0
Spain,Male,38.0,0.0,2,0
Spain,Female,33.0,0.0,2,0
Spain,Male,38.0,0.0,2,0
Spain,Female,25.0,108738.71,2,0
Spain,Male,33.0,0.0,2,0
Spain,Female,34.0,0.0,2,0
Spain,Male,42.0,0.0,2,0
Spain,Female,41.0,168094.01,1,0
Spain,Male,36.0,0.0,2,0
Spain,Female,35.0,147813.05,1,0
Spain,Male,40.0,0.0,2,0
Spain,Male,42.0,109121.71,1,0
Spain,Female,37.0,0.0,2,0
Spain,Male,44.0,68375.27,1,1
Spain,Male,59.0,0.0,1,1
Spain,Male,32.0,128736.39,1,0
Spain,Female,35.0,0.0,2,0
Spain,Female,38.0,105663.86,1,0
Spain,Male,32.0,0.0,2,0
Spain,Female,36.0,0.0,2,0
Spain,Female,39.0,75339.64,2,0
Spain,Female,35.0,0.0,2,0
Spain,Female,51.0,0.0,2,1
Spain,Male,33.0,0.0,2,0
Spain,Male,36.0,0.0,2,0
Spain,Female,55.0,0.0,1,1
Spain,Male,36.0,0.0,1,0
Spain,Female,40.0,0.0,1,0
Spain,Male,33.0,0.0,2,0
Spain,Male,42.0,0.0,2,0
Spain,Female,43.0,0.0,1,1
Spain,Male,31.0,0.0,2,0
Spain,Female,39.0,0.0,2,0
Spain,Female,46.0,124969.13,1,1
Spain,Male,25.0,112615.86,1,0
Spain,Male,55.0,152932.96,2,0
Spain,Female,71.0,0.0,1,0
Spain,Male,24.0,0.0,2,0
Spain,Female,38.0,0.0,2,0
Spain,Male,34.0,88980.32,1,0
Spain,Male,37.0,148843.56,1,0
Spain,Female,46.0,0.0,2,0
Spain,Male,40.0,0.0,1,1
Spain,Female,28.0,0.0,2,0
Spain,Female,37.0,128736.39,1,0
Spain,Male,30.0,81553.96,1,0
Spain,Female,42.0,147167.7,1,0
Spain,Female,36.0,121542.57,1,0
Spain,Male,36.0,106687.76,1,0
Spain,Male,45.0,0.0,2,0
Spain,Female,39.0,160132.75,1,0
Spain,Male,39.0,105769.26,1,0
Spain,Male,33.0,0.0,2,0
Spain,Male,35.0,0.0,2,0
Spain,Female,56.0,169462.09,2,1
Spain,Male,51.0,108867.0,1,0
Spain,Female,35.0,125872.26,1,0
Spain,Male,31.0,0.0,2,0
Spain,Female,46.0,0.0,2,0
Spain,Female,36.0,0.0,2,0
Spain,Male,40.0,160485.16,1,0
Spain,Female,33.0,0.0,2,0
Spain,Male,37.0,123761.96,1,0
Spain,Female,52.0,0.0,1,0
Spain,Female,47.0,0.0,1,0
Spain,Male,27.0,0.0,2,0
Spain,Female,46.0,0.0,1,1
Spain,Female,36.0,0.0,2,0
Spain,Female,32.0,0.0,2,0
Spain,Male,64.0,0.0,2,1
Spain,Female,46.0,0.0,2,0
Spain,Female,43.0,156297.58,2,1
Spain,Female,45.0,0.0,1,1
Spain,Male,38.0,0.0,1,1
Spain,Male,29.0,0.0,2,0
Spain,Male,38.0,143006.7,1,0
Spain,Female,36.0,0.0,2,0
Spain,Female,58.0,216109.88,1,0
Spain,Female,24.0,0.0,2,0
Spain,Female,43.0,0.0,1,1
Spain,Male,41.0,105245.34,1,0
Spain,Male,39.0,0.0,2,0
Spain,Female,44.0,138296.32,1,0
Spain,Female,26.0,108845.69,1,0
Spain,Male,42.0,82441.75,1,1
Spain,Female,53.0,184872.89,1,1
Spain,Male,24.0,0.0,2,0
Spain,Male,29.0,0.0,2,0
Spain,Male,42.0,130661.96,1,0
Spain,Female,43.0,0.0,1,1
Spain,Female,33.0,0.0,2,0
Spain,Female,58.0,91622.42,1,1
Spain,Male,25.0,0.0,2,0
Spain,Female,29.0,0.0,1,1
Spain,Female,31.0,0.0,2,0
Spain,Male,39.0,48023.83,1,0
Spain,Male,44.0,0.0,1,1
Spain,Female,45.0,0.0,1,1
Spain,Male,40.0,0.0,2,0
Spain,Female,27.0,83061.26,1,0
Spain,Male,35.0,188285.68,1,1
Spain,Female,24.0,0.0,2,0
Spain,Female,51.0,0.0,1,1
Spain,Male,29.0,143923.96,2,0
Spain,Male,40.0,0.0,2,0
Spain,Female,47.0,0.0,1,0
Spain,Female,40.0,0.0,1,1
Spain,Female,40.0,97257.41,1,1
Spain,Male,32.0,0.0,2,0
Spain,Female,29.0,128551.32,1,0
Spain,Male,35.0,0.0,2,0
Spain,Male,43.0,117438.96,1,0
Spain,Male,31.0,125167.02,1,0
Spain,Male,39.0,0.0,2,0
Spain,Female,43.0,145933.27,1,0
Spain,Female,28.0,0.0,2,0
Spain,Female,43.0,0.0,2,0
Spain,Female,57.0,0.0,2,0
Spain,Female,33.0,140931.57,1,0
Spain,Female,25.0,0.0,2,0
Spain,Male,36.0,136815.74,1,0
Spain,Male,32.0,129748.39,1,0
Spain,Female,32.0,0.0,1,0
Spain,Male,40.0,0.0,2,0
Spain,Female,50.0,0.0,1,1
Spain,Male,46.0,0.0,1,1
Spain,Male,30.0,0.0,2,0
Spain,Male,24.0,164902.43,1,0
Spain,Male,30.0,0.0,2,0
Spain,Male,41.0,0.0,1,0
Spain,Female,30.0,0.0,2,0
Spain,Male,44.0,0.0,2,0
Spain,Male,26.0,139584.57,1,0
Spain,Female,37.0,0.0,2,0
Spain,Female,47.0,0.0,1,1
Spain,Male,39.0,145260.23,1,0
Spain,Male,37.0,89772.5,1,0
Spain,Male,32.0,0.0,1,0
Spain,Female,40.0,0.0,2,0
Spain,Female,48.0,75990.97,1,0
Spain,Female,33.0,155470.55,1,1
Spain,Female,55.0,44582.07,3,0
Spain,Female,52.0,89158.94,1,1
Spain,Male,36.0,0.0,2,0
Spain,Male,26.0,0.0,1,0
Spain,Female,43.0,101827.51,1,0
Spain,Female,39.0,92510.8,2,0
Spain,Female,25.0,0.0,2,0
Spain,Male,43.0,0.0,1,1
Spain,Male,32.0,117304.29,1,0
Spain,Female,56.0,0.0,4,1
Spain,Female,31.0,0.0,2,0
Spain,Male,30.0,0.0,2,0
Spain,Female,49.0,0.0,1,1
Spain,Female,44.0,0.0,3,0
Spain,Male,35.0,0.0,2,0
Spain,Male,61.0,0.0,2,0
Spain,Female,51.0,0.0,1,0
Spain,Male,39.0,109960.06,1,0
Spain,Male,30.0,0.0,2,0
Spain,Male,50.0,158024.38,1,1
Spain,Male,34.0,0.0,2,0
Spain,Female,33.0,0.0,2,0
Spain,Female,34.0,0.0,2,0
Spain,Male,28.0,0.0,1,1
Spain,Female,41.0,96032.22,1,0
Spain,Male,25.0,145544.6,1,0
Spain,Female,37.0,0.0,2,0
Spain,Female,38.0,0.0,2,0
Spain,Female,29.0,139986.65,1,1
Spain,Male,30.0,0.0,2,1
Spain,Male,36.0,0.0,2,0
Spain,Female,33.0,0.0,1,0
Spain,Male,40.0,0.0,2,0
Spain,Female,44.0,99106.73,2,0
Spain,Male,33.0,99713.87,1,0
Spain,Male,41.0,0.0,2,0
Spain,Female,29.0,174851.9,1,1
Spain,Male,27.0,96776.49,2,0
Spain,Female,39.0,0.0,1,0
Spain,Female,49.0,0.0,2,1
Spain,Male,29.0,0.0,2,0
Spain,Male,36.0,144497.69,1,0
Spain,Female,34.0,0.0,2,0
Spain,Male,31.0,0.0,2,0
Spain,Male,37.0,0.0,1,1
Spain,Male,34.0,96937.6,2,0
Spain,Male,43.0,0.0,2,0
Spain,Male,26.0,0.0,2,0
Spain,Female,45.0,0.0,1,1
Spain,Female,27.0,141581.08,1,0
Spain,Male,33.0,123783.91,2,0
Spain,Male,54.0,101438.0,1,0
Spain,Male,33.0,0.0,2,0
Spain,Female,49.0,0.0,1,0
Spain,Female,44.0,141525.69,1,0
Spain,Female,47.0,0.0,1,1
Spain,Male,34.0,0.0,1,0
Spain,Female,40.0,0.0,2,0
Spain,Female,34.0,0.0,2,0
Spain,Male,35.0,0.0,2,0
Spain,Male,43.0,84719.98,1,0
Spain,Male,39.0,0.0,2,0
Spain,Male,56.0,123959.97,1,0
Spain,Male,40.0,137832.87,1,1
Spain,Female,34.0,0.0,2,0
Spain,Male,42.0,0.0,2,0
Spain,Female,46.0,137933.39,1,0
Spain,Female,40.0,0.0,2,0
Spain,Male,34.0,0.0,2,0
Spain,Female,35.0,0.0,2,0
Spain,Female,48.0,0.0,1,1
Spain,Male,35.0,0.0,2,0
Spain,Female,36.0,0.0,2,0
Spain,Male,67.0,153946.14,1,1
Spain,Male,38.0,0.0,1,0
Spain,Male,42.0,0.0,2,0
Spain,Female,36.0,0.0,2,0
Spain,Male,53.0,0.0,2,0
Spain,Female,36.0,0.0,2,0
Spain,Female,62.0,0.0,2,0
Spain,Female,33.0,0.0,1,1
Spain,Male,22.0,200322.45,1,0
Spain,Female,38.0,0.0,2,0
Spain,Male,32.0,86891.84,1,0
Spain,Female,34.0,161601.29,2,0
Spain,Female,45.0,109044.3,1,0
Spain,Male,42.0,0.0,3,1
Spain,Female,34.0,80780.16,1,1
Spain,Female,32.0,118028.89,1,0
Spain,Female,36.0,107531.69,1,0
Spain,Female,32.0,0.0,2,0
Spain,Male,39.0,58003.38,1,1
Spain,Female,59.0,0.0,1,1
Spain,Male,45.0,88915.37,1,0
Spain,Male,47.0,0.0,2,0
Spain,Female,62.0,141616.55,1,1
Spain,Male,40.0,0.0,2,0
Spain,Female,29.0,0.0,2,0
Spain,Female,35.0,0.0,2,0
Spain,Male,38.0,0.0,1,0
Spain,Male,36.0,0.0,2,0
Spain,Female,43.0,94722.47,1,0
Spain,Female,48.0,0.0,1,1
Spain,Male,37.0,0.0,2,0
Spain,Male,39.0,0.0,2,0
Spain,Male,40.0,0.0,1,1
Spain,Female,31.0,70784.27,1,0
Spain,Male,41.0,0.0,2,0
Spain,Male,55.0,0.0,1,0
Spain,Female,24.0,141078.57,2,0
Spain,Male,38.0,113690.83,1,1
Spain,Female,56.0,139762.13,1,1
Spain,Male,37.0,131659.59,2,0
Spain,Female,28.0,0.0,2,0
Spain,Female,40.0,0.0,1,0
Spain,Male,34.0,0.0,2,0
Spain,Male,37.0,120654.68,1,0
Spain,Female,35.0,0.0,2,0
Spain,Female,28.0,0.0,2,0
Spain,Female,37.0,126815.97,2,0
Spain,Female,43.0,116022.53,2,0
Spain,Male,44.0,0.0,2,0
Spain,Female,44.0,0.0,2,0
Spain,Female,25.0,0.0,2,0
Spain,Female,35.0,0.0,2,0
Spain,Female,26.0,128760.69,1,0
Spain,Male,30.0,0.0,2,0
Spain,Female,35.0,0.0,2,0
Spain,Female,34.0,75302.85,1,1
Spain,Female,58.0,119658.49,1,1
Spain,Female,36.0,0.0,1,1
Spain,Female,37.0,0.0,3,1
Spain,Male,39.0,0.0,1,0
Spain,Male,31.0,0.0,2,0
Spain,Male,32.0,71183.97,1,0
Spain,Female,31.0,0.0,2,0
Spain,Male,46.0,0.0,2,0
Spain,Male,29.0,0.0,2,0
Spain,Female,46.0,0.0,3,1
Spain,Male,32.0,108891.22,1,0
Spain,Female,37.0,0.0,2,0
Spain,Female,43.0,0.0,1,1
Spain,Female,33.0,0.0,2,0
Spain,Male,37.0,122453.97,1,0
Spain,Male,42.0,194532.66,2,0
Spain,Male,36.0,73688.2,1,0
Spain,Male,35.0,0.0,2,0
Spain,Male,35.0,0.0,2,0
Spain,Female,38.0,178056.54,2,0
Spain,Female,46.0,107023.03,1,0
Spain,Female,51.0,0.0,1,1
Spain,Female,62.0,0.0,2,0
Spain,Male,46.0,0.0,2,0
Spain,Male,33.0,0.0,2,0
Spain,Male,38.0,172391.8,1,0
Spain,Female,32.0,0.0,1,0
Spain,Female,29.0,0.0,2,0
Spain,Male,37.0,0.0,2,0
Spain,Male,34.0,0.0,1,1
Spain,Male,43.0,0.0,2,0
Spain,Male,33.0,136824.31,1,1
Spain,Male,29.0,0.0,2,0
Spain,Female,37.0,0.0,2,0
Spain,Male,37.0,0.0,2,0
Spain,Female,30.0,0.0,2,0
Spain,Female,34.0,102980.44,1,0
Spain,Female,38.0,148897.02,1,0
Spain,Female,57.0,0.0,1,1
Spain,Female,35.0,0.0,2,0
Spain,Male,45.0,81552.07,1,0
Spain,Female,35.0,0.0,2,0
Spain,Female,53.0,0.0,1,0
Spain,Female,47.0,0.0,2,0
Spain,Male,32.0,0.0,2,0
Spain,Female,44.0,0.0,2,0
Spain,Male,38.0,123397.8,1,0
Spain,Male,34.0,106518.52,1,0
Spain,Male,38.0,0.0,2,0
Spain,Male,38.0,147149.59,2,0
Spain,Male,48.0,0.0,1,1
Spain,Male,36.0,0.0,1,0
Spain,Female,48.0,99799.76,1,1
Spain,Male,40.0,0.0,2,0
Spain,Female,43.0,0.0,2,0
Spain,Female,40.0,0.0,1,0
Spain,Male,36.0,0.0,1,0
Spain,Female,45.0,95922.9,1,0
Spain,Female,36.0,0.0,2,0
Spain,Female,47.0,156826.43,1,1
Spain,Female,29.0,0.0,2,0
Spain,Female,33.0,88046.88,1,0
Spain,Female,32.0,0.0,2,0
Spain,Female,36.0,0.0,2,0
Spain,Female,24.0,122384.21,1,0
Spain,Female,45.0,0.0,1,1
Spain,Male,52.0,0.0,2,0
Spain,Male,38.0,107720.64,1,0
Spain,Female,40.0,0.0,1,0
Spain,Female,55.0,0.0,2,0
Spain,Male,28.0,0.0,1,0
Spain,Male,37.0,0.0,2,0
Spain,Male,40.0,140950.18,1,0
Spain,Female,40.0,0.0,2,0
Spain,Female,39.0,0.0,2,0
Spain,Male,66.0,59568.57,1,0
Spain,Male,67.0,0.0,2,0
Spain,Female,41.0,0.0,1,0
Spain,Male,35.0,0.0,2,0
Spain,Female,51.0,126623.5,1,1
Spain,Male,42.0,0.0,2,0
Spain,Female,42.0,127728.24,2,1
Spain,Male,37.0,0.0,2,0
Spain,Male,33.0,0.0,1,1
Spain,Male,29.0,0.0,2,0
Spain,Male,43.0,113657.83,2,0
Spain,Male,36.0,138734.94,1,0
Spain,Female,39.0,0.0,1,0
Spain,Male,34.0,156948.41,1,0
Spain,Male,31.0,0.0,1,1
Spain,Female,32.0,0.0,1,0
Spain,Male,34.0,101465.31,2,0
Spain,Male,45.0,115084.61,1,1
Spain,Female,41.0,0.0,2,0
Spain,Male,37.0,0.0,2,0
Spain,Female,32.0,0.0,2,0
Spain,Female,51.0,148636.21,1,1
Spain,Female,34.0,109699.08,1,1
Spain,Male,34.0,0.0,2,0
Spain,Male,42.0,122565.2,1,0
Spain,Male,40.0,124447.73,2,0
Spain,Male,45.0,0.0,2,0
Spain,Female,31.0,0.0,1,1
Spain,Male,46.0,62400.48,1,0
Spain,Female,34.0,126473.33,2,0
Spain,Male,42.0,167772.02,1,0
Spain,Male,43.0,0.0,2,0
Spain,Female,43.0,127642.86,1,0
Spain,Male,46.0,0.0,2,0
Spain,Male,36.0,115462.02,1,0
Spain,Female,30.0,0.0,2,0
Spain,Male,47.0,0.0,2,0
Spain,Female,38.0,146674.51,1,0
Spain,Female,31.0,0.0,2,0
Spain,Female,49.0,110864.38,2,0
Spain,Male,26.0,98266.2,1,0
Spain,Female,41.0,0.0,1,0
Spain,Female,31.0,0.0,2,0
Spain,Female,43.0,0.0,2,0
Spain,Male,40.0,0.0,2,0
Spain,Male,30.0,0.0,2,0
Spain,Male,47.0,0.0,1,1
Spain,Male,46.0,115282.8,1,1
Spain,Female,41.0,0.0,2,0
Spain,Female,34.0,0.0,1,0
Spain,Male,31.0,0.0,2,0
Spain,Male,37.0,0.0,1,0
Spain,Female,22.0,117412.35,1,0
Spain,Male,40.0,0.0,2,0
Spain,Male,40.0,0.0,2,0
Spain,Female,36.0,0.0,2,0
Spain,Female,38.0,138162.46,1,0
Spain,Male,40.0,0.0,2,0
Spain,Male,33.0,0.0,2,0
Spain,Male,29.0,0.0,2,0
Spain,Male,32.0,105792.9,1,1
Spain,Female,59.0,0.0,2,0
Spain,Female,28.0,168253.21,1,0
Spain,Female,41.0,82321.88,1,0
Spain,Female,48.0,0.0,1,1
Spain,Female,41.0,0.0,2,0
Spain,Male,38.0,0.0,2,0
Spain,Male,39.0,112949.71,1,0
Spain,Female,29.0,27755.97,1,0
Spain,Female,35.0,0.0,2,0
Spain,Male,25.0,0.0,1,1
Spain,Male,43.0,161807.18,2,0
Spain,Female,45.0,0.0,1,0
Spain,Male,34.0,0.0,2,0
Spain,Female,33.0,136858.42,3,1
Spain,Male,67.0,125919.35,1,0
Spain,Female,46.0,104356.88,1,1
Spain,Male,33.0,0.0,2,0
Spain,Female,52.0,0.0,3,1
Spain,Female,40.0,151858.98,1,0
Spain,Female,35.0,0.0,2,0
Spain,Female,44.0,0.0,2,0
Spain,Male,43.0,0.0,1,1
Spain,Female,35.0,0.0,2,0
Spain,Male,36.0,100812.29,1,0
Spain,Female,38.0,0.0,2,0
Spain,Male,33.0,115532.52,2,0
Spain,Male,46.0,0.0,1,0
Spain,Female,40.0,0.0,2,1
Spain,Male,42.0,0.0,2,0
Spain,Male,63.0,134644.19,1,0
Spain,Male,32.0,143637.98,2,0
Spain,Female,30.0,151855.33,1,0
Spain,Male,51.0,0.0,2,0
Spain,Male,24.0,133628.09,2,0
Spain,Female,44.0,0.0,2,0
Spain,Male,31.0,0.0,2,0
Spain,Female,36.0,0.0,2,0
Spain,Female,46.0,179915.85,1,1
Spain,Male,28.0,0.0,2,0
Spain,Male,25.0,160599.06,2,0
Spain,Male,32.0,114948.76,1,0
Spain,Male,32.0,0.0,2,0
Spain,Male,32.0,134237.07,1,0
Spain,Male,43.0,0.0,3,1
Spain,Female,51.0,0.0,1,1
Spain,Male,36.0,0.0,2,0
Spain,Female,34.0,0.0,2,0
Spain,Male,37.0,145382.61,1,0
Spain,Male,28.0,93547.23,1,0
Spain,Male,47.0,0.0,2,1
Spain,Male,21.0,96888.39,1,0
Spain,Male,41.0,137715.74,1,0
Spain,Female,38.0,0.0,1,1
Spain,Female,38.0,0.0,2,0
Spain,Male,42.0,0.0,1,0
Spain,Male,29.0,123553.19,1,1
Spain,Female,38.0,127864.81,1,0
Spain,Female,40.0,149961.99,2,0
Spain,Male,36.0,0.0,1,0
Spain,Female,42.0,0.0,2,0
Spain,Female,19.0,0.0,1,1
Spain,Male,29.0,0.0,2,0
Spain,Male,31.0,73211.12,1,0
Spain,Female,30.0,0.0,2,0
Spain,Female,31.0,0.0,2,0
Spain,Male,40.0,0.0,2,0
Spain,Female,32.0,0.0,1,0
Spain,Male,47.0,0.0,2,0
Spain,Female,29.0,0.0,2,0
Spain,Female,30.0,0.0,2,0
Spain,Male,35.0,0.0,2,0
Spain,Male,27.0,0.0,2,0
Spain,Male,50.0,0.0,2,0
Spain,Female,49.0,0.0,1,1
Spain,Male,49.0,0.0,2,0
Spain,Male,32.0,124976.19,1,0
Spain,Female,35.0,0.0,2,0
Spain,Female,42.0,0.0,2,0
Spain,Male,36.0,0.0,2,0
Spain,Female,37.0,0.0,2,0
Spain,Male,39.0,0.0,2,0
Spain,Male,38.0,0.0,2,0
Spain,Male,33.0,0.0,2,0
Spain,Female,28.0,95357.49,1,0
Spain,Male,30.0,0.0,1,0
Spain,Male,39.0,89039.9,1,0
Spain,Female,32.0,105770.14,2,0
Spain,Male,40.0,0.0,2,0
Spain,Male,36.0,0.0,2,0
Spain,Female,34.0,0.0,2,0
Spain,Female,38.0,0.0,2,0
Spain,Male,55.0,107422.81,1,0
Spain,Male,30.0,0.0,2,0
Spain,Male,25.0,0.0,1,0
Spain,Female,35.0,0.0,2,0
Spain,Male,64.0,0.0,2,0
Spain,Male,41.0,0.0,2,0
Spain,Male,45.0,106518.52,1,0
Spain,Male,30.0,0.0,2,0
Spain,Female,59.0,0.0,1,0
Spain,Female,45.0,0.0,1,0
Spain,Female,40.0,128509.63,1,0
Spain,Male,51.0,0.0,2,0
Spain,Female,31.0,108449.23,1,0
Spain,Male,51.0,0.0,2,0
Spain,Female,40.0,83555.58,1,0
Spain,Female,37.0,0.0,2,0
Spain,Male,49.0,124577.23,1,1
Spain,Female,38.0,139859.2,1,0
Spain,Female,39.0,0.0,2,0
Spain,Male,33.0,0.0,2,0
Spain,Male,40.0,120811.74,1,0
Spain,Male,34.0,0.0,2,0
Spain,Male,42.0,0.0,2,0
Spain,Female,25.0,0.0,1,0
Spain,Female,40.0,0.0,2,0
Spain,Male,31.0,0.0,2,0
Spain,Male,24.0,136547.99,1,1
Spain,Female,38.0,109949.05,1,0
Spain,Female,40.0,120586.52,1,0
Spain,Female,56.0,0.0,2,0
Spain,Female,43.0,0.0,1,1
Spain,Male,43.0,0.0,2,0
Spain,Male,37.0,0.0,2,0
Spain,Male,37.0,123870.11,1,0
Spain,Female,57.0,54901.01,2,1
Spain,Male,37.0,0.0,2,0
Spain,Male,45.0,113522.64,2,1
Spain,Male,30.0,0.0,2,0
Spain,Male,39.0,0.0,2,0
Spain,Male,30.0,0.0,2,0
Spain,Male,41.0,0.0,3,1
Spain,Male,37.0,0.0,2,0
Spain,Male,38.0,0.0,2,0
Spain,Female,31.0,0.0,2,0
Spain,Male,47.0,0.0,1,1
Spain,Female,35.0,0.0,2,0
Spain,Female,35.0,111833.47,1,0
Spain,Female,35.0,136658.61,1,0
Spain,Male,52.0,0.0,2,0
Spain,Male,35.0,0.0,2,0
Spain,Male,36.0,134766.85,1,0
Spain,Female,38.0,0.0,2,0
Spain,Male,34.0,0.0,2,0
Spain,Male,32.0,0.0,3,0
Spain,Female,35.0,0.0,2,0
Spain,Female,35.0,0.0,1,1
Spain,Male,31.0,164557.95,1,0
Spain,Male,32.0,0.0,1,0
Spain,Male,46.0,152760.46,1,0
Spain,Male,30.0,0.0,2,0
Spain,Female,40.0,0.0,1,1
Spain,Male,31.0,145260.23,2,0
Spain,Female,36.0,0.0,2,0
Spain,Female,35.0,0.0,2,0
Spain,Male,20.0,0.0,2,0
Spain,Male,29.0,0.0,2,0
Spain,Female,29.0,0.0,2,0
Spain,Female,41.0,91284.55,1,0
Spain,Male,40.0,104784.23,2,0
Spain,Male,49.0,0.0,2,0
Spain,Female,36.0,140576.11,1,0
Spain,Male,40.0,0.0,2,0
Spain,Male,50.0,0.0,1,1
Spain,Male,43.0,0.0,1,0
Spain,Male,33.0,0.0,2,0
Spain,Female,31.0,0.0,2,0
Spain,Male,31.0,130170.06,1,0
Spain,Male,33.0,0.0,1,0
Spain,Male,54.0,0.0,1,1
Spain,Male,33.0,0.0,2,0
Spain,Male,28.0,0.0,2,0
Spain,Female,32.0,0.0,2,0
Spain,Male,34.0,113096.41,1,0
Spain,Female,36.0,0.0,2,0
Spain,Male,33.0,104978.57,1,0
Spain,Male,38.0,100013.51,1,0
Spain,Female,31.0,121691.54,2,0
Spain,Male,41.0,0.0,2,0
Spain,Male,44.0,104833.57,3,1
Spain,Male,34.0,99810.5,1,0
Spain,Male,28.0,0.0,2,0
Spain,Male,30.0,0.0,2,0
Spain,Male,42.0,125850.28,2,0
Spain,Female,32.0,0.0,2,0
Spain,Female,48.0,117412.35,1,0
Spain,Male,29.0,0.0,2,0
Spain,Male,41.0,0.0,2,0
Spain,Male,39.0,127201.48,1,0
Spain,Female,25.0,99095.73,1,0
Spain,Male,31.0,0.0,2,0
Spain,Female,29.0,104129.88,1,1
Spain,Male,49.0,0.0,2,1
Spain,Female,30.0,0.0,2,0
Spain,Female,39.0,0.0,1,0
Spain,Male,32.0,97772.04,2,0
Spain,Male,36.0,0.0,2,0
Spain,Male,43.0,111927.45,1,1
Spain,Male,37.0,0.0,2,0
Spain,Male,28.0,0.0,1,0
Spain,Male,45.0,0.0,2,0
Spain,Male,29.0,153537.57,1,0
Spain,Female,35.0,153058.64,1,1
Spain,Female,38.0,0.0,1,1
Spain,Female,34.0,143571.56,1,0
Spain,Female,46.0,0.0,2,0
Spain,Female,32.0,165413.76,2,0
Spain,Male,32.0,0.0,2,0
Spain,Female,37.0,0.0,1,1
Spain,Female,40.0,100471.34,1,0
Spain,Male,45.0,0.0,2,0
Spain,Male,29.0,0.0,2,0
Spain,Male,33.0,0.0,2,1
Spain,Male,35.0,0.0,2,0
Spain,Female,48.0,101198.01,1,1
Spain,Male,58.0,0.0,1,1
Spain,Female,36.0,0.0,2,0
Spain,Female,40.0,0.0,2,0
Spain,Male,56.0,0.0,2,0
Spain,Female,38.0,0.0,1,0
Spain,Male,56.0,157559.59,1,0
Spain,Female,26.0,161267.58,1,0
Spain,Male,38.0,0.0,1,0
Spain,Male,43.0,0.0,2,0
Spain,Female,35.0,141284.05,2,0
Spain,Female,40.0,0.0,2,0
Spain,Male,62.0,131078.42,1,1
Spain,Male,35.0,106518.52,1,0
Spain,Male,44.0,0.0,1,1
Spain,Female,49.0,0.0,1,1
Spain,Female,50.0,0.0,2,0
Spain,Female,29.0,0.0,2,0
Spain,Male,43.0,0.0,2,1
Spain,Male,32.0,0.0,2,0
Spain,Female,35.0,0.0,1,0
Spain,Male,30.0,0.0,2,0
Spain,Female,32.0,0.0,2,0
Spain,Male,39.0,0.0,4,1
Spain,Male,81.0,149940.04,1,0
Spain,Female,52.0,0.0,1,1
Spain,Female,41.0,90957.89,1,0
Spain,Male,36.0,70417.9,1,0
Spain,Male,29.0,141205.97,1,0
Spain,Male,34.0,0.0,2,0
Spain,Female,41.0,106446.85,1,1
Spain,Female,36.0,0.0,2,0
Spain,Male,31.0,0.0,2,0
Spain,Male,38.0,76597.79,1,0
Spain,Female,58.0,0.0,1,1
Spain,Male,35.0,0.0,1,0
Spain,Male,36.0,0.0,2,0
Spain,Female,45.0,0.0,3,1
Spain,Male,38.0,0.0,2,0
Spain,Male,47.0,102535.24,1,0
Spain,Female,36.0,0.0,2,1
Spain,Female,33.0,127877.67,1,1
Spain,Female,36.0,113000.66,1,0
Spain,Male,32.0,105599.67,1,0
Spain,Male,41.0,0.0,2,0
Spain,Male,35.0,0.0,1,1
Spain,Female,31.0,0.0,2,0
Spain,Male,51.0,0.0,2,0
Spain,Female,32.0,0.0,2,0
Spain,Male,36.0,0.0,2,0
Spain,Male,40.0,0.0,2,0
Spain,Female,35.0,92716.96,2,0
Spain,Female,30.0,0.0,2,0
Spain,Female,31.0,0.0,2,0
Spain,Female,42.0,0.0,2,0
Spain,Female,36.0,0.0,1,1
Spain,Female,36.0,171378.76,1,1
Spain,Male,35.0,0.0,1,0
Spain,Male,33.0,0.0,2,0
Spain,Female,39.0,79035.95,1,0
Spain,Female,50.0,88477.15,1,0
Spain,Female,33.0,92930.92,1,1
Spain,Female,25.0,76595.49,1,0
Spain,Female,41.0,0.0,2,0
Spain,Female,37.0,137781.07,1,0
Spain,Female,37.0,123536.52,1,0
Spain,Male,26.0,93616.35,1,0
Spain,Male,29.0,0.0,2,0
Spain,Female,31.0,0.0,2,0
Spain,Female,46.0,0.0,2,0
Spain,Female,50.0,0.0,1,1
Spain,Male,43.0,122406.38,1,0
Spain,Female,30.0,0.0,1,0
Spain,Male,35.0,74896.92,2,0
Spain,Female,60.0,168920.75,1,0
Spain,Male,30.0,104784.23,2,0
Spain,Male,53.0,143923.96,1,0
Spain,Female,30.0,122377.28,1,0
Spain,Female,36.0,0.0,2,0
Spain,Male,39.0,0.0,2,0
Spain,Male,46.0,0.0,2,0
Spain,Female,45.0,0.0,1,1
Spain,Female,34.0,0.0,2,0
Spain,Female,38.0,0.0,2,0
Spain,Female,48.0,0.0,1,1
Spain,Male,36.0,0.0,2,0
Spain,Female,39.0,0.0,2,1
Spain,Male,41.0,0.0,1,0
Spain,Female,38.0,0.0,1,0
Spain,Female,35.0,133636.96,1,0
Spain,Female,51.0,0.0,2,0
Spain,Male,38.0,0.0,2,0
Spain,Male,34.0,0.0,2,0
Spain,Male,44.0,0.0,1,0
Spain,Female,44.0,81042.42,1,0
Spain,Male,32.0,0.0,1,0
Spain,Female,28.0,0.0,2,0
Spain,Female,40.0,0.0,2,0
Spain,Male,32.0,68193.72,1,0
Spain,Female,49.0,0.0,1,1
Spain,Female,27.0,91286.5,1,0
Spain,Female,35.0,0.0,1,1
Spain,Male,33.0,0.0,1,0
Spain,Male,22.0,131647.76,1,0
Spain,Male,39.0,0.0,1,1
Spain,Female,41.0,122314.5,1,1
Spain,Female,38.0,120599.38,2,0
Spain,Male,34.0,0.0,2,0
Spain,Female,33.0,0.0,2,0
Spain,Female,34.0,0.0,2,0
Spain,Female,32.0,0.0,2,0
Spain,Female,38.0,0.0,2,0
Spain,Male,42.0,0.0,1,0
Spain,Male,29.0,0.0,2,0
Spain,Male,47.0,0.0,2,0
Spain,Male,46.0,0.0,2,0
Spain,Male,39.0,0.0,2,0
Spain,Female,36.0,0.0,1,0
Spain,Female,39.0,0.0,2,1
Spain,Male,45.0,75212.28,1,1
Spain,Female,31.0,128398.38,2,0
Spain,Male,46.0,182364.53,1,0
Spain,Female,33.0,0.0,2,0
Spain,Male,43.0,134571.09,3,1
Spain,Female,38.0,152243.57,1,0
Spain,Female,36.0,0.0,2,0
Spain,Male,23.0,0.0,2,0
Spain,Male,44.0,89118.26,1,0
Spain,Female,45.0,142658.04,1,1
Spain,Female,43.0,0.0,2,0
Spain,Male,47.0,0.0,1,0
Spain,Male,35.0,131081.66,1,0
Spain,Male,27.0,0.0,2,0
Spain,Female,46.0,0.0,1,1
Spain,Male,26.0,0.0,2,0
Spain,Male,39.0,137980.54,1,0
Spain,Male,37.0,0.0,2,0
Spain,Female,41.0,0.0,2,0
Spain,Female,31.0,0.0,1,0
Spain,Male,30.0,0.0,2,0
Spain,Female,43.0,0.0,1,1
Spain,Female,58.0,0.0,2,0
Spain,Female,39.0,0.0,1,1
Spain,Female,46.0,0.0,2,0
Spain,Male,62.0,112181.08,2,0
Spain,Male,33.0,133871.05,2,0
Spain,Female,35.0,0.0,2,0
Spain,Female,27.0,0.0,2,0
Spain,Female,39.0,0.0,2,0
Spain,Male,43.0,115915.53,1,0
Spain,Female,64.0,0.0,3,1
Spain,Male,27.0,0.0,2,0
Spain,Female,46.0,96651.03,2,0
Spain,Female,31.0,146329.2,1,0
Spain,Male,39.0,0.0,1,1
Spain,Female,41.0,0.0,2,0
Spain,Female,40.0,152805.05,1,0
Spain,Female,55.0,128924.84,3,1
Spain,Male,53.0,106521.49,1,1
Spain,Male,56.0,0.0,1,0
Spain,Female,38.0,0.0,2,0
Spain,Female,30.0,0.0,2,0
Spain,Male,35.0,132837.63,1,1
Spain,Male,63.0,0.0,2,0
Spain,Male,31.0,0.0,2,0
Spain,Male,71.0,0.0,2,0
Spain,Male,32.0,171178.25,1,0
Spain,Female,43.0,116973.26,1,1
Spain,Female,29.0,0.0,2,0
Spain,Male,44.0,96558.66,1,0
Spain,Male,31.0,0.0,1,1
Spain,Male,43.0,0.0,2,0
Spain,Male,28.0,0.0,1,0
Spain,Male,39.0,122265.24,1,0
Spain,Female,34.0,0.0,2,0
Spain,Male,33.0,0.0,2,0
Spain,Female,33.0,0.0,2,0
Spain,Male,35.0,107949.97,2,0
Spain,Male,39.0,123536.52,1,0
Spain,Female,47.0,126147.84,1,1
Spain,Female,61.0,0.0,1,1
Spain,Female,42.0,0.0,2,0
Spain,Male,25.0,136836.49,1,0
Spain,Female,36.0,163823.37,1,0
Spain,Male,31.0,0.0,2,0
Spain,Male,37.0,0.0,2,0
Spain,Female,48.0,0.0,2,1
Spain,Male,39.0,0.0,1,1
Spain,Female,38.0,0.0,2,0
Spain,Female,51.0,0.0,1,0
Spain,Female,27.0,123826.07,1,0
Spain,Female,43.0,0.0,2,0
Spain,Male,60.0,0.0,1,1
Spain,Male,43.0,121063.47,1,0
Spain,Male,48.0,123894.43,1,0
Spain,Female,32.0,0.0,2,0
Spain,Male,36.0,0.0,1,0
Spain,Female,31.0,0.0,2,1
Spain,Male,35.0,113912.0,1,0
Spain,Female,36.0,151933.63,1,0
Spain,Female,42.0,0.0,1,1
Spain,Male,33.0,0.0,2,0
Spain,Female,39.0,97259.25,2,0
Spain,Male,45.0,74274.87,2,0
Spain,Male,41.0,0.0,2,0
Spain,Female,39.0,143903.11,1,0
Spain,Male,45.0,165798.85,2,1
Spain,Female,37.0,0.0,2,0
Spain,Male,37.0,0.0,2,0
Spain,Female,37.0,0.0,2,0
Spain,Female,35.0,0.0,2,0
Spain,Male,39.0,130652.52,1,0
Spain,Male,33.0,0.0,2,0
Spain,Male,50.0,0.0,1,0
Spain,Female,31.0,0.0,2,0
Spain,Male,36.0,0.0,1,0
Spain,Female,26.0,143212.22,1,0
Spain,Female,39.0,0.0,3,1
Spain,Male,39.0,68423.65,1,0
Spain,Female,29.0,0.0,2,0
Spain,Male,43.0,0.0,1,1
Spain,Male,29.0,117412.35,1,0
Spain,Male,43.0,0.0,2,0
Spain,Female,33.0,82697.28,1,0
Spain,Male,42.0,0.0,1,1
Spain,Female,30.0,0.0,2,0
Spain,Male,30.0,0.0,2,0
Spain,Male,46.0,0.0,2,0
Spain,Male,40.0,0.0,1,0
Spain,Male,39.0,116927.08,1,0
Spain,Male,45.0,0.0,2,0
Spain,Female,32.0,0.0,2,1
Spain,Female,34.0,105599.67,1,0
Spain,Male,61.0,0.0,1,0
Spain,Female,36.0,141038.57,2,0
Spain,Male,44.0,0.0,1,1
Spain,Male,27.0,139834.93,1,0
Spain,Male,42.0,102562.23,1,0
Spain,Male,37.0,0.0,1,0
Spain,Male,36.0,0.0,2,0
Spain,Female,40.0,0.0,2,0
Spain,Male,28.0,0.0,2,0
Spain,Male,34.0,89492.62,1,0
Spain,Male,41.0,0.0,1,0
Spain,Female,41.0,0.0,1,1
Spain,Male,50.0,0.0,2,0
Spain,Female,38.0,0.0,2,0
Spain,Male,43.0,0.0,2,0
Spain,Male,29.0,0.0,2,0
Spain,Male,46.0,0.0,1,1
Spain,Male,38.0,0.0,1,0
Spain,Female,32.0,176273.95,1,0
Spain,Female,51.0,0.0,2,0
Spain,Female,31.0,0.0,2,1
Spain,Male,40.0,0.0,1,0
Spain,Male,25.0,124978.64,1,0
Spain,Male,43.0,0.0,2,0
Spain,Female,38.0,0.0,1,0
Spain,Male,33.0,68639.57,1,0
Spain,Female,64.0,98635.74,2,0
Spain,Male,40.0,0.0,1,1
Spain,Female,28.0,0.0,2,0
Spain,Female,38.0,118098.95,1,0
Spain,Male,67.0,0.0,2,0
Spain,Female,32.0,0.0,2,0
Spain,Female,35.0,0.0,1,1
Spain,Male,28.0,141204.64,2,0
Spain,Female,31.0,150956.71,1,0
Spain,Male,41.0,0.0,2,0
Spain,Male,35.0,122315.8,2,0
Spain,Male,28.0,152812.44,1,1
Spain,Female,46.0,117300.27,3,1
Spain,Male,46.0,0.0,1,1
Spain,Male,32.0,0.0,2,0
Spain,Male,31.0,0.0,1,0
Spain,Male,48.0,0.0,1,0
Spain,Female,33.0,0.0,1,1
Spain,Female,38.0,0.0,1,1
Spain,Female,32.0,0.0,2,0
Spain,Male,37.0,0.0,1,0
Spain,Male,41.0,0.0,2,0
Spain,Female,31.0,0.0,2,0
Spain,Female,53.0,0.0,1,1
Spain,Female,34.0,65328.84,1,0
Spain,Female,24.0,0.0,2,0
Spain,Male,26.0,0.0,2,0
Spain,Female,34.0,0.0,1,1
Spain,Female,38.0,0.0,2,0
Spain,Female,56.0,0.0,1,1
Spain,Female,31.0,24043.45,1,1
Spain,Male,32.0,0.0,2,0
Spain,Male,35.0,0.0,2,0
Spain,Male,58.0,0.0,2,0
Spain,Female,43.0,123070.18,1,0
Spain,Female,26.0,0.0,1,1
Spain,Female,42.0,0.0,2,0
Spain,Female,40.0,125190.86,1,0
Spain,Male,26.0,0.0,2,0
Spain,Male,29.0,112544.48,2,0
Spain,Female,36.0,0.0,1,0
Spain,Female,28.0,116314.43,1,0
Spain,Male,43.0,0.0,1,0
Spain,Male,36.0,0.0,2,0
Spain,Male,39.0,0.0,1,1
Spain,Male,48.0,0.0,1,0
Spain,Male,23.0,0.0,2,0
Spain,Female,37.0,0.0,1,1
Spain,Male,40.0,0.0,2,0
Spain,Male,30.0,0.0,2,0
Spain,Male,38.0,66483.32,1,1
Spain,Female,42.0,0.0,2,0
Spain,Female,28.0,0.0,2,0
Spain,Male,24.0,0.0,2,0
Spain,Male,58.0,0.0,1,0
Spain,Male,34.0,0.0,2,0
Spain,Female,46.0,0.0,2,0
Spain,Male,44.0,96891.79,1,0
Spain,Female,58.0,80922.75,1,1
Spain,Male,29.0,0.0,2,0
Spain,Female,38.0,66079.45,2,0
Spain,Female,33.0,0.0,2,0
Spain,Male,23.0,0.0,2,0
Spain,Female,39.0,0.0,2,0
Spain,Female,30.0,0.0,2,0
Spain,Female,33.0,89047.36,2,1
Spain,Male,27.0,0.0,2,0
Spain,Male,41.0,159492.79,1,1
Spain,Male,34.0,0.0,1,0
Spain,Male,48.0,151739.65,1,1
Spain,Male,42.0,0.0,1,0
Spain,Male,45.0,129668.43,2,0
Spain,Male,24.0,0.0,2,0
Spain,Male,27.0,0.0,1,1
Spain,Male,33.0,0.0,2,0
Spain,Male,21.0,0.0,2,0
Spain,Male,34.0,0.0,2,0
Spain,Male,36.0,0.0,1,0
Spain,Female,37.0,0.0,2,0
Spain,Female,43.0,0.0,2,0
Spain,Male,24.0,0.0,2,0
Spain,Male,34.0,0.0,2,0
Spain,Male,38.0,0.0,2,1
Spain,Male,34.0,0.0,2,0
Spain,Male,40.0,0.0,2,0
Spain,Male,32.0,142552.11,1,0
Spain,Male,40.0,0.0,2,0
Spain,Female,29.0,0.0,2,0
Spain,Female,26.0,0.0,2,0
Spain,Male,34.0,138190.13,2,0
Spain,Female,38.0,131078.42,1,0
Spain,Male,32.0,0.0,2,0
Spain,Female,33.0,0.0,2,0
Spain,Female,37.0,107856.57,2,0
Spain,Female,22.0,0.0,2,0
Spain,Female,23.0,0.0,1,0
Spain,Male,49.0,0.0,2,0
Spain,Male,39.0,0.0,1,0
Spain,Female,34.0,0.0,2,0
Spain,Male,40.0,0.0,1,1
Spain,Male,34.0,82476.39,1,0
Spain,Male,29.0,0.0,2,0
Spain,Female,31.0,101675.22,2,0
Spain,Female,45.0,0.0,1,0
Spain,Female,22.0,149995.72,1,0
Spain,Female,57.0,0.0,2,0
Spain,Male,34.0,0.0,2,0
Spain,Female,42.0,101861.36,1,0
Spain,Male,55.0,0.0,1,1
Spain,Female,39.0,0.0,2,0
Spain,Female,33.0,0.0,2,0
Spain,Female,43.0,0.0,1,1
Spain,Female,43.0,176134.54,1,0
Spain,Female,23.0,0.0,2,0
Spain,Female,48.0,0.0,2,0
Spain,Male,40.0,0.0,2,0
Spain,Female,31.0,0.0,1,0
Spain,Female,35.0,0.0,2,0
Spain,Female,63.0,0.0,3,1
Spain,Male,38.0,0.0,2,0
Spain,Female,43.0,0.0,2,1
Spain,Male,33.0,122451.46,1,0
Spain,Female,39.0,137843.8,1,0
Spain,Male,31.0,0.0,2,0
Spain,Male,39.0,207034.96,2,0
Spain,Male,40.0,0.0,2,0
Spain,Male,52.0,145874.34,1,0
Spain,Female,43.0,0.0,1,1
Spain,Female,39.0,0.0,2,0
Spain,Male,34.0,0.0,2,0
Spain,Male,40.0,0.0,2,1
Spain,Male,40.0,0.0,2,0
Spain,Male,45.0,0.0,1,0
Spain,Female,45.0,0.0,2,1
Spain,Male,32.0,72664.0,2,0
Spain,Female,37.0,0.0,2,0
Spain,Male,36.0,161274.09,1,0
Spain,Female,33.0,0.0,2,0
Spain,Male,58.0,0.0,2,0
Spain,Female,23.0,0.0,2,0
Spain,Female,42.0,0.0,2,0
Spain,Female,56.0,0.0,1,1
Spain,Male,37.0,0.0,2,0
Spain,Male,40.0,129922.31,1,0
Spain,Female,37.0,103516.87,1,0
Spain,Male,35.0,0.0,1,0
Spain,Male,24.0,115479.48,1,0
Spain,Male,22.0,0.0,2,0
Spain,Female,39.0,0.0,2,0
Spain,Male,30.0,0.0,2,0
Spain,Female,29.0,0.0,2,0
Spain,Male,30.0,0.0,2,0
Spain,Male,45.0,0.0,2,0
Spain,Female,51.0,0.0,1,1
Spain,Male,26.0,0.0,2,0
Spain,Male,22.0,97403.18,1,0
Spain,Male,36.0,0.0,2,0
Spain,Female,37.0,101707.8,1,0
Spain,Male,36.0,0.0,1,0
Spain,Female,35.0,0.0,2,0
Spain,Female,44.0,0.0,2,0
Spain,Female,40.0,0.0,2,0
Spain,Female,30.0,0.0,1,1
Spain,Male,46.0,131764.96,1,0
Spain,Male,35.0,0.0,2,0
Spain,Female,40.0,0.0,2,0
Spain,Female,36.0,0.0,2,0
Spain,Male,32.0,0.0,1,0
Spain,Female,40.0,0.0,2,0
Spain,Female,34.0,0.0,1,0
Spain,Male,31.0,170826.09,1,0
Spain,Female,26.0,0.0,2,0
Spain,Female,42.0,119182.73,1,0
Spain,Female,29.0,0.0,2,0
Spain,Male,30.0,117320.51,1,0
Spain,Female,43.0,0.0,2,0
Spain,Male,36.0,0.0,2,1
Spain,Female,25.0,0.0,2,0
Spain,Female,51.0,0.0,2,0
Spain,Female,46.0,140733.63,1,0
Spain,Male,29.0,0.0,1,0
Spain,Male,32.0,0.0,2,0
Spain,Male,29.0,0.0,2,0
Spain,Male,50.0,0.0,2,0
Spain,Male,38.0,0.0,2,0
Spain,Male,31.0,0.0,1,1
Spain,Male,44.0,85891.55,1,0
Spain,Female,40.0,0.0,1,1
Spain,Male,32.0,0.0,2,0
Spain,Male,44.0,0.0,1,0
Spain,Male,28.0,0.0,2,0
Spain,Female,36.0,0.0,2,0
Spain,Female,27.0,0.0,2,0
Spain,Female,40.0,0.0,2,0
Spain,Female,33.0,154969.79,2,1
Spain,Male,31.0,0.0,2,0
Spain,Male,35.0,0.0,2,0
Spain,Male,40.0,0.0,2,0
Spain,Male,38.0,0.0,2,0
Spain,Female,52.0,121161.57,1,0
Spain,Female,29.0,0.0,2,0
Spain,Male,37.0,131607.56,1,0
Spain,Male,46.0,0.0,1,1
Spain,Female,34.0,0.0,2,0
Spain,Male,34.0,123877.22,1,0
Spain,Female,43.0,121453.63,1,1
Spain,Female,36.0,0.0,2,0
Spain,Male,41.0,145843.82,2,0
Spain,Male,42.0,154430.18,1,0
Spain,Female,40.0,0.0,2,0
Spain,Male,44.0,124053.0,1,0
Spain,Male,29.0,0.0,2,0
Spain,Male,41.0,108822.4,1,0
Spain,Female,34.0,0.0,2,0
Spain,Male,31.0,109052.04,1,0
Spain,Female,38.0,0.0,2,0
Spain,Male,59.0,61710.44,2,0
Spain,Female,47.0,144801.97,1,1
Spain,Male,44.0,0.0,1,1
Spain,Female,35.0,0.0,2,0
Spain,Female,31.0,153617.47,1,0
Spain,Female,42.0,0.0,1,1
Spain,Male,39.0,0.0,2,0
Spain,Female,61.0,0.0,1,1
Spain,Male,32.0,179305.09,1,0
Spain,Male,62.0,0.0,1,1
Spain,Male,32.0,0.0,2,0
Spain,Male,44.0,0.0,2,1
Spain,Female,61.0,96888.39,1,1
Spain,Female,42.0,0.0,1,1
Spain,Male,36.0,0.0,2,0
Spain,Male,34.0,0.0,2,0
Spain,Male,48.0,116260.0,1,1
Spain,Male,36.0,0.0,2,0
Spain,Male,31.0,135213.71,2,0
Spain,Male,40.0,83889.03,1,0
Spain,Male,23.0,69608.14,1,0
Spain,Male,30.0,0.0,2,0
Spain,Male,41.0,0.0,1,0
Spain,Female,28.0,0.0,2,0
Spain,Male,41.0,112119.48,1,0
Spain,Female,45.0,131326.47,1,0
Spain,Male,35.0,0.0,2,0
Spain,Male,37.0,0.0,2,0
Spain,Female,34.0,0.0,2,0
Spain,Male,48.0,116062.53,1,1
Spain,Female,40.0,83771.15,1,1
Spain,Female,56.0,127536.44,1,1
Spain,Male,35.0,0.0,1,0
Spain,Female,31.0,113693.0,1,1
Spain,Female,49.0,0.0,2,0
Spain,Male,48.0,75801.74,1,0
Spain,Male,54.0,0.0,1,0
Spain,Male,39.0,113488.68,1,0
Spain,Female,46.0,0.0,1,1
Spain,Male,46.0,0.0,2,0
Spain,Female,36.0,141947.67,1,0
Spain,Female,37.0,0.0,2,0
Spain,Male,39.0,0.0,2,0
Spain,Female,46.0,0.0,2,0
Spain,Female,42.0,0.0,2,0
Spain,Male,32.0,131404.04,1,0
Spain,Male,29.0,0.0,2,0
Spain,Female,36.0,0.0,2,0
Spain,Female,37.0,0.0,2,0
Spain,Male,32.0,0.0,2,0
Spain,Female,34.0,0.0,2,0
Spain,Male,32.0,0.0,2,0
Spain,Male,36.0,0.0,2,0
Spain,Female,38.0,0.0,2,0
Spain,Male,33.0,70655.48,1,0
Spain,Female,47.0,0.0,2,0
Spain,Male,43.0,0.0,1,1
Spain,Male,53.0,0.0,1,1
Spain,Female,43.0,0.0,2,0
Spain,Male,57.0,0.0,2,0
Spain,Male,49.0,0.0,1,1
Spain,Male,71.0,0.0,2,0
Spain,Female,41.0,104787.44,1,0
Spain,Male,30.0,0.0,2,0
Spain,Male,36.0,0.0,1,0
Spain,Female,22.0,0.0,3,1
Spain,Female,39.0,0.0,1,0
Spain,Male,33.0,0.0,2,0
Spain,Male,56.0,102708.2,1,1
Spain,Male,33.0,0.0,2,0
Spain,Female,38.0,0.0,2,0
Spain,Male,33.0,139810.34,1,0
Spain,Female,35.0,0.0,1,0
Spain,Male,45.0,139825.56,1,0
Spain,Male,34.0,0.0,1,0
Spain,Male,32.0,122453.97,1,0
Spain,Male,34.0,0.0,2,0
Spain,Male,46.0,0.0,1,1
Spain,Female,45.0,174902.26,1,1
Spain,Male,40.0,0.0,1,1
Spain,Male,35.0,116932.59,1,0
Spain,Male,41.0,119782.72,1,1
Spain,Male,28.0,0.0,2,0
Spain,Male,38.0,0.0,2,0
Spain,Male,38.0,0.0,2,0
Spain,Male,39.0,148749.29,1,0
Spain,Male,53.0,120911.75,1,1
Spain,Male,31.0,0.0,2,0
Spain,Male,58.0,136623.19,1,1
Spain,Male,37.0,0.0,2,0
Spain,Male,42.0,0.0,2,0
Spain,Male,49.0,0.0,2,1
Spain,Female,27.0,0.0,2,0
Spain,Female,25.0,0.0,2,0
Spain,Male,45.0,0.0,2,0
Spain,Male,36.0,142910.44,1,0
Spain,Male,39.0,124447.73,2,0
Spain,Female,40.0,0.0,2,0
Spain,Male,35.0,0.0,2,0
Spain,Male,40.0,121669.93,1,0
Spain,Female,32.0,132835.56,1,1
Spain,Male,42.0,108269.28,1,0
Spain,Female,58.0,0.0,2,0
Spain,Male,35.0,0.0,2,0
Spain,Male,31.0,131287.36,2,0
Spain,Male,33.0,0.0,2,0
Spain,Male,38.0,0.0,2,0
Spain,Female,35.0,168078.82,1,0
Spain,Male,44.0,55853.33,1,0
Spain,Male,40.0,0.0,1,1
Spain,Male,44.0,0.0,1,0
Spain,Male,33.0,77253.22,2,0
Spain,Female,38.0,0.0,1,0
Spain,Female,58.0,0.0,2,0
Spain,Female,48.0,145338.82,2,1
Spain,Male,41.0,0.0,2,0
Spain,Male,38.0,59568.57,1,0
Spain,Male,43.0,0.0,2,0
Spain,Female,45.0,100727.5,1,1
Spain,Male,31.0,0.0,2,0
Spain,Male,32.0,0.0,2,0
Spain,Female,34.0,0.0,1,1
Spain,Female,27.0,158697.61,1,0
Spain,Male,29.0,0.0,1,0
Spain,Male,45.0,0.0,2,0
Spain,Female,42.0,0.0,2,0
Spain,Female,34.0,127948.57,1,0
Spain,Male,35.0,0.0,2,0
Spain,Female,28.0,122525.28,1,0
Spain,Female,61.0,0.0,1,1
Spain,Female,32.0,156834.34,2,0
Spain,Male,32.0,0.0,2,0
Spain,Male,39.0,139723.9,1,0
Spain,Male,39.0,0.0,1,1
Spain,Female,35.0,113635.16,2,0
Spain,Female,41.0,0.0,2,0
Spain,Male,46.0,104488.17,1,1
Spain,Male,39.0,0.0,2,0
Spain,Female,29.0,129472.33,1,0
Spain,Male,39.0,0.0,2,0
Spain,Male,62.0,0.0,2,0
Spain,Female,39.0,142319.03,1,0
Spain,Female,32.0,0.0,2,0
Spain,Male,40.0,0.0,2,0
Spain,Male,48.0,142475.87,1,1
Spain,Male,46.0,0.0,1,1
Spain,Female,31.0,0.0,1,1
Spain,Male,26.0,112212.14,2,0
Spain,Male,43.0,0.0,1,1
Spain,Female,44.0,0.0,1,1
Spain,Female,34.0,0.0,2,0
Spain,Female,32.0,135946.26,1,1
Spain,Female,36.0,132387.88,1,0
Spain,Female,37.0,0.0,1,0
Spain,Female,28.0,24043.45,1,0
Spain,Female,31.0,138742.92,1,0
Spain,Female,27.0,0.0,2,0
Spain,Male,49.0,0.0,1,1
Spain,Female,54.0,0.0,2,0
Spain,Female,51.0,0.0,2,1
Spain,Male,34.0,0.0,2,0
Spain,Female,38.0,0.0,2,0
Spain,Female,36.0,0.0,2,0
Spain,Male,36.0,0.0,2,0
Spain,Female,40.0,0.0,1,1
Spain,Female,38.0,0.0,2,0
Spain,Male,67.0,108555.07,2,0
Spain,Female,34.0,0.0,1,0
Spain,Female,36.0,0.0,2,0
Spain,Male,60.0,108732.95,1,0
Spain,Male,33.0,0.0,1,0
Spain,Female,36.0,0.0,2,0
Spain,Male,42.0,0.0,1,1
Spain,Male,41.0,80926.03,1,0
Spain,Female,34.0,0.0,2,0
Spain,Female,28.0,0.0,2,1
Spain,Female,39.0,122486.11,2,0
Spain,Female,34.0,0.0,2,0
Spain,Male,37.0,0.0,2,0
Spain,Male,40.0,161766.87,1,1
Spain,Male,59.0,0.0,2,0
Spain,Male,38.0,125961.74,2,1
Spain,Male,39.0,122384.22,1,0
Spain,Male,33.0,0.0,2,0
Spain,Male,42.0,130806.99,1,0
Spain,Female,28.0,107433.48,1,0
Spain,Female,31.0,0.0,1,1
Spain,Male,36.0,0.0,2,0
Spain,Female,45.0,0.0,1,1
Spain,Male,40.0,127773.23,1,0
Spain,Female,55.0,109799.55,1,1
Spain,Female,33.0,0.0,2,0
Spain,Female,39.0,134760.21,2,0
Spain,Female,26.0,0.0,2,0
Spain,Male,35.0,0.0,2,0
Spain,Male,31.0,0.0,2,0
Spain,Female,40.0,0.0,1,0
Spain,Male,41.0,0.0,1,1
Spain,Male,37.0,103769.22,1,0
Spain,Male,35.0,0.0,2,0
Spain,Male,29.0,0.0,1,0
Spain,Female,44.0,101851.8,1,0
Spain,Female,46.0,0.0,2,0
Spain,Male,38.0,0.0,2,0
Spain,Female,64.0,169362.43,1,1
Spain,Male,38.0,0.0,2,0
Spain,Female,41.0,0.0,2,0
Spain,Female,24.0,120867.18,1,0
Spain,Female,31.0,0.0,1,0
Spain,Male,32.0,0.0,1,0
Spain,Female,38.0,80780.32,1,0
Spain,Male,32.0,156972.04,2,0
Spain,Female,45.0,116465.53,3,1
Spain,Male,37.0,108548.09,1,0
Spain,Male,39.0,122773.5,1,0
Spain,Male,29.0,0.0,1,1
Spain,Male,44.0,0.0,3,1
Spain,Male,24.0,0.0,2,0
Spain,Female,39.0,0.0,2,0
Spain,Male,33.0,0.0,2,0
Spain,Female,36.0,0.0,2,0
Spain,Female,38.0,0.0,3,1
Spain,Female,50.0,0.0,1,1
Spain,Male,42.0,0.0,2,0
Spain,Female,29.0,115897.12,1,0
Spain,Male,25.0,0.0,2,0
Spain,Female,35.0,127864.4,1,0
Spain,Male,38.0,0.0,1,0
Spain,Female,36.0,0.0,2,0
Spain,Female,37.0,0.0,2,0
Spain,Female,36.0,0.0,2,0
Spain,Female,40.0,137494.28,1,0
Spain,Female,39.0,0.0,2,0
Spain,Male,38.0,0.0,2,0
Spain,Male,42.0,0.0,2,0
Spain,Male,39.0,0.0,2,0
Spain,Female,51.0,0.0,2,0
Spain,Male,38.0,0.0,2,0
Spain,Female,32.0,133806.54,2,0
Spain,Male,31.0,142389.59,2,0
Spain,Male,35.0,0.0,1,1
Spain,Female,34.0,0.0,2,0
Spain,Male,38.0,0.0,2,0
Spain,Male,35.0,183555.24,2,0
Spain,Male,41.0,138937.35,1,1
Spain,Female,53.0,150200.23,1,1
Spain,Female,38.0,0.0,1,0
Spain,Male,33.0,0.0,2,0
Spain,Male,38.0,0.0,2,0
Spain,Female,35.0,133868.21,1,0
Spain,Female,23.0,0.0,2,0
Spain,Male,36.0,123761.68,1,0
Spain,Male,72.0,0.0,1,0
Spain,Male,28.0,102714.65,1,0
Spain,Female,37.0,0.0,2,0
Spain,Female,24.0,0.0,1,0
Spain,Female,30.0,0.0,2,0
Spain,Female,32.0,0.0,2,0
Spain,Male,63.0,0.0,2,0
Spain,Female,42.0,0.0,2,0
Spain,Male,33.0,161757.87,1,0
Spain,Male,31.0,0.0,2,0
Spain,Male,36.0,177737.63,1,0
Spain,Male,37.0,0.0,2,0
Spain,Male,42.0,0.0,2,0
Spain,Male,39.0,0.0,2,0
Spain,Male,34.0,0.0,2,0
Spain,Male,45.0,0.0,2,0
Spain,Male,30.0,0.0,2,0
Spain,Female,44.0,0.0,2,0
Spain,Female,23.0,0.0,2,0
Spain,Male,39.0,0.0,2,0
Spain,Male,33.0,0.0,2,0
Spain,Male,34.0,0.0,2,0
Spain,Male,38.0,69974.62,1,0
Spain,Male,34.0,0.0,2,0
Spain,Male,32.0,0.0,2,0
Spain,Male,27.0,152341.55,2,0
Spain,Male,41.0,0.0,1,1
Spain,Female,50.0,131762.94,1,0
Spain,Female,35.0,0.0,2,0
Spain,Female,32.0,0.0,1,0
Spain,Female,32.0,0.0,2,0
Spain,Male,37.0,0.0,2,0
Spain,Male,36.0,116674.55,2,1
Spain,Male,30.0,0.0,2,0
Spain,Female,46.0,0.0,1,1
Spain,Male,26.0,0.0,2,0
Spain,Female,38.0,0.0,2,0
Spain,Female,40.0,0.0,2,0
Spain,Male,34.0,86053.61,2,0
Spain,Male,32.0,101247.27,1,0
Spain,Male,32.0,0.0,2,0
Spain,Female,53.0,143923.96,2,0
Spain,Female,40.0,0.0,1,1
Spain,Female,32.0,0.0,2,0
Spain,Female,36.0,0.0,1,0
Spain,Female,54.0,0.0,1,0
Spain,Female,34.0,0.0,1,0
Spain,Male,38.0,92786.66,1,0
Spain,Female,48.0,0.0,2,0
Spain,Female,55.0,103176.62,1,1
Spain,Female,41.0,0.0,1,0
Spain,Male,44.0,167949.78,1,0
Spain,Female,54.0,123674.28,1,0
Spain,Male,36.0,127397.34,2,0
Spain,Male,29.0,0.0,2,0
Spain,Male,34.0,0.0,1,1
Spain,Female,42.0,0.0,2,0
Spain,Male,75.0,126273.95,1,0
Spain,Female,43.0,0.0,1,1
Spain,Female,37.0,0.0,2,0
Spain,Male,38.0,0.0,1,0
Spain,Female,49.0,54817.55,3,1
Spain,Male,29.0,0.0,2,0
Spain,Female,43.0,0.0,2,0
Spain,Male,35.0,0.0,2,0
Spain,Male,44.0,0.0,1,0
Spain,Male,56.0,209767.31,2,0
Spain,Male,32.0,150126.42,1,0
Spain,Male,33.0,0.0,2,0
Spain,Male,32.0,0.0,2,0
Spain,Male,43.0,0.0,2,0
Spain,Female,50.0,0.0,1,1
Spain,Male,31.0,0.0,1,0
Spain,Female,40.0,137933.52,1,1
Spain,Female,42.0,101043.63,1,0
Spain,Female,27.0,0.0,2,0
Spain,Male,35.0,0.0,2,0
Spain,Male,29.0,0.0,2,0
Spain,Female,35.0,0.0,2,0
Spain,Female,37.0,0.0,1,1
Spain,Male,36.0,0.0,2,0
Spain,Female,39.0,92636.96,1,1
Spain,Female,55.0,0.0,1,1
Spain,Female,38.0,0.0,1,0
Spain,Female,31.0,0.0,2,0
Spain,Male,39.0,0.0,1,0
Spain,Male,46.0,116803.5,1,1
Spain,Female,34.0,0.0,2,0
Spain,Female,39.0,0.0,2,0
Spain,Female,38.0,0.0,2,0
Spain,Male,26.0,0.0,1,0
Spain,Male,31.0,0.0,2,0
Spain,Female,33.0,0.0,2,0
Spain,Female,44.0,87612.64,2,1
Spain,Male,41.0,0.0,1,0
Spain,Male,42.0,0.0,1,0
Spain,Female,31.0,0.0,1,0
Spain,Female,42.0,0.0,2,0
Spain,Male,37.0,0.0,2,0
Spain,Female,32.0,112751.04,1,0
Spain,Male,36.0,0.0,2,0
Spain,Male,32.0,102238.01,2,0
Spain,Male,47.0,0.0,2,0
Spain,Male,28.0,0.0,2,0
Spain,Female,40.0,104833.41,3,1
Spain,Male,37.0,0.0,1,1
Spain,Male,42.0,130240.62,1,0
Spain,Female,29.0,0.0,2,0
Spain,Male,34.0,97403.18,1,0
Spain,Female,23.0,0.0,2,0
Spain,Female,22.0,0.0,2,0
Spain,Male,38.0,0.0,1,1
Spain,Male,59.0,0.0,2,0
Spain,Female,36.0,0.0,2,0
Spain,Female,37.0,111379.29,1,0
Spain,Male,30.0,0.0,2,0
Spain,Male,38.0,0.0,2,0
Spain,Female,64.0,0.0,2,0
Spain,Female,37.0,0.0,1,0
Spain,Male,53.0,118207.69,2,0
Spain,Female,41.0,0.0,2,0
Spain,Male,57.0,0.0,2,0
Spain,Female,36.0,0.0,2,0
Spain,Male,26.0,0.0,2,0
Spain,Female,40.0,0.0,2,0
Spain,Male,31.0,92599.55,1,0
Spain,Female,27.0,0.0,2,0
Spain,Male,46.0,0.0,2,0
Spain,Male,44.0,0.0,3,1
Spain,Male,38.0,0.0,2,0
Spain,Male,30.0,105799.32,2,0
Spain,Female,55.0,0.0,1,1
Spain,Male,31.0,0.0,2,0
Spain,Female,34.0,141162.07,1,0
Spain,Male,42.0,0.0,2,0
Spain,Male,42.0,161651.37,2,0
Spain,Male,29.0,122312.7,1,0
Spain,Female,28.0,142876.98,1,0
Spain,Male,39.0,132187.73,2,0
Spain,Male,35.0,133636.16,1,0
Spain,Male,38.0,0.0,2,0
Spain,Male,35.0,0.0,2,0
Spain,Female,36.0,0.0,1,1
Spain,Female,40.0,0.0,1,1
Spain,Male,39.0,0.0,2,0
Spain,Male,59.0,0.0,2,1
Spain,Male,39.0,133549.9,1,1
Spain,Female,28.0,0.0,2,0
Spain,Female,29.0,118862.07,1,0
Spain,Male,29.0,0.0,2,0
Spain,Male,38.0,0.0,2,0
Spain,Female,41.0,0.0,3,1
Spain,Male,29.0,0.0,1,0
Spain,Male,47.0,0.0,3,1
Spain,Female,43.0,0.0,1,1
Spain,Female,37.0,0.0,1,0
Spain,Female,29.0,0.0,2,0
Spain,Female,40.0,0.0,2,0
Spain,Female,52.0,75051.49,1,1
Spain,Female,40.0,0.0,2,0
Spain,Female,40.0,0.0,2,0
Spain,Male,34.0,117551.23,1,1
Spain,Female,41.0,61354.14,1,0
Spain,Male,52.0,116360.07,1,1
Spain,Male,40.0,134498.55,1,0
Spain,Female,42.0,100443.36,2,1
Spain,Female,34.0,0.0,2,0
Spain,Male,22.0,0.0,2,0
Spain,Male,32.0,0.0,2,0
Spain,Male,42.0,0.0,2,0
Spain,Male,28.0,81173.83,2,0
Spain,Male,47.0,88140.1,1,0
Spain,Male,35.0,0.0,2,0
Spain,Male,32.0,155619.36,1,0
Spain,Female,39.0,0.0,2,0
Spain,Male,44.0,0.0,2,0
Spain,Male,48.0,126418.14,1,0
Spain,Male,39.0,0.0,2,0
Spain,Female,34.0,0.0,2,0
Spain,Male,29.0,0.0,2,0
Spain,Female,49.0,0.0,1,1
Spain,Female,32.0,0.0,2,0
Spain,Male,32.0,0.0,1,1
Spain,Male,55.0,0.0,2,0
Spain,Male,48.0,0.0,1,0
Spain,Male,38.0,176273.95,1,0
Spain,Female,49.0,0.0,1,0
Spain,Female,29.0,0.0,1,0
Spain,Male,29.0,0.0,2,0
Spain,Female,32.0,121532.17,2,0
Spain,Male,63.0,0.0,2,0
Spain,Male,31.0,116409.55,2,0
Spain,Male,24.0,0.0,2,0
Spain,Male,36.0,106190.55,1,0
Spain,Male,37.0,138131.67,1,0
Spain,Male,37.0,0.0,2,0
Spain,Male,41.0,0.0,2,0
Spain,Male,27.0,136496.12,1,0
Spain,Male,34.0,125163.62,1,0
Spain,Female,29.0,0.0,2,0
Spain,Male,30.0,0.0,1,0
Spain,Female,59.0,97208.46,2,0
Spain,Male,34.0,0.0,2,0
Spain,Male,40.0,0.0,1,0
Spain,Male,25.0,113656.35,2,0
Spain,Female,52.0,0.0,1,1
Spain,Female,32.0,119023.28,1,1
Spain,Female,38.0,0.0,2,0
Spain,Male,41.0,0.0,2,0
Spain,Female,60.0,0.0,1,1
Spain,Female,37.0,0.0,2,0
Spain,Male,33.0,0.0,1,1
Spain,Male,48.0,0.0,2,0
Spain,Male,39.0,156771.02,1,0
Spain,Female,26.0,148874.01,1,0
Spain,Male,64.0,0.0,2,0
Spain,Male,29.0,103417.74,1,1
Spain,Male,35.0,116318.23,1,0
Spain,Male,39.0,118577.24,2,1
Spain,Male,35.0,0.0,2,0
Spain,Male,34.0,0.0,2,0
Spain,Female,38.0,0.0,1,0
Spain,Male,41.0,122917.69,1,0
Spain,Female,41.0,0.0,1,0
Spain,Female,45.0,105266.32,1,0
Spain,Male,29.0,0.0,2,0
Spain,Female,24.0,0.0,2,0
Spain,Female,38.0,0.0,2,0
Spain,Male,36.0,0.0,2,0
Spain,Male,31.0,0.0,2,0
Spain,Male,42.0,0.0,2,0
Spain,Female,42.0,0.0,2,0
Spain,Female,43.0,100885.93,2,0
Spain,Male,28.0,0.0,1,0
Spain,Female,20.0,96956.1,1,1
Spain,Male,44.0,0.0,2,0
Spain,Male,36.0,0.0,1,0
Spain,Female,45.0,110864.38,1,1
Spain,Female,36.0,127637.95,1,0
Spain,Male,31.0,0.0,2,0
Spain,Male,55.0,0.0,2,0
Spain,Female,28.0,0.0,2,0
Spain,Male,40.0,135559.9,1,0
Spain,Male,40.0,95872.86,1,0
Spain,Male,31.0,0.0,2,0
Spain,Female,36.0,0.0,2,0
Spain,Female,44.0,115557.0,1,0
Spain,Male,35.0,0.0,3,0
Spain,Male,41.0,0.0,2,0
Spain,Male,46.0,0.0,2,0
Spain,Male,36.0,0.0,1,0
Spain,Male,47.0,0.0,3,1
Spain,Female,42.0,0.0,2,1
Spain,Female,32.0,127547.88,1,0
Spain,Male,38.0,91091.06,1,1
Spain,Male,39.0,0.0,1,1
Spain,Male,35.0,0.0,2,0
Spain,Female,43.0,161766.87,1,0
Spain,Female,36.0,0.0,2,0
Spain,Male,65.0,0.0,2,0
Spain,Male,39.0,0.0,2,0
Spain,Female,41.0,0.0,2,0
Spain,Male,29.0,0.0,1,0
Spain,Male,22.0,0.0,2,0
Spain,Female,35.0,0.0,2,0
Spain,Female,38.0,0.0,1,1
Spain,Female,31.0,110791.97,1,0
Spain,Male,69.0,0.0,2,0
Spain,Female,22.0,0.0,2,0
Spain,Female,34.0,136820.99,1,1
Spain,Male,47.0,123971.51,2,1
Spain,Male,32.0,0.0,2,0
Spain,Female,29.0,0.0,2,0
Spain,Male,31.0,0.0,2,0
Spain,Female,38.0,0.0,2,0
Spain,Female,35.0,0.0,2,0
Spain,Male,61.0,112652.08,2,1
Spain,Male,39.0,167878.33,2,0
Spain,Male,39.0,0.0,2,0
Spain,Female,36.0,0.0,2,0
Spain,Male,40.0,0.0,1,1
Spain,Male,40.0,0.0,1,0
Spain,Female,38.0,0.0,2,0
Spain,Female,31.0,0.0,2,0
Spain,Male,37.0,0.0,1,0
Spain,Female,38.0,83888.54,1,0
Spain,Male,38.0,0.0,1,0
Spain,Female,36.0,143644.16,1,0
Spain,Male,25.0,0.0,2,0
Spain,Male,33.0,0.0,1,0
Spain,Female,48.0,0.0,2,0
Spain,Male,38.0,0.0,2,0
Spain,Male,40.0,0.0,1,1
Spain,Male,45.0,172746.2,1,0
Spain,Female,36.0,0.0,2,0
Spain,Female,39.0,0.0,2,0
Spain,Male,43.0,141749.68,1,0
Spain,Male,32.0,0.0,2,0
Spain,Male,62.0,0.0,1,0
Spain,Male,34.0,111060.05,1,0
Spain,Female,38.0,0.0,2,1
Spain,Male,28.0,102282.61,1,0
Spain,Male,35.0,105269.41,1,0
Spain,Male,26.0,0.0,2,0
Spain,Male,41.0,146466.46,2,0
Spain,Male,37.0,0.0,2,0
Spain,Male,49.0,0.0,1,1
Spain,Female,35.0,0.0,2,0
Spain,Male,34.0,0.0,2,0
Spain,Female,24.0,0.0,2,0
Spain,Female,46.0,93716.72,1,0
Spain,Male,52.0,0.0,1,1
Spain,Male,41.0,0.0,2,0
Spain,Female,44.0,0.0,2,0
Spain,Male,34.0,121547.26,1,0
Spain,Male,39.0,0.0,2,0
Spain,Male,33.0,106901.42,1,0
Spain,Male,29.0,0.0,2,0
Spain,Female,35.0,0.0,2,0
Spain,Male,37.0,0.0,1,0
Spain,Female,42.0,99097.33,1,1
Spain,Female,63.0,0.0,2,0
Spain,Male,28.0,0.0,2,0
Spain,Male,31.0,91241.85,2,0
Spain,Male,36.0,152097.29,1,0
Spain,Male,57.0,136911.07,1,0
Spain,Female,44.0,95059.02,1,1
Spain,Female,53.0,0.0,1,1
Spain,Male,36.0,68432.45,1,1
Spain,Female,26.0,0.0,2,0
Spain,Male,29.0,137560.03,1,0
Spain,Male,37.0,0.0,2,0
Spain,Male,47.0,101070.68,1,0
Spain,Male,41.0,104631.67,2,0
Spain,Male,33.0,0.0,2,0
Spain,Female,46.0,66582.81,1,0
Spain,Male,37.0,0.0,2,0
Spain,Male,39.0,0.0,2,0
Spain,Female,48.0,0.0,2,0
Spain,Male,33.0,0.0,2,0
Spain,Male,32.0,0.0,2,0
Spain,Female,47.0,0.0,2,0
Spain,Male,34.0,0.0,1,0
Spain,Female,38.0,127706.33,2,1
Spain,Female,37.0,0.0,2,0
Spain,Male,32.0,0.0,2,0
Spain,Female,36.0,0.0,2,0
Spain,Female,42.0,120916.52,1,0
Spain,Male,28.0,121250.02,1,0
Spain,Male,29.0,0.0,1,0
Spain,Male,28.0,142856.55,1,0
Spain,Male,26.0,0.0,2,0
Spain,Male,35.0,0.0,1,0
Spain,Female,33.0,0.0,2,0
Spain,Female,55.0,99685.06,2,0
Spain,Female,28.0,0.0,2,0
Spain,Female,61.0,0.0,2,0
Spain,Male,36.0,149650.39,1,0
Spain,Male,23.0,0.0,2,0
Spain,Female,33.0,0.0,1,0
Spain,Female,47.0,0.0,2,0
Spain,Male,44.0,111213.59,1,0
Spain,Female,49.0,0.0,1,1
Spain,Male,32.0,0.0,2,0
Spain,Female,21.0,0.0,2,0
Spain,Male,38.0,0.0,2,0
Spain,Male,30.0,0.0,2,0
Spain,Male,45.0,0.0,1,1
Spain,Male,39.0,0.0,2,0
Spain,Male,38.0,0.0,2,0
Spain,Female,41.0,112808.18,2,0
Spain,Male,39.0,0.0,2,0
Spain,Male,33.0,0.0,2,0
Spain,Female,26.0,100565.92,1,0
Spain,Male,37.0,108431.87,2,0
Spain,Male,39.0,0.0,1,1
Spain,Male,49.0,0.0,1,1
Spain,Female,42.0,0.0,2,1
Spain,Male,37.0,142713.74,1,1
Spain,Male,40.0,0.0,2,0
Spain,Female,39.0,135133.39,1,0
Spain,Male,40.0,109740.62,1,0
Spain,Female,43.0,0.0,2,0
Spain,Male,37.0,0.0,2,0
Spain,Male,46.0,92347.11,1,0
Spain,Female,40.0,134603.88,1,0
Spain,Female,37.0,127261.35,1,0
Spain,Female,43.0,0.0,1,1
Spain,Male,50.0,133204.91,2,0
Spain,Male,55.0,0.0,1,1
Spain,Female,33.0,0.0,1,1
Spain,Male,42.0,0.0,2,0
Spain,Female,52.0,0.0,1,1
Spain,Male,36.0,0.0,2,0
Spain,Male,36.0,169312.13,1,0
Spain,Female,43.0,71996.09,1,0
Spain,Male,39.0,0.0,2,0
Spain,Female,44.0,72647.66,1,0
Spain,Female,33.0,114634.63,2,0
Spain,Female,34.0,147545.97,1,0
Spain,Male,33.0,0.0,2,0
Spain,Male,37.0,139825.56,1,0
Spain,Female,26.0,0.0,2,1
Spain,Female,43.0,0.0,2,0
Spain,Male,32.0,105918.1,1,1
Spain,Male,29.0,0.0,1,0
Spain,Female,40.0,89772.61,1,0
Spain,Female,44.0,0.0,2,0
Spain,Female,65.0,0.0,2,0
Spain,Male,30.0,0.0,2,0
Spain,Female,31.0,0.0,1,0
Spain,Male,29.0,0.0,2,0
Spain,Male,38.0,0.0,2,0
Spain,Male,33.0,112414.81,1,0
Spain,Male,29.0,0.0,2,0
Spain,Female,30.0,0.0,1,0
Spain,Male,31.0,95231.91,1,0
Spain,Male,37.0,0.0,2,0
Spain,Male,29.0,0.0,2,0
Spain,Male,47.0,0.0,3,1
Spain,Male,36.0,0.0,1,1
Spain,Female,38.0,0.0,2,0
Spain,Female,45.0,125789.69,1,0
Spain,Female,46.0,0.0,1,0
Spain,Male,71.0,154733.9,1,0
Spain,Male,42.0,0.0,2,0
Spain,Male,28.0,0.0,2,0
Spain,Male,43.0,0.0,2,0
Spain,Female,47.0,0.0,3,1
Spain,Male,38.0,0.0,2,0
Spain,Female,46.0,133776.05,1,1
Spain,Male,36.0,0.0,1,0
Spain,Male,52.0,0.0,1,0
Spain,Female,40.0,145933.26,2,0
Spain,Male,39.0,0.0,2,0
Spain,Female,71.0,97945.4,1,0
Spain,Female,28.0,0.0,2,0
Spain,Female,53.0,0.0,2,0
Spain,Female,49.0,180614.04,2,0
Spain,Male,28.0,0.0,2,0
Spain,Male,44.0,0.0,2,0
Spain,Male,31.0,0.0,2,0
Spain,Male,36.0,0.0,1,0
Spain,Male,38.0,0.0,2,0
Spain,Male,25.0,0.0,2,0
Spain,Male,34.0,0.0,2,0
Spain,Male,39.0,125427.79,2,0
Spain,Female,43.0,0.0,2,0
Spain,Male,49.0,0.0,1,1
Spain,Female,29.0,0.0,1,0
Spain,Female,55.0,0.0,1,1
Spain,Female,31.0,0.0,1,1
Spain,Female,37.0,0.0,2,0
Spain,Male,27.0,0.0,1,1
Spain,Female,38.0,0.0,2,0
Spain,Female,28.0,0.0,1,0
Spain,Female,36.0,0.0,2,0
Spain,Male,64.0,0.0,2,0
Spain,Female,31.0,108960.0,1,0
Spain,Female,33.0,0.0,1,1
Spain,Male,41.0,121461.87,1,1
Spain,Male,58.0,191402.82,2,0
Spain,Female,33.0,77866.84,2,0
Spain,Male,37.0,0.0,2,0
Spain,Female,38.0,0.0,2,0
Spain,Male,42.0,116771.65,1,0
Spain,Male,30.0,0.0,2,0
Spain,Male,30.0,0.0,2,0
Spain,Male,53.0,0.0,2,0
Spain,Female,22.0,0.0,2,0
Spain,Male,48.0,0.0,2,1
Spain,Male,36.0,0.0,2,0
Spain,Male,29.0,0.0,2,0
Spain,Male,38.0,0.0,2,0
Spain,Female,35.0,0.0,1,0
Spain,Male,38.0,0.0,2,0
Spain,Male,33.0,121260.19,1,0
Spain,Male,34.0,0.0,2,0
Spain,Female,24.0,118336.95,1,1
Spain,Male,37.0,0.0,2,0
Spain,Male,34.0,0.0,1,1
Spain,Male,36.0,0.0,1,0
Spain,Male,30.0,104677.54,1,0
Spain,Male,39.0,137936.1,1,0
Spain,Male,31.0,0.0,1,0
Spain,Male,28.0,0.0,2,0
Spain,Male,26.0,123067.63,1,0
Spain,Male,41.0,69974.66,1,1
Spain,Male,30.0,128065.12,2,0
Spain,Male,36.0,0.0,2,0
Spain,Male,38.0,0.0,2,0
Spain,Male,41.0,0.0,2,0
Spain,Female,37.0,212778.2,1,0
Spain,Male,33.0,120718.28,1,0
Spain,Female,42.0,0.0,1,1
Spain,Female,40.0,0.0,1,1
Spain,Male,34.0,99250.08,1,0
Spain,Female,29.0,0.0,1,0
Spain,Female,30.0,0.0,1,0
Spain,Female,35.0,142326.37,1,0
Spain,Male,42.0,115895.22,1,1
Spain,Male,43.0,0.0,1,1
Spain,Male,39.0,0.0,2,0
Spain,Male,46.0,0.0,2,0
Spain,Female,40.0,0.0,2,1
Spain,Female,56.0,0.0,2,0
Spain,Female,40.0,0.0,2,0
Spain,Female,40.0,0.0,2,0
Spain,Female,45.0,95167.14,1,0
Spain,Male,41.0,0.0,2,0
Spain,Male,61.0,0.0,2,0
Spain,Male,25.0,105492.53,1,0
Spain,Female,33.0,0.0,1,1
Spain,Male,38.0,133871.02,1,0
Spain,Female,49.0,133601.36,1,0
Spain,Male,41.0,141038.57,1,0
Spain,Male,45.0,0.0,2,0
Spain,Male,39.0,0.0,1,0
Spain,Male,39.0,104719.57,1,1
Spain,Male,33.0,0.0,1,0
Spain,Female,39.0,146997.64,2,0
Spain,Male,35.0,0.0,2,0
Spain,Female,40.0,0.0,2,0
Spain,Female,34.0,154872.08,1,0
Spain,Female,37.0,0.0,2,0
Spain,Male,38.0,0.0,2,0
Spain,Female,34.0,116323.35,1,0
Spain,Male,67.0,119785.47,2,0
Spain,Male,48.0,120320.54,1,0
Spain,Male,33.0,0.0,2,0
Spain,Female,43.0,0.0,1,0
Spain,Male,39.0,0.0,2,0
Spain,Male,40.0,0.0,1,0
Spain,Female,39.0,0.0,1,1
Spain,Male,34.0,0.0,2,0
Spain,Female,48.0,0.0,1,1
Spain,Female,38.0,0.0,2,0
Spain,Female,43.0,122311.55,1,1
Spain,Male,62.0,0.0,2,1
Spain,Male,34.0,0.0,2,0
Spain,Female,44.0,122950.31,1,1
Spain,Female,27.0,0.0,2,0
Spain,Male,46.0,108269.2,1,0
Spain,Male,38.0,0.0,1,1
Spain,Male,36.0,147822.66,2,0
Spain,Female,37.0,0.0,2,0
Spain,Male,41.0,0.0,2,0
Spain,Female,39.0,101583.11,1,0
Spain,Female,40.0,0.0,2,0
Spain,Male,36.0,0.0,2,0
Spain,Male,29.0,0.0,2,0
Spain,Male,34.0,0.0,2,0
Spain,Female,24.0,0.0,2,0
Spain,Female,39.0,0.0,2,0
Spain,Male,67.0,0.0,2,0
Spain,Female,35.0,0.0,2,0
Spain,Female,25.0,95153.77,1,0
Spain,Male,37.0,0.0,2,0
Spain,Male,38.0,0.0,1,0
Spain,Female,41.0,119782.72,2,1
Spain,Female,31.0,0.0,2,0
Spain,Male,37.0,0.0,2,0
Spain,Female,24.0,0.0,1,1
Spain,Male,38.0,0.0,2,0
Spain,Male,27.0,0.0,2,0
Spain,Male,36.0,0.0,2,0
Spain,Male,61.0,108747.86,1,0
Spain,Male,66.0,0.0,1,1
Spain,Female,37.0,137780.74,1,0
Spain,Male,34.0,0.0,2,0
Spain,Female,26.0,0.0,1,0
Spain,Male,67.0,0.0,2,0
Spain,Male,42.0,0.0,1,0
Spain,Female,32.0,137239.17,1,1
Spain,Male,35.0,83286.56,1,0
Spain,Female,38.0,127095.14,2,1
Spain,Male,37.0,145988.65,2,0
Spain,Male,60.0,0.0,1,1
Spain,Male,40.0,0.0,2,0
Spain,Male,38.0,113537.73,1,0
Spain,Male,33.0,0.0,2,0
Spain,Male,32.0,0.0,2,0
Spain,Male,43.0,0.0,1,0
Spain,Female,37.0,0.0,2,0
Spain,Male,71.0,0.0,2,0
Spain,Male,42.0,133060.63,2,0
Spain,Male,37.0,0.0,2,0
Spain,Male,29.0,124577.33,2,0
Spain,Male,35.0,124681.58,2,0
Spain,Female,36.0,100116.82,1,0
Spain,Male,33.0,136551.63,2,0
Spain,Male,38.0,0.0,3,1
Spain,Male,28.0,0.0,2,0
Spain,Male,50.0,0.0,1,0
Spain,Male,36.0,0.0,2,0
Spain,Female,27.0,0.0,2,0
Spain,Female,48.0,0.0,2,0
Spain,Female,30.0,0.0,2,0
Spain,Male,46.0,0.0,2,0
Spain,Female,39.0,122947.92,1,1
Spain,Male,28.0,0.0,2,0
Spain,Female,22.0,0.0,1,1
Spain,Female,33.0,80922.75,2,0
Spain,Female,32.0,0.0,2,0
Spain,Male,39.0,0.0,2,0
Spain,Male,28.0,130170.14,1,0
Spain,Female,43.0,0.0,2,0
Spain,Male,32.0,0.0,2,0
Spain,Male,37.0,0.0,2,0
Spain,Female,36.0,97854.37,2,0
Spain,Female,35.0,80931.75,1,1
Spain,Female,41.0,0.0,2,0
Spain,Male,22.0,141788.63,1,0
Spain,Male,43.0,91286.51,2,0
Spain,Male,40.0,0.0,1,0
Spain,Male,30.0,0.0,2,0
Spain,Male,46.0,0.0,1,1
Spain,Female,45.0,0.0,2,0
Spain,Male,52.0,116270.72,1,0
Spain,Male,33.0,0.0,2,0
Spain,Male,37.0,0.0,2,0
Spain,Male,30.0,0.0,2,0
Spain,Male,30.0,109876.82,2,0
Spain,Male,36.0,0.0,1,0
Spain,Female,25.0,0.0,2,0
Spain,Male,35.0,0.0,2,0
Spain,Male,29.0,0.0,1,0
Spain,Female,38.0,0.0,1,1
Spain,Male,41.0,99844.68,1,0
Spain,Male,34.0,0.0,2,0
Spain,Female,40.0,0.0,2,0
Spain,Female,32.0,0.0,2,0
Spain,Female,34.0,63213.85,2,0
Spain,Female,26.0,0.0,2,0
Spain,Male,36.0,0.0,2,0
Spain,Female,40.0,0.0,1,1
Spain,Female,46.0,0.0,2,0
Spain,Female,40.0,71667.68,1,1
Spain,Male,37.0,0.0,1,0
Spain,Female,34.0,0.0,2,0
Spain,Male,46.0,0.0,1,1
Spain,Male,33.0,151607.56,1,0
Spain,Male,34.0,123365.62,1,0
Spain,Male,33.0,146099.47,1,0
Spain,Male,35.0,0.0,2,0
Spain,Male,37.0,0.0,2,0
Spain,Male,18.0,0.0,2,0
Spain,Male,47.0,0.0,2,0
Spain,Male,28.0,0.0,2,0
Spain,Female,39.0,104356.54,1,0
Spain,Female,57.0,0.0,2,0
Spain,Male,22.0,104430.08,2,0
Spain,Female,45.0,111233.09,2,0
Spain,Female,42.0,0.0,2,0
Spain,Female,44.0,0.0,2,0
Spain,Male,40.0,0.0,1,1
Spain,Male,42.0,80731.96,1,0
Spain,Male,38.0,0.0,1,0
Spain,Male,37.0,0.0,1,0
Spain,Female,30.0,0.0,2,0
Spain,Male,46.0,0.0,1,0
Spain,Male,41.0,0.0,1,1
Spain,Male,32.0,0.0,2,0
Spain,Female,45.0,0.0,1,0
Spain,Female,31.0,141074.01,1,0
Spain,Female,41.0,0.0,2,0
Spain,Male,34.0,0.0,2,0
Spain,Male,33.0,0.0,1,0
Spain,Male,29.0,0.0,2,0
Spain,Female,64.0,98747.74,1,0
Spain,Male,43.0,0.0,2,0
Spain,Female,45.0,0.0,2,0
Spain,Male,22.0,76665.24,1,0
Spain,Male,38.0,95994.98,1,0
Spain,Female,37.0,121231.39,1,0
Spain,Female,29.0,109949.39,2,0
Spain,Male,42.0,0.0,2,0
Spain,Male,44.0,0.0,2,0
Spain,Male,37.0,0.0,1,0
Spain,Male,46.0,201696.07,1,1
Spain,Male,51.0,139875.2,1,1
Spain,Male,41.0,0.0,2,0
Spain,Male,44.0,61691.45,2,0
Spain,Female,34.0,0.0,2,0
Spain,Female,42.0,0.0,2,0
Spain,Male,41.0,0.0,1,0
Spain,Female,38.0,0.0,1,1
Spain,Female,38.0,0.0,1,1
Spain,Male,25.0,0.0,2,0
Spain,Male,41.0,0.0,2,0
Spain,Male,42.0,81241.85,1,0
Spain,Female,32.0,0.0,2,0
Spain,Female,42.0,0.0,1,0
Spain,Male,48.0,142703.5,1,0
Spain,Female,39.0,0.0,2,0
Spain,Female,22.0,66582.81,1,0
Spain,Male,35.0,0.0,2,0
Spain,Female,32.0,0.0,2,0
Spain,Male,29.0,0.0,2,0
Spain,Male,34.0,0.0,2,0
Spain,Male,34.0,0.0,2,0
Spain,Female,27.0,132759.59,1,0
Spain,Male,43.0,0.0,1,1
Spain,Male,42.0,0.0,1,0
Spain,Female,38.0,0.0,2,0
Spain,Male,47.0,78022.61,1,0
Spain,Male,44.0,118742.74,1,0
Spain,Male,39.0,0.0,1,0
Spain,Female,45.0,95922.9,2,0
Spain,Male,25.0,102767.88,1,0
Spain,Female,39.0,99967.76,1,0
Spain,Male,43.0,144592.57,1,0
Spain,Male,48.0,0.0,2,0
Spain,Female,52.0,0.0,2,0
Spain,Male,54.0,0.0,1,0
Spain,Male,35.0,0.0,1,0
Spain,Male,34.0,87202.38,1,0
Spain,Female,25.0,121166.89,1,1
Spain,Female,42.0,0.0,2,0
Spain,Female,56.0,0.0,2,1
Spain,Male,37.0,0.0,2,0
Spain,Male,40.0,0.0,2,0
Spain,Male,26.0,178095.97,1,0
Spain,Male,41.0,151933.63,1,0
Spain,Female,34.0,0.0,2,0
Spain,Male,39.0,0.0,3,1
Spain,Female,35.0,0.0,1,0
Spain,Female,22.0,0.0,3,1
Spain,Male,45.0,0.0,2,1
Spain,Male,28.0,0.0,2,0
Spain,Male,43.0,97403.18,1,0
Spain,Female,27.0,0.0,2,0
Spain,Male,42.0,0.0,1,0
Spain,Female,34.0,0.0,1,1
Spain,Male,37.0,0.0,2,0
Spain,Male,32.0,0.0,2,0
Spain,Female,42.0,0.0,2,0
Spain,Male,31.0,145260.23,1,0
Spain,Female,31.0,0.0,2,0
Spain,Female,40.0,105683.63,1,0
Spain,Male,37.0,98899.15,1,0
Spain,Male,36.0,0.0,2,0
Spain,Female,39.0,165901.59,1,0
Spain,Male,40.0,0.0,1,0
Spain,Male,44.0,0.0,2,0
Spain,Female,56.0,83264.28,1,0
Spain,Female,56.0,107907.72,1,1
Spain,Male,38.0,103257.14,2,0
Spain,Male,40.0,0.0,2,0
Spain,Male,41.0,0.0,2,0
Spain,Female,40.0,0.0,1,1
Spain,Female,34.0,0.0,2,0
Spain,Male,59.0,0.0,2,0
Spain,Female,41.0,122570.69,2,1
Spain,Male,34.0,0.0,2,0
Spain,Male,40.0,0.0,2,0
Spain,Male,33.0,161591.11,1,0
Spain,Female,30.0,111927.45,1,0
Spain,Male,43.0,117294.19,1,0
Spain,Male,42.0,0.0,2,0
Spain,Male,50.0,0.0,4,1
Spain,Male,36.0,0.0,1,0
Spain,Male,40.0,124113.57,1,0
Spain,Female,38.0,0.0,2,0
Spain,Female,34.0,0.0,2,0
Spain,Female,30.0,148061.49,1,0
Spain,Male,36.0,0.0,2,0
Spain,Male,39.0,0.0,2,0
Spain,Male,43.0,0.0,2,0
Spain,Female,42.0,0.0,1,1
Spain,Female,37.0,121537.73,1,0
Spain,Female,28.0,0.0,2,0
Spain,Female,43.0,74486.09,1,1
Spain,Male,38.0,124483.53,1,0
Spain,Male,44.0,127397.34,1,0
Spain,Male,34.0,0.0,2,0
Spain,Male,36.0,0.0,2,0
Spain,Male,37.0,76495.04,1,0
Spain,Male,57.0,0.0,1,1
Spain,Female,41.0,0.0,4,1
Spain,Male,35.0,0.0,1,0
Spain,Female,48.0,0.0,2,1
Spain,Male,39.0,0.0,2,0
Spain,Female,30.0,0.0,1,0
Spain,Male,23.0,0.0,1,0
Spain,Male,33.0,0.0,2,0
Spain,Female,18.0,0.0,2,0
Spain,Male,32.0,0.0,2,0
Spain,Female,63.0,167983.68,2,0
Spain,Male,36.0,0.0,1,0
Spain,Male,47.0,0.0,1,0
Spain,Male,23.0,164902.43,1,0
Spain,Female,32.0,0.0,2,0
Spain,Female,32.0,0.0,1,0
Spain,Male,33.0,0.0,2,0
Spain,Male,30.0,0.0,2,0
Spain,Male,32.0,0.0,2,0
Spain,Female,56.0,0.0,2,0
Spain,Female,40.0,139973.65,1,0
Spain,Male,36.0,0.0,1,0
Spain,Female,26.0,0.0,1,1
Spain,Female,40.0,0.0,2,0
Spain,Female,23.0,0.0,2,0
Spain,Male,34.0,137523.02,1,1
Spain,Female,43.0,0.0,2,0
Spain,Male,35.0,0.0,2,0
Spain,Male,26.0,0.0,2,0
Spain,Male,22.0,0.0,1,1
Spain,Female,40.0,0.0,1,1
Spain,Male,31.0,0.0,1,0
Spain,Female,33.0,0.0,2,0
Spain,Female,35.0,0.0,2,0
Spain,Male,40.0,0.0,2,0
Spain,Female,32.0,76318.64,1,0
Spain,Male,47.0,121260.19,2,1
Spain,Female,35.0,0.0,2,0
Spain,Male,35.0,0.0,1,0
Spain,Female,44.0,0.0,2,0
Spain,Male,35.0,0.0,2,1
Spain,Male,35.0,116322.27,1,0
Spain,Female,67.0,0.0,2,0
Spain,Male,59.0,0.0,2,0
Spain,Male,33.0,0.0,2,0
Spain,Female,33.0,0.0,2,0
Spain,Male,39.0,125889.39,2,0
Spain,Female,32.0,131283.58,1,0
Spain,Male,28.0,0.0,2,0
Spain,Male,44.0,0.0,2,0
Spain,Female,42.0,163547.5,1,0
Spain,Male,32.0,149139.41,1,0
Spain,Male,26.0,138023.79,1,0
Spain,Male,27.0,0.0,2,0
Spain,Female,42.0,0.0,2,0
Spain,Female,31.0,0.0,2,0
Spain,Female,63.0,0.0,2,0
Spain,Female,46.0,128029.72,1,0
Spain,Male,41.0,116084.92,1,0
Spain,Male,35.0,0.0,2,0
Spain,Male,36.0,73493.07,1,0
Spain,Male,39.0,0.0,1,0
Spain,Female,35.0,0.0,1,1
Spain,Female,37.0,0.0,1,1
Spain,Male,33.0,0.0,2,0
Spain,Male,42.0,222267.63,1,0
Spain,Female,24.0,0.0,1,1
Spain,Female,69.0,0.0,1,1
Spain,Male,45.0,0.0,2,0
Spain,Male,39.0,0.0,2,0
Spain,Male,29.0,0.0,2,0
Spain,Male,66.0,0.0,2,0
Spain,Female,53.0,0.0,1,1
Spain,Male,37.0,0.0,2,0
Spain,Male,39.0,0.0,2,0
Spain,Male,45.0,112994.65,1,0
Spain,Female,24.0,147974.19,1,0
Spain,Female,39.0,0.0,2,0
Spain,Female,44.0,0.0,2,0
Spain,Male,40.0,128960.9,1,0
Spain,Female,40.0,65407.16,2,0
Spain,Male,30.0,74237.2,2,0
Spain,Female,24.0,0.0,2,0
Spain,Male,34.0,0.0,1,0
Spain,Female,63.0,0.0,1,0
Spain,Male,36.0,0.0,2,0
Spain,Male,41.0,75170.54,1,1
Spain,Male,30.0,0.0,2,0
Spain,Female,26.0,0.0,2,0
Spain,Female,44.0,0.0,1,1
Spain,Female,35.0,0.0,2,0
Spain,Female,34.0,0.0,2,0
Spain,Male,29.0,0.0,2,0
Spain,Female,34.0,0.0,2,0
Spain,Female,37.0,121231.39,1,0
Spain,Female,52.0,123925.23,1,0
Spain,Male,40.0,0.0,2,0
Spain,Female,40.0,0.0,2,0
Spain,Female,33.0,132729.1,1,0
Spain,Male,33.0,0.0,2,0
Spain,Male,39.0,132628.98,2,0
Spain,Female,33.0,0.0,2,1
Spain,Male,56.0,0.0,1,1
Spain,Male,24.0,0.0,2,0
Spain,Female,38.0,0.0,2,0
Spain,Female,45.0,0.0,2,0
Spain,Female,74.0,128917.84,1,0
Spain,Male,49.0,0.0,1,1
Spain,Female,29.0,0.0,2,0
Spain,Female,43.0,91560.79,1,1
Spain,Male,25.0,0.0,1,0
Spain,Male,45.0,0.0,2,0
Spain,Female,35.0,0.0,2,0
Spain,Male,37.0,0.0,2,0
Spain,Female,37.0,0.0,2,0
Spain,Male,39.0,0.0,1,1
Spain,Male,41.0,0.0,2,0
Spain,Male,39.0,152685.4,1,0
Spain,Female,68.0,77826.8,1,1
Spain,Female,40.0,0.0,2,0
Spain,Male,39.0,0.0,1,0
Spain,Female,34.0,0.0,2,0
Spain,Male,32.0,0.0,2,0
Spain,Female,27.0,0.0,2,0
Spain,Female,29.0,0.0,1,0
Spain,Male,48.0,89728.86,2,0
Spain,Male,34.0,0.0,2,0
Spain,Female,35.0,123081.46,1,0
Spain,Female,33.0,147910.81,1,0
Spain,Female,20.0,85227.84,1,0
Spain,Male,39.0,0.0,2,0
Spain,Male,35.0,0.0,2,0
Spain,Male,38.0,131736.47,1,0
Spain,Male,44.0,127726.28,1,0
Spain,Female,33.0,0.0,1,0
Spain,Male,60.0,0.0,1,1
Spain,Male,35.0,0.0,2,0
Spain,Male,38.0,0.0,2,0
Spain,Male,31.0,0.0,2,0
Spain,Female,28.0,0.0,2,0
Spain,Female,59.0,0.0,1,0
Spain,Male,38.0,0.0,2,0
Spain,Female,34.0,0.0,2,0
Spain,Female,31.0,0.0,2,0
Spain,Female,39.0,0.0,1,0
Spain,Female,38.0,171787.84,1,1
Spain,Male,28.0,0.0,2,0
Spain,Male,32.0,0.0,2,0
Spain,Female,28.0,0.0,2,0
Spain,Female,25.0,128306.63,1,0
Spain,Male,35.0,0.0,2,0
Spain,Male,42.0,85845.43,2,0
Spain,Female,53.0,0.0,2,0
Spain,Female,47.0,129934.64,1,1
Spain,Female,51.0,123372.3,3,1
Spain,Male,43.0,0.0,2,0
Spain,Male,34.0,86656.13,1,0
Spain,Male,43.0,0.0,2,0
Spain,Male,38.0,0.0,2,0
Spain,Male,33.0,0.0,1,0
Spain,Female,30.0,0.0,2,0
Spain,Male,41.0,148238.93,1,0
Spain,Male,47.0,83947.89,1,1
Spain,Male,37.0,131764.96,1,0
Spain,Male,34.0,0.0,2,0
Spain,Male,39.0,0.0,2,0
Spain,Male,30.0,0.0,2,0
Spain,Male,36.0,0.0,2,0
Spain,Female,48.0,0.0,1,1
Spain,Male,33.0,0.0,1,0
Spain,Male,36.0,0.0,2,0
Spain,Female,29.0,0.0,2,0
Spain,Male,37.0,0.0,2,0
Spain,Female,29.0,0.0,2,0
Spain,Female,40.0,0.0,2,0
Spain,Male,39.0,0.0,2,0
Spain,Female,42.0,0.0,2,0
Spain,Female,19.0,0.0,2,0
Spain,Male,40.0,0.0,2,0
Spain,Female,34.0,0.0,1,0
Spain,Female,32.0,0.0,2,0
Spain,Male,52.0,0.0,1,1
Spain,Female,41.0,0.0,1,1
Spain,Female,32.0,144880.34,1,0
Spain,Male,34.0,0.0,2,0
Spain,Male,36.0,129855.32,2,0
Spain,Male,36.0,0.0,2,0
Spain,Female,32.0,137452.06,2,0
Spain,Male,51.0,0.0,1,1
Spain,Female,32.0,0.0,1,0
Spain,Male,31.0,120137.51,1,0
Spain,Female,40.0,131247.65,1,0
Spain,Male,26.0,0.0,2,0
Spain,Female,66.0,104254.27,1,0
Spain,Male,46.0,0.0,2,0
Spain,Female,58.0,178713.98,1,1
Spain,Male,38.0,0.0,2,0
Spain,Female,58.0,131542.57,1,1
Spain,Female,39.0,126816.18,2,0
Spain,Male,29.0,127864.26,1,0
Spain,Female,35.0,135095.47,1,0
Spain,Female,29.0,0.0,1,0
Spain,Male,39.0,0.0,2,0
Spain,Female,29.0,0.0,2,0
Spain,Female,38.0,0.0,2,0
Spain,Male,24.0,96674.55,2,0
Spain,Male,32.0,0.0,1,1
Spain,Male,31.0,138705.02,1,0
Spain,Male,40.0,0.0,1,0
Spain,Female,30.0,0.0,2,0
Spain,Female,49.0,106431.97,1,0
Spain,Female,44.0,0.0,2,0
Spain,Female,39.0,0.0,2,0
Spain,Male,32.0,125890.72,1,0
Spain,Male,45.0,126670.37,1,1
Spain,Female,32.0,84557.82,1,0
Spain,Male,43.0,161807.18,1,0
Spain,Female,38.0,0.0,2,0
Spain,Male,54.0,84903.33,2,0
Spain,Female,35.0,0.0,2,0
Spain,Male,37.0,0.0,2,0
Spain,Male,58.0,137654.57,1,1
Spain,Female,30.0,0.0,1,0
Spain,Male,66.0,0.0,1,0
Spain,Female,41.0,0.0,2,0
Spain,Female,40.0,0.0,2,0
Spain,Male,38.0,105492.53,1,0
Spain,Male,33.0,124577.33,1,0
Spain,Female,38.0,0.0,2,0
Spain,Male,31.0,0.0,2,0
Spain,Male,31.0,111739.4,1,0
Spain,Female,33.0,0.0,2,0
Spain,Male,34.0,0.0,2,0
Spain,Male,38.0,140900.61,1,0
Spain,Male,34.0,89838.61,1,0
Spain,Male,44.0,148143.94,1,0
Spain,Male,23.0,0.0,2,0
Spain,Male,39.0,160599.09,3,1
Spain,Female,38.0,98759.89,1,1
Spain,Male,30.0,0.0,2,0
Spain,Female,35.0,0.0,1,0
Spain,Male,18.0,0.0,2,0
Spain,Male,40.0,0.0,2,0
Spain,Female,42.0,0.0,2,0
Spain,Male,23.0,0.0,2,0
Spain,Male,67.0,113693.0,1,0
Spain,Male,45.0,0.0,2,1
Spain,Male,35.0,0.0,2,0
Spain,Male,38.0,0.0,2,0
Spain,Male,33.0,0.0,1,0
Spain,Male,38.0,0.0,1,1
Spain,Male,43.0,0.0,2,0
Spain,Female,35.0,0.0,2,0
Spain,Male,46.0,145933.27,2,0
Spain,Male,56.0,153972.89,2,0
Spain,Female,35.0,0.0,1,0
Spain,Male,35.0,0.0,2,0
Spain,Female,53.0,109496.31,2,1
Spain,Female,37.0,0.0,1,1
Spain,Female,29.0,0.0,2,0
Spain,Male,36.0,0.0,2,0
Spain,Female,33.0,0.0,2,0
Spain,Male,32.0,0.0,2,0
Spain,Male,26.0,0.0,1,0
Spain,Male,38.0,95039.73,1,0
Spain,Male,37.0,141541.25,1,0
Spain,Male,42.0,152522.68,1,0
Spain,Female,42.0,0.0,2,0
Spain,Female,28.0,0.0,1,0
Spain,Male,32.0,0.0,2,0
Spain,Male,35.0,137239.17,1,0
Spain,Male,22.0,0.0,2,0
Spain,Female,40.0,0.0,2,0
Spain,Female,42.0,0.0,2,0
Spain,Male,35.0,0.0,1,1
Spain,Female,34.0,0.0,1,1
Spain,Male,24.0,0.0,2,0
Spain,Female,48.0,0.0,1,1
Spain,Male,30.0,0.0,2,0
Spain,Male,30.0,0.0,2,0
Spain,Male,38.0,0.0,1,0
Spain,Male,40.0,0.0,1,1
Spain,Female,36.0,80922.75,1,0
Spain,Male,67.0,0.0,1,0
Spain,Male,36.0,0.0,2,0
Spain,Female,38.0,0.0,1,1
Spain,Female,36.0,0.0,1,1
Spain,Male,33.0,124577.33,1,0
Spain,Female,41.0,0.0,1,0
Spain,Female,35.0,137560.38,1,0
Spain,Female,37.0,0.0,1,0
Spain,Female,28.0,0.0,1,1
Spain,Male,41.0,0.0,2,0
Spain,Male,31.0,0.0,2,0
Spain,Female,27.0,0.0,1,1
Spain,Male,36.0,0.0,2,0
Spain,Male,41.0,0.0,2,0
Spain,Female,46.0,0.0,2,0
Spain,Female,39.0,0.0,2,0
Spain,Male,34.0,0.0,2,0
Spain,Female,31.0,0.0,2,0
Spain,Female,25.0,115341.13,1,0
Spain,Female,41.0,0.0,1,1
Spain,Male,42.0,0.0,1,0
Spain,Female,34.0,105842.2,2,0
Spain,Male,27.0,133954.37,1,0
Spain,Female,36.0,0.0,1,0
Spain,Female,30.0,0.0,2,0
Spain,Female,29.0,0.0,2,0
Spain,Female,40.0,0.0,1,1
Spain,Female,61.0,0.0,2,0
Spain,Male,34.0,141604.76,2,0
Spain,Male,40.0,0.0,2,0
Spain,Male,38.0,0.0,2,0
Spain,Female,39.0,0.0,2,0
Spain,Male,36.0,0.0,2,0
Spain,Male,66.0,0.0,2,0
Spain,Female,64.0,0.0,1,1
Spain,Female,43.0,0.0,1,1
Spain,Female,37.0,0.0,2,0
Spain,Male,38.0,0.0,1,0
Spain,Male,40.0,0.0,1,0
Spain,Male,26.0,0.0,2,0
Spain,Male,39.0,0.0,2,0
Spain,Male,60.0,0.0,2,0
Spain,Male,43.0,108589.47,2,0
Spain,Male,39.0,0.0,2,0
Spain,Male,33.0,0.0,1,0
Spain,Male,39.0,0.0,2,0
Spain,Female,34.0,0.0,2,0
Spain,Female,44.0,0.0,2,0
Spain,Male,39.0,0.0,2,0
Spain,Male,35.0,84315.02,1,0
Spain,Female,27.0,59877.33,1,0
Spain,Female,26.0,0.0,2,0
Spain,Female,61.0,0.0,2,0
Spain,Male,29.0,0.0,2,0
Spain,Male,35.0,107913.67,1,0
Spain,Male,34.0,125584.17,1,0
Spain,Male,30.0,0.0,2,0
Spain,Male,43.0,157829.12,1,0
Spain,Male,35.0,0.0,1,0
Spain,Male,67.0,158719.57,2,1
Spain,Male,49.0,125552.96,1,1
Spain,Female,39.0,0.0,2,0
Spain,Female,45.0,132055.66,1,1
Spain,Female,27.0,0.0,2,0
Spain,Female,31.0,86006.3,1,0
Spain,Male,27.0,0.0,2,0
Spain,Female,21.0,0.0,1,0
Spain,Male,36.0,0.0,1,0
Spain,Male,23.0,0.0,1,0
Spain,Female,54.0,0.0,1,1
Spain,Male,49.0,0.0,1,1
Spain,Female,44.0,52831.13,1,1
Spain,Female,38.0,0.0,2,0
Spain,Male,42.0,148846.39,1,0
Spain,Male,36.0,133378.51,1,0
Spain,Female,30.0,0.0,2,0
Spain,Female,23.0,137723.24,1,0
Spain,Female,43.0,0.0,2,0
Spain,Female,39.0,0.0,2,0
Spain,Male,31.0,0.0,2,0
Spain,Female,33.0,0.0,2,0
Spain,Female,31.0,118899.45,2,1
Spain,Male,30.0,0.0,2,0
Spain,Female,43.0,0.0,2,0
Spain,Male,33.0,127290.61,1,1
Spain,Female,33.0,132876.8,1,0
Spain,Female,41.0,141749.69,1,0
Spain,Male,34.0,0.0,2,0
Spain,Female,33.0,152614.51,1,0
Spain,Male,40.0,111217.53,1,0
Spain,Female,31.0,0.0,2,0
Spain,Male,30.0,0.0,2,0
Spain,Male,26.0,0.0,2,0
Spain,Male,43.0,112211.71,1,0
Spain,Female,40.0,0.0,2,0
Spain,Female,38.0,0.0,2,0
Spain,Female,54.0,0.0,1,1
Spain,Male,32.0,0.0,2,0
Spain,Female,36.0,0.0,2,0
Spain,Male,36.0,0.0,2,0
Spain,Female,29.0,0.0,2,0
Spain,Male,31.0,0.0,3,0
Spain,Male,38.0,0.0,2,0
Spain,Male,37.0,0.0,3,1
Spain,Male,32.0,0.0,2,0
Spain,Male,29.0,0.0,1,0
Spain,Female,39.0,117553.49,3,1
Spain,Female,37.0,0.0,2,0
Spain,Female,37.0,0.0,2,0
Spain,Male,35.0,0.0,2,0
Spain,Male,44.0,0.0,2,0
Spain,Female,35.0,0.0,2,1
Spain,Female,50.0,0.0,1,1
Spain,Female,63.0,0.0,2,0
Spain,Female,38.0,0.0,1,0
Spain,Male,39.0,0.0,2,0
Spain,Female,24.0,0.0,2,0
Spain,Female,54.0,0.0,2,0
Spain,Female,41.0,0.0,1,1
Spain,Male,36.0,0.0,2,0
Spain,Female,27.0,128747.69,1,0
Spain,Female,45.0,122217.92,1,1
Spain,Male,41.0,0.0,2,0
Spain,Female,33.0,0.0,2,0
Spain,Male,48.0,119336.69,1,0
Spain,Female,47.0,157723.36,1,1
Spain,Male,37.0,187602.18,1,1
Spain,Male,36.0,126576.39,1,0
Spain,Female,38.0,84390.8,1,0
Spain,Male,35.0,0.0,2,0
Spain,Female,40.0,0.0,2,0
Spain,Male,28.0,0.0,2,0
Spain,Male,38.0,0.0,2,0
Spain,Male,36.0,0.0,2,0
Spain,Female,24.0,82451.26,1,0
Spain,Male,52.0,0.0,1,1
Spain,Male,36.0,0.0,2,0
Spain,Male,36.0,0.0,2,0
Spain,Female,57.0,0.0,2,0
Spain,Male,36.0,0.0,2,0
Spain,Male,23.0,0.0,2,0
Spain,Male,46.0,0.0,1,0
Spain,Female,62.0,118207.69,2,0
Spain,Male,31.0,0.0,2,0
Spain,Male,29.0,0.0,2,0
Spain,Male,41.0,0.0,2,0
Spain,Female,32.0,0.0,2,0
Spain,Male,36.0,0.0,2,0
Spain,Male,38.0,93360.11,2,0
Spain,Female,35.0,61172.04,1,0
Spain,Male,23.0,0.0,1,0
Spain,Male,62.0,0.0,1,0
Spain,Male,30.0,106511.85,1,0
Spain,Female,31.0,119688.86,2,1
Spain,Female,34.0,0.0,2,0
Spain,Male,36.0,0.0,2,0
Spain,Male,26.0,0.0,2,0
Spain,Female,48.0,0.0,2,1
Spain,Female,29.0,126473.99,1,0
Spain,Male,39.0,88798.34,2,0
Spain,Male,32.0,99786.07,2,0
Spain,Female,29.0,0.0,1,1
Spain,Male,42.0,131878.54,2,0
Spain,Female,32.0,0.0,2,0
Spain,Male,38.0,0.0,2,0
Spain,Male,48.0,0.0,2,0
Spain,Female,25.0,0.0,2,0
Spain,Male,54.0,0.0,1,1
Spain,Female,26.0,133501.36,1,0
Spain,Female,32.0,105397.8,1,1
Spain,Male,50.0,0.0,2,0
Spain,Female,36.0,136659.74,1,1
Spain,Female,57.0,0.0,2,0
Spain,Male,40.0,57745.76,1,1
Spain,Male,32.0,0.0,2,0
Spain,Female,33.0,0.0,1,1
Spain,Female,38.0,0.0,2,0
Spain,Male,43.0,0.0,2,0
Spain,Male,45.0,139825.56,1,0
Spain,Male,36.0,0.0,2,0
Spain,Male,39.0,0.0,3,1
Spain,Male,40.0,0.0,1,1
Spain,Female,48.0,0.0,1,1
Spain,Male,34.0,110976.23,1,0
Spain,Female,30.0,145018.64,1,0
Spain,Female,26.0,122857.46,1,0
Spain,Male,40.0,0.0,2,0
Spain,Female,61.0,132412.38,1,1
Spain,Male,36.0,0.0,2,0
Spain,Female,38.0,0.0,2,0
Spain,Female,29.0,143571.81,1,0
Spain,Male,41.0,169399.6,2,0
Spain,Male,33.0,0.0,2,0
Spain,Male,44.0,0.0,2,0
Spain,Male,33.0,0.0,2,0
Spain,Female,43.0,0.0,2,0
Spain,Female,25.0,0.0,2,0
Spain,Female,45.0,92786.66,2,0
Spain,Male,47.0,0.0,1,0
Spain,Male,27.0,106046.54,2,0
Spain,Female,37.0,0.0,2,0
Spain,Female,28.0,0.0,1,0
Spain,Female,35.0,0.0,1,0
Spain,Male,32.0,0.0,2,0
Spain,Female,25.0,130866.19,1,1
Spain,Male,36.0,0.0,2,0
Spain,Female,28.0,0.0,1,0
Spain,Female,34.0,0.0,1,0
Spain,Female,28.0,0.0,2,0
Spain,Female,33.0,72788.03,1,0
Spain,Male,50.0,113110.26,2,0
Spain,Female,35.0,0.0,1,0
Spain,Male,37.0,0.0,2,0
Spain,Male,31.0,0.0,2,0
Spain,Male,39.0,127763.24,1,0
Spain,Male,45.0,0.0,1,0
Spain,Female,43.0,105405.03,2,0
Spain,Female,55.0,0.0,2,1
Spain,Female,31.0,0.0,1,0
Spain,Female,39.0,0.0,1,1
Spain,Male,37.0,0.0,2,0
Spain,Male,32.0,0.0,2,0
Spain,Male,39.0,123675.56,1,0
Spain,Female,39.0,0.0,1,1
Spain,Male,31.0,0.0,2,0
Spain,Male,32.0,0.0,2,0
Spain,Male,37.0,0.0,2,0
Spain,Female,38.0,123937.75,1,0
Spain,Male,34.0,0.0,2,0
Spain,Male,27.0,0.0,2,0
Spain,Male,69.0,0.0,2,0
Spain,Male,40.0,142703.5,1,1
Spain,Female,29.0,0.0,1,0
Spain,Male,61.0,154962.14,1,1
Spain,Male,43.0,0.0,2,0
Spain,Male,43.0,100013.51,1,0
Spain,Male,43.0,136487.86,2,1
Spain,Male,38.0,0.0,1,0
Spain,Female,31.0,88335.04,1,0
Spain,Female,32.0,0.0,2,0
Spain,Male,56.0,125927.51,1,0
Spain,Female,55.0,0.0,1,0
Spain,Female,34.0,0.0,2,0
Spain,Female,24.0,0.0,1,1
Spain,Female,31.0,81795.74,2,0
Spain,Female,50.0,0.0,2,0
Spain,Male,30.0,0.0,2,0
Spain,Female,28.0,0.0,1,0
Spain,Male,30.0,108917.52,1,0
Spain,Male,31.0,152685.4,1,1
Spain,Male,40.0,0.0,2,0
Spain,Female,41.0,98899.76,1,0
Spain,Male,55.0,82647.33,1,1
Spain,Male,18.0,0.0,1,0
Spain,Male,28.0,0.0,2,0
Spain,Female,72.0,0.0,2,0
Spain,Male,40.0,0.0,2,0
Spain,Female,36.0,0.0,2,0
Spain,Female,27.0,102289.85,1,0
Spain,Male,51.0,0.0,3,1
Spain,Female,28.0,141038.57,2,1
Spain,Male,42.0,0.0,1,1
Spain,Male,36.0,116936.67,2,0
Spain,Male,40.0,0.0,2,0
Spain,Male,31.0,0.0,1,0
Spain,Male,18.0,0.0,1,1
Spain,Male,36.0,105229.77,1,0
Spain,Female,36.0,0.0,2,0
Spain,Male,30.0,0.0,2,0
Spain,Male,25.0,157084.99,1,0
Spain,Male,39.0,0.0,2,0
Spain,Male,37.0,0.0,2,0
Spain,Male,38.0,0.0,2,0
Spain,Male,36.0,0.0,2,0
Spain,Female,31.0,132934.89,1,0
Spain,Male,44.0,0.0,1,0
Spain,Male,42.0,144961.97,2,0
Spain,Female,37.0,0.0,2,0
Spain,Male,28.0,0.0,2,0
Spain,Female,36.0,0.0,2,0
Spain,Male,27.0,0.0,2,0
Spain,Male,40.0,0.0,2,0
Spain,Male,55.0,141754.27,1,0
Spain,Female,36.0,0.0,2,0
Spain,Female,31.0,116886.59,1,0
Spain,Male,42.0,121389.71,1,0
Spain,Male,30.0,0.0,2,0
Spain,Male,47.0,98241.04,1,0
Spain,Female,35.0,95549.43,2,0
Spain,Male,62.0,0.0,2,0
Spain,Male,28.0,0.0,2,0
Spain,Male,79.0,99835.17,1,0
Spain,Male,42.0,0.0,2,0
Spain,Male,41.0,0.0,1,1
Spain,Male,37.0,117412.35,1,1
Spain,Male,43.0,145081.72,1,0
Spain,Male,54.0,134249.7,2,0
Spain,Male,32.0,0.0,2,0
Spain,Male,38.0,0.0,1,0
Spain,Female,56.0,0.0,1,1
Spain,Male,34.0,0.0,2,0
Spain,Female,45.0,105383.49,2,0
Spain,Male,37.0,127545.66,2,0
Spain,Male,42.0,0.0,2,0
Spain,Male,35.0,109740.63,1,1
Spain,Male,41.0,123544.21,1,0
Spain,Female,25.0,0.0,2,0
Spain,Male,38.0,0.0,2,0
Spain,Male,25.0,0.0,2,0
Spain,Male,37.0,0.0,2,0
Spain,Male,33.0,131240.61,1,0
Spain,Male,30.0,122952.6,1,0
Spain,Female,41.0,0.0,1,1
Spain,Female,47.0,130786.92,1,1
Spain,Male,36.0,144591.96,1,0
Spain,Female,31.0,0.0,2,0
Spain,Male,46.0,0.0,1,1
Spain,Female,29.0,0.0,2,0
Spain,Female,46.0,0.0,2,0
Spain,Male,35.0,0.0,2,0
Spain,Female,36.0,0.0,2,0
Spain,Female,34.0,0.0,2,0
Spain,Male,37.0,102016.72,1,0
Spain,Male,37.0,0.0,2,0
Spain,Male,34.0,0.0,2,0
Spain,Female,35.0,0.0,1,0
Spain,Female,31.0,0.0,2,0
Spain,Male,27.0,0.0,1,0
Spain,Male,31.0,0.0,1,1
Spain,Male,32.0,98362.78,1,0
Spain,Male,30.0,0.0,2,0
Spain,Female,20.0,0.0,2,0
Spain,Male,28.0,0.0,1,0
Spain,Male,35.0,0.0,1,0
Spain,Male,39.0,118788.57,1,0
Spain,Female,38.0,0.0,2,0
Spain,Male,29.0,148088.11,1,0
Spain,Male,26.0,134590.14,1,0
Spain,Male,36.0,84903.33,2,0
Spain,Male,35.0,0.0,2,0
Spain,Female,34.0,0.0,2,0
Spain,Male,64.0,0.0,2,0
Spain,Male,34.0,0.0,1,1
Spain,Female,41.0,0.0,2,0
Spain,Female,29.0,0.0,2,0
Spain,Male,53.0,0.0,1,1
Spain,Female,33.0,0.0,1,0
Spain,Male,46.0,0.0,2,0
Spain,Male,42.0,137761.55,1,0
Spain,Female,43.0,133889.35,1,1
Spain,Male,40.0,102145.13,1,0
Spain,Male,33.0,0.0,2,0
Spain,Male,49.0,0.0,2,0
Spain,Male,26.0,136659.74,1,1
Spain,Female,31.0,0.0,2,0
Spain,Male,45.0,133618.01,1,1
Spain,Female,28.0,0.0,2,0
Spain,Female,23.0,0.0,2,0
Spain,Female,31.0,96997.09,2,0
Spain,Female,31.0,0.0,2,0
Spain,Female,36.0,0.0,2,0
Spain,Male,35.0,91611.59,1,0
Spain,Female,28.0,61274.7,2,0
Spain,Female,44.0,0.0,2,0
Spain,Male,31.0,0.0,2,0
Spain,Female,23.0,0.0,2,0
Spain,Male,36.0,110148.22,4,0
Spain,Male,35.0,142703.4,1,0
Spain,Female,31.0,0.0,2,0
Spain,Male,45.0,0.0,1,0
Spain,Female,44.0,0.0,1,1
Spain,Male,36.0,170840.04,1,0
Spain,Female,46.0,69329.47,1,1
Spain,Female,62.0,123936.54,2,0
Spain,Male,34.0,0.0,1,0
Spain,Male,45.0,97403.18,1,0
Spain,Male,36.0,0.0,2,0
Spain,Female,26.0,127864.4,1,0
Spain,Female,41.0,0.0,1,1
Spain,Male,32.0,0.0,2,0
Spain,Female,28.0,140916.81,1,0
Spain,Female,54.0,118241.02,1,1
Spain,Male,37.0,0.0,2,0
Spain,Male,37.0,160625.17,1,0
Spain,Male,33.0,0.0,2,0
Spain,Female,61.0,0.0,1,1
Spain,Female,43.0,0.0,2,0
Spain,Male,32.0,0.0,2,0
Spain,Male,45.0,0.0,1,1
Spain,Male,31.0,0.0,1,0
Spain,Male,34.0,0.0,2,0
Spain,Male,36.0,109402.13,1,0
Spain,Male,38.0,0.0,2,0
Spain,Male,39.0,141829.67,1,1
Spain,Male,25.0,93680.43,2,0
Spain,Male,35.0,0.0,2,0
Spain,Female,74.0,128917.84,1,1
Spain,Female,59.0,120233.83,1,0
Spain,Female,52.0,0.0,1,1
Spain,Male,40.0,89086.31,1,0
Spain,Male,33.0,0.0,2,0
Spain,Female,34.0,0.0,2,0
Spain,Female,40.0,84560.04,1,1
Spain,Female,40.0,0.0,1,0
Spain,Male,46.0,0.0,2,0
Spain,Male,39.0,0.0,2,0
Spain,Female,41.0,0.0,1,1
Spain,Male,29.0,0.0,2,0
Spain,Female,45.0,0.0,3,1
Spain,Male,39.0,0.0,3,1
Spain,Male,32.0,0.0,2,0
Spain,Male,31.0,93249.4,2,0
Spain,Male,29.0,0.0,2,0
Spain,Male,34.0,148167.83,2,0
Spain,Male,22.0,0.0,2,0
Spain,Female,40.0,0.0,1,0
Spain,Female,46.0,149950.19,1,0
Spain,Female,22.0,0.0,2,0
Spain,Female,33.0,0.0,2,0
Spain,Female,29.0,102562.23,1,0
Spain,Male,40.0,0.0,2,0
Spain,Male,56.0,100374.58,2,0
Spain,Female,53.0,150200.23,1,0
Spain,Male,36.0,122964.88,1,0
Spain,Male,38.0,0.0,2,0
Spain,Male,35.0,0.0,2,0
Spain,Male,30.0,100683.54,1,1
Spain,Male,26.0,136659.2,1,0
Spain,Male,30.0,122453.52,1,0
Spain,Female,38.0,0.0,2,0
Spain,Female,46.0,141223.68,2,0
Spain,Male,33.0,0.0,2,0
Spain,Female,30.0,0.0,2,0
Spain,Male,62.0,0.0,1,1
Spain,Female,37.0,0.0,1,0
Spain,Female,50.0,0.0,1,1
Spain,Male,38.0,0.0,2,0
Spain,Female,40.0,0.0,1,1
Spain,Female,34.0,0.0,2,0
Spain,Female,29.0,0.0,1,0
Spain,Female,30.0,122917.71,1,0
Spain,Male,40.0,0.0,2,0
Spain,Female,41.0,101198.01,2,0
Spain,Female,39.0,110864.38,1,0
Spain,Female,43.0,0.0,1,1
Spain,Female,35.0,0.0,2,0
Spain,Male,39.0,123789.69,1,0
Spain,Female,39.0,0.0,3,1
Spain,Male,35.0,0.0,2,0
Spain,Male,38.0,0.0,2,0
Spain,Female,47.0,0.0,1,1
Spain,Female,28.0,0.0,2,0
Spain,Female,44.0,146033.62,1,0
Spain,Male,33.0,0.0,2,0
Spain,Female,69.0,171646.76,1,0
Spain,Male,38.0,0.0,1,0
Spain,Male,38.0,0.0,2,0
Spain,Male,46.0,149713.61,1,1
Spain,Male,50.0,0.0,2,0
Spain,Female,42.0,93608.28,1,0
Spain,Female,22.0,122311.39,1,1
Spain,Female,50.0,0.0,1,0
Spain,Male,35.0,0.0,1,0
Spain,Male,38.0,0.0,2,0
Spain,Female,41.0,0.0,2,0
Spain,Female,44.0,164557.95,1,0
Spain,Male,34.0,0.0,2,0
Spain,Female,36.0,0.0,2,0
Spain,Male,33.0,72788.03,1,0
Spain,Male,29.0,0.0,2,0
Spain,Male,63.0,0.0,1,0
Spain,Female,32.0,141541.25,2,0
Spain,Female,36.0,0.0,2,0
Spain,Female,39.0,0.0,2,0
Spain,Female,33.0,92659.6,1,0
Spain,Female,36.0,0.0,2,0
Spain,Male,47.0,113882.31,2,0
Spain,Female,57.0,0.0,1,1
Spain,Male,37.0,0.0,2,0
Spain,Female,25.0,0.0,2,0
Spain,Male,31.0,109974.89,2,0
Spain,Male,28.0,143637.56,1,0
Spain,Male,29.0,0.0,2,0
Spain,Male,36.0,132932.14,2,0
Spain,Male,43.0,101736.66,1,0
Spain,Male,27.0,141433.07,1,0
Spain,Male,39.0,0.0,1,0
Spain,Female,79.0,0.0,2,0
Spain,Male,34.0,0.0,2,0
Spain,Female,48.0,146547.78,1,0
Spain,Female,35.0,0.0,1,0
Spain,Female,48.0,0.0,1,1
Spain,Male,58.0,92930.92,1,0
Spain,Female,31.0,57784.22,1,1
Spain,Male,42.0,0.0,2,0
Spain,Male,43.0,122198.21,3,1
Spain,Female,33.0,0.0,2,0
Spain,Female,34.0,166776.8,1,0
Spain,Female,47.0,0.0,2,1
Spain,Male,62.0,0.0,2,0
Spain,Male,42.0,163548.07,1,1
Spain,Male,40.0,0.0,1,0
Spain,Female,33.0,0.0,1,0
Spain,Female,34.0,0.0,2,0
Spain,Male,51.0,0.0,2,0
Spain,Male,43.0,0.0,2,0
Spain,Male,23.0,0.0,2,0
Spain,Male,47.0,0.0,2,0
Spain,Female,37.0,0.0,2,0
Spain,Male,41.0,0.0,2,0
Spain,Female,40.0,0.0,1,0
Spain,Male,30.0,0.0,1,0
Spain,Male,38.0,0.0,1,1
Spain,Male,27.0,0.0,2,0
Spain,Male,41.0,124067.32,1,0
Spain,Male,38.0,103257.14,1,0
Spain,Male,26.0,0.0,2,0
Spain,Male,33.0,0.0,2,0
Spain,Male,44.0,115545.33,1,1
Spain,Female,59.0,0.0,1,1
Spain,Female,29.0,0.0,1,0
Spain,Female,42.0,0.0,2,0
Spain,Male,49.0,109783.36,1,0
Spain,Male,21.0,0.0,1,1
Spain,Female,38.0,130231.8,2,0
Spain,Female,41.0,0.0,3,0
Spain,Male,57.0,0.0,2,0
Spain,Male,33.0,0.0,2,0
Spain,Male,42.0,96950.21,2,0
Spain,Male,36.0,0.0,2,0
Spain,Male,41.0,0.0,2,0
Spain,Female,38.0,0.0,2,0
Spain,Female,33.0,0.0,1,0
Spain,Male,31.0,0.0,1,0
Spain,Female,35.0,137326.65,1,1
Spain,Male,34.0,136674.66,2,0
Spain,Male,32.0,81623.69,1,0
Spain,Female,47.0,0.0,2,0
Spain,Male,43.0,0.0,2,0
Spain,Female,52.0,0.0,1,1
Spain,Female,25.0,0.0,2,0
Spain,Male,31.0,0.0,1,0
Spain,Female,41.0,104957.45,2,0
Spain,Female,33.0,0.0,2,0
Spain,Female,57.0,0.0,2,1
Spain,Male,29.0,0.0,2,0
Spain,Male,41.0,0.0,2,0
Spain,Male,41.0,0.0,2,0
Spain,Female,40.0,0.0,2,0
Spain,Female,40.0,0.0,3,1
Spain,Male,24.0,149096.49,1,0
Spain,Female,54.0,111061.01,1,0
Spain,Male,31.0,97188.46,1,0
Spain,Male,45.0,0.0,2,0
Spain,Female,37.0,141573.55,1,0
Spain,Female,35.0,144895.04,2,0
Spain,Female,35.0,164460.75,1,0
Spain,Female,24.0,0.0,2,0
Spain,Male,30.0,0.0,2,0
Spain,Male,38.0,0.0,2,0
Spain,Female,56.0,104498.79,1,0
Spain,Male,39.0,104349.45,1,1
Spain,Female,45.0,105266.32,2,0
Spain,Male,38.0,119787.76,2,0
Spain,Female,37.0,132578.92,1,0
Spain,Male,33.0,0.0,2,0
Spain,Female,28.0,0.0,2,0
Spain,Male,44.0,67639.56,1,1
Spain,Male,27.0,106301.85,1,0
Spain,Male,33.0,141829.67,1,0
Spain,Female,66.0,0.0,1,0
Spain,Female,31.0,0.0,2,0
Spain,Male,29.0,0.0,2,0
Spain,Female,58.0,0.0,1,1
Spain,Male,29.0,111827.52,1,0
Spain,Female,39.0,0.0,2,0
Spain,Female,34.0,0.0,2,0
Spain,Male,28.0,106418.39,2,0
Spain,Male,51.0,0.0,2,0
Spain,Female,40.0,0.0,1,0
Spain,Female,36.0,0.0,1,1
Spain,Male,38.0,0.0,1,1
Spain,Male,38.0,75893.11,1,0
Spain,Female,33.0,0.0,2,0
Spain,Female,39.0,109941.51,2,0
Spain,Male,39.0,0.0,2,0
Spain,Male,33.0,0.0,2,0
Spain,Female,25.0,127760.07,1,1
Spain,Male,41.0,0.0,1,1
Spain,Male,55.0,118617.74,1,1
Spain,Male,40.0,0.0,1,0
Spain,Male,38.0,83415.04,1,0
Spain,Male,31.0,0.0,1,0
Spain,Female,43.0,0.0,2,0
Spain,Male,33.0,0.0,2,0
Spain,Female,43.0,0.0,1,1
Spain,Male,35.0,118766.87,1,0
Spain,Female,36.0,0.0,2,0
Spain,Male,33.0,0.0,2,0
Spain,Female,39.0,0.0,2,0
Spain,Female,46.0,0.0,2,0
Spain,Female,70.0,0.0,1,0
Spain,Male,55.0,0.0,2,0
Spain,Male,40.0,0.0,2,0
Spain,Female,31.0,0.0,2,0
Spain,Male,31.0,0.0,1,0
Spain,Male,35.0,0.0,2,0
Spain,Female,35.0,0.0,2,0
Spain,Male,64.0,0.0,2,0
Spain,Female,38.0,120355.0,1,1
Spain,Female,26.0,0.0,2,0
Spain,Male,38.0,0.0,1,0
Spain,Female,40.0,0.0,2,0
Spain,Male,51.0,0.0,1,1
Spain,Female,36.0,160132.75,1,0
Spain,Male,27.0,113323.28,1,0
Spain,Male,39.0,80380.24,1,0
Spain,Male,40.0,0.0,2,0
Spain,Female,46.0,0.0,1,1
Spain,Male,49.0,70438.01,1,1
Spain,Male,43.0,121326.14,1,0
Spain,Male,27.0,110929.96,2,0
Spain,Female,44.0,0.0,2,0
Spain,Female,22.0,0.0,1,1
Spain,Male,50.0,0.0,3,1
Spain,Male,36.0,132876.23,1,0
Spain,Female,39.0,0.0,2,0
Spain,Female,59.0,0.0,1,0
Spain,Male,29.0,0.0,2,0
Spain,Male,58.0,0.0,2,0
Spain,Male,41.0,0.0,1,0
Spain,Male,39.0,0.0,1,0
Spain,Male,43.0,0.0,1,0
Spain,Female,60.0,0.0,1,1
Spain,Male,36.0,0.0,1,0
Spain,Female,41.0,0.0,2,0
Spain,Male,40.0,0.0,2,0
Spain,Female,40.0,0.0,2,0
Spain,Male,29.0,84439.56,1,0
Spain,Male,36.0,0.0,2,0
Spain,Female,33.0,0.0,2,0
Spain,Female,71.0,0.0,2,0
Spain,Male,35.0,137301.87,1,0
Spain,Male,25.0,0.0,1,0
Spain,Female,37.0,0.0,2,0
Spain,Female,38.0,0.0,2,0
Spain,Male,38.0,0.0,2,0
Spain,Male,31.0,140694.78,2,0
Spain,Female,32.0,0.0,2,0
Spain,Female,54.0,0.0,2,0
Spain,Female,36.0,92716.96,2,0
Spain,Female,35.0,0.0,2,0
Spain,Female,33.0,0.0,2,0
Spain,Female,42.0,0.0,1,0
Spain,Male,34.0,0.0,2,0
Spain,Male,53.0,0.0,1,1
Spain,Male,46.0,0.0,2,0
Spain,Female,33.0,161637.75,1,0
Spain,Female,37.0,0.0,1,1
Spain,Female,33.0,0.0,2,0
Spain,Male,46.0,84712.61,2,1
Spain,Male,34.0,0.0,2,0
Spain,Female,33.0,0.0,2,0
Spain,Male,48.0,0.0,2,0
Spain,Male,39.0,0.0,2,0
Spain,Male,35.0,127261.76,1,0
Spain,Female,29.0,109153.96,1,0
Spain,Male,32.0,0.0,2,0
Spain,Male,29.0,0.0,1,0
Spain,Male,60.0,0.0,1,0
Spain,Female,49.0,116060.08,1,1
Spain,Male,44.0,0.0,2,0
Spain,Male,27.0,123826.07,1,0
Spain,Female,30.0,0.0,2,0
Spain,Female,29.0,0.0,2,0
Spain,Male,37.0,0.0,2,0
Spain,Male,38.0,0.0,2,0
Spain,Male,37.0,0.0,2,0
Spain,Male,27.0,0.0,1,0
Spain,Female,39.0,119315.75,1,0
Spain,Male,26.0,0.0,1,0
Spain,Male,28.0,0.0,2,0
Spain,Male,32.0,133489.41,1,0
Spain,Female,45.0,134940.01,1,0
Spain,Female,29.0,0.0,1,0
Spain,Male,71.0,0.0,2,0
Spain,Male,54.0,109159.78,1,0
Spain,Female,31.0,0.0,1,1
Spain,Female,43.0,172274.01,1,1
Spain,Female,28.0,0.0,2,0
Spain,Male,22.0,0.0,2,0
Spain,Male,43.0,0.0,2,0
Spain,Female,31.0,0.0,2,0
Spain,Male,36.0,0.0,2,0
Spain,Male,26.0,115076.06,1,0
Spain,Male,38.0,0.0,1,1
Spain,Male,34.0,0.0,2,0
Spain,Male,36.0,0.0,2,0
Spain,Male,53.0,0.0,2,0
Spain,Male,38.0,121527.4,1,0
Spain,Male,54.0,0.0,2,0
Spain,Male,37.0,0.0,2,0
Spain,Male,36.0,0.0,1,0
Spain,Male,48.0,132876.23,1,0
Spain,Female,35.0,0.0,2,0
Spain,Male,38.0,149571.94,1,0
Spain,Male,37.0,98202.74,1,0
Spain,Female,34.0,0.0,2,0
Spain,Male,38.0,0.0,2,0
Spain,Male,39.0,100812.49,1,0
Spain,Female,38.0,82916.25,1,0
Spain,Female,43.0,0.0,2,0
Spain,Female,40.0,106397.75,1,0
Spain,Male,36.0,0.0,2,0
Spain,Male,44.0,106045.92,1,1
Spain,Male,34.0,103154.66,1,0
Spain,Male,22.0,102347.03,1,0
Spain,Male,42.0,115766.47,1,0
Spain,Male,31.0,102286.1,1,0
Spain,Female,35.0,0.0,2,0
Spain,Female,31.0,0.0,2,0
Spain,Female,28.0,142755.25,1,0
Spain,Female,44.0,0.0,2,0
Spain,Male,46.0,0.0,1,1
Spain,Male,41.0,0.0,2,0
Spain,Male,29.0,160980.03,1,0
Spain,Female,36.0,85146.48,2,0
Spain,Female,31.0,109869.32,1,0
Spain,Male,33.0,129842.41,1,0
Spain,Male,29.0,0.0,2,0
Spain,Male,35.0,134947.12,1,0
Spain,Female,49.0,0.0,1,1
Spain,Male,30.0,0.0,2,0
Spain,Male,38.0,0.0,2,0
Spain,Male,49.0,115636.05,2,0
Spain,Male,30.0,0.0,1,1
Spain,Male,39.0,122524.61,2,0
Spain,Male,42.0,0.0,2,0
Spain,Female,23.0,0.0,1,0
Spain,Male,36.0,0.0,2,0
Spain,Male,46.0,0.0,1,0
Spain,Female,40.0,0.0,2,0
Spain,Male,41.0,0.0,2,0
Spain,Female,31.0,123087.76,1,1
Spain,Female,48.0,109922.61,1,1
Spain,Male,27.0,0.0,2,0
Spain,Male,25.0,0.0,2,0
Spain,Male,39.0,74896.33,1,0
Spain,Male,31.0,0.0,2,0
Spain,Male,35.0,64646.7,1,0
Spain,Male,28.0,0.0,2,0
Spain,Male,50.0,127120.62,2,1
Spain,Female,31.0,0.0,1,0
Spain,Female,34.0,0.0,2,0
Spain,Male,52.0,0.0,2,1
Spain,Female,39.0,0.0,2,0
Spain,Male,37.0,0.0,2,0
Spain,Male,36.0,0.0,2,0
Spain,Male,40.0,101993.12,1,1
Spain,Female,36.0,0.0,2,0
Spain,Female,52.0,0.0,1,1
Spain,Male,35.0,127535.16,2,0
Spain,Female,28.0,0.0,2,0
Spain,Male,41.0,0.0,1,0
Spain,Female,51.0,0.0,1,0
Spain,Female,26.0,0.0,2,0
Spain,Male,45.0,0.0,1,1
Spain,Male,53.0,100812.29,1,0
Spain,Male,41.0,135759.4,1,0
Spain,Female,41.0,89299.81,1,1
Spain,Male,33.0,0.0,1,0
Spain,Male,32.0,80262.66,1,0
Spain,Male,41.0,0.0,2,0
Spain,Female,29.0,0.0,2,0
Spain,Male,29.0,80541.12,1,0
Spain,Female,57.0,0.0,2,0
Spain,Female,39.0,0.0,2,1
Spain,Female,54.0,134249.7,1,0
Spain,Female,35.0,97530.25,1,0
Spain,Female,40.0,0.0,2,0
Spain,Male,27.0,0.0,2,0
Spain,Male,41.0,128663.9,1,0
Spain,Male,39.0,151786.83,1,0
Spain,Female,38.0,134168.5,1,0
Spain,Male,42.0,102287.06,2,0
Spain,Male,25.0,0.0,2,0
Spain,Male,36.0,0.0,2,0
Spain,Male,45.0,119960.29,1,0
Spain,Male,35.0,0.0,2,0
Spain,Male,34.0,0.0,1,0
Spain,Male,35.0,0.0,2,0
Spain,Male,26.0,0.0,2,1
Spain,Female,31.0,118812.5,2,0
Spain,Female,40.0,115171.71,1,0
Spain,Male,47.0,0.0,1,1
Spain,Male,32.0,0.0,2,0
Spain,Male,34.0,105387.89,1,0
Spain,Female,40.0,125920.98,1,0
Spain,Female,47.0,0.0,1,1
Spain,Male,52.0,0.0,1,1
Spain,Female,34.0,0.0,2,0
Spain,Female,60.0,0.0,1,1
Spain,Male,45.0,0.0,2,0
Spain,Female,24.0,0.0,3,1
Spain,Male,47.0,93578.68,2,0
Spain,Female,49.0,0.0,1,1
Spain,Male,23.0,178065.65,1,0
Spain,Male,43.0,0.0,1,0
Spain,Male,43.0,104508.77,1,0
Spain,Male,43.0,106070.89,1,1
Spain,Male,47.0,0.0,1,0
Spain,Male,39.0,0.0,2,0
Spain,Male,41.0,112609.91,1,0
Spain,Female,25.0,59972.27,1,0
Spain,Male,64.0,127471.56,1,1
Spain,Female,31.0,0.0,2,0
Spain,Male,29.0,127712.73,1,0
Spain,Male,33.0,0.0,1,0
Spain,Male,37.0,0.0,2,0
Spain,Male,29.0,0.0,2,0
Spain,Male,33.0,129849.55,1,0
Spain,Female,54.0,0.0,1,1
Spain,Female,26.0,0.0,2,0
Spain,Male,40.0,98014.74,1,0
Spain,Male,52.0,0.0,1,1
Spain,Male,36.0,0.0,2,0
Spain,Male,37.0,0.0,2,0
Spain,Male,46.0,0.0,1,1
Spain,Male,33.0,0.0,2,0
Spain,Male,43.0,0.0,2,0
Spain,Male,45.0,0.0,1,1
Spain,Female,34.0,0.0,2,0
Spain,Female,32.0,108431.87,1,0
Spain,Female,39.0,0.0,2,0
Spain,Female,32.0,90560.41,1,0
Spain,Female,47.0,0.0,1,1
Spain,Male,26.0,0.0,2,0
Spain,Male,29.0,145215.61,2,0
Spain,Male,51.0,0.0,1,1
Spain,Female,25.0,0.0,2,0
Spain,Male,38.0,0.0,2,1
Spain,Male,39.0,0.0,2,0
Spain,Male,37.0,0.0,1,0
Spain,Male,29.0,111629.29,1,0
Spain,Female,44.0,0.0,2,0
Spain,Female,39.0,0.0,1,0
Spain,Male,37.0,0.0,1,1
Spain,Male,41.0,161591.11,2,0
Spain,Female,24.0,141819.02,2,0
Spain,Male,33.0,85600.08,1,0
Spain,Male,35.0,0.0,2,0
Spain,Male,40.0,98640.74,1,0
Spain,Male,22.0,0.0,2,0
Spain,Female,32.0,0.0,2,0
Spain,Male,40.0,0.0,2,0
Spain,Male,45.0,0.0,2,0
Spain,Male,35.0,0.0,1,0
Spain,Female,35.0,156773.78,1,1
Spain,Female,35.0,0.0,2,0
Spain,Male,32.0,111359.55,1,0
Spain,Male,33.0,0.0,2,0
Spain,Female,39.0,0.0,2,0
Spain,Male,34.0,79475.3,1,0
Spain,Male,43.0,0.0,1,1
Spain,Male,34.0,0.0,2,0
Spain,Male,42.0,109121.71,1,0
Spain,Male,38.0,0.0,2,0
Spain,Male,30.0,121389.78,1,0
Spain,Male,38.0,132439.99,1,0
Spain,Female,28.0,0.0,1,0
Spain,Female,27.0,0.0,2,0
Spain,Female,35.0,153040.03,1,1
Spain,Male,41.0,0.0,2,0
Spain,Male,51.0,138503.51,1,0
Spain,Female,30.0,165413.41,1,0
Spain,Female,36.0,0.0,2,0
Spain,Male,23.0,0.0,1,0
Spain,Female,35.0,80780.23,1,1
Spain,Male,37.0,123783.25,2,0
Spain,Female,55.0,103176.62,1,0
Spain,Male,23.0,0.0,2,0
Spain,Male,29.0,0.0,2,0
Spain,Male,58.0,0.0,2,0
Spain,Male,33.0,0.0,1,0
Spain,Male,42.0,0.0,2,0
Spain,Male,43.0,0.0,1,1
Spain,Male,36.0,0.0,1,1
Spain,Male,39.0,0.0,1,1
Spain,Male,31.0,172657.85,2,0
Spain,Female,27.0,0.0,2,0
Spain,Male,28.0,134766.85,1,0
Spain,Female,51.0,0.0,2,1
Spain,Male,41.0,0.0,2,0
Spain,Female,35.0,135422.31,2,0
Spain,Female,55.0,0.0,1,1
Spain,Female,35.0,99095.73,1,0
Spain,Male,29.0,0.0,2,0
Spain,Female,33.0,121685.31,1,0
Spain,Male,23.0,123974.45,2,0
Spain,Male,42.0,81589.04,1,0
Spain,Male,33.0,0.0,2,0
Spain,Male,35.0,0.0,2,0
Spain,Female,51.0,0.0,1,1
Spain,Male,34.0,0.0,2,0
Spain,Male,42.0,113488.6,1,1
Spain,Female,40.0,0.0,2,0
Spain,Male,64.0,0.0,2,0
Spain,Male,33.0,0.0,2,0
Spain,Female,29.0,0.0,2,0
Spain,Female,40.0,0.0,2,0
Spain,Female,43.0,0.0,1,1
Spain,Female,32.0,0.0,2,0
Spain,Male,26.0,0.0,2,0
Spain,Male,52.0,153325.1,1,0
Spain,Male,26.0,0.0,2,0
Spain,Male,35.0,0.0,1,0
Spain,Male,46.0,0.0,2,1
Spain,Male,36.0,134388.11,1,0
Spain,Male,39.0,127563.3,1,0
Spain,Female,36.0,0.0,2,1
Spain,Male,41.0,0.0,2,0
Spain,Female,55.0,0.0,1,0
Spain,Male,59.0,0.0,1,0
Spain,Male,36.0,0.0,2,0
Spain,Female,28.0,0.0,2,0
Spain,Male,28.0,0.0,2,0
Spain,Male,39.0,115076.48,1,0
Spain,Female,38.0,0.0,2,0
Spain,Male,35.0,0.0,2,0
Spain,Female,36.0,92140.15,1,0
Spain,Male,38.0,0.0,1,0
Spain,Female,43.0,0.0,2,0
Spain,Male,20.0,0.0,2,0
Spain,Male,38.0,71481.79,1,0
Spain,Female,47.0,0.0,2,0
Spain,Male,38.0,145874.89,1,0
Spain,Male,37.0,0.0,1,0
Spain,Male,36.0,0.0,2,0
Spain,Female,40.0,0.0,2,0
Spain,Female,34.0,125877.65,1,0
Spain,Male,40.0,0.0,2,1
Spain,Female,37.0,124776.18,1,0
Spain,Female,36.0,0.0,2,0
Spain,Male,38.0,81623.67,1,0
Spain,Female,27.0,0.0,2,0
Spain,Male,28.0,118099.78,1,1
Spain,Male,48.0,100654.8,1,0
Spain,Female,41.0,0.0,1,1
Spain,Male,46.0,0.0,2,0
Spain,Female,61.0,0.0,2,0
Spain,Female,31.0,0.0,2,0
Spain,Female,40.0,81274.89,1,0
Spain,Male,38.0,87202.38,1,0
Spain,Male,28.0,0.0,2,0
Spain,Male,35.0,0.0,2,0
Spain,Male,41.0,115409.6,1,1
Spain,Female,34.0,0.0,2,0
Spain,Male,36.0,82291.13,1,0
Spain,Female,44.0,0.0,1,0
Spain,Male,20.0,0.0,1,1
Spain,Male,43.0,158713.08,2,0
Spain,Male,45.0,0.0,2,0
Spain,Female,45.0,0.0,2,1
Spain,Male,48.0,0.0,1,1
Spain,Male,33.0,0.0,2,0
Spain,Female,44.0,0.0,2,0
Spain,Female,36.0,0.0,2,0
Spain,Male,33.0,0.0,2,0
Spain,Male,33.0,133899.76,1,0
Spain,Male,38.0,0.0,1,0
Spain,Male,29.0,0.0,2,0
Spain,Male,40.0,0.0,1,0
Spain,Female,29.0,0.0,1,0
Spain,Male,38.0,0.0,2,0
Spain,Female,56.0,0.0,1,1
Spain,Male,55.0,0.0,1,1
Spain,Male,37.0,0.0,2,0
Spain,Female,29.0,138341.01,2,0
Spain,Male,31.0,131390.55,1,0
Spain,Male,38.0,0.0,2,0
Spain,Female,62.0,0.0,2,0
Spain,Male,34.0,0.0,2,0
Spain,Male,45.0,131581.71,1,0
Spain,Female,37.0,0.0,2,0
Spain,Male,34.0,0.0,1,0
Spain,Female,29.0,0.0,2,0
Spain,Female,57.0,0.0,1,1
Spain,Female,44.0,135801.41,1,1
Spain,Female,39.0,0.0,2,0
Spain,Male,43.0,0.0,1,1
Spain,Male,31.0,0.0,2,0
Spain,Male,24.0,0.0,2,0
Spain,Female,37.0,0.0,2,0
Spain,Female,32.0,73218.89,2,0
Spain,Male,39.0,98649.56,1,0
Spain,Male,50.0,0.0,2,0
Spain,Female,41.0,0.0,2,0
Spain,Female,44.0,0.0,2,1
Spain,Male,26.0,97764.41,1,0
Spain,Male,21.0,0.0,1,0
Spain,Female,41.0,0.0,2,0
Spain,Male,37.0,88749.84,2,0
Spain,Female,45.0,141581.08,1,0
Spain,Female,26.0,170826.03,2,0
Spain,Male,37.0,0.0,1,0
Spain,Male,35.0,0.0,2,0
Spain,Male,38.0,161889.79,1,0
Spain,Male,36.0,0.0,2,0
Spain,Male,44.0,107726.93,2,1
Spain,Male,43.0,0.0,1,0
Spain,Female,48.0,0.0,1,0
Spain,Female,40.0,0.0,2,0
Spain,Female,33.0,62979.93,1,0
Spain,Female,36.0,144976.5,1,1
Spain,Male,44.0,104499.87,1,1
Spain,Male,48.0,0.0,1,1
Spain,Male,37.0,144772.26,2,0
Spain,Male,41.0,152264.81,1,1
Spain,Male,32.0,0.0,2,0
Spain,Male,37.0,0.0,2,0
Spain,Male,34.0,0.0,2,0
Spain,Male,34.0,0.0,1,0
Spain,Female,34.0,0.0,2,0
Spain,Male,23.0,0.0,2,0
Spain,Male,21.0,122447.28,1,0
Spain,Female,35.0,0.0,2,0
Spain,Female,38.0,0.0,2,0
Spain,Male,37.0,138489.66,1,0
Spain,Male,45.0,0.0,1,0
Spain,Male,41.0,0.0,2,0
Spain,Male,31.0,118897.67,1,0
Spain,Female,32.0,0.0,1,0
Spain,Male,33.0,0.0,2,0
Spain,Male,40.0,0.0,1,1
Spain,Female,41.0,93522.7,1,0
Spain,Male,48.0,104349.45,1,0
Spain,Female,39.0,0.0,2,0
Spain,Female,34.0,0.0,1,0
Spain,Male,46.0,0.0,2,0
Spain,Female,49.0,0.0,1,0
Spain,Female,34.0,106521.49,1,0
Spain,Female,46.0,0.0,3,1
Spain,Female,32.0,0.0,2,0
Spain,Female,38.0,121669.23,1,1
Spain,Male,53.0,103729.79,1,1
Spain,Male,46.0,92783.68,1,0
Spain,Male,28.0,0.0,2,0
Spain,Female,71.0,129289.98,1,0
Spain,Female,29.0,83459.86,1,0
Spain,Male,31.0,0.0,2,0
Spain,Female,38.0,0.0,2,0
Spain,Female,40.0,0.0,2,0
Spain,Male,43.0,0.0,2,0
Spain,Female,34.0,0.0,2,0
Spain,Male,39.0,0.0,2,0
Spain,Female,35.0,0.0,2,0
Spain,Male,27.0,118962.58,1,0
Spain,Female,32.0,127023.89,1,0
Spain,Male,32.0,46161.18,2,0
Spain,Female,29.0,141069.18,1,0
Spain,Female,39.0,0.0,2,0
Spain,Female,28.0,0.0,3,1
Spain,Male,40.0,0.0,2,0
Spain,Female,36.0,0.0,2,0
Spain,Female,36.0,153383.18,1,0
Spain,Male,37.0,102773.5,1,0
Spain,Male,60.0,0.0,2,0
Spain,Female,45.0,0.0,1,1
Spain,Male,70.0,96951.21,1,0
Spain,Female,30.0,0.0,2,0
Spain,Male,31.0,0.0,2,0
Spain,Female,35.0,0.0,1,1
Spain,Female,34.0,0.0,2,0
Spain,Male,41.0,0.0,2,0
Spain,Female,40.0,0.0,2,0
Spain,Female,28.0,0.0,2,0
Spain,Female,35.0,119182.73,1,0
Spain,Female,34.0,0.0,2,0
Spain,Female,48.0,0.0,2,0
Spain,Female,34.0,132576.04,1,0
Spain,Male,38.0,127945.64,1,0
Spain,Male,35.0,0.0,2,0
Spain,Female,30.0,0.0,2,0
Spain,Female,36.0,0.0,2,0
Spain,Female,40.0,128398.38,1,0
Spain,Female,38.0,124037.28,1,0
Spain,Male,31.0,0.0,1,0
Spain,Male,30.0,145536.28,1,0
Spain,Female,44.0,0.0,1,0
Spain,Female,30.0,0.0,2,0
Spain,Male,56.0,0.0,1,1
Spain,Male,38.0,0.0,1,1
Spain,Female,29.0,0.0,2,0
Spain,Male,41.0,132954.34,1,0
Spain,Male,40.0,0.0,1,1
Spain,Male,27.0,0.0,2,0
Spain,Female,51.0,0.0,2,0
Spain,Male,33.0,0.0,2,0
Spain,Male,47.0,0.0,2,0
Spain,Male,40.0,0.0,1,1
Spain,Female,38.0,103421.49,1,0
Spain,Female,43.0,0.0,1,1
Spain,Male,60.0,85534.83,2,0
Spain,Male,33.0,0.0,1,0
Spain,Female,34.0,0.0,2,0
Spain,Female,37.0,0.0,2,0
Spain,Female,44.0,143656.55,1,1
Spain,Male,27.0,0.0,2,0
Spain,Male,32.0,0.0,2,0
Spain,Female,23.0,127187.78,1,0
Spain,Female,56.0,95441.27,1,0
Spain,Male,37.0,0.0,2,0
Spain,Male,38.0,0.0,2,0
Spain,Male,38.0,0.0,2,0
Spain,Male,37.0,0.0,2,0
Spain,Female,29.0,0.0,2,0
Spain,Male,40.0,0.0,2,0
Spain,Female,47.0,123936.54,2,0
Spain,Female,45.0,0.0,2,0
Spain,Male,37.0,113958.18,1,0
Spain,Male,46.0,91291.5,1,0
Spain,Male,73.0,0.0,2,0
Spain,Female,62.0,0.0,2,1
Spain,Male,35.0,0.0,3,0
Spain,Male,38.0,106687.76,1,0
Spain,Female,28.0,0.0,2,0
Spain,Female,33.0,0.0,2,0
Spain,Female,45.0,0.0,1,0
Spain,Female,47.0,0.0,3,0
Spain,Male,38.0,0.0,2,0
Spain,Female,42.0,0.0,1,1
Spain,Male,33.0,0.0,2,0
Spain,Female,22.0,0.0,2,0
Spain,Male,29.0,138106.73,2,0
Spain,Male,44.0,0.0,1,1
Spain,Male,32.0,137781.65,1,0
Spain,Male,32.0,142084.64,1,0
Spain,Male,31.0,98955.84,2,0
Spain,Male,37.0,0.0,2,0
Spain,Male,35.0,0.0,1,1
Spain,Female,31.0,0.0,2,0
Spain,Female,29.0,0.0,2,0
Spain,Male,57.0,105422.34,2,0
Spain,Male,36.0,115280.49,1,0
Spain,Male,46.0,128768.78,1,0
Spain,Male,39.0,0.0,2,0
Spain,Male,23.0,0.0,2,0
Spain,Male,50.0,0.0,1,1
Spain,Male,33.0,0.0,2,0
Spain,Male,27.0,0.0,2,0
Spain,Male,39.0,120193.42,1,0
Spain,Male,41.0,0.0,1,0
Spain,Male,26.0,0.0,1,0
Spain,Female,40.0,0.0,2,0
Spain,Female,57.0,0.0,1,0
Spain,Female,47.0,0.0,1,0
Spain,Female,43.0,80764.03,1,0
Spain,Female,34.0,0.0,2,0
Spain,Male,29.0,0.0,1,0
Spain,Male,38.0,0.0,2,0
Spain,Female,33.0,0.0,2,0
Spain,Female,40.0,0.0,1,0
Spain,Female,38.0,0.0,2,0
Spain,Male,28.0,100262.88,2,0
Spain,Female,33.0,0.0,2,0
Spain,Female,67.0,0.0,2,0
Spain,Female,39.0,105266.83,2,0
Spain,Male,71.0,0.0,1,0
Spain,Female,40.0,0.0,2,0
Spain,Female,44.0,0.0,2,0
Spain,Male,34.0,0.0,1,0
Spain,Male,41.0,103772.45,1,0
Spain,Female,45.0,133618.01,2,0
Spain,Female,35.0,0.0,1,0
Spain,Male,41.0,0.0,1,0
Spain,Female,45.0,0.0,1,0
Spain,Female,37.0,0.0,2,0
Spain,Male,47.0,0.0,2,0
Spain,Male,38.0,0.0,2,0
Spain,Male,36.0,96381.68,1,0
Spain,Female,45.0,55732.92,1,1
Spain,Female,31.0,122857.46,1,0
Spain,Female,31.0,0.0,2,0
Spain,Male,56.0,0.0,2,1
Spain,Male,37.0,0.0,2,0
Spain,Male,47.0,0.0,2,0
Spain,Male,36.0,158261.68,1,0
Spain,Male,37.0,0.0,2,0
Spain,Male,49.0,0.0,1,0
Spain,Male,37.0,138207.08,1,0
Spain,Female,38.0,0.0,2,0
Spain,Male,44.0,0.0,2,0
Spain,Female,41.0,0.0,2,0
Spain,Female,57.0,152582.2,2,1
Spain,Male,45.0,0.0,2,0
Spain,Female,34.0,69423.43,1,0
Spain,Female,41.0,131390.73,1,0
Spain,Male,38.0,0.0,2,0
Spain,Male,31.0,0.0,1,0
Spain,Male,30.0,0.0,2,0
Spain,Male,28.0,0.0,2,0
Spain,Female,31.0,0.0,2,0
Spain,Male,47.0,82228.67,1,0
Spain,Male,40.0,161766.87,1,0
Spain,Male,30.0,0.0,2,0
Spain,Male,46.0,0.0,1,1
Spain,Male,36.0,0.0,2,0
Spain,Female,39.0,0.0,2,0
Spain,Female,29.0,141237.33,1,0
Spain,Male,22.0,92615.96,1,0
Spain,Male,38.0,177657.35,1,0
Spain,Female,54.0,132837.4,1,0
Spain,Male,59.0,0.0,1,0
Spain,Male,38.0,0.0,1,0
Spain,Male,33.0,0.0,1,0
Spain,Female,47.0,116324.73,1,0
Spain,Female,34.0,0.0,1,0
Spain,Male,30.0,0.0,1,1
Spain,Female,41.0,0.0,2,0
Spain,Female,31.0,107784.65,1,0
Spain,Female,39.0,0.0,2,0
Spain,Female,46.0,144880.34,1,1
Spain,Female,28.0,72664.6,1,0
Spain,Female,41.0,143350.41,1,0
Spain,Male,32.0,100433.8,2,0
Spain,Female,39.0,0.0,2,0
Spain,Male,47.0,0.0,1,0
Spain,Female,42.0,0.0,2,0
Spain,Female,36.0,0.0,2,0
Spain,Male,47.0,0.0,1,1
Spain,Female,32.0,0.0,2,0
Spain,Female,38.0,0.0,2,0
Spain,Male,40.0,155455.43,1,1
Spain,Male,37.0,91835.16,2,1
Spain,Female,33.0,140137.76,1,0
Spain,Female,51.0,0.0,1,1
Spain,Male,27.0,0.0,2,0
Spain,Male,38.0,0.0,2,0
Spain,Male,29.0,121355.59,1,0
Spain,Male,32.0,0.0,2,0
Spain,Female,47.0,151325.18,1,0
Spain,Male,40.0,0.0,2,0
Spain,Male,38.0,0.0,2,0
Spain,Female,33.0,0.0,2,0
Spain,Female,37.0,0.0,1,0
Spain,Female,46.0,0.0,1,1
Spain,Female,56.0,97612.12,1,0
Spain,Male,38.0,80958.92,1,0
Spain,Male,50.0,0.0,3,1
Spain,Female,38.0,0.0,2,0
Spain,Male,26.0,0.0,1,0
Spain,Female,35.0,0.0,2,0
Spain,Male,38.0,69434.4,2,0
Spain,Male,38.0,0.0,2,0
Spain,Female,43.0,0.0,2,0
Spain,Male,19.0,127649.64,1,0
Spain,Male,47.0,0.0,2,0
Spain,Male,57.0,131414.76,1,0
Spain,Male,45.0,97257.18,1,0
Spain,Male,38.0,0.0,1,1
Spain,Male,39.0,107552.01,1,0
Spain,Female,51.0,206014.94,2,1
Spain,Female,29.0,0.0,2,0
Spain,Female,27.0,0.0,3,1
Spain,Female,30.0,124037.28,2,0
Spain,Female,30.0,0.0,2,0
Spain,Female,34.0,0.0,1,0
Spain,Female,43.0,111094.05,2,0
Spain,Male,43.0,0.0,2,0
Spain,Male,35.0,80285.16,2,0
Spain,Female,42.0,0.0,2,0
Spain,Male,40.0,0.0,2,0
Spain,Male,34.0,0.0,1,0
Spain,Female,41.0,0.0,2,0
Spain,Male,38.0,0.0,2,0
Spain,Male,36.0,0.0,2,0
Spain,Male,34.0,0.0,1,0
Spain,Male,67.0,119785.47,2,0
Spain,Male,36.0,121213.61,2,0
Spain,Male,32.0,91068.56,1,0
Spain,Male,31.0,0.0,2,0
Spain,Male,40.0,152812.58,1,0
Spain,Male,28.0,0.0,2,0
Spain,Female,29.0,0.0,1,0
Spain,Male,28.0,103362.14,1,1
Spain,Male,31.0,0.0,1,0
Spain,Male,46.0,104833.79,1,0
Spain,Male,44.0,0.0,2,0
Spain,Male,39.0,101070.74,1,0
Spain,Female,33.0,0.0,2,0
Spain,Male,40.0,0.0,2,0
Spain,Male,42.0,0.0,2,0
Spain,Male,30.0,0.0,1,0
Spain,Male,47.0,127818.52,1,1
Spain,Male,37.0,0.0,1,0
Spain,Male,30.0,0.0,1,0
Spain,Male,39.0,0.0,2,0
Spain,Male,31.0,99786.7,1,0
Spain,Female,61.0,0.0,2,0
Spain,Female,47.0,0.0,2,0
Spain,Male,49.0,92783.68,1,0
Spain,Female,51.0,128914.97,1,0
Spain,Male,38.0,0.0,2,0
Spain,Male,37.0,135070.58,2,0
Spain,Male,33.0,138162.41,1,0
Spain,Male,38.0,0.0,2,0
Spain,Female,54.0,0.0,1,0
Spain,Female,41.0,138734.94,1,0
Spain,Male,28.0,0.0,2,0
Spain,Male,49.0,0.0,2,1
Spain,Male,37.0,0.0,2,0
Spain,Female,42.0,0.0,1,0
Spain,Female,33.0,0.0,2,0
Spain,Male,31.0,161254.76,1,0
Spain,Male,32.0,96418.09,1,0
Spain,Male,46.0,0.0,2,0
Spain,Male,30.0,136657.52,1,0
Spain,Male,29.0,0.0,2,0
Spain,Male,40.0,0.0,1,1
Spain,Male,37.0,0.0,1,0
Spain,Male,35.0,98878.76,1,0
Spain,Male,28.0,85812.84,2,0
Spain,Male,35.0,0.0,1,0
Spain,Male,29.0,120822.86,2,0
Spain,Male,40.0,153040.03,1,0
Spain,Male,34.0,156586.54,1,0
Spain,Male,37.0,0.0,1,0
Spain,Male,26.0,0.0,2,0
Spain,Male,36.0,105266.32,1,0
Spain,Female,32.0,145553.07,1,0
Spain,Female,41.0,0.0,2,0
Spain,Male,35.0,141449.56,2,0
Spain,Male,27.0,0.0,2,0
Spain,Male,39.0,0.0,2,0
Spain,Female,38.0,0.0,2,0
Spain,Female,45.0,111827.49,1,0
Spain,Male,35.0,0.0,2,0
Spain,Male,41.0,165350.61,2,0
Spain,Female,64.0,0.0,1,1
Spain,Female,44.0,83575.56,1,0
Spain,Male,30.0,0.0,2,0
Spain,Male,41.0,0.0,1,0
Spain,Male,29.0,0.0,2,0
Spain,Female,34.0,0.0,1,0
Spain,Male,35.0,100212.69,1,0
Spain,Male,26.0,0.0,2,0
Spain,Female,37.0,0.0,2,0
Spain,Male,33.0,0.0,2,0
Spain,Male,52.0,169848.81,1,1
Spain,Male,33.0,0.0,2,0
Spain,Female,31.0,153316.14,1,0
Spain,Male,46.0,105473.84,1,0
Spain,Male,34.0,0.0,1,0
Spain,Female,32.0,0.0,2,0
Spain,Male,34.0,0.0,2,0
Spain,Female,36.0,0.0,2,0
Spain,Male,23.0,0.0,1,0
Spain,Male,28.0,114422.75,1,0
Spain,Male,30.0,0.0,2,0
Spain,Male,25.0,0.0,2,0
Spain,Male,33.0,119336.29,1,1
Spain,Male,38.0,115462.09,1,0
Spain,Male,33.0,0.0,3,1
Spain,Female,31.0,0.0,2,0
Spain,Female,35.0,0.0,2,0
Spain,Female,44.0,122917.71,1,1
Spain,Male,55.0,133681.78,1,0
Spain,Male,40.0,0.0,2,0
Spain,Male,58.0,120193.42,1,1
Spain,Male,39.0,0.0,2,0
Spain,Male,35.0,0.0,2,0
Spain,Male,67.0,0.0,1,0
Spain,Male,29.0,0.0,2,0
Spain,Female,32.0,0.0,2,0
Spain,Female,32.0,93616.35,2,0
Spain,Male,34.0,0.0,2,0
Spain,Female,47.0,0.0,1,1
Spain,Male,39.0,94773.11,1,1
Spain,Male,28.0,0.0,2,0
Spain,Male,51.0,128509.63,3,1
Spain,Female,27.0,0.0,1,1
Spain,Female,34.0,0.0,2,0
Spain,Female,29.0,0.0,2,0
Spain,Male,39.0,0.0,1,0
Spain,Female,32.0,0.0,1,0
Spain,Female,36.0,0.0,2,0
Spain,Male,35.0,0.0,2,0
Spain,Male,22.0,115961.51,1,0
Spain,Male,32.0,0.0,2,0
Spain,Female,33.0,0.0,2,0
Spain,Male,30.0,0.0,3,0
Spain,Male,38.0,0.0,1,0
Spain,Male,28.0,131404.57,1,1
Spain,Female,28.0,0.0,2,0
Spain,Female,43.0,0.0,2,0
Spain,Female,48.0,0.0,1,0
Spain,Male,28.0,126598.99,1,0
Spain,Male,35.0,0.0,2,0
Spain,Male,29.0,0.0,2,0
Spain,Male,38.0,0.0,2,0
Spain,Male,35.0,0.0,1,0
Spain,Female,29.0,83286.56,1,0
Spain,Male,41.0,93320.71,1,0
Spain,Female,49.0,0.0,2,1
Spain,Female,57.0,176227.07,2,1
Spain,Male,36.0,0.0,2,0
Spain,Female,64.0,119656.45,2,0
Spain,Male,59.0,0.0,2,0
Spain,Female,41.0,143680.47,1,1
Spain,Female,37.0,74323.2,1,0
Spain,Male,36.0,0.0,1,0
Spain,Male,53.0,0.0,2,1
Spain,Female,35.0,138523.7,1,0
Spain,Female,41.0,133628.09,1,1
Spain,Male,37.0,0.0,2,0
Spain,Female,45.0,119912.19,1,1
Spain,Female,53.0,75225.53,2,0
Spain,Female,33.0,0.0,2,0
Spain,Male,46.0,124593.23,1,1
Spain,Male,50.0,0.0,1,1
Spain,Male,41.0,0.0,2,0
Spain,Female,54.0,0.0,3,1
Spain,Female,48.0,109044.81,1,0
Spain,Female,37.0,0.0,2,0
Spain,Male,36.0,87612.64,1,1
Spain,Female,35.0,0.0,2,0
Spain,Female,44.0,108867.0,1,0
Spain,Female,38.0,0.0,2,1
Spain,Female,33.0,123870.07,1,1
Spain,Male,31.0,0.0,1,0
Spain,Female,35.0,0.0,1,1
Spain,Male,28.0,0.0,2,0
Spain,Male,34.0,125851.83,3,1
Spain,Male,37.0,133889.35,1,0
Spain,Male,45.0,0.0,1,1
Spain,Female,46.0,0.0,2,0
Spain,Female,35.0,0.0,2,0
Spain,Female,60.0,0.0,1,0
Spain,Female,35.0,96763.89,2,0
Spain,Male,42.0,0.0,2,0
Spain,Male,38.0,0.0,2,0
Spain,Male,37.0,113607.47,1,1
Spain,Male,39.0,165350.61,1,1
Spain,Female,43.0,113817.06,1,0
Spain,Male,37.0,0.0,1,0
Spain,Male,39.0,0.0,3,1
Spain,Male,33.0,113979.36,1,0
Spain,Male,33.0,114427.86,1,0
Spain,Male,26.0,115345.81,1,0
Spain,Male,39.0,0.0,2,0
Spain,Male,45.0,0.0,1,0
Spain,Female,31.0,0.0,2,0
Spain,Male,56.0,128929.88,1,1
Spain,Male,38.0,0.0,2,0
Spain,Female,42.0,145860.98,1,0
Spain,Female,44.0,134032.01,1,0
Spain,Male,41.0,102827.44,1,0
Spain,Male,34.0,92716.96,1,1
Spain,Female,26.0,0.0,2,0
Spain,Male,30.0,156948.43,1,0
Spain,Male,33.0,0.0,2,0
Spain,Female,26.0,0.0,1,0
Spain,Male,25.0,0.0,2,0
Spain,Male,36.0,115462.02,1,0
Spain,Male,39.0,0.0,2,0
Spain,Male,21.0,129830.24,2,0
Spain,Female,46.0,0.0,2,0
Spain,Female,32.0,108760.27,2,0
Spain,Male,45.0,136953.47,1,0
Spain,Male,40.0,0.0,2,0
Spain,Male,48.0,0.0,1,1
Spain,Female,43.0,144837.79,1,0
Spain,Male,46.0,89364.91,1,0
Spain,Female,38.0,0.0,2,0
Spain,Female,34.0,0.0,1,1
Spain,Female,43.0,91857.15,1,1
Spain,Female,28.0,0.0,2,0
Spain,Male,37.0,171778.76,1,0
Spain,Female,35.0,0.0,2,0
Spain,Female,44.0,0.0,2,0
Spain,Female,41.0,0.0,2,0
Spain,Male,44.0,184552.12,2,1
Spain,Female,34.0,114510.52,1,0
Spain,Male,39.0,120355.0,1,0
Spain,Male,28.0,0.0,1,0
Spain,Female,28.0,0.0,2,0
Spain,Male,35.0,0.0,2,0
Spain,Male,40.0,0.0,2,0
Spain,Male,33.0,121685.31,1,0
Spain,Male,33.0,117300.02,1,0
Spain,Male,33.0,0.0,2,0
Spain,Female,37.0,147422.44,1,0
Spain,Male,41.0,0.0,2,0
Spain,Male,36.0,0.0,2,0
Spain,Male,41.0,0.0,2,0
Spain,Male,46.0,0.0,1,1
Spain,Female,29.0,0.0,2,0
Spain,Female,50.0,0.0,1,1
Spain,Male,36.0,0.0,1,0
Spain,Male,38.0,161588.06,2,1
Spain,Male,51.0,0.0,1,1
Spain,Male,25.0,144855.74,1,0
Spain,Female,38.0,0.0,2,0
Spain,Male,31.0,0.0,2,0
Spain,Male,39.0,0.0,2,0
Spain,Female,41.0,0.0,2,0
Spain,Male,28.0,142658.04,1,0
Spain,Male,31.0,0.0,2,0
Spain,Female,38.0,89118.26,1,0
Spain,Female,40.0,0.0,1,1
Spain,Female,45.0,0.0,1,1
Spain,Female,39.0,0.0,3,1
Spain,Female,38.0,0.0,2,0
Spain,Male,43.0,0.0,2,0
Spain,Female,37.0,123894.43,1,0
Spain,Female,51.0,172463.45,4,1
Spain,Female,43.0,0.0,2,0
Spain,Female,27.0,0.0,2,0
Spain,Female,35.0,106045.92,2,0
Spain,Male,38.0,0.0,1,0
Spain,Female,34.0,0.0,2,0
Spain,Male,36.0,0.0,2,0
Spain,Male,44.0,0.0,2,0
Spain,Male,59.0,0.0,2,0
Spain,Female,49.0,0.0,1,1
Spain,Male,67.0,88382.01,1,1
Spain,Male,45.0,0.0,2,0
Spain,Male,26.0,92786.66,2,0
Spain,Male,31.0,133476.24,1,0
Spain,Female,49.0,0.0,1,1
Spain,Female,30.0,76914.21,1,0
Spain,Female,36.0,0.0,2,0
Spain,Male,40.0,0.0,2,0
Spain,Male,29.0,144887.84,1,0
Spain,Male,35.0,0.0,2,0
Spain,Female,39.0,0.0,1,0
Spain,Female,36.0,121231.39,1,0
Spain,Female,26.0,0.0,2,0
Spain,Male,35.0,137948.51,1,0
Spain,Male,32.0,129845.24,1,0
Spain,Female,31.0,135515.76,1,0
Spain,Female,40.0,0.0,2,0
Spain,Male,27.0,0.0,1,0
Spain,Male,30.0,0.0,2,0
Spain,Male,44.0,133964.3,1,1
Spain,Male,40.0,0.0,2,0
Spain,Female,39.0,116936.81,1,0
Spain,Male,64.0,0.0,1,1
Spain,Male,38.0,0.0,2,0
Spain,Female,41.0,0.0,2,0
Spain,Female,34.0,95936.83,2,0
Spain,Male,36.0,0.0,2,0
Spain,Male,35.0,0.0,2,0
Spain,Male,25.0,97705.99,2,0
Spain,Male,53.0,109528.16,1,1
Spain,Female,34.0,0.0,2,0
Spain,Male,36.0,0.0,1,0
Spain,Male,54.0,0.0,1,1
Spain,Male,33.0,0.0,2,0
Spain,Female,53.0,0.0,2,0
Spain,Male,36.0,0.0,2,0
Spain,Female,31.0,165896.2,2,0
Spain,Male,46.0,0.0,2,0
Spain,Male,36.0,54098.18,2,0
Spain,Male,30.0,0.0,2,0
Spain,Male,37.0,0.0,2,0
Spain,Female,37.0,98955.87,1,1
Spain,Male,33.0,0.0,2,0
Spain,Male,43.0,136487.86,1,0
Spain,Male,63.0,0.0,1,1
Spain,Male,63.0,0.0,2,0
Spain,Male,41.0,132450.24,1,0
Spain,Female,39.0,0.0,2,0
Spain,Male,36.0,0.0,2,0
Spain,Male,48.0,0.0,1,0
Spain,Male,35.0,0.0,2,0
Spain,Female,24.0,0.0,3,0
Spain,Male,28.0,0.0,2,0
Spain,Male,37.0,0.0,1,1
Spain,Female,31.0,174852.19,1,0
Spain,Female,27.0,124547.13,2,0
Spain,Male,58.0,0.0,1,1
Spain,Male,32.0,0.0,2,0
Spain,Female,31.0,0.0,1,0
Spain,Male,42.0,0.0,1,1
Spain,Male,71.0,0.0,1,0
Spain,Female,36.0,110153.43,1,0
Spain,Female,38.0,93722.84,1,1
Spain,Female,38.0,171848.38,1,1
Spain,Male,64.0,0.0,1,1
Spain,Male,44.0,0.0,2,0
Spain,Female,31.0,100880.76,1,0
Spain,Male,32.0,0.0,1,0
Spain,Male,50.0,0.0,2,0
Spain,Female,52.0,0.0,1,1
Spain,Female,40.0,99829.95,1,0
Spain,Male,44.0,0.0,2,0
Spain,Male,46.0,0.0,2,0
Spain,Male,37.0,0.0,2,0
Spain,Male,48.0,92474.05,1,1
Spain,Female,42.0,0.0,1,1
Spain,Male,35.0,126473.33,1,0
Spain,Male,41.0,0.0,2,0
Spain,Female,26.0,0.0,2,0
Spain,Female,28.0,0.0,2,0
Spain,Female,33.0,0.0,1,0
Spain,Male,60.0,151421.44,1,0
Spain,Male,29.0,128745.69,1,0
Spain,Male,44.0,0.0,2,0
Spain,Male,31.0,122449.31,2,1
Spain,Male,46.0,89364.91,1,0
Spain,Female,38.0,0.0,2,0
Spain,Male,26.0,161588.89,2,0
Spain,Male,29.0,0.0,1,1
Spain,Male,47.0,0.0,1,1
Spain,Female,37.0,89158.94,2,0
Spain,Female,27.0,0.0,2,0
Spain,Male,39.0,0.0,2,0
Spain,Male,36.0,70438.01,2,0
Spain,Female,29.0,0.0,2,0
Spain,Female,32.0,0.0,2,0
Spain,Female,41.0,0.0,2,0
Spain,Male,35.0,0.0,2,0
Spain,Male,35.0,132623.6,1,0
Spain,Male,28.0,55732.92,2,0
Spain,Male,37.0,0.0,2,0
Spain,Male,40.0,0.0,1,0
Spain,Male,33.0,0.0,2,0
Spain,Male,34.0,0.0,2,0
Spain,Female,34.0,0.0,2,0
Spain,Male,41.0,75302.85,1,0
Spain,Female,55.0,44582.07,2,0
Spain,Female,28.0,0.0,2,0
Spain,Male,35.0,119656.45,2,0
Spain,Male,31.0,129855.32,1,0
Spain,Male,36.0,135216.8,1,0
Spain,Male,24.0,0.0,2,0
Spain,Male,41.0,0.0,2,0
Spain,Male,39.0,0.0,2,1
Spain,Female,35.0,0.0,2,0
Spain,Male,32.0,0.0,2,0
Spain,Male,32.0,88656.87,1,0
Spain,Male,36.0,0.0,2,0
Spain,Male,31.0,0.0,1,0
Spain,Female,34.0,0.0,2,0
Spain,Male,57.0,157831.57,1,0
Spain,Male,22.0,0.0,2,0
Spain,Male,56.0,95623.36,1,1
Spain,Female,32.0,120074.97,2,0
Spain,Female,28.0,124440.01,1,0
Spain,Male,34.0,146580.69,1,0
Spain,Female,40.0,0.0,2,1
Spain,Female,49.0,0.0,1,1
Spain,Female,31.0,0.0,2,0
Spain,Female,48.0,155413.06,1,0
Spain,Female,44.0,0.0,1,1
Spain,Male,31.0,117300.21,2,0
Spain,Female,67.0,153366.13,1,0
Spain,Female,19.0,0.0,1,1
Spain,Female,38.0,0.0,2,0
Spain,Male,39.0,0.0,2,0
Spain,Female,57.0,0.0,1,0
Spain,Male,33.0,145845.54,1,0
Spain,Male,35.0,0.0,2,0
Spain,Male,34.0,0.0,2,0
Spain,Male,24.0,0.0,2,0
Spain,Female,34.0,0.0,2,0
Spain,Male,32.0,0.0,1,0
Spain,Female,46.0,0.0,1,1
Spain,Female,24.0,0.0,2,0
Spain,Female,29.0,0.0,2,0
Spain,Male,39.0,0.0,1,1
Spain,Female,23.0,0.0,2,0
Spain,Male,32.0,0.0,2,0
Spain,Male,40.0,0.0,2,0
Spain,Male,62.0,166594.78,2,0
Spain,Male,35.0,109106.8,1,0
Spain,Male,33.0,0.0,2,0
Spain,Male,33.0,0.0,3,1
Spain,Male,43.0,0.0,2,0
Spain,Female,38.0,174506.1,1,0
Spain,Male,38.0,120124.35,2,0
Spain,Female,28.0,0.0,2,0
Spain,Male,48.0,0.0,2,0
Spain,Female,47.0,0.0,1,0
Spain,Female,37.0,93920.18,1,0
Spain,Female,37.0,0.0,2,0
Spain,Male,43.0,0.0,2,0
Spain,Male,46.0,81556.89,1,0
Spain,Female,42.0,0.0,2,0
Spain,Female,38.0,0.0,2,0
Spain,Male,31.0,144470.77,1,0
Spain,Female,34.0,0.0,2,0
Spain,Female,44.0,74274.87,1,0
Spain,Male,36.0,0.0,1,0
Spain,Female,31.0,0.0,1,0
Spain,Female,28.0,0.0,1,0
Spain,Female,31.0,139974.46,1,0
Spain,Female,33.0,0.0,2,0
Spain,Female,33.0,147511.26,1,1
Spain,Female,37.0,0.0,2,0
Spain,Female,53.0,0.0,2,0
Spain,Male,42.0,148363.84,1,0
Spain,Female,24.0,127421.87,2,0
Spain,Male,39.0,115062.02,1,0
Spain,Female,31.0,0.0,2,0
Spain,Male,29.0,143566.83,1,0
Spain,Female,48.0,0.0,1,1
Spain,Male,29.0,121513.31,1,0
Spain,Male,37.0,0.0,1,0
Spain,Male,35.0,0.0,2,0
Spain,Female,44.0,0.0,2,0
Spain,Male,33.0,0.0,2,0
Spain,Female,32.0,124626.07,1,0
Spain,Male,28.0,0.0,1,0
Spain,Male,36.0,0.0,1,0
Spain,Male,40.0,0.0,1,0
Spain,Male,25.0,0.0,2,0
Spain,Male,39.0,0.0,2,0
Spain,Male,43.0,0.0,2,0
Spain,Male,37.0,0.0,2,0
Spain,Male,29.0,0.0,2,0
Spain,Female,30.0,0.0,2,0
Spain,Male,41.0,0.0,2,0
Spain,Male,40.0,79415.67,1,0
Spain,Female,47.0,110765.68,3,1
Spain,Male,35.0,0.0,2,0
Spain,Male,29.0,0.0,2,0
Spain,Male,34.0,0.0,2,0
Spain,Male,33.0,0.0,2,0
Spain,Male,37.0,109508.68,1,0
Spain,Female,36.0,0.0,1,0
Spain,Female,30.0,0.0,2,0
Spain,Female,29.0,0.0,2,0
Spain,Female,45.0,0.0,2,0
Spain,Female,33.0,0.0,2,0
Spain,Male,35.0,0.0,2,0
Spain,Male,45.0,0.0,1,1
Spain,Female,47.0,0.0,2,1
Spain,Male,40.0,0.0,2,0
Spain,Female,47.0,0.0,2,0
Spain,Male,26.0,119380.37,1,0
Spain,Male,35.0,0.0,2,0
Spain,Male,36.0,0.0,2,0
Spain,Male,46.0,0.0,1,1
Spain,Female,39.0,127545.28,1,0
Spain,Female,33.0,0.0,2,0
Spain,Female,28.0,148654.84,2,0
Spain,Male,43.0,0.0,2,0
Spain,Female,42.0,0.0,2,0
Spain,Female,33.0,87098.91,1,0
Spain,Female,46.0,0.0,1,1
Spain,Male,48.0,113882.33,1,1
Spain,Male,30.0,0.0,1,0
Spain,Male,35.0,0.0,2,0
Spain,Female,31.0,132657.55,1,0
Spain,Female,45.0,0.0,1,1
Spain,Male,40.0,0.0,2,0
Spain,Male,38.0,0.0,1,0
Spain,Female,43.0,165326.2,1,0
Spain,Female,57.0,173306.13,1,0
Spain,Male,35.0,108450.89,1,0
Spain,Female,45.0,133801.66,1,0
Spain,Male,61.0,0.0,2,0
Spain,Female,38.0,0.0,1,1
Spain,Female,41.0,0.0,2,0
Spain,Female,53.0,0.0,2,0
Spain,Male,35.0,0.0,2,0
Spain,Male,47.0,88363.03,1,0
Spain,Female,32.0,0.0,2,0
Spain,Male,35.0,113635.16,1,1
Spain,Male,18.0,160625.17,1,0
Spain,Male,36.0,0.0,2,0
Spain,Male,33.0,0.0,1,0
Spain,Female,26.0,105869.35,1,0
Spain,Female,28.0,118962.58,1,0
Spain,Female,28.0,0.0,2,0
Spain,Male,33.0,59893.85,2,0
Spain,Female,36.0,0.0,2,1
Spain,Female,31.0,0.0,1,0
Spain,Male,37.0,0.0,1,0
Spain,Female,35.0,0.0,2,0
Spain,Male,64.0,0.0,2,0
Spain,Female,46.0,0.0,2,0
Spain,Male,50.0,0.0,2,0
Spain,Female,24.0,0.0,1,0
Spain,Male,30.0,113090.4,4,1
Spain,Female,43.0,169835.57,1,0
Spain,Male,39.0,0.0,1,1
Spain,Male,36.0,172231.9,1,0
Spain,Male,43.0,92350.36,1,0
Spain,Male,39.0,0.0,1,0
Spain,Female,48.0,0.0,1,1
Spain,Female,28.0,0.0,4,1
Spain,Male,41.0,0.0,2,1
Spain,Male,38.0,0.0,1,0
Spain,Female,34.0,0.0,2,0
Spain,Female,39.0,0.0,2,0
Spain,Male,30.0,0.0,1,1
Spain,Male,50.0,94684.27,1,0
Spain,Male,46.0,0.0,2,0
Spain,Male,35.0,0.0,1,0
Spain,Male,35.0,140197.3,1,0
Spain,Female,46.0,157818.52,1,1
Spain,Male,59.0,137842.55,2,0
Spain,Female,27.0,115046.74,1,0
Spain,Male,46.0,0.0,2,1
Spain,Female,33.0,126689.71,2,0
Spain,Female,31.0,0.0,2,1
Spain,Male,40.0,0.0,2,0
Spain,Female,30.0,139974.51,1,0
Spain,Female,20.0,0.0,2,0
Spain,Male,43.0,0.0,1,0
Spain,Male,46.0,126674.81,1,1
Spain,Male,32.0,0.0,2,0
Spain,Female,53.0,115251.64,1,0
Spain,Male,18.0,90544.0,1,0
Spain,Male,35.0,0.0,2,0
Spain,Male,32.0,0.0,2,0
Spain,Male,36.0,0.0,2,0
Spain,Male,40.0,0.0,2,0
Spain,Male,39.0,108289.28,1,0
Spain,Female,51.0,0.0,2,0
Spain,Female,53.0,80613.07,1,1
Spain,Female,44.0,120392.99,1,0
Spain,Female,29.0,0.0,2,0
Spain,Female,34.0,0.0,2,0
Spain,Male,43.0,0.0,1,0
Spain,Female,34.0,0.0,2,0
Spain,Male,44.0,0.0,2,0
Spain,Female,33.0,92855.02,1,0
Spain,Female,51.0,165982.52,1,1
Spain,Male,37.0,0.0,2,1
Spain,Male,42.0,0.0,3,1
Spain,Male,41.0,0.0,2,0
Spain,Female,49.0,0.0,2,0
Spain,Female,37.0,0.0,2,0
Spain,Female,34.0,0.0,2,0
Spain,Female,57.0,0.0,2,1
Spain,Female,26.0,106344.95,3,1
Spain,Male,36.0,0.0,1,0
Spain,Female,40.0,124532.58,1,0
Spain,Male,42.0,0.0,2,0
Spain,Male,45.0,126872.2,1,1
Spain,Female,37.0,94901.09,1,0
Spain,Male,38.0,139859.0,1,0
Spain,Female,44.0,0.0,3,1
Spain,Male,39.0,0.0,1,0
Spain,Female,63.0,70655.48,1,0
Spain,Female,34.0,0.0,2,0
Spain,Male,34.0,0.0,2,0
Spain,Male,30.0,0.0,2,0
Spain,Male,35.0,0.0,2,0
Spain,Male,36.0,0.0,1,1
Spain,Male,30.0,0.0,2,0
Spain,Female,40.0,0.0,2,0
Spain,Male,38.0,125801.03,1,0
Spain,Female,42.0,0.0,2,0
Spain,Male,40.0,95312.8,1,1
Spain,Female,36.0,98266.3,1,0
Spain,Male,35.0,99760.83,1,0
Spain,Female,29.0,0.0,2,0
Spain,Male,31.0,0.0,2,0
Spain,Male,34.0,120961.51,1,0
Spain,Male,32.0,0.0,2,0
Spain,Male,43.0,104832.33,1,1
Spain,Male,35.0,0.0,2,0
Spain,Female,26.0,0.0,2,1
Spain,Male,36.0,0.0,2,0
Spain,Male,44.0,141797.61,1,0
Spain,Male,33.0,104339.66,1,0
Spain,Female,34.0,124978.69,1,0
Spain,Female,29.0,0.0,2,0
Spain,Female,41.0,0.0,2,0
Spain,Female,58.0,95922.9,1,1
Spain,Male,38.0,128398.49,1,0
Spain,Male,23.0,0.0,2,0
Spain,Female,36.0,0.0,2,0
Spain,Male,27.0,0.0,2,0
Spain,Male,36.0,0.0,2,0
Spain,Male,31.0,0.0,2,0
Spain,Male,41.0,0.0,1,0
Spain,Female,34.0,0.0,2,0
Spain,Female,44.0,0.0,1,0
Spain,Male,34.0,121345.74,1,0
Spain,Male,38.0,53772.73,1,1
Spain,Male,53.0,143923.96,1,1
Spain,Male,46.0,0.0,1,0
Spain,Male,36.0,0.0,2,0
Spain,Female,29.0,0.0,2,0
Spain,Male,34.0,0.0,2,0
Spain,Male,34.0,135470.27,1,0
Spain,Female,34.0,0.0,1,0
Spain,Male,30.0,127205.88,1,0
Spain,Male,51.0,0.0,1,1
Spain,Male,36.0,0.0,2,0
Spain,Female,43.0,0.0,2,0
Spain,Male,50.0,0.0,3,1
Spain,Male,35.0,0.0,2,0
Spain,Male,32.0,0.0,1,0
Spain,Female,42.0,0.0,2,0
Spain,Male,34.0,0.0,2,0
Spain,Female,35.0,0.0,2,0
Spain,Male,39.0,173614.01,2,0
Spain,Male,29.0,0.0,2,0
Spain,Male,33.0,0.0,2,0
Spain,Female,31.0,0.0,2,0
Spain,Male,44.0,74896.92,2,0
Spain,Male,33.0,0.0,1,0
Spain,Male,61.0,121533.8,1,0
Spain,Female,44.0,92598.8,1,0
Spain,Female,34.0,0.0,1,0
Spain,Female,35.0,0.0,2,0
Spain,Female,38.0,132623.6,1,0
Spain,Female,37.0,0.0,2,0
Spain,Male,32.0,142069.64,1,0
Spain,Male,27.0,0.0,2,0
Spain,Female,37.0,0.0,2,0
Spain,Female,38.0,141788.63,1,0
Spain,Male,45.0,88656.37,2,0
Spain,Male,33.0,116474.28,1,0
Spain,Female,38.0,171848.38,1,1
Spain,Male,42.0,113348.6,1,0
Spain,Male,36.0,0.0,2,0
Spain,Female,38.0,142557.11,1,0
Spain,Female,24.0,0.0,1,1
Spain,Male,23.0,0.0,2,0
Spain,Male,29.0,0.0,2,0
Spain,Male,39.0,118588.83,1,0
Spain,Female,36.0,46161.18,1,0
Spain,Male,30.0,113593.52,2,0
Spain,Male,43.0,141461.08,1,0
Spain,Male,40.0,0.0,2,0
Spain,Male,32.0,76087.98,1,0
Spain,Male,33.0,84903.74,1,0
Spain,Female,33.0,0.0,2,0
Spain,Male,43.0,0.0,2,1
Spain,Female,39.0,122958.33,2,0
Spain,Male,28.0,0.0,2,0
Spain,Female,45.0,0.0,1,1
Spain,Female,38.0,125512.98,2,0
Spain,Male,40.0,0.0,1,0
Spain,Male,37.0,0.0,2,0
Spain,Female,40.0,0.0,2,0
Spain,Female,38.0,0.0,2,0
Spain,Female,32.0,108797.63,1,0
Spain,Female,31.0,185078.26,1,0
Spain,Female,41.0,0.0,2,0
Spain,Female,35.0,0.0,2,0
Spain,Male,58.0,143500.82,2,0
Spain,Male,40.0,0.0,2,0
Spain,Female,63.0,102748.6,1,1
Spain,Female,32.0,0.0,2,0
Spain,Female,49.0,0.0,1,1
Spain,Male,42.0,0.0,2,0
Spain,Female,36.0,0.0,2,0
Spain,Male,31.0,0.0,2,0
Spain,Female,46.0,136820.99,1,0
Spain,Male,40.0,0.0,2,0
Spain,Female,43.0,122728.7,1,0
Spain,Female,35.0,154474.29,1,0
Spain,Male,30.0,165149.13,2,0
Spain,Male,35.0,0.0,1,0
Spain,Female,32.0,0.0,2,0
Spain,Female,36.0,99240.51,1,1
Spain,Female,27.0,0.0,2,0
Spain,Female,67.0,0.0,2,0
Spain,Male,70.0,127120.82,1,1
Spain,Male,47.0,145980.23,1,1
Spain,Female,44.0,0.0,2,0
Spain,Male,30.0,0.0,2,0
Spain,Male,37.0,0.0,1,0
Spain,Male,25.0,0.0,2,0
Spain,Male,34.0,0.0,2,0
Spain,Male,64.0,0.0,3,1
Spain,Male,31.0,0.0,2,0
Spain,Female,32.0,0.0,2,0
Spain,Male,32.0,111501.66,1,0
Spain,Female,29.0,0.0,2,0
Spain,Female,42.0,0.0,1,0
Spain,Male,31.0,0.0,2,0
Spain,Male,38.0,133463.1,1,0
Spain,Female,45.0,71283.09,1,0
Spain,Male,36.0,0.0,2,0
Spain,Male,43.0,131736.88,1,0
Spain,Male,45.0,123859.6,1,0
Spain,Female,41.0,0.0,1,0
Spain,Male,31.0,0.0,2,0
Spain,Male,37.0,0.0,2,0
Spain,Male,49.0,145166.09,1,1
Spain,Male,32.0,0.0,1,1
Spain,Female,35.0,0.0,2,0
Spain,Male,33.0,0.0,2,0
Spain,Female,43.0,0.0,2,0
Spain,Male,33.0,164701.68,1,0
Spain,Female,31.0,0.0,2,0
Spain,Female,43.0,125566.9,1,0
Spain,Female,31.0,0.0,1,0
Spain,Male,32.0,122311.9,2,0
Spain,Male,37.0,0.0,2,0
Spain,Female,41.0,0.0,2,0
Spain,Male,34.0,0.0,1,0
Spain,Female,49.0,0.0,1,1
Spain,Female,34.0,0.0,1,0
Spain,Male,31.0,0.0,2,0
Spain,Female,39.0,0.0,2,0
Spain,Female,29.0,108883.29,1,0
Spain,Male,44.0,0.0,2,0
Spain,Male,29.0,0.0,2,0
Spain,Male,30.0,0.0,2,0
Spain,Male,27.0,116244.67,1,0
Spain,Male,30.0,0.0,2,0
Spain,Female,34.0,144162.3,2,0
Spain,Male,39.0,0.0,1,1
Spain,Female,55.0,0.0,2,0
Spain,Male,56.0,0.0,3,1
Spain,Male,34.0,0.0,2,0
Spain,Male,40.0,0.0,2,0
Spain,Male,43.0,0.0,1,0
Spain,Female,28.0,0.0,1,0
Spain,Female,34.0,99684.88,1,1
Spain,Male,24.0,139246.22,1,0
Spain,Male,30.0,0.0,2,0
Spain,Male,30.0,0.0,2,0
Spain,Female,32.0,0.0,2,0
Spain,Female,41.0,0.0,2,0
Spain,Male,46.0,0.0,2,0
Spain,Male,36.0,0.0,2,0
Spain,Female,37.0,87099.85,2,0
Spain,Female,35.0,0.0,2,0
Spain,Female,38.0,0.0,2,0
Spain,Male,36.0,123912.78,1,0
Spain,Female,39.0,151391.68,1,0
Spain,Female,31.0,114430.98,1,0
Spain,Male,36.0,0.0,2,0
Spain,Female,40.0,144470.77,2,1
Spain,Female,21.0,0.0,2,0
Spain,Male,26.0,0.0,2,0
Spain,Male,35.0,0.0,2,0
Spain,Female,41.0,0.0,2,0
Spain,Female,43.0,98675.74,1,0
Spain,Female,32.0,105128.85,1,0
Spain,Male,35.0,137948.51,1,0
Spain,Male,41.0,0.0,1,1
Spain,Male,47.0,86043.89,2,0
Spain,Male,43.0,147167.25,1,0
Spain,Male,43.0,0.0,2,0
Spain,Female,33.0,0.0,2,0
Spain,Male,39.0,114491.82,2,1
Spain,Female,33.0,0.0,2,0
Spain,Female,46.0,0.0,1,1
Spain,Female,57.0,0.0,2,1
Spain,Male,45.0,0.0,2,0
Spain,Male,33.0,153663.27,2,0
Spain,Male,34.0,0.0,2,0
Spain,Male,29.0,0.0,2,0
Spain,Male,36.0,0.0,2,0
Spain,Male,40.0,136659.74,1,0
Spain,Male,28.0,0.0,2,0
Spain,Male,35.0,0.0,2,0
Spain,Female,43.0,0.0,1,1
Spain,Female,44.0,110153.56,2,0
Spain,Female,39.0,97341.0,2,0
Spain,Female,33.0,0.0,2,0
Spain,Male,38.0,0.0,2,0
Spain,Male,40.0,0.0,2,0
Spain,Male,36.0,0.0,2,0
Spain,Female,33.0,0.0,1,1
Spain,Male,37.0,98775.23,1,0
Spain,Female,31.0,0.0,2,0
Spain,Male,40.0,0.0,1,1
Spain,Female,35.0,0.0,2,0
Spain,Male,36.0,59893.85,1,0
Spain,Male,34.0,0.0,2,0
Spain,Female,47.0,146034.74,1,0
Spain,Female,53.0,0.0,1,1
Spain,Male,29.0,0.0,2,0
Spain,Male,31.0,0.0,2,0
Spain,Female,30.0,0.0,2,0
Spain,Female,27.0,0.0,2,0
Spain,Male,30.0,0.0,2,0
Spain,Male,33.0,0.0,2,0
Spain,Male,26.0,0.0,2,0
Spain,Female,40.0,100471.34,1,1
Spain,Male,54.0,0.0,2,0
Spain,Male,43.0,87619.29,1,1
Spain,Female,33.0,0.0,2,0
Spain,Male,41.0,109402.13,1,1
Spain,Female,23.0,88915.43,1,0
Spain,Male,28.0,0.0,1,0
Spain,Male,48.0,0.0,2,0
Spain,Male,69.0,108465.65,1,0
Spain,Female,37.0,0.0,2,0
Spain,Female,37.0,92466.92,1,0
Spain,Male,41.0,0.0,1,0
Spain,Male,27.0,0.0,2,0
Spain,Male,36.0,0.0,2,0
Spain,Male,36.0,0.0,1,0
Spain,Female,28.0,122550.06,1,0
Spain,Male,38.0,0.0,1,1
Spain,Male,38.0,0.0,1,0
Spain,Male,36.0,0.0,2,0
Spain,Male,50.0,133971.3,1,1
Spain,Female,42.0,102768.42,1,0
Spain,Female,60.0,0.0,1,1
Spain,Male,40.0,0.0,2,0
Spain,Female,36.0,0.0,2,0
Spain,Female,33.0,0.0,2,0
Spain,Male,38.0,146050.97,2,0
Spain,Male,29.0,129855.32,1,0
Spain,Male,33.0,105736.32,1,0
Spain,Male,44.0,0.0,3,1
Spain,Male,37.0,0.0,2,0
Spain,Male,47.0,128015.63,2,0
Spain,Male,40.0,103804.97,1,0
Spain,Female,40.0,0.0,2,0
Spain,Female,67.0,0.0,3,1
Spain,Female,60.0,0.0,1,1
Spain,Male,31.0,173432.55,1,0
Spain,Female,39.0,136422.41,1,0
Spain,Female,39.0,0.0,1,1
Spain,Female,24.0,0.0,2,0
Spain,Female,51.0,64900.32,1,1
Spain,Male,35.0,0.0,2,0
Spain,Male,32.0,0.0,1,1
Spain,Male,33.0,0.0,2,0
Spain,Male,36.0,0.0,2,0
Spain,Female,31.0,0.0,1,0
Spain,Male,33.0,109681.61,1,0
Spain,Female,29.0,0.0,2,0
Spain,Male,45.0,0.0,1,1
Spain,Female,55.0,0.0,1,1
Spain,Female,38.0,0.0,1,1
Spain,Female,37.0,0.0,2,0
Spain,Male,27.0,145177.61,1,0
Spain,Male,72.0,138292.64,1,0
Spain,Female,28.0,165978.47,1,0
Spain,Male,32.0,0.0,2,0
Spain,Female,30.0,0.0,2,0
Spain,Female,33.0,131834.76,1,0
Spain,Male,39.0,0.0,2,0
Spain,Male,40.0,0.0,1,0
Spain,Male,34.0,0.0,2,0
Spain,Female,29.0,106089.4,1,1
Spain,Male,30.0,0.0,1,0
Spain,Male,70.0,0.0,2,0
Spain,Female,29.0,0.0,2,0
Spain,Male,37.0,0.0,2,0
Spain,Female,33.0,0.0,2,0
Spain,Male,34.0,153360.02,1,1
Spain,Male,45.0,104158.84,1,0
Spain,Male,37.0,155619.58,1,1
Spain,Female,36.0,0.0,1,1
Spain,Male,32.0,0.0,2,0
Spain,Female,33.0,108974.1,1,0
Spain,Male,36.0,0.0,1,1
Spain,Female,36.0,0.0,2,0
Spain,Male,31.0,0.0,2,0
Spain,Female,36.0,99806.85,1,0
Spain,Male,32.0,0.0,1,1
Spain,Male,43.0,0.0,2,0
Spain,Female,34.0,0.0,2,0
Spain,Male,39.0,0.0,2,1
Spain,Male,40.0,0.0,1,1
Spain,Female,37.0,0.0,2,0
Spain,Female,31.0,0.0,2,0
Spain,Male,41.0,0.0,2,0
Spain,Male,60.0,0.0,2,1
Spain,Male,37.0,0.0,2,0
Spain,Female,39.0,0.0,2,0
Spain,Male,33.0,116880.22,1,0
Spain,Female,38.0,0.0,2,0
Spain,Male,33.0,0.0,2,0
Spain,Female,42.0,0.0,2,0
Spain,Female,42.0,0.0,2,0
Spain,Female,40.0,121355.24,1,0
Spain,Female,39.0,0.0,2,0
Spain,Female,42.0,0.0,1,0
Spain,Female,33.0,0.0,2,0
Spain,Female,32.0,0.0,2,0
Spain,Female,25.0,76968.12,1,0
Spain,Male,37.0,144497.57,1,0
Spain,Female,38.0,131139.15,1,0
Spain,Female,31.0,0.0,2,0
Spain,Male,34.0,0.0,2,0
Spain,Female,39.0,0.0,2,0
Spain,Male,37.0,0.0,2,0
Spain,Male,37.0,0.0,2,0
Spain,Female,41.0,0.0,2,0
Spain,Male,36.0,0.0,2,0
Spain,Female,36.0,0.0,2,0
Spain,Male,32.0,0.0,2,0
Spain,Male,38.0,0.0,2,0
Spain,Male,48.0,0.0,1,1
Spain,Female,33.0,0.0,2,0
Spain,Female,40.0,0.0,2,1
Spain,Male,52.0,0.0,2,0
Spain,Female,54.0,138521.83,1,1
Spain,Male,29.0,0.0,2,0
Spain,Male,30.0,145988.65,1,0
Spain,Male,53.0,132578.92,1,1
Spain,Male,29.0,0.0,2,0
Spain,Female,37.0,95847.54,1,0
Spain,Male,38.0,0.0,1,0
Spain,Female,24.0,0.0,2,0
Spain,Female,36.0,0.0,1,0
Spain,Male,37.0,0.0,2,0
Spain,Female,30.0,163932.92,2,0
Spain,Male,27.0,108433.89,1,0
Spain,Male,55.0,0.0,1,1
Spain,Male,48.0,98854.34,1,0
Spain,Male,33.0,97257.41,2,0
Spain,Male,35.0,0.0,2,0
Spain,Male,51.0,124693.48,1,0
Spain,Male,28.0,139480.18,1,0
Spain,Male,31.0,0.0,2,0
Spain,Male,31.0,133845.69,1,0
Spain,Male,42.0,0.0,1,1
Spain,Male,20.0,102800.65,1,0
Spain,Female,29.0,161889.79,1,0
Spain,Female,37.0,0.0,2,0
Spain,Male,59.0,0.0,2,0
Spain,Male,24.0,0.0,1,0
Spain,Female,40.0,0.0,3,1
Spain,Female,51.0,132310.39,1,1
Spain,Female,44.0,0.0,2,0
Spain,Female,29.0,99097.36,1,1
Spain,Male,29.0,0.0,2,0
Spain,Male,39.0,0.0,1,1
Spain,Female,48.0,117722.56,1,1
Spain,Female,38.0,91902.56,1,0
Spain,Male,29.0,0.0,2,0
Spain,Female,35.0,0.0,2,0
Spain,Male,41.0,0.0,2,0
Spain,Female,51.0,95984.69,1,1
Spain,Male,35.0,0.0,2,0
Spain,Female,35.0,0.0,2,0
Spain,Male,41.0,0.0,2,0
Spain,Female,63.0,0.0,2,0
Spain,Female,38.0,0.0,2,0
Spain,Male,44.0,0.0,2,0
Spain,Female,33.0,0.0,1,0
Spain,Female,38.0,0.0,2,0
Spain,Female,34.0,0.0,2,0
Spain,Female,34.0,0.0,2,0
Spain,Female,52.0,0.0,1,1
Spain,Female,38.0,0.0,2,0
Spain,Male,34.0,0.0,2,0
Spain,Male,34.0,0.0,2,0
Spain,Male,19.0,0.0,1,0
Spain,Male,45.0,0.0,2,0
Spain,Male,19.0,0.0,1,0
Spain,Male,44.0,79281.61,1,0
Spain,Male,42.0,0.0,2,0
Spain,Male,35.0,0.0,2,0
Spain,Male,33.0,106871.75,2,1
Spain,Male,48.0,0.0,2,0
Spain,Female,46.0,0.0,2,0
Spain,Female,37.0,0.0,2,0
Spain,Male,37.0,0.0,2,1
Spain,Female,39.0,0.0,2,0
Spain,Male,50.0,121455.69,1,0
Spain,Female,35.0,0.0,2,0
Spain,Female,52.0,0.0,1,1
Spain,Male,38.0,0.0,2,0
Spain,Female,23.0,152899.24,2,0
Spain,Female,29.0,0.0,2,0
Spain,Male,32.0,117070.21,1,0
Spain,Male,37.0,0.0,2,0
Spain,Male,20.0,0.0,2,0
Spain,Male,33.0,0.0,2,0
Spain,Male,47.0,89047.14,2,0
Spain,Male,38.0,0.0,2,0
Spain,Female,25.0,0.0,1,0
Spain,Male,34.0,121132.26,1,0
Spain,Male,34.0,0.0,2,0
Spain,Female,30.0,0.0,1,1
Spain,Male,30.0,0.0,2,0
Spain,Female,35.0,0.0,2,0
Spain,Female,38.0,0.0,2,0
Spain,Female,45.0,101707.8,1,0
Spain,Male,45.0,0.0,1,1
Spain,Female,40.0,0.0,1,0
Spain,Female,27.0,0.0,1,0
Spain,Male,37.0,125189.62,1,0
Spain,Male,56.0,0.0,2,0
Spain,Male,42.0,0.0,1,1
Spain,Male,38.0,118088.73,1,1
Spain,Male,64.0,0.0,1,0
Spain,Female,33.0,91611.12,2,0
Spain,Male,48.0,108019.27,2,1
Spain,Male,30.0,0.0,2,0
Spain,Female,38.0,130747.1,2,1
Spain,Female,24.0,0.0,2,0
Spain,Female,43.0,125853.29,1,0
Spain,Female,29.0,0.0,2,0
Spain,Female,29.0,0.0,2,0
Spain,Female,47.0,109003.26,1,0
Spain,Female,27.0,155519.59,1,0
Spain,Male,37.0,0.0,2,0
Spain,Male,34.0,0.0,2,0
Spain,Female,35.0,0.0,2,0
Spain,Male,43.0,97392.18,1,0
Spain,Female,29.0,115545.33,2,0
Spain,Female,43.0,96947.12,1,0
Spain,Female,29.0,0.0,2,0
Spain,Male,39.0,0.0,1,0
Spain,Male,32.0,0.0,2,0
Spain,Female,40.0,0.0,1,1
Spain,Male,37.0,138241.9,2,0
Spain,Male,37.0,0.0,2,0
Spain,Female,42.0,0.0,2,0
Spain,Female,41.0,0.0,1,1
Spain,Female,36.0,0.0,2,0
Spain,Male,59.0,113680.53,1,1
Spain,Female,52.0,75900.84,2,1
Spain,Male,51.0,0.0,1,0
Spain,Male,26.0,0.0,2,0
Spain,Female,43.0,0.0,2,1
Spain,Female,35.0,66250.14,2,0
Spain,Male,36.0,132767.24,1,0
Spain,Female,42.0,139562.76,1,0
Spain,Male,56.0,0.0,2,1
Spain,Male,29.0,0.0,2,0
Spain,Male,33.0,0.0,1,0
Spain,Female,37.0,0.0,2,0
Spain,Female,33.0,118114.28,2,0
Spain,Male,40.0,0.0,2,1
Spain,Male,36.0,76658.6,1,0
Spain,Male,37.0,108601.0,1,0
Spain,Male,48.0,0.0,2,1
Spain,Male,35.0,0.0,2,0
Spain,Male,39.0,0.0,2,0
Spain,Female,29.0,0.0,2,0
Spain,Female,40.0,0.0,1,0
Spain,Male,61.0,0.0,2,0
Spain,Male,38.0,0.0,1,0
Spain,Male,25.0,154863.13,2,0
Spain,Male,37.0,161651.37,1,0
Spain,Male,34.0,118082.89,1,0
Spain,Female,42.0,0.0,1,1
Spain,Female,64.0,0.0,1,1
Spain,Male,35.0,128389.69,1,0
Spain,Male,48.0,0.0,2,0
Spain,Male,39.0,0.0,1,1
Spain,Female,39.0,121532.17,1,0
Spain,Male,32.0,0.0,2,0
Spain,Female,31.0,0.0,2,0
Spain,Male,32.0,0.0,1,0
Spain,Male,40.0,0.0,2,0
Spain,Male,29.0,106416.08,1,0
Spain,Male,33.0,0.0,2,1
Spain,Female,38.0,0.0,1,0
Spain,Male,32.0,0.0,1,0
Spain,Female,40.0,0.0,1,0
Spain,Female,31.0,0.0,2,0
Spain,Female,26.0,0.0,2,0
Spain,Female,33.0,0.0,2,0
Spain,Male,32.0,0.0,1,0
Spain,Male,37.0,0.0,2,0
Spain,Male,41.0,0.0,1,0
Spain,Male,40.0,0.0,2,0
Spain,Female,38.0,0.0,2,0
Spain,Male,34.0,0.0,2,0
Spain,Male,35.0,0.0,2,0
Spain,Male,27.0,0.0,2,0
Spain,Male,38.0,115702.67,2,0
Spain,Male,35.0,0.0,2,0
Spain,Female,22.0,0.0,1,1
Spain,Male,38.0,0.0,2,0
Spain,Male,43.0,0.0,2,0
Spain,Male,51.0,0.0,1,0
Spain,Female,34.0,0.0,2,0
Spain,Female,39.0,98800.0,1,1
Spain,Male,33.0,0.0,2,0
Spain,Female,36.0,123925.23,1,0
Spain,Female,54.0,0.0,1,0
Spain,Male,42.0,0.0,1,0
Spain,Male,47.0,0.0,2,0
Spain,Female,32.0,0.0,2,0
Spain,Male,37.0,135829.73,1,0
Spain,Female,53.0,0.0,2,0
Spain,Female,37.0,106011.59,2,0
Spain,Female,32.0,129745.1,1,0
Spain,Male,43.0,0.0,1,1
Spain,Male,37.0,0.0,2,0
Spain,Male,32.0,0.0,2,0
Spain,Female,37.0,121854.45,1,1
Spain,Male,31.0,0.0,2,0
Spain,Male,39.0,0.0,2,0
Spain,Male,39.0,0.0,2,0
Spain,Male,55.0,110559.46,1,1
Spain,Female,44.0,117561.01,1,1
Spain,Female,38.0,0.0,2,0
Spain,Male,33.0,0.0,2,0
Spain,Female,40.0,0.0,2,0
Spain,Male,27.0,118287.01,1,0
Spain,Female,40.0,0.0,2,0
Spain,Male,53.0,99774.76,1,0
Spain,Female,26.0,0.0,2,0
Spain,Male,39.0,0.0,1,0
Spain,Male,38.0,0.0,2,0
Spain,Male,29.0,0.0,2,0
Spain,Female,30.0,166492.73,1,0
Spain,Male,29.0,0.0,2,0
Spain,Female,36.0,117304.19,1,0
Spain,Female,44.0,157852.21,1,0
Spain,Female,40.0,0.0,2,0
Spain,Female,34.0,0.0,2,0
Spain,Male,39.0,0.0,2,0
Spain,Male,39.0,0.0,2,0
Spain,Male,36.0,0.0,1,0
Spain,Male,38.0,132578.51,1,0
Spain,Female,41.0,0.0,2,0
Spain,Male,28.0,0.0,2,0
Spain,Female,30.0,0.0,2,0
Spain,Male,69.0,138668.18,1,0
Spain,Male,30.0,0.0,1,0
Spain,Male,48.0,0.0,2,0
Spain,Male,49.0,12459.19,1,1
Spain,Female,46.0,0.0,2,0
Spain,Male,31.0,0.0,2,0
Spain,Male,33.0,81153.82,1,0
Spain,Female,32.0,0.0,2,0
Spain,Male,39.0,0.0,2,0
Spain,Male,35.0,144773.29,1,0
Spain,Female,26.0,0.0,2,0
Spain,Male,26.0,0.0,1,0
Spain,Male,30.0,0.0,1,0
Spain,Female,61.0,0.0,2,0
Spain,Male,39.0,0.0,1,0
Spain,Male,41.0,178742.71,1,0
Spain,Male,42.0,0.0,2,0
Spain,Male,36.0,0.0,2,0
Spain,Male,35.0,112465.19,1,1
Spain,Female,36.0,0.0,2,0
Spain,Female,50.0,0.0,1,1
Spain,Male,37.0,119452.03,1,0
Spain,Male,40.0,0.0,2,0
Spain,Female,41.0,0.0,1,1
Spain,Male,44.0,90425.15,1,0
Spain,Male,27.0,62092.9,1,0
Spain,Male,29.0,0.0,1,0
Spain,Male,42.0,87202.38,2,0
Spain,Male,37.0,0.0,2,0
Spain,Male,33.0,0.0,2,0
Spain,Male,39.0,0.0,2,0
Spain,Female,40.0,0.0,2,0
Spain,Female,40.0,143566.12,1,1
Spain,Male,41.0,0.0,3,1
Spain,Female,25.0,0.0,2,0
Spain,Female,41.0,139834.93,1,1
Spain,Female,33.0,0.0,2,0
Spain,Male,32.0,124586.93,1,0
Spain,Male,31.0,0.0,1,1
Spain,Male,31.0,140014.42,1,0
Spain,Male,36.0,141656.76,2,0
Spain,Female,48.0,96956.1,1,0
Spain,Female,27.0,133446.34,1,0
Spain,Female,36.0,135071.12,1,0
Spain,Male,40.0,146765.59,1,0
Spain,Female,34.0,0.0,2,0
Spain,Female,47.0,0.0,1,0
Spain,Male,37.0,106528.15,1,0
Spain,Male,45.0,0.0,2,0
Spain,Female,41.0,111798.06,1,0
Spain,Female,33.0,0.0,2,0
Spain,Male,35.0,151925.94,1,0
Spain,Female,38.0,0.0,2,0
Spain,Male,26.0,0.0,2,0
Spain,Male,35.0,95624.92,1,0
Spain,Female,26.0,124229.14,1,0
Spain,Male,43.0,0.0,2,0
Spain,Female,39.0,100549.43,2,0
Spain,Male,29.0,140553.46,1,0
Spain,Male,29.0,115182.84,1,0
Spain,Female,35.0,0.0,2,0
Spain,Female,29.0,0.0,2,0
Spain,Male,31.0,0.0,1,0
Spain,Female,22.0,108117.1,1,1
Spain,Male,34.0,0.0,1,0
Spain,Male,29.0,0.0,2,0
Spain,Female,57.0,0.0,2,1
Spain,Male,48.0,0.0,1,1
Spain,Male,32.0,0.0,2,0
Spain,Male,51.0,0.0,1,1
Spain,Male,30.0,0.0,2,0
Spain,Male,30.0,0.0,1,0
Spain,Male,38.0,143548.13,1,0
Spain,Female,43.0,0.0,2,0
Spain,Male,38.0,105299.77,2,0
Spain,Female,72.0,0.0,2,0
Spain,Male,38.0,0.0,2,0
Spain,Female,37.0,0.0,2,0
Spain,Male,46.0,0.0,2,0
Spain,Male,40.0,0.0,2,0
Spain,Male,29.0,0.0,2,0
Spain,Female,28.0,139435.0,2,0
Spain,Male,31.0,0.0,2,0
Spain,Male,29.0,132311.71,1,1
Spain,Male,32.0,0.0,2,1
Spain,Male,31.0,0.0,2,0
Spain,Male,37.0,0.0,2,0
Spain,Female,56.0,0.0,2,1
Spain,Male,37.0,0.0,2,0
Spain,Male,37.0,0.0,2,0
Spain,Male,38.0,0.0,2,0
Spain,Female,38.0,0.0,2,0
Spain,Male,42.0,165445.04,2,0
Spain,Male,43.0,0.0,2,0
Spain,Male,37.0,0.0,1,0
Spain,Male,32.0,131283.11,1,0
Spain,Female,35.0,119799.27,1,0
Spain,Male,35.0,0.0,1,0
Spain,Female,27.0,0.0,2,0
Spain,Male,26.0,0.0,2,0
Spain,Female,34.0,0.0,2,0
Spain,Male,34.0,152496.82,2,0
Spain,Male,40.0,129209.46,2,0
Spain,Male,39.0,0.0,2,0
Spain,Female,32.0,108465.89,1,0
Spain,Male,44.0,0.0,2,0
Spain,Male,37.0,165272.13,1,0
Spain,Female,34.0,48387.0,2,0
Spain,Female,34.0,0.0,2,0
Spain,Male,34.0,140780.44,1,0
Spain,Male,39.0,0.0,2,0
Spain,Male,31.0,0.0,2,0
Spain,Male,34.0,106453.8,1,0
Spain,Male,32.0,0.0,2,0
Spain,Female,36.0,142643.54,1,0
Spain,Female,50.0,0.0,1,1
Spain,Female,35.0,0.0,1,0
Spain,Female,31.0,0.0,2,0
Spain,Male,46.0,0.0,2,0
Spain,Male,29.0,0.0,2,0
Spain,Male,37.0,0.0,2,0
Spain,Male,35.0,95671.75,2,0
Spain,Male,50.0,130806.31,1,0
Spain,Male,34.0,0.0,1,0
Spain,Male,37.0,0.0,2,0
Spain,Male,35.0,121260.19,1,0
Spain,Female,39.0,0.0,2,0
Spain,Male,37.0,123787.68,2,0
Spain,Female,30.0,124037.28,1,0
Spain,Female,33.0,107738.93,1,0
Spain,Male,45.0,0.0,2,0
Spain,Male,37.0,0.0,2,0
Spain,Female,33.0,91760.11,1,0
Spain,Male,33.0,0.0,2,0
Spain,Male,32.0,0.0,1,0
Spain,Male,39.0,102950.61,1,0
Spain,Female,34.0,101675.22,1,0
Spain,Male,36.0,0.0,1,0
Spain,Male,34.0,0.0,2,0
Spain,Male,38.0,0.0,2,1
Spain,Male,33.0,0.0,2,0
Spain,Male,26.0,0.0,2,0
Spain,Female,26.0,0.0,2,0
Spain,Male,50.0,0.0,2,0
Spain,Female,35.0,0.0,2,0
Spain,Female,39.0,0.0,2,1
Spain,Male,34.0,0.0,2,0
Spain,Male,43.0,126816.18,2,0
Spain,Male,33.0,0.0,1,1
Spain,Male,34.0,0.0,2,0
Spain,Male,35.0,126076.24,2,0
Spain,Male,38.0,0.0,2,0
Spain,Female,36.0,0.0,1,0
Spain,Male,48.0,66220.17,2,0
Spain,Male,57.0,0.0,1,0
Spain,Female,39.0,0.0,2,0
Spain,Male,40.0,145729.71,1,0
Spain,Female,32.0,0.0,2,0
Spain,Female,35.0,0.0,2,0
Spain,Female,32.0,0.0,2,0
Spain,Female,31.0,0.0,2,0
Spain,Male,23.0,0.0,2,0
Spain,Male,28.0,0.0,2,0
Spain,Male,28.0,0.0,2,0
Spain,Female,33.0,0.0,1,0
Spain,Male,56.0,117722.03,1,1
Spain,Female,29.0,0.0,2,0
Spain,Female,47.0,0.0,1,0
Spain,Male,30.0,0.0,2,0
Spain,Male,29.0,59697.17,2,1
Spain,Female,40.0,79035.95,1,0
Spain,Female,39.0,126152.84,1,0
Spain,Female,53.0,0.0,1,1
Spain,Male,32.0,0.0,2,0
Spain,Male,51.0,142643.54,1,1
Spain,Male,30.0,107738.71,1,0
Spain,Female,42.0,0.0,1,1
Spain,Female,21.0,0.0,2,0
Spain,Male,38.0,137959.11,2,0
Spain,Male,27.0,126815.97,2,0
Spain,Female,24.0,116520.73,1,0
Spain,Female,40.0,0.0,1,0
Spain,Female,30.0,0.0,2,0
Spain,Male,47.0,137657.16,3,1
Spain,Female,41.0,124023.52,1,0
Spain,Female,31.0,0.0,2,0
Spain,Male,29.0,0.0,2,0
Spain,Female,56.0,0.0,1,1
Spain,Male,33.0,117412.35,1,0
Spain,Female,38.0,0.0,2,0
Spain,Male,45.0,0.0,2,0
Spain,Male,38.0,113536.4,1,0
Spain,Male,35.0,113873.22,1,1
Spain,Female,65.0,183744.98,1,0
Spain,Female,44.0,0.0,1,1
Spain,Male,35.0,0.0,1,0
Spain,Female,33.0,0.0,1,0
Spain,Male,32.0,0.0,2,0
Spain,Male,28.0,145537.21,1,0
Spain,Male,42.0,175326.6,1,0
Spain,Male,36.0,0.0,2,0
Spain,Male,40.0,91843.81,1,0
Spain,Female,49.0,132838.0,1,1
Spain,Male,43.0,128966.13,1,0
Spain,Female,52.0,0.0,1,1
Spain,Female,35.0,47536.4,1,0
Spain,Male,38.0,131790.45,2,0
Spain,Female,47.0,131078.42,2,1
Spain,Female,38.0,0.0,2,0
Spain,Male,25.0,0.0,2,0
Spain,Female,50.0,179356.28,3,1
Spain,Female,45.0,0.0,2,0
Spain,Male,31.0,62974.64,1,1
Spain,Male,25.0,97392.18,1,0
Spain,Female,42.0,123783.25,1,0
Spain,Male,43.0,0.0,2,0
Spain,Male,24.0,106328.08,1,0
Spain,Male,39.0,0.0,2,0
Spain,Male,39.0,0.0,1,0
Spain,Male,38.0,0.0,1,0
Spain,Male,39.0,96781.39,1,0
Spain,Male,35.0,80542.81,1,0
Spain,Male,38.0,0.0,2,0
Spain,Male,37.0,0.0,2,0
Spain,Male,36.0,0.0,1,0
Spain,Female,38.0,0.0,2,1
Spain,Female,40.0,0.0,2,1
Spain,Male,39.0,152685.4,1,0
Spain,Male,30.0,0.0,2,0
Spain,Male,32.0,0.0,2,0
Spain,Female,31.0,0.0,2,0
Spain,Male,47.0,0.0,2,0
Spain,Male,33.0,112889.91,2,0
Spain,Male,39.0,122446.61,2,0
Spain,Male,37.0,129934.64,1,0
Spain,Female,33.0,72788.03,2,0
Spain,Female,39.0,0.0,2,0
Spain,Female,29.0,0.0,2,0
Spain,Male,27.0,0.0,2,0
Spain,Female,38.0,0.0,2,0
Spain,Female,45.0,0.0,2,0
Spain,Male,34.0,0.0,2,0
Spain,Female,47.0,0.0,2,1
Spain,Male,37.0,0.0,2,0
Spain,Male,39.0,0.0,2,0
Spain,Male,71.0,0.0,2,0
Spain,Male,38.0,0.0,1,0
Spain,Male,27.0,0.0,2,0
Spain,Female,24.0,144428.87,1,0
Spain,Male,38.0,0.0,2,0
Spain,Female,46.0,96196.24,1,1
Spain,Male,39.0,0.0,1,0
Spain,Male,37.0,139183.06,1,0
Spain,Male,34.0,0.0,2,0
Spain,Female,42.0,0.0,2,0
Spain,Male,34.0,125489.4,1,0
Spain,Male,42.0,0.0,2,0
Spain,Male,37.0,128061.0,1,0
Spain,Female,26.0,0.0,2,0
Spain,Male,37.0,99899.42,1,0
Spain,Male,50.0,0.0,2,0
Spain,Female,54.0,0.0,3,1
Spain,Female,40.0,0.0,1,1
Spain,Male,68.0,114386.85,1,0
Spain,Male,44.0,0.0,1,0
Spain,Male,54.0,109387.33,1,0
Spain,Male,32.0,193858.2,1,0
Spain,Female,52.0,0.0,4,1
Spain,Male,29.0,169023.64,1,1
Spain,Male,30.0,105588.66,2,0
Spain,Female,52.0,0.0,2,0
Spain,Female,37.0,126773.43,2,0
Spain,Female,45.0,0.0,1,1
Spain,Female,42.0,0.0,1,1
Spain,Male,42.0,0.0,2,0
Spain,Male,31.0,0.0,2,0
Spain,Male,28.0,0.0,2,0
Spain,Female,33.0,123911.85,2,0
Spain,Female,64.0,0.0,1,1
Spain,Male,41.0,109402.13,1,1
Spain,Male,38.0,0.0,2,0
Spain,Male,38.0,0.0,2,0
Spain,Female,31.0,122029.15,1,0
Spain,Male,24.0,99836.47,1,0
Spain,Female,29.0,0.0,2,0
Spain,Male,36.0,0.0,2,0
Spain,Male,40.0,63609.92,1,0
Spain,Male,23.0,0.0,2,0
Spain,Male,37.0,0.0,2,0
Spain,Female,39.0,0.0,1,1
Spain,Male,41.0,0.0,2,0
Spain,Male,46.0,96946.47,2,0
Spain,Female,29.0,0.0,1,0
Spain,Male,34.0,0.0,1,0
Spain,Female,41.0,0.0,2,0
Spain,Male,35.0,153745.68,1,0
Spain,Male,38.0,126152.84,1,1
Spain,Male,37.0,140950.92,2,0
Spain,Female,43.0,0.0,2,0
Spain,Male,31.0,0.0,2,0
Spain,Female,44.0,0.0,2,0
Spain,Male,39.0,0.0,2,1
Spain,Female,30.0,0.0,2,0
Spain,Male,37.0,162691.16,2,0
Spain,Male,32.0,0.0,2,0
Spain,Female,46.0,0.0,1,1
Spain,Female,48.0,0.0,2,0
Spain,Female,37.0,105599.67,1,0
Spain,Female,42.0,0.0,2,1
Spain,Male,31.0,0.0,2,0
Spain,Male,34.0,0.0,1,0
Spain,Male,60.0,0.0,2,0
Spain,Male,21.0,0.0,2,0
Spain,Male,35.0,0.0,2,0
Spain,Female,28.0,0.0,1,1
Spain,Male,35.0,141573.55,1,0
Spain,Male,29.0,0.0,1,0
Spain,Female,35.0,0.0,2,0
Spain,Male,26.0,0.0,2,0
Spain,Male,38.0,0.0,1,1
Spain,Female,29.0,113257.2,2,0
Spain,Male,34.0,0.0,1,0
Spain,Female,28.0,112652.08,2,1
Spain,Female,40.0,0.0,1,0
Spain,Male,32.0,0.0,2,0
Spain,Female,41.0,0.0,1,1
Spain,Female,31.0,0.0,1,0
Spain,Female,34.0,0.0,1,1
Spain,Male,42.0,0.0,3,0
Spain,Male,40.0,0.0,1,1
Spain,Male,33.0,0.0,2,0
Spain,Female,40.0,0.0,2,0
Spain,Male,43.0,0.0,2,0
Spain,Male,28.0,128396.33,1,0
Spain,Female,46.0,0.0,2,0
Spain,Male,29.0,0.0,2,0
Spain,Male,48.0,145729.71,1,1
Spain,Female,34.0,0.0,1,0
Spain,Female,31.0,0.0,2,0
Spain,Female,30.0,0.0,2,0
Spain,Male,35.0,135703.59,2,1
Spain,Female,27.0,160736.63,1,0
Spain,Female,37.0,92476.88,2,0
Spain,Male,24.0,0.0,2,0
Spain,Female,36.0,0.0,2,0
Spain,Male,41.0,0.0,1,0
Spain,Male,37.0,141173.03,1,0
Spain,Male,41.0,0.0,2,0
Spain,Male,29.0,0.0,2,0
Spain,Male,31.0,0.0,1,0
Spain,Male,46.0,0.0,1,1
Spain,Male,47.0,0.0,1,1
Spain,Female,41.0,0.0,1,1
Spain,Female,40.0,79954.06,1,0
Spain,Male,39.0,65521.2,1,0
Spain,Female,36.0,0.0,2,0
Spain,Male,37.0,0.0,2,0
Spain,Female,39.0,0.0,2,1
Spain,Male,55.0,0.0,2,0
Spain,Female,35.0,138166.3,1,0
Spain,Male,21.0,103000.94,1,0
Spain,Male,31.0,0.0,1,1
Spain,Male,40.0,129709.31,1,0
Spain,Female,33.0,143550.78,1,0
Spain,Male,37.0,0.0,2,0
Spain,Male,29.0,0.0,2,0
Spain,Female,32.0,0.0,3,1
Spain,Male,34.0,121207.19,1,0
Spain,Female,31.0,0.0,1,0
Spain,Male,33.0,0.0,1,1
Spain,Male,35.0,0.0,3,1
Spain,Female,66.0,0.0,2,0
Spain,Male,35.0,205962.0,1,1
Spain,Female,31.0,122949.14,1,1
Spain,Male,32.0,0.0,1,0
Spain,Male,34.0,0.0,2,0
Spain,Female,34.0,121669.93,1,0
Spain,Female,33.0,0.0,2,0
Spain,Male,26.0,0.0,2,0
Spain,Female,45.0,0.0,1,1
Spain,Male,35.0,0.0,2,0
Spain,Male,71.0,0.0,1,1
Spain,Male,40.0,0.0,2,0
Spain,Female,28.0,0.0,1,0
Spain,Female,28.0,102277.69,1,0
Spain,Male,29.0,0.0,2,0
Spain,Male,30.0,147510.93,1,0
Spain,Male,30.0,0.0,2,0
Spain,Female,44.0,0.0,2,1
Spain,Male,40.0,0.0,2,0
Spain,Male,32.0,79871.02,1,0
Spain,Male,37.0,0.0,2,0
Spain,Female,42.0,0.0,1,0
Spain,Male,37.0,0.0,2,0
Spain,Female,35.0,133947.01,1,0
Spain,Female,29.0,0.0,2,1
Spain,Male,32.0,0.0,2,0
Spain,Female,37.0,0.0,2,0
Spain,Female,48.0,109954.62,1,1
Spain,Male,42.0,152341.55,1,0
Spain,Female,37.0,0.0,2,0
Spain,Female,22.0,0.0,2,0
Spain,Male,30.0,0.0,2,0
Spain,Female,35.0,0.0,1,0
Spain,Male,43.0,0.0,2,0
Spain,Male,32.0,0.0,2,0
Spain,Female,40.0,130023.38,1,0
Spain,Male,18.0,0.0,2,0
Spain,Male,44.0,91219.29,1,0
Spain,Male,38.0,157332.26,1,0
Spain,Female,45.0,0.0,2,0
Spain,Male,36.0,0.0,2,0
Spain,Male,44.0,0.0,2,0
Spain,Female,36.0,0.0,1,0
Spain,Female,28.0,0.0,2,0
Spain,Female,36.0,0.0,2,0
Spain,Male,36.0,0.0,2,0
Spain,Male,33.0,0.0,2,0
Spain,Male,29.0,102678.56,1,0
Spain,Male,48.0,0.0,1,1
Spain,Male,43.0,116121.67,1,0
Spain,Male,21.0,0.0,2,0
Spain,Female,37.0,110153.43,1,1
Spain,Female,31.0,0.0,2,0
Spain,Female,31.0,0.0,2,0
Spain,Male,34.0,0.0,1,0
Spain,Male,31.0,0.0,2,0
Spain,Male,30.0,0.0,1,0
Spain,Female,51.0,0.0,2,0
Spain,Male,38.0,0.0,2,0
Spain,Female,32.0,0.0,2,0
Spain,Male,37.0,0.0,2,0
Spain,Female,26.0,126473.43,2,0
Spain,Male,37.0,129855.32,1,0
Spain,Female,35.0,0.0,2,0
Spain,Male,56.0,131365.37,2,1
Spain,Female,32.0,0.0,1,0
Spain,Female,25.0,127772.1,1,0
Spain,Male,29.0,0.0,2,0
Spain,Male,41.0,125241.17,1,0
Spain,Male,41.0,0.0,2,0
Spain,Male,38.0,139129.92,1,0
Spain,Male,33.0,0.0,1,0
Spain,Male,36.0,0.0,2,0
Spain,Female,32.0,107586.97,1,1
Spain,Female,33.0,0.0,2,0
Spain,Female,38.0,93680.43,1,0
Spain,Male,41.0,0.0,2,0
Spain,Male,41.0,0.0,2,0
Spain,Female,34.0,0.0,2,1
Spain,Female,32.0,83600.24,1,0
Spain,Male,38.0,0.0,2,0
Spain,Male,39.0,0.0,2,0
Spain,Male,34.0,0.0,2,0
Spain,Male,37.0,0.0,2,0
Spain,Male,37.0,0.0,2,0
Spain,Female,32.0,0.0,2,0
Spain,Male,33.0,0.0,2,0
Spain,Male,37.0,0.0,2,0
Spain,Male,35.0,0.0,2,0
Spain,Male,40.0,0.0,1,0
Spain,Male,30.0,116244.11,1,0
Spain,Male,43.0,115988.86,1,0
Spain,Female,29.0,0.0,2,0
Spain,Female,42.0,0.0,1,0
Spain,Female,52.0,126451.05,1,1
Spain,Male,31.0,132867.34,1,0
Spain,Female,30.0,83319.28,1,0
Spain,Male,47.0,0.0,1,1
Spain,Female,24.0,89047.61,1,0
Spain,Male,35.0,119182.73,1,0
Spain,Male,37.0,0.0,1,0
Spain,Female,36.0,0.0,2,0
Spain,Male,34.0,111501.11,2,0
Spain,Male,62.0,0.0,2,0
Spain,Male,64.0,142905.51,1,0
Spain,Male,29.0,0.0,2,0
Spain,Female,51.0,106702.66,2,1
Spain,Female,51.0,166789.98,1,1
Spain,Male,31.0,0.0,2,0
Spain,Male,64.0,0.0,2,0
Spain,Female,59.0,0.0,1,1
Spain,Female,67.0,152860.97,1,1
Spain,Female,30.0,181110.13,1,0
Spain,Female,36.0,0.0,2,0
Spain,Female,29.0,0.0,2,0
Spain,Female,28.0,0.0,2,0
Spain,Female,33.0,0.0,2,0
Spain,Female,33.0,0.0,1,0
Spain,Female,58.0,0.0,2,0
Spain,Male,51.0,102925.88,1,1
Spain,Female,42.0,0.0,2,0
Spain,Male,25.0,0.0,2,0
Spain,Female,64.0,0.0,2,0
Spain,Male,60.0,0.0,2,0
Spain,Female,40.0,0.0,2,0
Spain,Female,32.0,96939.06,2,0
Spain,Female,39.0,117691.0,1,0
Spain,Female,51.0,123947.71,1,1
Spain,Female,37.0,0.0,1,1
Spain,Female,48.0,52016.08,2,1
Spain,Male,40.0,70657.61,2,0
Spain,Female,43.0,0.0,2,1
Spain,Female,54.0,187997.15,1,0
Spain,Male,32.0,0.0,2,0
Spain,Male,38.0,0.0,1,0
Spain,Male,35.0,0.0,2,0
Spain,Male,30.0,0.0,1,0
Spain,Female,58.0,0.0,1,1
Spain,Male,29.0,133434.57,1,1
Spain,Female,49.0,0.0,2,0
Spain,Male,31.0,0.0,2,0
Spain,Female,56.0,123785.24,1,0
Spain,Male,35.0,134450.46,2,0
Spain,Male,44.0,125584.17,2,0
Spain,Female,21.0,126477.41,1,0
Spain,Male,36.0,0.0,1,0
Spain,Male,51.0,88827.53,1,0
Spain,Male,36.0,0.0,2,0
Spain,Male,34.0,99610.92,1,0
Spain,Female,40.0,133040.08,2,0
Spain,Male,27.0,0.0,1,1
Spain,Male,32.0,0.0,2,0
Spain,Male,36.0,0.0,2,0
Spain,Male,37.0,0.0,2,0
Spain,Female,50.0,146777.44,1,0
Spain,Male,22.0,0.0,1,0
Spain,Male,38.0,0.0,2,0
Spain,Female,23.0,0.0,1,0
Spain,Female,28.0,0.0,2,0
Spain,Female,50.0,141806.0,1,0
Spain,Female,31.0,0.0,2,0
Spain,Male,47.0,0.0,2,0
Spain,Female,26.0,98765.84,3,1
Spain,Male,28.0,0.0,1,0
Spain,Male,30.0,116969.35,1,0
Spain,Male,38.0,142929.16,2,0
Spain,Female,33.0,133981.11,2,0
Spain,Male,43.0,133889.69,1,0
Spain,Male,18.0,0.0,2,0
Spain,Female,38.0,0.0,2,0
Spain,Female,44.0,0.0,2,0
Spain,Female,31.0,128663.31,1,0
Spain,Male,37.0,123070.89,1,0
Spain,Female,34.0,0.0,2,0
Spain,Female,26.0,148159.71,1,0
Spain,Male,31.0,0.0,1,0
Spain,Male,35.0,137955.63,1,0
Spain,Male,43.0,166594.78,1,0
Spain,Female,34.0,152806.74,1,1
Spain,Male,52.0,0.0,2,0
Spain,Male,31.0,0.0,2,0
Spain,Male,42.0,0.0,2,0
Spain,Male,43.0,0.0,1,1
Spain,Male,31.0,0.0,2,0
Spain,Male,36.0,134997.49,1,0
Spain,Female,29.0,121704.32,1,0
Spain,Female,47.0,0.0,1,1
Spain,Female,21.0,0.0,1,0
Spain,Female,32.0,109166.09,1,0
Spain,Male,49.0,0.0,1,1
Spain,Female,32.0,125321.84,2,0
Spain,Male,33.0,0.0,2,0
Spain,Male,45.0,0.0,2,0
Spain,Female,54.0,0.0,1,1
Spain,Male,43.0,0.0,1,0
Spain,Female,33.0,0.0,1,1
Spain,Female,39.0,0.0,1,1
Spain,Female,31.0,102347.01,2,0
Spain,Male,33.0,0.0,2,0
Spain,Male,42.0,113711.45,1,0
Spain,Male,32.0,0.0,2,0
Spain,Female,41.0,0.0,1,0
Spain,Female,37.0,76495.56,1,0
Spain,Male,42.0,0.0,1,0
Spain,Male,44.0,0.0,2,0
Spain,Female,36.0,0.0,2,0
Spain,Female,44.0,0.0,2,1
Spain,Male,44.0,142703.4,1,1
Spain,Male,59.0,129321.44,1,0
Spain,Male,35.0,0.0,2,0
Spain,Female,29.0,0.0,2,0
Spain,Female,59.0,0.0,1,1
Spain,Female,43.0,0.0,1,1
Spain,Female,54.0,0.0,1,1
Spain,Female,34.0,141173.03,4,1
Spain,Male,40.0,0.0,2,0
Spain,Female,39.0,0.0,1,1
Spain,Female,36.0,0.0,2,0
Spain,Male,32.0,85824.4,1,0
Spain,Female,39.0,0.0,2,0
Spain,Female,39.0,0.0,2,0
Spain,Male,22.0,0.0,2,0
Spain,Male,32.0,0.0,2,0
Spain,Male,34.0,113922.44,2,0
Spain,Female,41.0,0.0,2,0
Spain,Female,26.0,0.0,2,0
Spain,Female,32.0,0.0,2,0
Spain,Female,31.0,0.0,2,0
Spain,Female,37.0,0.0,2,0
Spain,Male,41.0,0.0,2,0
Spain,Female,45.0,0.0,2,1
Spain,Male,43.0,0.0,2,0
Spain,Male,37.0,0.0,2,0
Spain,Female,34.0,125321.84,2,0
Spain,Male,33.0,132439.99,1,0
Spain,Male,41.0,111484.88,1,0
Spain,Male,41.0,0.0,2,0
Spain,Male,39.0,0.0,2,0
Spain,Male,24.0,0.0,2,0
Spain,Female,52.0,0.0,3,1
Spain,Female,33.0,0.0,2,0
Spain,Male,31.0,0.0,2,0
Spain,Female,41.0,0.0,2,0
Spain,Female,40.0,0.0,2,0
Spain,Female,44.0,0.0,2,0
Spain,Male,35.0,0.0,2,0
Spain,Male,37.0,0.0,2,0
Spain,Female,50.0,0.0,1,1
Spain,Female,36.0,139834.43,1,0
Spain,Female,37.0,0.0,2,0
Spain,Female,20.0,0.0,2,0
Spain,Female,42.0,0.0,2,0
Spain,Female,31.0,0.0,2,0
Spain,Male,21.0,126534.6,1,0
Spain,Female,23.0,0.0,1,0
Spain,Female,32.0,0.0,2,0
Spain,Male,19.0,0.0,1,0
Spain,Male,32.0,0.0,2,0
Spain,Male,71.0,102773.11,1,0
Spain,Male,36.0,0.0,2,0
Spain,Male,52.0,85839.62,2,0
Spain,Male,29.0,0.0,2,0
Spain,Male,38.0,0.0,2,0
Spain,Male,53.0,118199.84,1,1
Spain,Male,60.0,80542.81,1,1
Spain,Female,24.0,0.0,2,0
Spain,Male,60.0,121461.87,1,0
Spain,Female,32.0,167904.64,1,0
Spain,Female,35.0,0.0,1,1
Spain,Male,42.0,0.0,3,1
Spain,Female,40.0,124693.48,1,1
Spain,Male,37.0,0.0,2,0
Spain,Male,45.0,114347.85,2,0
Spain,Male,51.0,96951.21,1,0
Spain,Male,36.0,0.0,2,1
Spain,Male,45.0,0.0,2,0
Spain,Female,41.0,141604.76,1,1
Spain,Female,40.0,0.0,2,0
Spain,Male,66.0,0.0,2,0
Spain,Male,32.0,0.0,2,0
Spain,Male,21.0,0.0,2,0
Spain,Male,41.0,0.0,2,1
Spain,Male,66.0,0.0,1,0
Spain,Male,36.0,147900.32,1,0
Spain,Male,35.0,0.0,2,0
Spain,Male,44.0,0.0,2,0
Spain,Male,30.0,0.0,2,0
Spain,Female,37.0,0.0,2,0
Spain,Female,32.0,82391.22,1,1
Spain,Female,34.0,0.0,2,1
Spain,Male,30.0,95559.4,1,0
Spain,Female,37.0,0.0,2,0
Spain,Female,43.0,121405.04,1,0
Spain,Female,41.0,107784.65,1,0
Spain,Female,39.0,107193.81,1,0
Spain,Male,34.0,0.0,2,0
Spain,Male,25.0,0.0,2,1
Spain,Male,47.0,0.0,1,1
Spain,Male,32.0,174853.46,1,0
Spain,Female,38.0,119658.49,1,1
Spain,Female,37.0,0.0,2,0
Spain,Male,63.0,114552.6,1,0
Spain,Female,32.0,0.0,2,0
Spain,Female,49.0,0.0,1,1
Spain,Female,41.0,0.0,2,0
Spain,Male,41.0,0.0,2,0
Spain,Male,35.0,0.0,2,0
Spain,Female,29.0,0.0,2,0
Spain,Male,33.0,0.0,2,0
Spain,Female,50.0,0.0,1,1
Spain,Male,19.0,0.0,2,0
Spain,Male,59.0,156095.87,2,0
Spain,Female,41.0,0.0,2,0
Spain,Male,29.0,0.0,1,0
Spain,Male,45.0,0.0,2,0
Spain,Male,35.0,0.0,2,0
Spain,Male,38.0,0.0,2,0
Spain,Male,67.0,0.0,1,1
Spain,Female,39.0,0.0,2,0
Spain,Female,40.0,0.0,2,1
Spain,Female,34.0,0.0,1,1
Spain,Female,38.0,0.0,2,0
Spain,Male,40.0,0.0,1,1
Spain,Female,40.0,122334.26,1,0
Spain,Female,28.0,105473.74,1,0
Spain,Male,36.0,0.0,2,0
Spain,Female,27.0,145030.92,1,0
Spain,Female,38.0,97893.2,1,0
Spain,Female,31.0,108377.75,2,0
Spain,Male,41.0,0.0,2,0
Spain,Female,50.0,0.0,1,1
Spain,Female,36.0,0.0,2,0
Spain,Male,67.0,124577.15,1,0
Spain,Female,36.0,121263.62,1,0
Spain,Male,48.0,0.0,2,0
Spain,Female,39.0,0.0,2,0
Spain,Female,40.0,0.0,2,0
Spain,Male,39.0,112666.67,1,1
Spain,Male,30.0,0.0,2,0
Spain,Male,39.0,146408.68,2,0
Spain,Male,40.0,0.0,2,0
Spain,Female,33.0,0.0,1,0
Spain,Female,38.0,0.0,2,0
Spain,Female,46.0,0.0,2,0
Spain,Female,36.0,63349.83,1,0
Spain,Male,36.0,0.0,2,0
Spain,Female,38.0,0.0,1,0
Spain,Male,26.0,121765.37,1,0
Spain,Female,56.0,0.0,2,1
Spain,Male,36.0,132450.24,1,0
Spain,Female,45.0,140576.11,1,0
Spain,Male,34.0,123845.36,1,0
Spain,Male,63.0,0.0,2,0
Spain,Male,47.0,0.0,2,1
Spain,Male,56.0,0.0,1,1
Spain,Male,38.0,0.0,2,0
Spain,Male,30.0,0.0,2,0
Spain,Male,37.0,0.0,2,0
Spain,Female,34.0,0.0,2,0
Spain,Female,46.0,112803.92,1,1
Spain,Male,33.0,58629.97,1,0
Spain,Female,37.0,97259.25,1,0
Spain,Male,30.0,0.0,2,0
Spain,Male,30.0,0.0,2,0
Spain,Male,34.0,0.0,1,0
Spain,Male,33.0,0.0,2,0
Spain,Female,53.0,117438.17,1,0
Spain,Male,39.0,0.0,2,0
Spain,Female,32.0,0.0,2,0
Spain,Male,31.0,0.0,2,0
Spain,Male,36.0,0.0,2,0
Spain,Male,30.0,169312.72,1,0
Spain,Male,50.0,0.0,2,0
Spain,Male,40.0,0.0,2,0
Spain,Female,28.0,0.0,2,0
Spain,Female,38.0,141827.62,1,0
Spain,Male,44.0,0.0,1,0
Spain,Male,34.0,161572.24,1,0
Spain,Male,31.0,109166.89,1,0
Spain,Female,40.0,0.0,2,0
Spain,Male,33.0,0.0,2,0
Spain,Male,38.0,0.0,2,0
Spain,Male,38.0,0.0,1,0
Spain,Male,37.0,0.0,2,0
Spain,Male,40.0,126439.99,1,0
Spain,Male,28.0,0.0,2,0
Spain,Female,36.0,0.0,2,1
Spain,Male,36.0,0.0,2,0
Spain,Male,54.0,112152.82,1,1
Spain,Male,29.0,0.0,2,0
Spain,Female,39.0,0.0,2,0
Spain,Male,41.0,0.0,2,0
Spain,Female,30.0,185514.74,1,0
Spain,Male,36.0,0.0,1,0
Spain,Female,27.0,0.0,2,0
Spain,Male,36.0,120782.7,1,0
Spain,Male,37.0,0.0,2,0
Spain,Female,38.0,0.0,1,1
Spain,Female,69.0,0.0,2,0
Spain,Female,40.0,0.0,2,0
Spain,Male,38.0,99786.07,1,0
Spain,Female,26.0,90778.76,2,0
Spain,Female,41.0,0.0,1,0
Spain,Male,38.0,0.0,2,0
Spain,Male,65.0,0.0,1,1
Spain,Male,36.0,141334.07,1,0
Spain,Female,50.0,0.0,1,1
Spain,Female,32.0,0.0,1,0
Spain,Female,34.0,0.0,1,0
Spain,Male,63.0,0.0,2,0
Spain,Female,35.0,0.0,2,0
Spain,Male,30.0,0.0,1,0
Spain,Male,48.0,0.0,2,0
Spain,Male,58.0,0.0,2,0
Spain,Male,41.0,127864.3,1,0
Spain,Male,31.0,0.0,2,0
Spain,Female,42.0,0.0,2,0
Spain,Female,35.0,0.0,2,0
Spain,Female,52.0,0.0,2,0
Spain,Male,38.0,0.0,2,0
Spain,Male,40.0,0.0,1,0
Spain,Female,44.0,179356.28,3,1
Spain,Female,24.0,0.0,1,1
Spain,Male,36.0,0.0,2,0
Spain,Female,71.0,121164.92,1,1
Spain,Male,36.0,0.0,2,0
Spain,Male,52.0,123070.92,1,0
Spain,Male,34.0,168964.77,1,0
Spain,Male,28.0,0.0,2,0
Spain,Female,26.0,0.0,2,0
Spain,Male,37.0,0.0,2,0
Spain,Female,41.0,0.0,1,0
Spain,Male,45.0,139825.56,1,0
Spain,Male,39.0,160599.06,2,0
Spain,Female,41.0,103409.16,1,0
Spain,Female,50.0,142644.64,2,1
Spain,Male,38.0,0.0,2,1
Spain,Female,66.0,129753.69,1,0
Spain,Female,32.0,0.0,2,0
Spain,Male,39.0,132730.17,1,0
Spain,Female,39.0,0.0,2,0
Spain,Female,37.0,0.0,2,0
Spain,Female,35.0,0.0,2,0
Spain,Female,21.0,0.0,2,0
Spain,Female,33.0,0.0,2,0
Spain,Male,45.0,0.0,1,1
Spain,Female,42.0,107511.52,1,0
Spain,Male,39.0,0.0,2,0
Spain,Male,45.0,124365.44,1,0
Spain,Female,33.0,0.0,2,0
Spain,Female,46.0,0.0,1,0
Spain,Male,34.0,0.0,2,0
Spain,Male,39.0,0.0,2,0
Spain,Male,32.0,0.0,1,0
Spain,Male,38.0,0.0,2,0
Spain,Male,33.0,0.0,2,0
Spain,Male,44.0,0.0,2,0
Spain,Female,41.0,0.0,2,0
Spain,Male,27.0,132088.02,1,0
Spain,Male,30.0,0.0,2,0
Spain,Male,34.0,0.0,2,0
Spain,Female,34.0,147422.44,1,0
Spain,Female,40.0,0.0,2,0
Spain,Female,66.0,0.0,2,0
Spain,Male,33.0,153572.63,1,0
Spain,Female,38.0,0.0,2,0
Spain,Male,29.0,97361.04,1,0
Spain,Male,29.0,147092.65,1,0
Spain,Male,25.0,0.0,1,0
Spain,Male,31.0,0.0,2,0
Spain,Female,41.0,0.0,2,0
Spain,Female,43.0,0.0,2,0
Spain,Male,43.0,97403.18,1,0
Spain,Male,26.0,150786.92,2,0
Spain,Male,38.0,0.0,2,0
Spain,Male,38.0,108555.07,2,0
Spain,Male,35.0,0.0,2,0
Spain,Female,47.0,0.0,2,1
Spain,Male,46.0,0.0,1,0
Spain,Male,30.0,0.0,2,0
Spain,Male,28.0,99161.75,1,0
Spain,Male,36.0,0.0,1,0
Spain,Female,37.0,0.0,1,1
Spain,Female,42.0,0.0,2,0
Spain,Female,36.0,96652.86,1,0
Spain,Male,50.0,0.0,2,0
Spain,Male,38.0,0.0,2,0
Spain,Female,52.0,154733.97,2,0
Spain,Female,37.0,0.0,2,0
Spain,Female,29.0,0.0,2,0
Spain,Female,35.0,0.0,3,1
Spain,Male,31.0,0.0,2,0
Spain,Male,35.0,0.0,2,0
Spain,Male,50.0,0.0,3,1
Spain,Male,33.0,0.0,2,0
Spain,Female,45.0,136855.42,1,1
Spain,Female,37.0,0.0,2,0
Spain,Male,28.0,120047.77,1,0
Spain,Male,31.0,127299.56,1,0
Spain,Female,29.0,0.0,1,0
Spain,Female,59.0,0.0,1,1
Spain,Female,35.0,132755.55,1,0
Spain,Male,35.0,148863.21,2,0
Spain,Female,39.0,0.0,2,0
Spain,Male,21.0,0.0,2,0
Spain,Male,34.0,124151.09,1,0
Spain,Male,39.0,0.0,4,1
Spain,Female,55.0,0.0,1,1
Spain,Male,32.0,0.0,1,0
Spain,Female,38.0,0.0,2,0
Spain,Male,34.0,165969.26,1,0
Spain,Male,33.0,141803.77,1,1
Spain,Female,42.0,0.0,2,0
Spain,Male,32.0,0.0,2,0
Spain,Male,38.0,0.0,1,0
Spain,Female,29.0,133686.52,1,0
Spain,Male,62.0,131078.42,2,0
Spain,Male,37.0,108585.35,2,0
Spain,Male,38.0,124483.53,1,0
Spain,Male,19.0,112615.86,1,0
Spain,Female,42.0,0.0,2,0
Spain,Male,30.0,99097.36,1,0
Spain,Male,32.0,0.0,2,0
Spain,Male,35.0,127678.8,1,1
Spain,Female,37.0,131563.88,1,0
Spain,Male,63.0,0.0,2,0
Spain,Male,41.0,102749.72,1,0
Spain,Male,31.0,0.0,2,0
Spain,Male,80.0,0.0,2,0
Spain,Female,42.0,106423.67,1,0
Spain,Female,35.0,0.0,1,0
Spain,Male,56.0,0.0,1,1
Spain,Male,49.0,0.0,2,1
Spain,Female,27.0,0.0,2,0
Spain,Female,40.0,102994.04,2,0
Spain,Male,33.0,0.0,1,0
Spain,Female,35.0,0.0,2,0
Spain,Male,23.0,0.0,2,0
Spain,Male,43.0,0.0,2,0
Spain,Male,31.0,140121.17,2,0
Spain,Male,42.0,0.0,1,1
Spain,Male,30.0,0.0,2,0
Spain,Male,31.0,0.0,2,0
Spain,Male,37.0,129934.64,1,0
Spain,Female,41.0,0.0,2,0
Spain,Male,29.0,0.0,2,0
Spain,Female,39.0,0.0,2,0
Spain,Male,46.0,0.0,1,0
Spain,Male,36.0,0.0,2,0
Spain,Female,29.0,0.0,1,0
Spain,Male,38.0,128718.78,2,0
Spain,Male,38.0,94661.53,1,0
Spain,Female,37.0,115465.68,1,0
Spain,Male,37.0,0.0,2,0
Spain,Female,43.0,0.0,3,0
Spain,Female,31.0,131084.13,1,0
Spain,Female,52.0,148042.95,1,1
Spain,Male,33.0,99800.91,1,0
Spain,Male,34.0,0.0,1,0
Spain,Male,50.0,0.0,1,1
Spain,Female,33.0,0.0,2,0
Spain,Male,34.0,0.0,2,0
Spain,Male,34.0,88382.09,1,0
Spain,Male,58.0,139825.04,1,0
Spain,Female,35.0,129068.54,2,1
Spain,Female,47.0,0.0,1,1
Spain,Female,55.0,0.0,2,0
Spain,Male,29.0,0.0,2,0
Spain,Male,37.0,0.0,2,0
Spain,Female,30.0,0.0,2,0
Spain,Female,41.0,0.0,2,0
Spain,Male,26.0,0.0,2,0
Spain,Male,67.0,0.0,2,0
Spain,Male,23.0,0.0,2,0
Spain,Male,30.0,0.0,2,0
Spain,Male,38.0,127555.07,1,0
Spain,Female,32.0,0.0,1,0
Spain,Male,19.0,130274.26,1,0
Spain,Male,36.0,0.0,2,0
Spain,Female,30.0,0.0,2,0
Spain,Female,54.0,0.0,1,1
Spain,Female,38.0,127480.57,1,0
Spain,Female,39.0,0.0,2,0
Spain,Male,67.0,125979.01,2,1
Spain,Male,32.0,0.0,2,0
Spain,Female,22.0,0.0,2,0
Spain,Female,32.0,0.0,2,0
Spain,Male,39.0,0.0,2,0
Spain,Male,48.0,0.0,2,0
Spain,Male,38.0,62276.99,1,0
Spain,Female,36.0,0.0,3,1
Spain,Male,35.0,119963.54,1,0
Spain,Female,46.0,0.0,1,1
Spain,Female,37.0,0.0,2,0
Spain,Male,47.0,109799.55,2,0
Spain,Male,39.0,0.0,1,0
Spain,Male,42.0,0.0,2,0
Spain,Male,40.0,0.0,2,0
Spain,Male,34.0,0.0,2,0
Spain,Male,42.0,0.0,2,0
Spain,Female,45.0,147256.86,1,0
Spain,Male,45.0,0.0,2,0
Spain,Female,41.0,0.0,2,0
Spain,Male,25.0,0.0,2,0
Spain,Male,40.0,0.0,2,0
Spain,Female,29.0,0.0,2,0
Spain,Female,29.0,0.0,2,0
Spain,Male,39.0,116922.25,1,0
Spain,Female,36.0,0.0,2,0
Spain,Female,30.0,0.0,1,0
Spain,Male,28.0,153537.1,1,0
Spain,Male,28.0,0.0,2,0
Spain,Female,35.0,0.0,2,0
Spain,Female,41.0,0.0,2,0
Spain,Female,35.0,0.0,2,0
Spain,Male,35.0,0.0,2,0
Spain,Male,38.0,0.0,2,0
Spain,Female,48.0,144837.79,1,1
Spain,Male,39.0,125547.53,1,0
Spain,Female,36.0,0.0,2,0
Spain,Female,47.0,121702.73,1,1
Spain,Male,35.0,108585.35,1,0
Spain,Female,45.0,0.0,2,0
Spain,Male,30.0,125927.51,1,0
Spain,Male,28.0,0.0,1,0
Spain,Male,44.0,0.0,2,0
Spain,Male,32.0,102989.83,2,0
Spain,Male,37.0,0.0,2,0
Spain,Male,30.0,0.0,2,0
Spain,Female,45.0,154483.98,1,0
Spain,Female,45.0,152212.88,1,0
Spain,Male,57.0,0.0,2,0
Spain,Male,30.0,0.0,2,0
Spain,Male,35.0,174852.89,2,0
Spain,Female,33.0,0.0,1,0
Spain,Male,43.0,104267.8,1,1
Spain,Male,45.0,0.0,1,0
Spain,Male,31.0,0.0,2,0
Spain,Female,48.0,0.0,2,0
Spain,Female,36.0,101231.77,1,0
Spain,Female,46.0,0.0,1,0
Spain,Female,31.0,0.0,2,0
Spain,Female,33.0,95984.21,2,0
Spain,Male,67.0,0.0,2,0
Spain,Female,33.0,116980.32,1,0
Spain,Female,40.0,0.0,1,0
Spain,Male,28.0,133476.09,1,0
Spain,Male,32.0,0.0,2,0
Spain,Male,43.0,0.0,2,0
Spain,Female,34.0,0.0,2,0
Spain,Male,37.0,0.0,1,0
Spain,Female,37.0,0.0,1,0
Spain,Female,49.0,0.0,1,1
Spain,Female,31.0,112889.91,1,0
Spain,Male,39.0,0.0,1,1
Spain,Female,33.0,0.0,2,0
Spain,Female,38.0,136859.71,2,0
Spain,Female,44.0,0.0,2,0
Spain,Female,55.0,0.0,1,1
Spain,Male,55.0,143567.17,1,1
Spain,Female,35.0,0.0,2,0
Spain,Female,37.0,0.0,1,0
Spain,Male,46.0,26057.08,2,0
Spain,Female,45.0,0.0,2,0
Spain,Male,24.0,0.0,2,0
Spain,Male,39.0,127278.31,1,0
Spain,Male,34.0,71340.01,2,0
Spain,Female,43.0,0.0,2,0
Spain,Male,35.0,0.0,2,0
Spain,Female,26.0,117685.31,2,0
Spain,Female,39.0,0.0,2,0
Spain,Female,40.0,0.0,2,0
Spain,Female,31.0,0.0,2,0
Spain,Male,41.0,0.0,2,0
Spain,Male,41.0,128920.54,1,0
Spain,Female,41.0,123843.0,1,1
Spain,Male,42.0,0.0,2,0
Spain,Male,38.0,150593.59,2,0
Spain,Female,37.0,0.0,2,0
Spain,Male,42.0,0.0,1,1
Spain,Female,37.0,107735.33,1,0
Spain,Male,24.0,151519.65,1,0
Spain,Male,51.0,0.0,2,0
Spain,Female,42.0,0.0,2,0
Spain,Male,43.0,82559.42,1,1
Spain,Male,40.0,0.0,1,0
Spain,Male,31.0,0.0,2,0
Spain,Female,29.0,77370.12,1,0
Spain,Male,29.0,123971.97,1,0
Spain,Female,35.0,0.0,2,1
Spain,Female,40.0,0.0,2,0
Spain,Female,39.0,86654.78,1,0
Spain,Male,32.0,117060.1,1,1
Spain,Female,57.0,126776.3,2,0
Spain,Female,38.0,128770.88,1,0
Spain,Male,35.0,134571.6,1,0
Spain,Female,36.0,0.0,2,0
Spain,Female,39.0,113674.2,1,0
Spain,Male,38.0,147904.31,1,0
Spain,Male,39.0,0.0,2,0
Spain,Female,28.0,0.0,2,0
Spain,Female,26.0,174318.13,2,1
Spain,Male,36.0,0.0,2,0
Spain,Male,36.0,0.0,1,0
Spain,Male,37.0,0.0,1,0
Spain,Male,40.0,118756.0,1,0
Spain,Male,36.0,0.0,2,0
Spain,Female,33.0,0.0,2,0
Spain,Male,34.0,0.0,2,0
Spain,Female,35.0,0.0,2,0
Spain,Male,38.0,0.0,2,0
Spain,Female,28.0,0.0,1,1
Spain,Male,57.0,117294.12,1,1
Spain,Male,31.0,0.0,1,0
Spain,Male,27.0,0.0,2,0
Spain,Female,40.0,104784.23,1,0
Spain,Female,34.0,123070.89,1,0
Spain,Female,33.0,0.0,2,0
Spain,Male,40.0,91623.69,1,0
Spain,Female,35.0,126428.45,2,0
Spain,Male,44.0,0.0,2,0
Spain,Female,48.0,82441.75,1,0
Spain,Male,32.0,0.0,2,0
Spain,Female,35.0,0.0,1,0
Spain,Male,43.0,142909.83,1,0
Spain,Male,34.0,0.0,2,0
Spain,Male,67.0,151858.98,1,0
Spain,Female,33.0,76656.21,2,0
Spain,Female,54.0,99240.51,1,0
Spain,Male,29.0,0.0,1,1
Spain,Male,35.0,0.0,1,0
Spain,Male,33.0,0.0,2,0
Spain,Male,36.0,88915.45,1,0
Spain,Female,45.0,0.0,1,0
Spain,Male,38.0,127117.8,1,1
Spain,Male,25.0,0.0,2,0
Spain,Male,55.0,0.0,1,1
Spain,Female,36.0,120962.59,1,0
Spain,Male,26.0,0.0,2,0
Spain,Male,37.0,0.0,2,0
Spain,Male,34.0,0.0,1,0
Spain,Female,41.0,0.0,2,0
Spain,Female,37.0,0.0,2,0
Spain,Male,34.0,121062.47,1,0
Spain,Female,42.0,0.0,2,0
Spain,Female,32.0,0.0,1,1
Spain,Male,30.0,0.0,2,0
Spain,Male,29.0,0.0,1,0
Spain,Male,38.0,0.0,2,0
Spain,Female,28.0,0.0,2,1
Spain,Male,63.0,0.0,1,0
Spain,Male,32.0,0.0,1,0
Spain,Female,37.0,0.0,1,0
Spain,Female,49.0,131834.76,1,1
Spain,Female,29.0,136689.13,1,0
Spain,Male,38.0,0.0,2,0
Spain,Male,43.0,131764.96,2,0
Spain,Female,47.0,128929.88,1,0
Spain,Female,46.0,0.0,1,1
Spain,Male,29.0,0.0,1,0
Spain,Female,39.0,0.0,2,0
Spain,Male,38.0,62276.99,1,0
Spain,Male,63.0,155766.05,2,1
Spain,Female,39.0,0.0,2,0
Spain,Female,42.0,0.0,1,0
Spain,Male,29.0,0.0,2,0
Spain,Male,24.0,0.0,2,0
Spain,Female,33.0,125341.69,1,0
Spain,Female,32.0,0.0,2,0
Spain,Male,40.0,0.0,2,0
Spain,Female,34.0,138705.02,2,0
Spain,Female,62.0,0.0,2,0
Spain,Male,33.0,0.0,2,0
Spain,Male,32.0,103108.8,1,0
Spain,Female,29.0,0.0,2,0
Spain,Female,42.0,0.0,2,0
Spain,Male,44.0,0.0,2,0
Spain,Male,40.0,130170.45,2,0
Spain,Male,29.0,0.0,2,0
Spain,Female,34.0,0.0,1,0
Spain,Female,49.0,0.0,1,0
Spain,Female,41.0,0.0,2,0
Spain,Male,44.0,121250.04,1,0
Spain,Female,35.0,125537.16,1,0
Spain,Male,42.0,0.0,2,0
Spain,Female,45.0,152992.91,1,1
Spain,Female,35.0,121093.29,2,0
Spain,Male,27.0,0.0,2,0
Spain,Male,57.0,133618.01,3,1
Spain,Female,42.0,121056.63,2,0
Spain,Male,39.0,0.0,2,1
Spain,Male,34.0,0.0,2,0
Spain,Male,47.0,0.0,1,0
Spain,Female,45.0,0.0,1,1
Spain,Male,33.0,0.0,1,0
Spain,Female,41.0,0.0,2,0
Spain,Male,36.0,0.0,2,0
Spain,Female,33.0,92350.47,1,0
Spain,Male,44.0,143656.55,1,1
Spain,Male,56.0,0.0,1,0
Spain,Female,41.0,0.0,2,0
Spain,Male,37.0,0.0,1,0
Spain,Male,31.0,0.0,2,0
Spain,Male,43.0,0.0,1,0
Spain,Female,71.0,92796.08,2,0
Spain,Female,38.0,0.0,2,0
Spain,Male,32.0,63873.56,1,1
Spain,Male,34.0,0.0,2,0
Spain,Female,57.0,0.0,2,0
Spain,Female,46.0,0.0,1,1
Spain,Male,35.0,0.0,2,0
Spain,Male,47.0,0.0,1,1
Spain,Female,25.0,145580.61,2,0
Spain,Female,33.0,0.0,2,0
Spain,Female,39.0,0.0,2,1
Spain,Male,45.0,0.0,1,1
Spain,Male,39.0,0.0,2,0
Spain,Female,27.0,0.0,1,0
Spain,Male,28.0,118098.62,1,0
Spain,Male,31.0,0.0,2,0
Spain,Female,37.0,0.0,2,0
Spain,Female,41.0,0.0,2,0
Spain,Female,54.0,106933.11,1,1
Spain,Male,40.0,0.0,2,0
Spain,Male,58.0,0.0,2,0
Spain,Male,38.0,116967.68,1,0
Spain,Female,36.0,0.0,2,0
Spain,Male,47.0,131629.17,1,0
Spain,Male,32.0,0.0,2,0
Spain,Female,37.0,0.0,2,0
Spain,Female,31.0,90963.49,2,0
Spain,Male,35.0,0.0,2,0
Spain,Male,24.0,0.0,2,0
Spain,Male,27.0,0.0,2,0
Spain,Male,36.0,0.0,2,0
Spain,Male,74.0,0.0,2,0
Spain,Female,36.0,0.0,2,0
Spain,Male,43.0,97403.18,1,0
Spain,Male,37.0,0.0,2,0
Spain,Female,29.0,0.0,1,0
Spain,Male,28.0,0.0,1,1
Spain,Male,30.0,97990.49,2,0
Spain,Male,32.0,0.0,1,1
Spain,Male,33.0,0.0,1,0
Spain,Female,39.0,157576.47,2,0
Spain,Male,32.0,136494.52,1,0
Spain,Male,32.0,144880.21,1,0
Spain,Male,46.0,115545.33,1,1
Spain,Male,38.0,0.0,2,0
Spain,Male,30.0,123204.88,1,0
Spain,Male,39.0,132628.98,1,1
Spain,Male,34.0,0.0,2,0
Spain,Male,36.0,108239.91,1,0
Spain,Female,48.0,129744.59,1,1
Spain,Male,45.0,71264.56,1,1
Spain,Male,30.0,0.0,2,0
Spain,Male,36.0,127480.57,1,0
Spain,Female,31.0,0.0,2,0
Spain,Male,38.0,0.0,1,1
Spain,Male,39.0,141829.67,1,0
Spain,Male,32.0,153656.82,1,0
Spain,Female,29.0,0.0,2,0
Spain,Female,38.0,161802.31,1,0
Spain,Male,40.0,0.0,2,0
Spain,Female,41.0,0.0,2,0
Spain,Male,39.0,105317.73,2,0
Spain,Male,29.0,104149.66,1,0
Spain,Male,25.0,0.0,1,1
Spain,Male,40.0,0.0,1,1
Spain,Male,40.0,0.0,1,0
Spain,Female,38.0,0.0,1,1
Spain,Male,45.0,127205.79,1,1
Spain,Male,37.0,91246.53,2,0
Spain,Male,60.0,0.0,2,0
Spain,Female,56.0,0.0,2,1
Spain,Male,30.0,0.0,2,0
Spain,Female,37.0,112013.81,1,0
Spain,Male,49.0,0.0,2,0
Spain,Female,44.0,0.0,2,0
Spain,Male,69.0,163975.09,1,0
Spain,Male,41.0,0.0,2,0
Spain,Female,32.0,0.0,2,0
Spain,Male,26.0,112383.03,1,0
Spain,Male,24.0,0.0,2,0
Spain,Female,46.0,111642.04,1,1
Spain,Female,23.0,163549.79,1,0
Spain,Female,30.0,103000.94,1,0
Spain,Male,45.0,0.0,2,0
Spain,Female,72.0,0.0,2,1
Spain,Male,34.0,0.0,2,0
Spain,Male,36.0,0.0,2,0
Spain,Female,27.0,179915.85,2,0
Spain,Male,35.0,0.0,2,0
Spain,Male,42.0,0.0,1,1
Spain,Male,30.0,89838.71,1,0
Spain,Male,24.0,0.0,2,0
Spain,Male,42.0,0.0,2,0
Spain,Female,35.0,0.0,2,0
Spain,Female,61.0,121237.65,1,1
Spain,Male,34.0,0.0,2,0
Spain,Female,41.0,150593.59,1,0
Spain,Male,37.0,111837.78,1,0
Spain,Female,46.0,120793.88,3,1
Spain,Female,50.0,150555.72,1,1
Spain,Male,36.0,100262.88,1,0
Spain,Female,38.0,0.0,2,0
Spain,Male,45.0,105266.32,1,1
Spain,Female,35.0,0.0,2,0
Spain,Male,32.0,0.0,1,0
Spain,Male,32.0,0.0,2,0
Spain,Male,54.0,0.0,2,1
Spain,Female,43.0,133214.13,1,1
Spain,Male,64.0,88141.1,1,1
Spain,Male,32.0,0.0,2,0
Spain,Male,36.0,121542.57,2,0
Spain,Male,43.0,82674.15,1,0
Spain,Female,58.0,0.0,2,0
Spain,Male,45.0,0.0,1,0
Spain,Male,30.0,141078.37,1,0
Spain,Male,40.0,129750.68,1,0
Spain,Male,33.0,90920.75,1,0
Spain,Male,33.0,0.0,1,0
Spain,Male,59.0,142986.93,1,0
Spain,Female,39.0,0.0,2,0
Spain,Female,38.0,0.0,2,0
Spain,Male,38.0,0.0,1,0
Spain,Female,42.0,0.0,2,0
Spain,Female,32.0,0.0,2,0
Spain,Female,32.0,0.0,2,0
Spain,Female,64.0,0.0,2,0
Spain,Female,49.0,0.0,1,1
Spain,Female,22.0,0.0,1,0
Spain,Male,31.0,0.0,2,0
Spain,Male,27.0,0.0,2,0
Spain,Female,35.0,0.0,2,0
Spain,Male,50.0,0.0,2,0
Spain,Male,39.0,105473.74,2,0
Spain,Male,36.0,0.0,2,0
Spain,Male,37.0,0.0,2,0
Spain,Female,52.0,0.0,1,1
Spain,Male,36.0,0.0,1,1
Spain,Female,29.0,137791.18,3,1
Spain,Female,32.0,0.0,1,0
Spain,Male,28.0,0.0,2,0
Spain,Male,48.0,101470.29,1,0
Spain,Male,22.0,0.0,2,0
Spain,Male,33.0,0.0,1,0
Spain,Female,37.0,0.0,1,0
Spain,Male,39.0,0.0,2,0
Spain,Male,28.0,0.0,2,0
Spain,Female,38.0,0.0,2,0
Spain,Male,40.0,108734.95,1,0
Spain,Female,37.0,0.0,2,0
Spain,Male,56.0,0.0,1,1
Spain,Male,41.0,0.0,2,0
Spain,Female,39.0,0.0,2,0
Spain,Male,38.0,0.0,2,0
Spain,Male,22.0,0.0,2,0
Spain,Male,31.0,0.0,2,0
Spain,Male,46.0,0.0,2,1
Spain,Female,45.0,0.0,2,0
Spain,Male,33.0,0.0,2,0
Spain,Male,31.0,0.0,2,0
Spain,Female,35.0,126444.08,1,0
Spain,Female,52.0,0.0,1,1
Spain,Female,58.0,82373.94,2,0
Spain,Male,49.0,125265.61,1,1
Spain,Female,25.0,0.0,2,0
Spain,Male,34.0,100359.52,1,0
Spain,Female,30.0,46388.16,3,1
Spain,Male,32.0,0.0,2,0
Spain,Female,40.0,89175.06,2,1
Spain,Female,46.0,0.0,1,1
Spain,Female,39.0,117864.53,1,0
Spain,Female,35.0,0.0,2,0
Spain,Female,32.0,0.0,2,0
Spain,Male,41.0,0.0,2,0
Spain,Male,47.0,0.0,2,1
Spain,Male,37.0,0.0,2,0
Spain,Male,41.0,0.0,2,0
Spain,Female,26.0,92224.56,1,0
Spain,Female,67.0,0.0,1,0
Spain,Female,38.0,76692.22,1,0
Spain,Female,51.0,0.0,1,1
Spain,Female,35.0,98738.91,1,0
Spain,Female,43.0,116313.57,1,1
Spain,Male,52.0,0.0,1,0
Spain,Male,43.0,0.0,2,0
Spain,Female,52.0,118207.69,1,1
Spain,Female,52.0,0.0,1,1
Spain,Male,24.0,0.0,1,0
Spain,Male,30.0,0.0,2,0
Spain,Female,36.0,0.0,2,0
Spain,Male,31.0,0.0,2,0
Spain,Male,26.0,0.0,2,0
Spain,Male,30.0,147730.76,1,0
Spain,Female,34.0,0.0,2,0
Spain,Male,32.0,0.0,2,0
Spain,Male,41.0,0.0,2,0
Spain,Male,39.0,109106.8,1,0
Spain,Male,37.0,0.0,2,0
Spain,Female,36.0,0.0,2,1
Spain,Male,33.0,0.0,2,0
Spain,Male,42.0,177822.03,1,0
Spain,Female,34.0,0.0,3,1
Spain,Female,28.0,0.0,2,0
Spain,Male,29.0,142574.71,2,0
Spain,Male,34.0,0.0,2,0
Spain,Male,43.0,132436.34,1,0
Spain,Female,47.0,0.0,1,1
Spain,Male,49.0,0.0,1,0
Spain,Male,41.0,0.0,2,0
Spain,Male,30.0,135846.0,1,0
Spain,Female,34.0,0.0,2,0
Spain,Male,44.0,108739.83,1,1
Spain,Male,40.0,0.0,2,0
Spain,Male,35.0,145155.37,1,0
Spain,Male,34.0,66220.17,1,0
Spain,Female,27.0,102000.17,2,0
Spain,Female,40.0,0.0,2,0
Spain,Male,25.0,0.0,2,0
Spain,Male,28.0,0.0,2,0
Spain,Female,45.0,0.0,3,1
Spain,Male,40.0,0.0,1,1
Spain,Male,46.0,122549.64,1,1
Spain,Female,28.0,0.0,2,0
Spain,Male,46.0,0.0,1,1
Spain,Male,39.0,114091.38,1,0
Spain,Male,39.0,140236.98,2,0
Spain,Female,46.0,126663.51,1,1
Spain,Female,30.0,0.0,2,0
Spain,Female,36.0,0.0,2,0
Spain,Male,35.0,127510.99,1,0
Spain,Male,28.0,0.0,2,0
Spain,Male,36.0,0.0,2,0
Spain,Male,30.0,0.0,2,0
Spain,Male,43.0,0.0,2,0
Spain,Female,44.0,106901.94,1,0
Spain,Female,38.0,0.0,1,0
Spain,Female,53.0,0.0,1,1
Spain,Male,40.0,130701.29,1,0
Spain,Male,38.0,0.0,2,0
Spain,Female,37.0,129299.28,2,0
Spain,Male,33.0,170214.64,1,0
Spain,Male,46.0,0.0,1,1
Spain,Male,40.0,0.0,2,0
Spain,Female,47.0,142712.82,1,1
Spain,Male,23.0,0.0,2,0
Spain,Male,39.0,138160.0,1,0
Spain,Male,34.0,0.0,2,0
Spain,Male,39.0,0.0,2,0
Spain,Male,35.0,0.0,2,0
Spain,Female,52.0,0.0,1,1
Spain,Male,29.0,0.0,2,0
Spain,Female,36.0,122793.96,2,0
Spain,Male,41.0,141749.71,1,0
Spain,Male,36.0,0.0,1,0
Spain,Male,33.0,0.0,2,0
Spain,Male,41.0,128100.72,1,0
Spain,Female,60.0,91286.51,1,1
Spain,Male,31.0,129845.59,1,0
Spain,Male,34.0,0.0,2,1
Spain,Male,35.0,0.0,1,0
Spain,Female,48.0,134318.21,2,0
Spain,Female,69.0,137453.43,1,1
Spain,Female,38.0,0.0,2,0
Spain,Male,41.0,0.0,1,0
Spain,Male,41.0,112510.89,2,0
Spain,Female,26.0,116576.45,1,1
Spain,Male,34.0,0.0,2,0
Spain,Male,36.0,118287.01,4,1
Spain,Female,28.0,0.0,1,0
Spain,Female,41.0,0.0,2,0
Spain,Male,40.0,0.0,2,0
Spain,Male,38.0,129055.13,1,1
Spain,Female,38.0,105701.91,1,0
Spain,Male,39.0,0.0,2,0
Spain,Male,43.0,0.0,1,0
Spain,Female,53.0,0.0,1,1
Spain,Female,32.0,114347.85,1,1
Spain,Male,31.0,0.0,2,0
Spain,Female,40.0,173432.55,1,0
Spain,Male,41.0,0.0,2,0
Spain,Male,32.0,0.0,2,0
Spain,Male,34.0,0.0,2,0
Spain,Female,49.0,81718.46,1,0
Spain,Male,45.0,0.0,2,0
Spain,Male,37.0,121030.9,1,0
Spain,Female,40.0,0.0,2,0
Spain,Female,37.0,0.0,2,0
Spain,Female,48.0,0.0,2,1
Spain,Male,37.0,0.0,2,1
Spain,Male,40.0,124577.33,1,0
Spain,Male,30.0,103430.11,2,0
Spain,Female,45.0,0.0,2,0
Spain,Male,24.0,0.0,2,0
Spain,Female,29.0,153455.72,2,0
Spain,Male,34.0,0.0,2,0
Spain,Female,36.0,0.0,2,0
Spain,Female,30.0,0.0,1,0
Spain,Male,48.0,105961.0,1,1
Spain,Male,39.0,0.0,2,0
Spain,Male,48.0,116060.08,1,0
Spain,Female,37.0,0.0,2,0
Spain,Male,45.0,0.0,1,1
Spain,Male,35.0,114347.85,2,0
Spain,Male,24.0,172231.93,2,0
Spain,Female,60.0,0.0,3,1
Spain,Female,35.0,0.0,1,0
Spain,Female,37.0,133946.0,1,0
Spain,Female,40.0,0.0,1,0
Spain,Male,35.0,0.0,1,0
Spain,Female,22.0,172231.93,1,1
Spain,Male,35.0,0.0,2,0
Spain,Male,31.0,0.0,2,0
Spain,Male,39.0,139659.04,1,0
Spain,Female,32.0,105603.76,1,0
Spain,Male,31.0,137781.65,1,0
Spain,Male,29.0,0.0,2,0
Spain,Male,35.0,0.0,2,0
Spain,Male,35.0,160541.36,2,0
Spain,Female,62.0,122449.31,2,0
Spain,Female,26.0,0.0,2,0
Spain,Male,35.0,0.0,2,0
Spain,Male,23.0,0.0,2,0
Spain,Female,40.0,0.0,2,0
Spain,Female,47.0,0.0,1,1
Spain,Female,33.0,122528.18,1,0
Spain,Male,34.0,0.0,2,0
Spain,Male,28.0,0.0,2,0
Spain,Female,28.0,142253.65,1,0
Spain,Female,51.0,0.0,2,0
Spain,Male,35.0,0.0,1,1
Spain,Female,35.0,0.0,2,0
Spain,Female,52.0,155739.26,2,1
Spain,Male,33.0,0.0,2,0
Spain,Male,40.0,0.0,2,1
Spain,Male,37.0,88915.85,1,0
Spain,Male,47.0,0.0,1,1
Spain,Female,37.0,108862.76,1,0
Spain,Female,46.0,90723.36,1,0
Spain,Male,35.0,137102.65,2,0
Spain,Male,39.0,0.0,1,1
Spain,Female,41.0,135096.77,2,0
Spain,Male,35.0,0.0,2,0
Spain,Male,31.0,112713.34,1,0
Spain,Female,30.0,0.0,2,0
Spain,Female,31.0,0.0,2,0
Spain,Female,53.0,145974.79,1,1
Spain,Male,21.0,127305.09,1,0
Spain,Male,36.0,112029.83,1,0
Spain,Male,38.0,0.0,1,0
Spain,Male,31.0,0.0,1,0
Spain,Male,31.0,0.0,2,0
Spain,Female,33.0,0.0,2,0
Spain,Male,36.0,98415.37,1,0
Spain,Male,37.0,0.0,2,0
Spain,Female,34.0,0.0,3,1
Spain,Male,40.0,0.0,1,0
Spain,Male,46.0,0.0,4,1
Spain,Male,45.0,98903.06,1,0
Spain,Female,49.0,0.0,2,1
Spain,Male,45.0,0.0,1,1
Spain,Female,31.0,119825.75,2,0
Spain,Female,43.0,0.0,1,1
Spain,Female,39.0,0.0,2,0
Spain,Male,43.0,125919.35,1,1
Spain,Male,29.0,0.0,2,0
Spain,Male,38.0,0.0,2,0
Spain,Female,54.0,63763.49,4,1
Spain,Male,32.0,0.0,2,0
Spain,Female,28.0,95059.02,1,0
Spain,Male,42.0,0.0,2,0
Spain,Male,44.0,127924.25,1,0
Spain,Female,39.0,0.0,2,0
Spain,Male,33.0,0.0,1,0
Spain,Male,26.0,132442.19,1,0
Spain,Male,41.0,0.0,2,0
Spain,Male,23.0,97318.25,1,0
Spain,Male,31.0,171922.72,1,0
Spain,Female,37.0,0.0,1,0
Spain,Female,33.0,100524.69,1,0
Spain,Male,41.0,0.0,2,0
Spain,Female,33.0,0.0,2,0
Spain,Male,37.0,98459.6,2,0
Spain,Female,41.0,108308.0,1,1
Spain,Female,37.0,171770.18,1,0
Spain,Female,38.0,133628.09,1,0
Spain,Male,51.0,0.0,2,1
Spain,Female,32.0,0.0,1,0
Spain,Male,57.0,0.0,1,0
Spain,Female,37.0,0.0,2,0
Spain,Female,28.0,0.0,2,0
Spain,Female,41.0,0.0,1,0
Spain,Male,36.0,176273.95,1,0
Spain,Female,47.0,0.0,1,1
Spain,Male,60.0,0.0,2,0
Spain,Male,29.0,121873.99,1,1
Spain,Male,35.0,0.0,2,0
Spain,Male,39.0,0.0,2,0
Spain,Male,30.0,0.0,2,0
Spain,Male,66.0,0.0,1,0
Spain,Male,25.0,0.0,2,0
Spain,Female,51.0,0.0,2,0
Spain,Female,58.0,110783.28,1,1
Spain,Male,44.0,0.0,2,0
Spain,Female,34.0,0.0,2,0
Spain,Female,22.0,0.0,2,0
Spain,Female,32.0,101140.67,1,0
Spain,Male,39.0,132557.3,1,0
Spain,Female,20.0,0.0,2,0
Spain,Male,30.0,148856.45,1,0
Spain,Male,26.0,0.0,1,0
Spain,Male,35.0,128173.9,2,0
Spain,Female,27.0,130929.43,1,0
Spain,Male,29.0,0.0,2,0
Spain,Male,39.0,0.0,2,0
Spain,Female,39.0,164902.43,1,1
Spain,Female,48.0,118207.69,2,0
Spain,Male,32.0,95153.77,1,0
Spain,Female,42.0,0.0,2,0
Spain,Female,34.0,146329.57,2,0
Spain,Female,33.0,0.0,2,0
Spain,Male,44.0,0.0,2,0
Spain,Female,57.0,0.0,1,1
Spain,Male,40.0,0.0,2,1
Spain,Female,29.0,0.0,1,0
Spain,Male,29.0,0.0,2,0
Spain,Male,33.0,0.0,2,0
Spain,Female,36.0,0.0,2,0
Spain,Male,50.0,0.0,1,1
Spain,Male,32.0,0.0,1,0
Spain,Male,35.0,0.0,1,0
Spain,Male,35.0,0.0,2,0
Spain,Female,38.0,0.0,2,0
Spain,Male,34.0,0.0,2,0
Spain,Male,32.0,0.0,2,0
Spain,Male,56.0,85906.65,2,1
Spain,Male,35.0,116932.59,1,0
Spain,Male,29.0,0.0,1,0
Spain,Male,38.0,0.0,2,0
Spain,Male,51.0,106969.92,3,1
Spain,Female,40.0,116520.38,1,1
Spain,Female,37.0,71667.74,1,0
Spain,Male,39.0,0.0,2,0
Spain,Male,36.0,109876.16,1,0
Spain,Male,36.0,147256.86,1,0
Spain,Male,41.0,0.0,2,0
Spain,Male,41.0,109730.22,1,0
Spain,Male,41.0,0.0,1,1
Spain,Male,28.0,124695.72,2,0
Spain,Male,32.0,0.0,2,0
Spain,Female,25.0,0.0,2,0
Spain,Female,27.0,0.0,2,0
Spain,Male,39.0,0.0,1,1
Spain,Female,31.0,0.0,2,0
Spain,Male,38.0,142537.18,1,0
Spain,Male,31.0,0.0,2,0
Spain,Female,36.0,0.0,2,0
Spain,Female,35.0,0.0,1,0
Spain,Female,34.0,152806.74,1,0
Spain,Male,42.0,0.0,2,0
Spain,Male,38.0,0.0,2,0
Spain,Male,45.0,0.0,1,0
Spain,Male,40.0,0.0,2,0
Spain,Female,39.0,122486.11,2,0
Spain,Male,28.0,0.0,2,0
Spain,Male,59.0,153861.1,1,0
Spain,Male,40.0,0.0,1,0
Spain,Female,36.0,111484.88,1,0
Spain,Male,42.0,103210.27,1,1
Spain,Male,37.0,133314.46,1,0
Spain,Male,41.0,126683.8,1,0
Spain,Female,39.0,122552.48,1,1
Spain,Male,37.0,0.0,1,0
Spain,Male,40.0,0.0,2,0
Spain,Female,36.0,114446.84,2,1
Spain,Male,35.0,0.0,2,0
Spain,Male,36.0,96134.11,2,0
Spain,Female,38.0,0.0,2,0
Spain,Female,35.0,97459.06,1,1
Spain,Male,54.0,0.0,1,1
Spain,Female,36.0,114951.62,1,1
Spain,Male,31.0,171922.92,1,0
Spain,Male,31.0,0.0,2,0
Spain,Male,33.0,0.0,2,0
Spain,Female,39.0,0.0,2,0
Spain,Female,40.0,0.0,1,0
Spain,Male,35.0,0.0,2,0
Spain,Male,40.0,87413.19,1,0
Spain,Male,34.0,100829.94,1,0
Spain,Male,34.0,0.0,2,0
Spain,Female,38.0,0.0,2,0
Spain,Female,45.0,0.0,1,1
Spain,Male,48.0,0.0,1,1
Spain,Male,33.0,0.0,2,0
Spain,Female,34.0,158621.04,1,1
Spain,Female,36.0,0.0,2,0
Spain,Male,40.0,83015.71,2,0
Spain,Female,32.0,0.0,2,0
Spain,Female,47.0,0.0,1,0
Spain,Female,47.0,140197.71,1,0
Spain,Female,28.0,116646.56,2,0
Spain,Female,52.0,0.0,1,1
Spain,Male,26.0,146329.57,1,0
Spain,Female,37.0,0.0,1,1
Spain,Female,30.0,0.0,2,0
Spain,Female,32.0,0.0,1,0
Spain,Male,29.0,138083.12,1,0
Spain,Female,38.0,135645.26,1,0
Spain,Male,32.0,0.0,2,0
Spain,Male,36.0,155423.17,2,0
Spain,Female,66.0,0.0,1,0
Spain,Female,31.0,71843.92,1,1
Spain,Male,42.0,0.0,2,0
Spain,Male,26.0,129740.56,1,0
Spain,Female,36.0,0.0,1,1
Spain,Male,41.0,111760.4,1,0
Spain,Female,39.0,0.0,1,0
Spain,Male,43.0,0.0,2,0
Spain,Male,30.0,149950.19,2,0
Spain,Female,29.0,0.0,1,0
Spain,Female,40.0,128876.75,1,0
Spain,Male,40.0,102721.15,1,0
Spain,Male,41.0,0.0,2,0
Spain,Female,46.0,0.0,2,0
Spain,Male,32.0,0.0,1,0
Spain,Male,40.0,0.0,1,0
Spain,Male,54.0,125338.8,1,1
Spain,Female,27.0,0.0,2,0
Spain,Female,43.0,0.0,2,0
Spain,Female,25.0,0.0,2,0
Spain,Male,71.0,0.0,1,1
Spain,Female,53.0,0.0,3,1
Spain,Male,34.0,0.0,2,0
Spain,Female,31.0,173331.52,1,0
Spain,Female,35.0,138162.81,2,0
Spain,Male,38.0,61811.23,1,0
Spain,Female,28.0,0.0,2,0
Spain,Male,40.0,0.0,1,1
Spain,Male,60.0,0.0,1,1
Spain,Female,43.0,0.0,2,0
Spain,Male,36.0,83772.95,1,0
Spain,Female,30.0,86656.13,1,0
Spain,Male,39.0,116095.58,2,0
Spain,Female,46.0,106807.5,1,1
Spain,Female,44.0,0.0,2,0
Spain,Female,30.0,0.0,2,0
Spain,Male,35.0,0.0,2,0
Spain,Male,41.0,171671.9,1,0
Spain,Male,35.0,0.0,2,0
Spain,Male,47.0,0.0,2,0
Spain,Male,23.0,160376.61,2,0
Spain,Female,36.0,121092.47,2,0
Spain,Male,41.0,0.0,1,0
Spain,Male,29.0,0.0,2,0
Spain,Male,38.0,135506.58,3,0
Spain,Male,40.0,0.0,1,0
Spain,Male,34.0,93716.07,1,0
Spain,Female,46.0,0.0,2,0
Spain,Female,52.0,0.0,1,1
Spain,Female,36.0,126615.94,1,0
Spain,Male,22.0,0.0,2,0
Spain,Male,36.0,0.0,2,0
Spain,Male,40.0,0.0,2,0
Spain,Male,29.0,0.0,1,0
Spain,Male,66.0,0.0,2,0
Spain,Female,60.0,0.0,2,0
Spain,Female,38.0,0.0,1,1
Spain,Female,31.0,0.0,2,0
Spain,Male,31.0,0.0,2,0
Spain,Male,37.0,122625.8,1,0
Spain,Female,39.0,0.0,2,0
Spain,Male,34.0,62610.96,1,0
Spain,Female,36.0,134204.67,2,0
Spain,Male,30.0,91568.94,2,0
Spain,Female,52.0,174790.15,1,1
Spain,Female,27.0,0.0,2,0
Spain,Male,41.0,0.0,2,0
Spain,Female,27.0,0.0,2,0
Spain,Male,52.0,0.0,3,1
Spain,Female,28.0,125241.14,1,0
Spain,Male,46.0,0.0,2,0
Spain,Male,40.0,133970.22,1,0
Spain,Female,36.0,143966.4,1,0
Spain,Female,29.0,0.0,1,0
Spain,Female,29.0,0.0,1,0
Spain,Female,30.0,0.0,1,0
Spain,Male,32.0,0.0,2,0
Spain,Male,71.0,0.0,2,0
Spain,Male,33.0,85891.55,1,0
Spain,Male,35.0,0.0,1,1
Spain,Male,29.0,0.0,2,0
Spain,Male,30.0,0.0,2,0
Spain,Female,43.0,0.0,1,0
Spain,Female,36.0,0.0,2,0
Spain,Male,34.0,165272.13,1,0
Spain,Male,36.0,109528.56,1,0
Spain,Female,42.0,0.0,1,1
Spain,Female,36.0,0.0,2,0
Spain,Female,43.0,161533.0,2,0
Spain,Female,46.0,0.0,1,1
Spain,Male,47.0,0.0,1,1
Spain,Male,43.0,0.0,2,0
Spain,Female,35.0,0.0,1,1
Spain,Male,51.0,0.0,1,1
Spain,Male,41.0,0.0,2,0
Spain,Male,48.0,0.0,2,0
Spain,Male,38.0,0.0,2,0
Spain,Male,59.0,131289.63,1,0
Spain,Female,43.0,152264.81,1,0
Spain,Female,49.0,82596.8,1,1
Spain,Male,38.0,0.0,1,0
Spain,Male,34.0,96763.12,1,0
Spain,Male,41.0,69974.66,2,0
Spain,Male,35.0,122038.34,1,0
Spain,Male,24.0,0.0,2,0
Spain,Female,36.0,132626.52,2,0
Spain,Female,31.0,0.0,2,0
Spain,Female,28.0,0.0,1,0
Spain,Male,46.0,131593.87,1,1
Spain,Male,37.0,0.0,2,0
Spain,Female,43.0,0.0,2,0
Spain,Male,29.0,0.0,1,1
Spain,Male,45.0,0.0,2,0
Spain,Female,46.0,0.0,1,1
Spain,Male,28.0,84557.82,1,0
Spain,Female,18.0,0.0,1,0
Spain,Male,40.0,86634.94,2,1
Spain,Male,33.0,0.0,2,0
Spain,Male,29.0,102773.15,1,0
Spain,Female,30.0,0.0,2,0
Spain,Female,32.0,0.0,2,0
Spain,Female,33.0,0.0,1,1
Spain,Female,58.0,0.0,1,1
Spain,Male,28.0,0.0,2,0
Spain,Female,40.0,0.0,2,0
Spain,Male,25.0,132389.67,2,0
Spain,Female,62.0,99883.16,1,0
Spain,Male,26.0,0.0,1,0
Spain,Female,38.0,0.0,2,0
Spain,Female,48.0,0.0,2,1
Spain,Male,33.0,0.0,1,0
Spain,Male,31.0,144953.31,1,0
Spain,Male,42.0,0.0,1,0
Spain,Male,67.0,125919.35,1,0
Spain,Female,41.0,0.0,2,0
Spain,Male,34.0,0.0,2,0
Spain,Female,53.0,0.0,2,0
Spain,Male,56.0,136683.24,1,0
Spain,Female,29.0,0.0,2,0
Spain,Female,51.0,91286.51,1,1
Spain,Female,39.0,135483.17,1,1
Spain,Male,34.0,0.0,2,0
Spain,Male,66.0,0.0,2,0
Spain,Female,25.0,0.0,2,0
Spain,Male,36.0,0.0,2,0
Spain,Male,30.0,124281.84,1,0
Spain,Male,26.0,122550.51,1,0
Spain,Female,36.0,135870.01,1,1
Spain,Male,27.0,0.0,2,0
Spain,Male,41.0,137409.19,1,1
Spain,Male,31.0,93736.35,1,0
Spain,Female,41.0,0.0,2,0
Spain,Male,19.0,130274.26,1,1
Spain,Male,44.0,114609.55,1,1
Spain,Female,48.0,0.0,1,1
Spain,Male,31.0,0.0,2,0
Spain,Male,29.0,0.0,1,0
Spain,Male,34.0,0.0,2,0
Spain,Female,34.0,0.0,2,0
Spain,Male,36.0,127774.25,2,0
Spain,Male,38.0,0.0,2,0
Spain,Female,47.0,0.0,1,1
Spain,Male,36.0,0.0,2,0
Spain,Female,37.0,0.0,1,1
Spain,Female,33.0,0.0,2,0
Spain,Female,49.0,0.0,1,1
Spain,Male,38.0,0.0,1,0
Spain,Male,40.0,0.0,2,0
Spain,Male,40.0,88396.6,1,0
Spain,Male,35.0,0.0,1,0
Spain,Female,35.0,0.0,1,0
Spain,Male,38.0,0.0,1,0
Spain,Male,49.0,0.0,2,0
Spain,Female,44.0,0.0,2,0
Spain,Male,43.0,115643.58,1,0
Spain,Male,31.0,151675.65,1,0
Spain,Male,34.0,0.0,1,0
Spain,Male,38.0,126473.99,1,0
Spain,Male,29.0,0.0,2,0
Spain,Female,24.0,135962.4,1,0
Spain,Male,36.0,0.0,2,0
Spain,Male,37.0,0.0,2,0
Spain,Male,30.0,0.0,2,0
Spain,Male,40.0,92347.72,1,0
Spain,Male,29.0,0.0,2,0
Spain,Male,29.0,0.0,2,0
Spain,Male,38.0,162657.55,2,0
Spain,Female,36.0,166909.2,1,0
Spain,Male,24.0,0.0,2,0
Spain,Male,31.0,0.0,2,0
Spain,Female,37.0,0.0,1,0
Spain,Female,47.0,0.0,1,1
Spain,Male,37.0,0.0,2,0
Spain,Male,39.0,0.0,2,0
Spain,Female,31.0,93816.7,1,1
Spain,Male,28.0,145510.74,1,1
Spain,Male,39.0,0.0,2,0
Spain,Female,37.0,0.0,1,0
Spain,Female,35.0,0.0,1,1
Spain,Female,25.0,0.0,2,0
Spain,Female,35.0,0.0,2,0
Spain,Female,41.0,0.0,1,0
Spain,Female,31.0,0.0,2,0
Spain,Male,31.0,0.0,2,0
Spain,Male,33.0,0.0,2,0
Spain,Female,43.0,134936.08,1,1
Spain,Male,22.0,0.0,2,0
Spain,Male,38.0,0.0,1,0
Spain,Female,22.0,136674.42,1,0
Spain,Male,40.0,0.0,1,1
Spain,Male,39.0,0.0,2,0
Spain,Male,37.0,0.0,2,0
Spain,Female,50.0,0.0,2,1
Spain,Female,28.0,0.0,1,0
Spain,Female,38.0,0.0,2,0
Spain,Male,31.0,0.0,2,0
Spain,Male,29.0,0.0,2,0
Spain,Male,31.0,0.0,1,0
Spain,Female,35.0,0.0,2,0
Spain,Male,35.0,0.0,1,0
Spain,Female,36.0,0.0,1,1
Spain,Female,39.0,0.0,2,0
Spain,Male,33.0,0.0,2,0
Spain,Male,66.0,143452.74,1,1
Spain,Female,41.0,185932.18,1,1
Spain,Male,37.0,0.0,2,0
Spain,Male,36.0,54428.37,1,0
Spain,Male,40.0,0.0,2,0
Spain,Male,29.0,0.0,2,0
Spain,Female,31.0,0.0,1,0
Spain,Female,45.0,0.0,2,0
Spain,Male,39.0,44301.43,1,1
Spain,Female,41.0,0.0,1,1
Spain,Female,36.0,0.0,2,0
Spain,Male,45.0,105229.53,1,0
Spain,Male,30.0,113882.76,1,0
Spain,Female,39.0,0.0,1,0
Spain,Female,50.0,160133.08,1,0
Spain,Male,30.0,148667.81,1,0
Spain,Female,43.0,0.0,2,0
Spain,Male,30.0,0.0,2,0
Spain,Female,47.0,0.0,2,0
Spain,Male,31.0,0.0,2,0
Spain,Male,62.0,0.0,1,1
Spain,Female,34.0,0.0,2,0
Spain,Female,33.0,0.0,2,1
Spain,Male,52.0,136910.06,1,1
Spain,Male,44.0,83325.77,1,1
Spain,Female,31.0,0.0,1,0
Spain,Male,43.0,112494.99,1,0
Spain,Female,37.0,0.0,1,0
Spain,Female,42.0,0.0,2,0
Spain,Female,39.0,0.0,1,1
Spain,Female,29.0,0.0,2,0
Spain,Male,32.0,0.0,1,0
Spain,Male,22.0,114512.59,1,0
Spain,Female,38.0,139859.54,1,1
Spain,Male,41.0,0.0,2,0
Spain,Male,34.0,0.0,1,0
Spain,Female,72.0,137933.39,1,0
Spain,Male,38.0,0.0,1,0
Spain,Female,40.0,0.0,2,0
Spain,Female,45.0,0.0,2,1
Spain,Male,24.0,171922.72,2,0
Spain,Female,47.0,0.0,2,1
Spain,Male,59.0,0.0,2,1
Spain,Female,47.0,99010.67,1,1
Spain,Male,32.0,0.0,2,0
Spain,Male,33.0,121898.54,1,0
Spain,Male,34.0,0.0,1,0
Spain,Female,30.0,0.0,2,0
Spain,Male,38.0,0.0,2,0
Spain,Male,44.0,0.0,2,0
Spain,Male,51.0,0.0,1,1
Spain,Female,21.0,0.0,1,1
Spain,Male,29.0,0.0,1,0
Spain,Male,40.0,0.0,2,0
Spain,Male,42.0,0.0,2,0
Spain,Female,30.0,85325.15,1,0
Spain,Male,36.0,0.0,2,0
Spain,Male,44.0,75075.14,1,0
Spain,Male,27.0,98382.56,1,0
Spain,Female,41.0,119963.57,1,0
Spain,Female,44.0,66220.17,1,0
Spain,Male,43.0,97403.18,1,1
Spain,Female,29.0,0.0,2,0
Spain,Male,35.0,0.0,2,0
Spain,Male,26.0,0.0,1,0
Spain,Male,39.0,0.0,2,0
Spain,Female,39.0,148790.32,1,0
Spain,Female,43.0,128917.84,1,0
Spain,Female,29.0,0.0,2,0
Spain,Female,26.0,62610.96,1,0
Spain,Male,40.0,0.0,2,0
Spain,Male,25.0,0.0,2,0
Spain,Male,36.0,0.0,1,0
Spain,Male,36.0,92476.22,2,0
Spain,Male,39.0,0.0,2,0
Spain,Male,34.0,0.0,2,0
Spain,Female,43.0,0.0,2,0
Spain,Female,34.0,69311.16,1,0
Spain,Male,39.0,0.0,2,0
Spain,Male,35.0,0.0,2,0
Spain,Male,69.0,0.0,2,0
Spain,Male,34.0,0.0,2,0
Spain,Female,60.0,0.0,1,1
Spain,Male,40.0,0.0,2,0
Spain,Female,47.0,155766.05,1,1
Spain,Female,32.0,76087.98,1,0
Spain,Male,32.0,0.0,2,0
Spain,Female,22.0,169649.73,2,0
Spain,Female,42.0,0.0,1,0
Spain,Female,46.0,0.0,2,0
Spain,Male,40.0,0.0,1,0
Spain,Female,53.0,0.0,1,1
Spain,Male,42.0,0.0,2,0
Spain,Female,42.0,0.0,1,1
Spain,Male,39.0,0.0,2,0
Spain,Female,35.0,113034.72,1,0
Spain,Female,40.0,0.0,2,0
Spain,Male,46.0,0.0,1,1
Spain,Female,47.0,0.0,1,0
Spain,Male,38.0,119096.55,1,0
Spain,Male,41.0,0.0,2,0
Spain,Male,28.0,0.0,2,0
Spain,Female,47.0,0.0,1,1
Spain,Male,46.0,0.0,1,1
Spain,Female,35.0,0.0,2,0
Spain,Male,40.0,155828.22,1,0
Spain,Female,40.0,0.0,2,0
Spain,Male,37.0,0.0,2,0
Spain,Male,38.0,0.0,2,0
Spain,Male,31.0,0.0,2,0
Spain,Male,29.0,0.0,2,0
Spain,Male,36.0,0.0,2,0
Spain,Male,47.0,132932.16,1,1
Spain,Female,33.0,0.0,2,0
Spain,Female,37.0,0.0,2,0
Spain,Female,35.0,0.0,1,0
Spain,Female,57.0,0.0,2,0
Spain,Female,27.0,107812.67,1,0
Spain,Male,33.0,124348.38,2,0
Spain,Male,31.0,0.0,2,0
Spain,Male,38.0,0.0,2,0
Spain,Female,38.0,102723.35,2,0
Spain,Male,32.0,0.0,2,0
Spain,Female,43.0,149332.48,2,0
Spain,Female,43.0,0.0,1,1
Spain,Male,39.0,0.0,2,0
Spain,Female,47.0,128486.11,2,0
Spain,Male,34.0,0.0,2,0
Spain,Male,42.0,0.0,2,0
Spain,Male,39.0,0.0,1,0
Spain,Male,44.0,0.0,2,1
Spain,Female,35.0,0.0,2,0
Spain,Female,38.0,0.0,1,0
Spain,Male,46.0,0.0,1,1
Spain,Male,26.0,0.0,2,0
Spain,Male,21.0,0.0,2,0
Spain,Male,37.0,83568.26,1,0
Spain,Male,39.0,141918.09,1,0
Spain,Male,38.0,115462.03,1,0
Spain,Male,34.0,113672.18,1,0
Spain,Female,58.0,0.0,1,1
Spain,Male,36.0,0.0,2,0
Spain,Male,39.0,0.0,2,0
Spain,Female,38.0,0.0,2,0
Spain,Female,44.0,0.0,2,0
Spain,Female,25.0,0.0,2,0
Spain,Male,58.0,98308.51,2,1
Spain,Female,47.0,0.0,1,1
Spain,Female,43.0,170172.9,1,0
Spain,Male,30.0,0.0,1,0
Spain,Male,44.0,132406.56,1,0
Spain,Male,46.0,0.0,2,0
Spain,Male,40.0,0.0,1,1
Spain,Female,60.0,101868.51,1,1
Spain,Female,42.0,99836.47,2,0
Spain,Male,35.0,0.0,2,0
Spain,Female,35.0,0.0,2,0
Spain,Male,39.0,0.0,2,0
Spain,Female,46.0,131078.42,1,0
Spain,Male,37.0,115290.87,1,0
Spain,Male,35.0,0.0,1,0
Spain,Male,50.0,0.0,1,1
Spain,Female,28.0,0.0,2,0
Spain,Female,40.0,0.0,3,1
Spain,Female,33.0,0.0,3,1
Spain,Male,36.0,0.0,2,0
Spain,Male,42.0,99580.13,1,1
Spain,Female,27.0,114440.24,1,0
Spain,Female,40.0,200322.45,1,0
Spain,Female,41.0,0.0,2,0
Spain,Male,37.0,133537.96,1,0
Spain,Male,38.0,0.0,2,1
Spain,Male,32.0,120135.55,1,0
Spain,Female,40.0,119278.44,2,0
Spain,Male,33.0,0.0,2,0
Spain,Female,46.0,0.0,1,0
Spain,Male,28.0,0.0,2,0
Spain,Male,28.0,0.0,2,0
Spain,Female,44.0,0.0,2,0
Spain,Female,32.0,0.0,2,0
Spain,Male,40.0,0.0,2,0
Spain,Female,31.0,0.0,1,1
Spain,Male,25.0,0.0,1,0
Spain,Male,31.0,0.0,2,0
Spain,Male,39.0,0.0,2,0
Spain,Male,31.0,0.0,2,0
Spain,Male,28.0,0.0,2,0
Spain,Female,42.0,0.0,2,0
Spain,Male,46.0,62482.95,1,0
Spain,Male,36.0,142587.61,1,0
Spain,Male,30.0,0.0,2,0
Spain,Male,29.0,0.0,2,0
Spain,Male,36.0,0.0,1,0
Spain,Male,41.0,0.0,4,1
Spain,Male,48.0,0.0,2,0
Spain,Female,28.0,141581.96,1,1
Spain,Female,45.0,0.0,2,0
Spain,Male,29.0,131802.08,1,0
Spain,Male,52.0,0.0,1,1
Spain,Male,33.0,158786.67,1,0
Spain,Female,31.0,121250.04,2,0
Spain,Male,34.0,0.0,2,0
Spain,Male,29.0,0.0,1,0
Spain,Female,54.0,0.0,2,1
Spain,Male,31.0,0.0,2,0
Spain,Male,67.0,0.0,2,0
Spain,Female,38.0,0.0,2,0
Spain,Female,38.0,0.0,2,0
Spain,Female,66.0,117494.64,1,0
Spain,Male,36.0,106702.67,2,0
Spain,Female,62.0,106545.53,1,1
Spain,Female,36.0,0.0,2,0
Spain,Male,35.0,0.0,1,0
Spain,Male,42.0,0.0,1,0
Spain,Female,30.0,0.0,2,0
Spain,Female,42.0,0.0,1,0
Spain,Female,31.0,0.0,2,0
Spain,Male,37.0,0.0,2,0
Spain,Female,29.0,0.0,2,0
Spain,Male,33.0,0.0,1,0
Spain,Male,28.0,120654.68,1,0
Spain,Male,29.0,0.0,2,0
Spain,Male,24.0,166824.59,1,0
Spain,Female,33.0,0.0,2,0
Spain,Male,38.0,0.0,2,0
Spain,Male,35.0,0.0,2,0
Spain,Male,32.0,0.0,2,0
Spain,Male,34.0,0.0,1,0
Spain,Male,37.0,0.0,2,0
Spain,Female,54.0,0.0,1,1
Spain,Female,45.0,221532.8,1,1
Spain,Male,41.0,0.0,2,0
Spain,Male,42.0,0.0,3,1
Spain,Male,45.0,0.0,2,1
Spain,Male,24.0,127631.55,1,0
Spain,Male,36.0,146133.39,2,0
Spain,Male,33.0,0.0,2,0
Spain,Male,46.0,0.0,2,0
Spain,Male,49.0,0.0,1,0
Spain,Female,29.0,0.0,2,0
Spain,Male,25.0,113312.8,2,0
Spain,Female,49.0,0.0,2,0
Spain,Female,41.0,0.0,2,0
Spain,Female,35.0,102282.61,1,0
Spain,Male,38.0,139914.5,1,0
Spain,Male,35.0,122486.47,1,0
Spain,Male,36.0,118851.05,2,0
Spain,Female,36.0,0.0,2,0
Spain,Male,40.0,137115.16,1,0
Spain,Female,26.0,0.0,2,0
Spain,Male,34.0,0.0,2,0
Spain,Female,26.0,0.0,3,0
Spain,Male,34.0,0.0,2,0
Spain,Female,34.0,149900.77,1,0
Spain,Female,35.0,116586.54,1,0
Spain,Male,33.0,0.0,2,0
Spain,Female,49.0,0.0,1,1
Spain,Male,25.0,0.0,2,0
Spain,Male,35.0,0.0,2,0
Spain,Female,28.0,146098.43,2,0
Spain,Female,40.0,158024.69,1,0
Spain,Male,38.0,0.0,1,0
Spain,Female,40.0,0.0,2,0
Spain,Male,39.0,0.0,2,0
Spain,Female,52.0,141434.04,1,1
Spain,Male,31.0,100564.37,1,0
Spain,Female,42.0,170288.38,3,1
Spain,Female,38.0,120780.39,1,0
Spain,Female,42.0,98833.0,1,0
Spain,Female,56.0,128472.8,1,0
Spain,Male,44.0,0.0,1,1
Spain,Female,41.0,0.0,2,0
Spain,Female,38.0,156868.43,1,0
Spain,Male,35.0,0.0,1,0
Spain,Female,49.0,0.0,1,1
Spain,Male,30.0,0.0,1,0
Spain,Male,39.0,0.0,2,0
Spain,Female,36.0,120923.52,2,0
Spain,Male,46.0,0.0,1,1
Spain,Female,34.0,0.0,2,0
Spain,Male,31.0,114330.08,3,1
Spain,Female,35.0,0.0,2,0
Spain,Male,36.0,0.0,1,0
Spain,Male,36.0,0.0,1,0
Spain,Female,29.0,131345.76,1,0
Spain,Male,37.0,0.0,2,0
Spain,Female,46.0,0.0,1,1
Spain,Male,40.0,0.0,1,0
Spain,Male,39.0,64119.38,2,0
Spain,Male,29.0,0.0,1,1
Spain,Female,49.0,0.0,2,0
Spain,Male,53.0,144453.75,1,0
Spain,Male,38.0,0.0,2,0
Spain,Male,44.0,107747.74,1,0
Spain,Female,38.0,132674.56,1,0
Spain,Male,31.0,97266.1,1,0
Spain,Male,46.0,0.0,2,0
Spain,Male,39.0,0.0,2,0
Spain,Female,29.0,0.0,2,0
Spain,Male,37.0,0.0,1,0
Spain,Male,23.0,0.0,2,0
Spain,Female,43.0,116576.45,1,0
Spain,Female,36.0,100768.77,1,0
Spain,Male,34.0,0.0,2,0
Spain,Male,40.0,0.0,2,0
Spain,Female,30.0,0.0,1,0
Spain,Male,36.0,0.0,2,0
Spain,Male,33.0,0.0,1,1
Spain,Male,27.0,125427.37,2,1
Spain,Male,38.0,177657.35,2,0
Spain,Male,24.0,0.0,2,0
Spain,Female,37.0,88308.87,1,0
Spain,Female,66.0,0.0,2,0
Spain,Female,23.0,0.0,2,0
Spain,Female,63.0,0.0,1,0
Spain,Male,41.0,0.0,2,0
Spain,Male,36.0,0.0,2,0
Spain,Male,30.0,0.0,2,0
Spain,Male,28.0,130420.2,1,0
Spain,Female,36.0,0.0,2,0
Spain,Female,40.0,102025.68,1,0
Spain,Female,39.0,0.0,2,0
Spain,Female,31.0,0.0,1,0
Spain,Female,30.0,0.0,1,0
Spain,Female,36.0,0.0,2,0
Spain,Female,24.0,154902.63,1,0
Spain,Male,34.0,0.0,2,0
Spain,Male,44.0,0.0,1,1
Spain,Female,20.0,0.0,2,0
Spain,Male,37.0,0.0,2,0
Spain,Female,25.0,0.0,2,0
Spain,Female,44.0,0.0,2,0
Spain,Female,26.0,0.0,1,1
Spain,Male,56.0,157559.59,2,0
Spain,Male,34.0,0.0,2,0
Spain,Female,64.0,0.0,2,0
Spain,Male,33.0,0.0,2,0
Spain,Male,44.0,0.0,2,1
Spain,Male,37.0,168078.83,1,0
Spain,Female,68.0,88308.77,1,1
Spain,Female,60.0,0.0,2,0
Spain,Male,37.0,0.0,1,0
Spain,Male,47.0,93833.86,2,1
Spain,Female,34.0,0.0,2,0
Spain,Female,40.0,0.0,2,0
Spain,Male,33.0,0.0,2,0
Spain,Female,39.0,0.0,2,0
Spain,Male,35.0,0.0,2,0
Spain,Female,23.0,0.0,1,0
Spain,Female,32.0,0.0,2,0
Spain,Male,31.0,0.0,2,0
Spain,Male,21.0,127706.33,1,0
Spain,Male,29.0,0.0,2,0
Spain,Male,26.0,0.0,2,0
Spain,Female,38.0,0.0,2,0
Spain,Female,59.0,0.0,2,0
Spain,Male,36.0,158261.68,1,0
Spain,Male,37.0,178827.3,1,0
Spain,Female,37.0,0.0,2,0
Spain,Male,33.0,75361.44,2,0
Spain,Male,39.0,145553.07,2,0
Spain,Male,37.0,0.0,1,0
Spain,Male,33.0,89158.94,2,0
Spain,Male,22.0,0.0,2,0
Spain,Female,43.0,120867.18,1,0
Spain,Male,39.0,0.0,1,0
Spain,Female,24.0,97378.54,2,0
Spain,Female,46.0,0.0,2,0
Spain,Male,38.0,142703.4,1,0
Spain,Male,34.0,0.0,2,0
Spain,Female,25.0,75212.28,1,0
Spain,Female,42.0,0.0,1,1
Spain,Female,54.0,0.0,1,1
Spain,Female,35.0,0.0,2,0
Spain,Male,37.0,0.0,2,0
Spain,Male,35.0,109346.13,2,0
Spain,Male,29.0,137145.12,1,0
Spain,Female,22.0,101060.25,2,0
Spain,Male,40.0,0.0,1,0
Spain,Female,38.0,0.0,2,0
Spain,Male,36.0,0.0,2,0
Spain,Female,39.0,0.0,2,0
Spain,Male,35.0,121541.51,3,0
Spain,Male,31.0,0.0,2,0
Spain,Male,61.0,0.0,2,0
Spain,Female,31.0,0.0,1,1
Spain,Female,48.0,0.0,1,1
Spain,Male,33.0,129847.75,1,0
Spain,Female,29.0,114590.57,1,0
Spain,Male,40.0,0.0,2,0
Spain,Male,45.0,139825.56,1,0
Spain,Female,44.0,0.0,2,0
Spain,Male,40.0,95452.89,1,0
Spain,Male,43.0,0.0,2,0
Spain,Female,27.0,0.0,1,0
Spain,Male,41.0,0.0,1,0
Spain,Male,38.0,114442.58,1,0
Spain,Female,43.0,0.0,2,0
Spain,Male,34.0,0.0,1,0
Spain,Female,28.0,118546.36,1,0
Spain,Male,45.0,115465.28,2,1
Spain,Male,62.0,132741.13,2,1
Spain,Female,31.0,0.0,2,0
Spain,Female,31.0,115409.99,1,0
Spain,Male,41.0,0.0,2,0
Spain,Male,29.0,0.0,1,0
Spain,Female,37.0,135096.05,1,0
Spain,Female,43.0,133381.47,1,0
Spain,Male,36.0,0.0,1,1
Spain,Male,36.0,0.0,2,0
Spain,Female,43.0,0.0,2,0
Spain,Female,31.0,116084.32,1,0
Spain,Female,32.0,0.0,2,0
Spain,Female,49.0,121235.05,2,0
Spain,Male,42.0,0.0,2,0
Spain,Female,38.0,0.0,2,0
Spain,Male,34.0,0.0,2,0
Spain,Female,38.0,142400.77,1,0
Spain,Male,28.0,0.0,2,0
Spain,Male,32.0,0.0,2,0
Spain,Male,35.0,0.0,2,0
Spain,Female,30.0,0.0,2,0
Spain,Female,30.0,176173.52,1,0
Spain,Female,35.0,0.0,1,0
Spain,Male,39.0,0.0,2,0
Spain,Male,30.0,0.0,2,0
Spain,Female,28.0,0.0,2,0
Spain,Male,31.0,0.0,2,0
Spain,Female,32.0,0.0,2,0
Spain,Male,31.0,0.0,2,0
Spain,Female,41.0,111347.55,2,0
Spain,Female,46.0,0.0,3,0
Spain,Male,38.0,0.0,2,0
Spain,Male,39.0,127283.78,1,0
Spain,Male,33.0,0.0,2,0
Spain,Male,51.0,0.0,2,1
Spain,Female,42.0,0.0,2,0
Spain,Male,27.0,131762.71,1,0
Spain,Male,31.0,67178.19,1,0
Spain,Male,33.0,0.0,2,0
Spain,Female,33.0,0.0,2,0
Spain,Male,47.0,139196.0,1,0
Spain,Female,31.0,0.0,2,0
Spain,Male,34.0,0.0,2,0
Spain,Male,45.0,0.0,1,1
Spain,Female,55.0,0.0,1,1
Spain,Male,26.0,118560.0,1,0
Spain,Female,42.0,0.0,1,0
Spain,Male,29.0,0.0,2,0
Spain,Male,29.0,0.0,2,0
Spain,Female,32.0,0.0,1,0
Spain,Male,48.0,0.0,1,0
Spain,Female,34.0,0.0,2,0
Spain,Male,45.0,0.0,2,1
Spain,Male,25.0,0.0,2,0
Spain,Male,26.0,0.0,2,0
Spain,Female,36.0,127660.46,1,0
Spain,Female,49.0,146566.01,1,1
Spain,Female,37.0,0.0,2,0
Spain,Male,42.0,139070.51,1,0
Spain,Male,64.0,0.0,2,0
Spain,Female,36.0,0.0,2,0
Spain,Male,64.0,0.0,2,0
Spain,Male,33.0,0.0,2,0
Spain,Female,29.0,141786.78,1,0
Spain,Male,45.0,161546.68,2,0
Spain,Male,58.0,187530.06,1,0
Spain,Male,31.0,118413.79,1,0
Spain,Male,36.0,0.0,2,0
Spain,Female,32.0,0.0,2,1
Spain,Female,30.0,121313.88,1,0
Spain,Male,26.0,178827.64,1,0
Spain,Male,34.0,0.0,1,0
Spain,Male,36.0,0.0,2,0
Spain,Female,32.0,0.0,2,0
Spain,Male,30.0,141789.15,1,0
Spain,Male,38.0,131283.15,1,0
Spain,Male,52.0,144895.04,1,0
Spain,Female,27.0,168920.75,2,0
Spain,Male,42.0,0.0,2,0
Spain,Male,53.0,0.0,1,0
Spain,Female,44.0,105206.7,2,1
Spain,Male,21.0,0.0,2,0
Spain,Male,50.0,0.0,2,1
Spain,Female,32.0,122773.5,1,1
Spain,Male,35.0,104349.45,2,0
Spain,Male,40.0,0.0,2,0
Spain,Male,35.0,0.0,2,0
Spain,Male,28.0,0.0,2,0
Spain,Male,37.0,115137.26,1,0
Spain,Male,49.0,0.0,1,0
Spain,Female,40.0,0.0,1,0
Spain,Male,26.0,0.0,2,0
Spain,Female,38.0,0.0,1,0
Spain,Male,37.0,136298.65,1,0
Spain,Male,59.0,118214.32,1,0
Spain,Male,34.0,0.0,1,0
Spain,Female,39.0,0.0,2,0
Spain,Male,41.0,166031.74,1,0
Spain,Male,26.0,0.0,2,0
Spain,Female,36.0,0.0,2,0
Spain,Female,28.0,0.0,2,0
Spain,Male,31.0,102017.25,1,0
Spain,Male,31.0,0.0,1,0
Spain,Male,24.0,83870.33,1,0
Spain,Male,45.0,0.0,2,0
Spain,Female,44.0,0.0,2,0
Spain,Male,34.0,0.0,2,0
Spain,Female,42.0,0.0,1,1
Spain,Male,27.0,0.0,2,0
Spain,Female,43.0,0.0,2,0
Spain,Male,34.0,125211.55,1,0
Spain,Female,32.0,0.0,2,0
Spain,Male,33.0,0.0,2,0
Spain,Male,46.0,0.0,2,0
Spain,Female,34.0,0.0,1,0
Spain,Male,37.0,0.0,2,0
Spain,Female,40.0,200322.45,1,0
Spain,Female,38.0,131355.52,1,0
Spain,Female,54.0,0.0,1,1
Spain,Male,30.0,0.0,1,0
Spain,Male,41.0,96654.66,1,0
Spain,Female,48.0,125724.95,1,1
Spain,Male,48.0,84327.77,1,0
Spain,Female,34.0,164557.95,1,0
Spain,Male,37.0,0.0,1,1
Spain,Male,39.0,0.0,1,0
Spain,Male,32.0,0.0,2,0
Spain,Male,38.0,0.0,2,0
Spain,Female,35.0,0.0,2,0
Spain,Male,39.0,0.0,2,0
Spain,Female,23.0,122739.1,2,0
Spain,Male,43.0,120905.03,1,0
Spain,Female,30.0,0.0,1,0
Spain,Male,58.0,0.0,2,0
Spain,Male,45.0,43134.65,1,0
Spain,Male,41.0,89182.09,1,1
Spain,Female,55.0,0.0,3,0
Spain,Male,21.0,0.0,2,0
Spain,Male,34.0,0.0,2,0
Spain,Female,45.0,122311.21,1,0
Spain,Male,31.0,0.0,2,0
Spain,Female,37.0,0.0,2,0
Spain,Female,32.0,108306.44,1,0
Spain,Male,28.0,0.0,2,0
Spain,Male,37.0,0.0,1,1
Spain,Male,30.0,123070.63,1,0
Spain,Female,40.0,0.0,2,0
Spain,Female,48.0,0.0,2,0
Spain,Female,34.0,94684.27,1,0
Spain,Male,20.0,0.0,2,0
Spain,Female,33.0,0.0,2,0
Spain,Female,40.0,156074.04,1,0
Spain,Female,44.0,0.0,1,0
Spain,Female,47.0,0.0,1,1
Spain,Male,35.0,0.0,1,0
Spain,Female,28.0,0.0,2,0
Spain,Male,33.0,156824.28,1,0
Spain,Female,40.0,0.0,1,1
Spain,Female,34.0,0.0,2,0
Spain,Female,29.0,0.0,1,0
Spain,Male,62.0,141078.57,1,0
Spain,Female,31.0,122570.87,1,0
Spain,Male,38.0,0.0,2,0
Spain,Male,37.0,0.0,2,0
Spain,Male,36.0,83693.34,2,0
Spain,Female,41.0,0.0,1,1
Spain,Male,32.0,0.0,2,0
Spain,Female,34.0,145510.5,1,0
Spain,Male,30.0,137204.77,1,0
Spain,Male,34.0,0.0,2,0
Spain,Male,30.0,0.0,2,0
Spain,Male,30.0,132316.56,2,0
Spain,Female,30.0,0.0,2,0
Spain,Male,35.0,0.0,2,0
Spain,Male,29.0,95556.31,3,1
Spain,Female,46.0,0.0,1,0
Spain,Male,36.0,0.0,2,0
Spain,Male,39.0,105473.74,1,1
Spain,Female,33.0,72788.03,1,0
Spain,Female,51.0,0.0,1,1
Spain,Male,33.0,81553.99,1,0
Spain,Male,41.0,121093.29,1,0
Spain,Female,33.0,0.0,1,0
Spain,Male,38.0,0.0,1,0
Spain,Male,34.0,0.0,2,0
Spain,Female,34.0,0.0,1,1
Spain,Male,60.0,104944.1,1,0
Spain,Female,41.0,0.0,2,0
Spain,Female,43.0,0.0,2,0
Spain,Male,54.0,0.0,1,1
Spain,Male,47.0,174506.1,2,0
Spain,Male,31.0,0.0,2,0
Spain,Female,44.0,0.0,2,0
Spain,Female,35.0,62482.95,2,0
Spain,Female,46.0,0.0,3,1
Spain,Male,21.0,0.0,2,0
Spain,Female,47.0,0.0,1,0
Spain,Female,40.0,137222.68,1,1
Spain,Male,46.0,134950.19,2,0
Spain,Female,34.0,0.0,1,1
Spain,Male,30.0,0.0,2,0
Spain,Male,35.0,0.0,2,0
Spain,Male,40.0,0.0,2,0
Spain,Female,66.0,130922.81,1,1
Spain,Male,30.0,0.0,2,0
Spain,Male,61.0,0.0,2,0
Spain,Male,35.0,0.0,2,0
Spain,Female,28.0,0.0,1,0
Spain,Male,42.0,0.0,1,0
Spain,Male,38.0,144895.05,1,0
Spain,Female,34.0,118307.57,2,0
Spain,Female,41.0,0.0,1,1
Spain,Male,32.0,0.0,2,0
Spain,Female,60.0,123642.36,1,0
Spain,Female,35.0,0.0,1,0
Spain,Male,35.0,89039.9,2,0
Spain,Female,72.0,0.0,1,0
Spain,Female,36.0,0.0,2,1
Spain,Female,29.0,0.0,2,0
Spain,Female,36.0,0.0,2,0
Spain,Male,70.0,0.0,1,0
Spain,Male,44.0,0.0,1,0
Spain,Male,81.0,0.0,2,0
Spain,Female,27.0,0.0,2,0
Spain,Male,36.0,115046.26,1,0
Spain,Female,32.0,0.0,2,0
Spain,Male,51.0,135506.58,2,0
Spain,Female,38.0,0.0,2,0
Spain,Male,29.0,146329.73,1,1
Spain,Male,37.0,0.0,1,0
Spain,Male,30.0,109528.28,1,0
Spain,Male,29.0,0.0,2,0
Spain,Female,32.0,0.0,2,0
Spain,Male,41.0,0.0,1,1
Spain,Male,43.0,0.0,2,0
Spain,Male,28.0,0.0,2,0
Spain,Male,34.0,0.0,2,0
Spain,Female,26.0,0.0,1,0
Spain,Female,37.0,0.0,2,0
Spain,Male,39.0,0.0,2,0
Spain,Male,33.0,0.0,2,0
Spain,Female,62.0,0.0,1,0
Spain,Male,44.0,0.0,3,1
Spain,Male,26.0,99828.45,1,0
Spain,Male,39.0,0.0,2,0
Spain,Female,31.0,101641.91,2,0
Spain,Male,39.0,127997.83,1,0
Spain,Male,41.0,0.0,1,1
Spain,Male,33.0,0.0,2,0
Spain,Male,37.0,0.0,2,0
Spain,Female,33.0,106506.77,2,0
Spain,Male,37.0,0.0,1,0
Spain,Female,40.0,86569.76,2,0
Spain,Female,42.0,0.0,2,0
Spain,Male,29.0,0.0,2,0
Spain,Male,34.0,0.0,2,0
Spain,Female,32.0,0.0,2,0
Spain,Male,39.0,0.0,2,0
Spain,Female,27.0,123863.64,1,0
Spain,Female,40.0,152759.3,1,0
Spain,Male,44.0,0.0,2,0
Spain,Male,40.0,0.0,1,1
Spain,Male,40.0,76318.64,1,0
Spain,Male,28.0,128929.88,1,0
Spain,Male,32.0,0.0,1,0
Spain,Female,39.0,0.0,2,0
Spain,Male,31.0,0.0,2,0
Spain,Female,46.0,0.0,1,0
Spain,Male,33.0,0.0,2,0
Spain,Male,39.0,113817.06,1,0
Spain,Female,35.0,0.0,2,0
Spain,Female,25.0,0.0,2,0
Spain,Female,40.0,0.0,2,1
Spain,Male,43.0,0.0,2,0
Spain,Male,28.0,0.0,2,0
Spain,Male,67.0,0.0,2,0
Spain,Male,41.0,0.0,2,0
Spain,Female,39.0,0.0,2,0
Spain,Male,33.0,0.0,1,0
Spain,Female,33.0,0.0,2,0
Spain,Male,35.0,0.0,2,0
Spain,Male,30.0,0.0,2,1
Spain,Male,51.0,0.0,2,0
Spain,Male,35.0,0.0,2,0
Spain,Male,23.0,0.0,1,1
Spain,Female,29.0,0.0,2,0
Spain,Male,37.0,0.0,2,0
Spain,Male,25.0,163501.5,1,1
Spain,Male,46.0,0.0,2,0
Spain,Male,71.0,0.0,2,0
Spain,Male,41.0,0.0,2,0
Spain,Male,44.0,0.0,2,0
Spain,Male,31.0,0.0,2,0
Spain,Male,36.0,0.0,2,0
Spain,Male,29.0,0.0,2,0
Spain,Male,28.0,133681.78,1,0
Spain,Male,37.0,0.0,2,0
Spain,Female,44.0,141078.37,1,0
Spain,Male,33.0,133970.23,1,0
Spain,Male,31.0,0.0,2,0
Spain,Female,44.0,64345.21,1,1
Spain,Male,46.0,0.0,2,0
Spain,Male,29.0,100433.8,2,0
Spain,Female,35.0,0.0,2,0
Spain,Male,31.0,0.0,2,0
Spain,Male,50.0,0.0,1,1
Spain,Female,46.0,0.0,2,0
Spain,Female,35.0,0.0,2,0
Spain,Male,35.0,0.0,2,0
Spain,Female,29.0,117412.35,2,0
Spain,Female,27.0,0.0,1,0
Spain,Female,48.0,0.0,1,1
Spain,Male,25.0,0.0,2,0
Spain,Female,37.0,0.0,2,0
Spain,Female,37.0,0.0,2,0
Spain,Male,36.0,0.0,2,0
Spain,Female,47.0,0.0,2,0
Spain,Female,36.0,136525.94,1,0
Spain,Male,46.0,0.0,2,0
Spain,Female,43.0,151233.62,1,1
Spain,Female,53.0,65407.16,2,1
Spain,Male,29.0,0.0,2,0
Spain,Female,40.0,0.0,2,0
Spain,Male,28.0,66392.64,1,1
Spain,Male,38.0,169902.91,1,0
Spain,Female,34.0,0.0,2,0
Spain,Female,36.0,102277.79,1,0
Spain,Female,30.0,83287.05,2,0
Spain,Female,36.0,0.0,1,1
Spain,Male,36.0,0.0,2,0
Spain,Male,49.0,0.0,1,1
Spain,Female,26.0,0.0,2,0
Spain,Male,42.0,0.0,2,0
Spain,Female,30.0,76916.4,2,0
Spain,Male,37.0,145382.61,1,0
Spain,Male,27.0,0.0,2,0
Spain,Male,45.0,0.0,2,0
Spain,Male,45.0,175575.95,1,0
Spain,Male,23.0,0.0,1,0
Spain,Male,39.0,111938.73,1,0
Spain,Male,35.0,140700.61,1,0
Spain,Female,26.0,142721.52,1,0
Spain,Female,29.0,0.0,2,0
Spain,Female,53.0,0.0,2,0
Spain,Female,45.0,0.0,2,0
Spain,Female,33.0,0.0,2,0
Spain,Female,28.0,0.0,2,0
Spain,Female,57.0,103909.86,1,0
Spain,Male,50.0,127772.1,1,0
Spain,Female,58.0,0.0,2,0
Spain,Female,38.0,0.0,1,0
Spain,Male,38.0,0.0,2,0
Spain,Male,40.0,117808.74,2,0
Spain,Female,62.0,0.0,2,0
Spain,Male,35.0,82929.83,1,0
Spain,Male,38.0,0.0,2,0
Spain,Female,23.0,0.0,2,0
Spain,Female,37.0,97585.32,1,0
Spain,Male,29.0,0.0,1,0
Spain,Male,29.0,0.0,1,0
Spain,Male,62.0,0.0,1,1
Spain,Female,59.0,79811.72,1,0
Spain,Male,34.0,0.0,1,1
Spain,Male,54.0,0.0,2,1
Spain,Female,23.0,144432.04,1,0
Spain,Male,30.0,0.0,2,0
Spain,Female,34.0,0.0,2,0
Spain,Male,43.0,65763.57,1,0
Spain,Male,38.0,120596.93,1,0
Spain,Male,34.0,0.0,1,0
Spain,Female,40.0,171740.69,1,0
Spain,Male,25.0,118569.93,1,0
Spain,Male,36.0,112291.34,1,0
Spain,Male,30.0,0.0,2,0
Spain,Female,40.0,0.0,1,1
Spain,Female,40.0,0.0,2,0
Spain,Male,33.0,0.0,2,0
Spain,Male,42.0,0.0,1,0
Spain,Male,43.0,0.0,1,0
Spain,Female,26.0,0.0,2,0
Spain,Male,46.0,134208.22,1,0
Spain,Male,58.0,102922.66,1,0
Spain,Male,33.0,68423.89,1,0
Spain,Female,21.0,0.0,2,0
Spain,Male,29.0,0.0,2,0
Spain,Male,33.0,94598.48,2,0
Spain,Female,48.0,0.0,1,1
Spain,Male,35.0,0.0,1,0
Spain,Male,33.0,0.0,2,0
Spain,Female,33.0,0.0,2,0
Spain,Female,29.0,75915.37,1,0
Spain,Male,32.0,0.0,1,0
Spain,Male,42.0,104783.82,1,0
Spain,Female,39.0,162082.31,1,0
Spain,Male,40.0,160878.14,1,0
Spain,Female,36.0,0.0,1,1
Spain,Female,38.0,0.0,2,0
Spain,Female,40.0,0.0,1,0
Spain,Male,26.0,0.0,2,0
Spain,Female,33.0,0.0,2,0
Spain,Male,33.0,0.0,2,0
Spain,Male,32.0,0.0,2,1
Spain,Male,66.0,0.0,2,0
Spain,Male,49.0,108742.57,3,1
Spain,Female,32.0,146070.37,2,0
Spain,Male,36.0,115725.24,2,0
Spain,Male,39.0,0.0,2,0
Spain,Female,21.0,0.0,2,0
Spain,Male,31.0,0.0,2,0
Spain,Male,29.0,0.0,1,0
Spain,Female,29.0,0.0,2,0
Spain,Male,31.0,0.0,2,0
Spain,Male,27.0,0.0,1,0
Spain,Female,39.0,0.0,2,0
Spain,Male,39.0,130142.79,1,1
Spain,Male,27.0,0.0,2,0
Spain,Female,30.0,0.0,2,0
Spain,Male,42.0,191665.21,1,1
Spain,Male,30.0,0.0,2,0
Spain,Male,33.0,132255.99,2,0
Spain,Male,36.0,0.0,2,0
Spain,Female,38.0,0.0,2,0
Spain,Male,42.0,136678.88,1,0
Spain,Female,36.0,0.0,2,0
Spain,Female,34.0,86039.52,2,0
Spain,Male,35.0,0.0,2,0
Spain,Male,44.0,0.0,1,0
Spain,Female,42.0,156371.61,1,0
Spain,Female,43.0,0.0,1,1
Spain,Male,42.0,0.0,1,1
Spain,Female,39.0,174853.46,1,1
Spain,Male,30.0,0.0,2,0
Spain,Male,33.0,140197.6,1,0
Spain,Female,30.0,131270.94,1,0
Spain,Female,41.0,0.0,1,0
Spain,Male,32.0,0.0,2,0
Spain,Male,38.0,0.0,2,0
Spain,Male,44.0,0.0,2,1
Spain,Female,32.0,0.0,2,0
Spain,Male,37.0,0.0,2,0
Spain,Female,36.0,89900.24,1,0
Spain,Male,42.0,139070.51,1,0
Spain,Male,33.0,0.0,2,0
Spain,Male,34.0,0.0,2,0
Spain,Male,44.0,96651.03,1,0
Spain,Male,29.0,153726.7,1,0
Spain,Male,35.0,0.0,2,0
Spain,Male,38.0,138597.54,1,0
Spain,Female,41.0,0.0,2,0
Spain,Female,33.0,117300.62,2,0
Spain,Female,32.0,135842.24,1,0
Spain,Female,47.0,0.0,2,0
Spain,Female,60.0,119799.27,2,0
Spain,Male,52.0,0.0,2,0
Spain,Male,45.0,0.0,1,0
Spain,Male,37.0,0.0,1,0
Spain,Female,43.0,0.0,2,0
Spain,Female,40.0,105770.14,2,1
Spain,Female,30.0,91091.06,1,0
Spain,Male,67.0,0.0,2,0
Spain,Male,31.0,0.0,2,0
Spain,Male,35.0,0.0,2,0
Spain,Male,35.0,0.0,2,0
Spain,Female,30.0,0.0,2,0
Spain,Female,38.0,0.0,2,0
Spain,Female,34.0,0.0,2,0
Spain,Male,45.0,88379.29,1,1
Spain,Female,38.0,0.0,2,0
Spain,Male,45.0,144837.74,1,0
Spain,Male,34.0,0.0,2,0
Spain,Male,35.0,164450.07,1,0
Spain,Male,32.0,90544.0,1,0
Spain,Male,34.0,117593.48,1,0
Spain,Female,32.0,62482.95,1,0
Spain,Male,31.0,0.0,2,0
Spain,Male,35.0,159397.75,1,0
Spain,Female,50.0,0.0,1,1
Spain,Female,36.0,0.0,2,0
Spain,Male,31.0,144880.34,2,0
Spain,Female,52.0,132647.24,2,1
Spain,Male,44.0,0.0,2,0
Spain,Female,36.0,0.0,1,1
Spain,Female,32.0,0.0,2,0
Spain,Female,36.0,0.0,2,0
Spain,Female,72.0,131082.57,1,0
Spain,Male,36.0,116576.45,1,0
Spain,Female,35.0,126679.69,1,0
Spain,Male,38.0,0.0,2,0
Spain,Male,40.0,103421.49,1,0
Spain,Male,19.0,112262.96,2,0
Spain,Male,39.0,0.0,1,1
Spain,Male,22.0,0.0,2,0
Spain,Male,34.0,0.0,2,0
Spain,Male,38.0,0.0,2,0
Spain,Female,29.0,0.0,1,0
Spain,Male,35.0,0.0,1,1
Spain,Female,30.0,121355.99,1,0
Spain,Female,33.0,80569.73,1,0
Spain,Female,39.0,0.0,2,0
Spain,Male,41.0,0.0,2,1
Spain,Male,32.0,0.0,2,0
Spain,Female,47.0,0.0,1,1
Spain,Male,37.0,0.0,2,0
Spain,Male,52.0,0.0,2,0
Spain,Male,26.0,0.0,1,0
Spain,Male,38.0,0.0,2,0
Spain,Male,35.0,0.0,2,0
Spain,Male,39.0,0.0,1,1
Spain,Male,37.0,0.0,2,0
Spain,Female,58.0,0.0,1,0
Spain,Male,31.0,95624.07,1,0
Spain,Male,43.0,0.0,2,0
Spain,Male,38.0,0.0,2,0
Spain,Male,33.0,137946.39,1,0
Spain,Male,31.0,111096.91,1,0
Spain,Male,38.0,0.0,2,0
Spain,Male,45.0,0.0,1,1
Spain,Female,38.0,0.0,2,0
Spain,Female,35.0,0.0,2,0
Spain,Female,35.0,121205.49,1,0
Spain,Female,32.0,0.0,2,0
Spain,Female,40.0,0.0,1,1
Spain,Female,22.0,108117.1,1,0
Spain,Female,47.0,113348.5,1,0
Spain,Female,44.0,0.0,2,0
Spain,Male,27.0,0.0,2,0
Spain,Male,39.0,0.0,2,0
Spain,Female,37.0,0.0,2,0
Spain,Female,35.0,109679.72,1,0
Spain,Female,45.0,0.0,1,1
Spain,Female,36.0,153455.72,2,0
Spain,Female,31.0,0.0,2,0
Spain,Male,48.0,65974.97,1,0
Spain,Male,60.0,0.0,1,0
Spain,Male,41.0,0.0,1,1
Spain,Female,30.0,0.0,1,0
Spain,Male,43.0,69617.36,1,0
Spain,Female,37.0,98955.87,1,0
Spain,Male,34.0,59877.33,2,0
Spain,Female,40.0,158633.61,2,0
Spain,Female,28.0,141099.43,1,1
Spain,Female,27.0,0.0,1,1
Spain,Male,18.0,0.0,2,0
Spain,Male,31.0,0.0,1,0
Spain,Female,52.0,96956.1,1,0
Spain,Female,40.0,0.0,2,0
Spain,Female,21.0,0.0,2,0
Spain,Male,32.0,0.0,2,1
Spain,Male,38.0,164870.81,2,0
Spain,Male,32.0,0.0,2,0
Spain,Male,41.0,104631.67,1,0
Spain,Female,24.0,0.0,2,0
Spain,Female,44.0,0.0,2,0
Spain,Female,38.0,0.0,2,0
Spain,Female,30.0,0.0,2,0
Spain,Female,41.0,93791.72,1,0
Spain,Male,35.0,61172.04,1,0
Spain,Male,32.0,0.0,2,0
Spain,Male,29.0,133434.57,2,0
Spain,Male,40.0,0.0,2,0
Spain,Female,38.0,0.0,2,0
Spain,Female,32.0,156111.08,1,0
Spain,Female,36.0,0.0,1,0
Spain,Male,39.0,0.0,1,1
Spain,Male,33.0,0.0,1,1
Spain,Male,36.0,0.0,1,1
Spain,Male,35.0,113635.16,1,0
Spain,Male,29.0,115024.5,1,0
Spain,Female,39.0,140694.78,1,0
Spain,Male,36.0,0.0,2,0
Spain,Female,54.0,0.0,1,1
Spain,Female,59.0,0.0,2,1
Spain,Female,33.0,148843.08,1,0
Spain,Male,39.0,57369.61,2,0
Spain,Male,40.0,0.0,2,0
Spain,Female,43.0,0.0,1,0
Spain,Male,38.0,118627.08,1,0
Spain,Male,34.0,0.0,2,0
Spain,Female,36.0,0.0,1,0
Spain,Male,31.0,0.0,2,0
Spain,Male,36.0,178074.79,1,0
Spain,Male,59.0,146098.43,1,0
Spain,Male,27.0,0.0,2,0
Spain,Male,41.0,115462.67,1,0
Spain,Male,38.0,0.0,2,0
Spain,Female,31.0,0.0,2,0
Spain,Female,30.0,0.0,1,0
Spain,Female,33.0,146498.51,1,0
Spain,Male,32.0,0.0,2,0
Spain,Male,30.0,0.0,2,0
Spain,Male,51.0,0.0,1,1
Spain,Female,36.0,0.0,1,0
Spain,Male,33.0,0.0,2,0
Spain,Female,21.0,0.0,1,1
Spain,Male,34.0,0.0,1,0
Spain,Male,27.0,0.0,2,0
Spain,Female,38.0,0.0,2,0
Spain,Male,38.0,79281.61,1,0
Spain,Female,45.0,0.0,2,0
Spain,Female,41.0,0.0,2,0
Spain,Male,33.0,0.0,2,0
Spain,Male,31.0,121888.74,1,0
Spain,Female,29.0,0.0,2,0
Spain,Female,55.0,111098.85,3,1
Spain,Female,43.0,0.0,2,1
Spain,Female,42.0,75361.44,2,0
Spain,Male,33.0,0.0,2,0
Spain,Male,45.0,127864.4,1,0
Spain,Male,39.0,0.0,1,1
Spain,Male,34.0,0.0,2,0
Spain,Male,40.0,0.0,2,0
Spain,Male,30.0,126473.33,2,0
Spain,Male,38.0,0.0,2,0
Spain,Female,45.0,0.0,1,1
Spain,Female,45.0,0.0,1,1
Spain,Female,36.0,0.0,1,1
Spain,Male,29.0,0.0,2,0
Spain,Female,40.0,0.0,2,0
Spain,Female,23.0,0.0,2,0
Spain,Male,24.0,0.0,2,0
Spain,Male,39.0,0.0,2,0
Spain,Male,38.0,0.0,2,0
Spain,Female,55.0,106171.68,1,0
Spain,Male,46.0,64119.38,1,1
Spain,Male,35.0,0.0,2,0
Spain,Female,36.0,0.0,1,0
Spain,Male,45.0,0.0,1,0
Spain,Male,35.0,0.0,2,0
Spain,Male,30.0,118715.79,1,0
Spain,Female,31.0,0.0,2,0
Spain,Male,45.0,0.0,4,1
Spain,Female,34.0,156478.62,2,0
Spain,Male,31.0,0.0,2,1
Spain,Male,37.0,0.0,3,1
Spain,Female,34.0,125512.98,2,1
Spain,Male,27.0,0.0,2,0
Spain,Male,38.0,95813.76,2,0
Spain,Female,37.0,0.0,2,0
Spain,Female,29.0,0.0,2,0
Spain,Female,63.0,56738.47,1,1
Spain,Male,33.0,0.0,2,0
Spain,Female,41.0,0.0,2,0
Spain,Male,32.0,0.0,2,0
Spain,Male,58.0,0.0,1,0
Spain,Female,38.0,0.0,2,0
Spain,Male,39.0,0.0,2,0
Spain,Male,46.0,0.0,1,0
Spain,Female,33.0,0.0,2,0
Spain,Male,58.0,130334.35,2,0
Spain,Female,39.0,0.0,1,0
Spain,Female,29.0,0.0,2,0
Spain,Male,37.0,0.0,3,1
Spain,Male,32.0,114084.6,1,0
Spain,Female,30.0,0.0,2,0
Spain,Male,37.0,118433.94,1,1
Spain,Male,43.0,0.0,1,0
Spain,Female,40.0,0.0,2,1
Spain,Female,39.0,122545.49,2,1
Spain,Male,46.0,0.0,2,0
Spain,Female,33.0,0.0,1,0
Spain,Male,67.0,149436.73,2,0
Spain,Female,47.0,0.0,1,1
Spain,Female,34.0,0.0,2,0
Spain,Male,18.0,160729.1,1,0
Spain,Male,52.0,0.0,2,0
Spain,Female,40.0,118680.57,1,1
Spain,Female,36.0,116338.68,1,0
Spain,Female,36.0,154970.54,1,0
Spain,Female,34.0,123971.51,3,1
Spain,Female,51.0,107494.86,1,0
Spain,Female,35.0,0.0,2,0
Spain,Male,32.0,0.0,2,0
Spain,Male,27.0,141749.07,2,0
Spain,Male,37.0,0.0,2,0
Spain,Female,32.0,0.0,2,0
Spain,Male,35.0,106518.52,1,1
Spain,Female,31.0,88141.1,1,0
Spain,Female,45.0,0.0,2,0
Spain,Male,42.0,0.0,2,0
Spain,Male,77.0,0.0,2,0
Spain,Male,33.0,0.0,1,0
Spain,Male,52.0,0.0,1,1
Spain,Female,38.0,0.0,2,0
Spain,Female,33.0,0.0,2,0
Spain,Male,37.0,0.0,2,0
Spain,Male,32.0,0.0,2,0
Spain,Female,34.0,137300.23,1,0
Spain,Male,37.0,0.0,2,0
Spain,Male,36.0,0.0,2,0
Spain,Female,36.0,158621.04,1,0
Spain,Male,39.0,108888.18,1,0
Spain,Male,34.0,0.0,2,0
Spain,Female,42.0,108528.67,1,1
Spain,Male,35.0,0.0,2,0
Spain,Male,25.0,0.0,2,0
Spain,Male,36.0,124463.63,1,0
Spain,Female,67.0,0.0,3,1
Spain,Male,31.0,0.0,1,0
Spain,Female,36.0,115290.27,1,0
Spain,Male,41.0,154770.46,1,0
Spain,Female,43.0,0.0,2,0
Spain,Male,49.0,0.0,1,1
Spain,Male,20.0,0.0,2,0
Spain,Male,39.0,0.0,2,0
Spain,Female,36.0,96196.24,1,0
Spain,Female,28.0,0.0,2,0
Spain,Male,28.0,0.0,2,0
Spain,Male,40.0,0.0,2,0
Spain,Female,30.0,0.0,2,0
Spain,Male,37.0,0.0,2,1
Spain,Female,35.0,0.0,1,1
Spain,Male,39.0,0.0,1,0
Spain,Female,30.0,0.0,1,0
Spain,Male,39.0,141829.67,1,0
Spain,Male,66.0,168883.08,1,0
Spain,Female,32.0,0.0,2,0
Spain,Male,29.0,0.0,2,0
Spain,Female,35.0,149874.79,1,0
Spain,Male,28.0,0.0,1,1
Spain,Male,39.0,0.0,2,0
Spain,Female,35.0,0.0,2,0
Spain,Male,34.0,0.0,2,0
Spain,Male,39.0,0.0,2,0
Spain,Male,31.0,107980.37,1,0
Spain,Female,37.0,0.0,1,1
Spain,Female,40.0,0.0,2,0
Spain,Male,18.0,0.0,1,0
Spain,Male,39.0,0.0,2,0
Spain,Female,54.0,0.0,1,1
Spain,Male,30.0,0.0,2,0
Spain,Male,34.0,0.0,2,0
Spain,Male,28.0,0.0,2,0
Spain,Male,27.0,0.0,2,0
Spain,Female,24.0,149592.14,3,1
Spain,Male,45.0,0.0,2,0
Spain,Male,56.0,89195.33,1,1
Spain,Male,34.0,0.0,2,0
Spain,Female,37.0,0.0,2,0
Spain,Female,26.0,0.0,1,0
Spain,Male,33.0,0.0,2,0
Spain,Male,60.0,0.0,1,1
Spain,Female,45.0,0.0,2,0
Spain,Female,45.0,0.0,2,0
Spain,Male,34.0,0.0,2,0
Spain,Male,28.0,142862.21,2,0
Spain,Female,42.0,0.0,2,0
Spain,Male,34.0,115462.02,1,0
Spain,Male,49.0,0.0,1,1
Spain,Male,31.0,149989.39,1,0
Spain,Female,32.0,0.0,1,0
Spain,Female,30.0,131356.53,1,0
Spain,Male,36.0,0.0,2,0
Spain,Female,31.0,127331.46,1,0
Spain,Female,36.0,81076.8,2,0
Spain,Male,36.0,0.0,1,0
Spain,Male,36.0,98431.37,1,0
Spain,Female,39.0,0.0,2,0
Spain,Male,37.0,0.0,1,0
Spain,Male,23.0,0.0,1,0
Spain,Male,40.0,0.0,1,0
Spain,Male,25.0,174400.36,1,1
Spain,Male,53.0,0.0,1,1
Spain,Female,65.0,0.0,1,1
Spain,Male,37.0,123841.38,1,0
Spain,Female,54.0,0.0,1,1
Spain,Male,37.0,128252.66,1,0
Spain,Female,41.0,0.0,1,0
Spain,Male,47.0,111363.1,2,0
Spain,Male,31.0,0.0,2,0
Spain,Male,34.0,121132.26,1,0
Spain,Female,50.0,130554.51,3,1
Spain,Female,29.0,0.0,2,0
Spain,Female,22.0,0.0,2,0
Spain,Female,36.0,0.0,2,0
Spain,Female,38.0,180226.24,2,1
Spain,Male,22.0,135370.12,1,0
Spain,Male,39.0,92363.3,2,0
Spain,Female,40.0,102721.44,1,0
Spain,Male,22.0,0.0,2,0
Spain,Male,34.0,61636.97,1,0
Spain,Female,53.0,0.0,1,1
Spain,Male,71.0,153946.14,1,0
Spain,Male,34.0,133501.7,1,0
Spain,Female,40.0,146473.24,1,0
Spain,Female,41.0,0.0,2,0
Spain,Male,39.0,0.0,2,0
Spain,Male,28.0,0.0,2,0
Spain,Male,27.0,76665.71,2,0
Spain,Female,36.0,0.0,2,0
Spain,Female,47.0,0.0,1,1
Spain,Female,43.0,0.0,2,1
Spain,Male,26.0,97445.49,2,0
Spain,Male,33.0,0.0,2,0
Spain,Female,50.0,0.0,3,1
Spain,Female,56.0,0.0,2,0
Spain,Female,57.0,131317.48,1,0
Spain,Male,35.0,0.0,2,0
Spain,Female,23.0,146584.19,2,0
Spain,Male,37.0,0.0,2,0
Spain,Female,33.0,102721.15,1,0
Spain,Male,42.0,0.0,2,0
Spain,Male,31.0,0.0,3,1
Spain,Male,33.0,0.0,1,0
Spain,Female,26.0,0.0,2,0
Spain,Male,31.0,152805.05,1,0
Spain,Male,37.0,0.0,2,0
Spain,Male,21.0,0.0,2,0
Spain,Female,23.0,0.0,2,0
Spain,Female,42.0,0.0,2,0
Spain,Female,53.0,0.0,1,1
Spain,Female,45.0,0.0,1,1
Spain,Female,30.0,124037.28,1,0
Spain,Female,55.0,0.0,1,1
Spain,Female,31.0,0.0,2,0
Spain,Female,29.0,136650.89,1,0
Spain,Male,30.0,0.0,2,0
Spain,Female,37.0,65349.71,2,0
Spain,Male,39.0,0.0,2,0
Spain,Female,34.0,0.0,2,0
Spain,Male,35.0,0.0,1,0
Spain,Male,27.0,133980.01,1,0
Spain,Male,38.0,0.0,2,0
Spain,Male,32.0,0.0,2,0
Spain,Male,45.0,128061.0,2,0
Spain,Male,56.0,0.0,1,1
Spain,Male,41.0,0.0,2,0
Spain,Male,42.0,68683.68,1,0
Spain,Male,46.0,0.0,2,0
Spain,Female,46.0,0.0,2,0
Spain,Female,28.0,0.0,1,0
Spain,Female,32.0,127286.04,1,1
Spain,Female,38.0,0.0,2,0
Spain,Female,60.0,0.0,1,0
Spain,Male,43.0,0.0,2,0
Spain,Female,30.0,0.0,2,0
Spain,Male,35.0,144801.97,1,0
Spain,Female,35.0,0.0,2,0
Spain,Female,39.0,0.0,2,0
Spain,Male,29.0,120047.77,1,0
Spain,Male,53.0,154669.77,1,1
Spain,Female,39.0,127864.4,2,0
Spain,Male,39.0,0.0,1,0
Spain,Male,45.0,126873.52,2,1
Spain,Male,50.0,0.0,1,1
Spain,Male,60.0,141325.56,1,1
Spain,Male,33.0,0.0,2,0
Spain,Female,23.0,0.0,2,0
Spain,Male,32.0,0.0,2,0
Spain,Female,42.0,0.0,1,1
Spain,Male,26.0,0.0,2,0
Spain,Male,36.0,82696.09,1,0
Spain,Male,39.0,0.0,1,0
Spain,Male,39.0,0.0,1,1
Spain,Female,29.0,115095.88,2,0
Spain,Female,27.0,0.0,2,0
Spain,Male,39.0,0.0,2,0
Spain,Male,38.0,157498.9,1,0
Spain,Male,23.0,0.0,2,0
Spain,Male,40.0,0.0,2,0
Spain,Female,47.0,0.0,2,0
Spain,Male,42.0,0.0,2,0
Spain,Female,40.0,0.0,1,0
Spain,Male,34.0,0.0,2,0
Spain,Female,48.0,0.0,3,1
Spain,Female,33.0,0.0,2,0
Spain,Female,50.0,150300.65,1,1
Spain,Male,37.0,0.0,2,0
Spain,Female,34.0,0.0,1,0
Spain,Female,30.0,0.0,2,0
Spain,Male,38.0,0.0,2,0
Spain,Female,32.0,0.0,2,0
Spain,Male,28.0,0.0,2,0
Spain,Male,34.0,0.0,2,0
Spain,Female,56.0,0.0,2,0
Spain,Female,38.0,0.0,1,0
Spain,Female,33.0,0.0,2,0
Spain,Female,43.0,0.0,1,1
Spain,Female,31.0,131778.66,1,0
Spain,Female,40.0,130334.84,2,0
Spain,Female,41.0,0.0,2,0
Spain,Male,31.0,140197.18,1,0
Spain,Male,36.0,152663.77,1,1
Spain,Male,35.0,167455.66,2,0
Spain,Male,41.0,0.0,1,0
Spain,Female,48.0,152758.15,1,1
Spain,Female,36.0,92786.66,1,1
Spain,Male,29.0,0.0,2,0
Spain,Male,33.0,131945.94,1,0
Spain,Male,29.0,0.0,2,0
Spain,Female,32.0,0.0,2,0
Spain,Male,43.0,0.0,2,0
Spain,Male,47.0,0.0,2,0
Spain,Male,58.0,0.0,3,1
Spain,Male,27.0,166522.78,1,0
Spain,Female,84.0,87873.39,2,0
Spain,Male,29.0,0.0,2,0
Spain,Male,35.0,0.0,2,0
Spain,Female,46.0,0.0,2,0
Spain,Female,30.0,0.0,2,0
Spain,Male,48.0,0.0,1,1
Spain,Male,33.0,0.0,1,0
Spain,Female,28.0,80780.31,1,0
Spain,Male,45.0,105266.32,2,0
Spain,Male,62.0,0.0,2,0
Spain,Male,33.0,119859.52,2,0
Spain,Female,39.0,0.0,2,0
Spain,Female,51.0,0.0,2,0
Spain,Female,27.0,0.0,2,0
Spain,Male,34.0,0.0,2,0
Spain,Female,37.0,0.0,1,0
Spain,Male,29.0,139714.4,2,0
Spain,Male,35.0,0.0,2,0
Spain,Male,28.0,0.0,2,0
Spain,Female,51.0,110646.52,2,0
Spain,Female,34.0,92547.51,3,0
Spain,Female,34.0,0.0,2,0
Spain,Female,55.0,0.0,2,0
Spain,Male,41.0,0.0,2,0
Spain,Male,31.0,0.0,2,0
Spain,Male,38.0,0.0,2,0
Spain,Male,40.0,0.0,2,0
Spain,Male,32.0,0.0,2,0
Spain,Female,33.0,0.0,2,0
Spain,Male,37.0,0.0,2,0
Spain,Female,44.0,0.0,2,0
Spain,Female,36.0,0.0,2,0
Spain,Female,35.0,114285.2,2,0
Spain,Female,35.0,157980.93,1,0
Spain,Male,44.0,0.0,1,0
Spain,Female,35.0,0.0,1,0
Spain,Female,33.0,118327.17,2,0
Spain,Female,74.0,0.0,2,0
Spain,Female,36.0,133467.77,1,0
Spain,Male,36.0,0.0,2,0
Spain,Male,28.0,0.0,2,0
Spain,Female,71.0,141252.18,1,1
Spain,Male,34.0,146408.68,1,0
Spain,Female,47.0,0.0,2,0
Spain,Male,26.0,122857.46,1,0
Spain,Male,32.0,0.0,1,1
Spain,Female,42.0,0.0,1,1
Spain,Male,30.0,0.0,2,0
Spain,Female,31.0,0.0,2,0
Spain,Female,59.0,0.0,1,1
Spain,Male,36.0,0.0,2,0
Spain,Female,26.0,0.0,2,0
Spain,Female,30.0,0.0,2,0
Spain,Male,55.0,0.0,1,0
Spain,Male,32.0,0.0,2,0
Spain,Female,35.0,102918.38,1,0
Spain,Female,33.0,0.0,2,1
Spain,Male,35.0,0.0,1,1
Spain,Female,45.0,0.0,2,0
Spain,Male,32.0,0.0,2,0
Spain,Female,36.0,133965.92,1,0
Spain,Male,33.0,127776.29,1,0
Spain,Female,29.0,141827.99,1,0
Spain,Female,38.0,0.0,1,0
Spain,Male,39.0,0.0,1,0
Spain,Female,31.0,86006.3,1,0
Spain,Male,29.0,0.0,2,0
Spain,Female,45.0,0.0,3,1
Spain,Male,27.0,152522.66,1,1
Spain,Male,44.0,113978.97,1,1
Spain,Female,44.0,0.0,2,0
Spain,Female,35.0,116114.93,1,0
Spain,Female,25.0,0.0,2,0
Spain,Male,35.0,140931.88,1,0
Spain,Female,71.0,123971.56,1,0
Spain,Male,26.0,0.0,1,0
Spain,Female,55.0,133295.98,1,1
Spain,Female,34.0,107556.06,2,0
Spain,Male,32.0,154483.74,1,1
Spain,Male,26.0,100262.88,2,0
Spain,Male,46.0,0.0,2,0
Spain,Male,31.0,0.0,2,0
Spain,Male,28.0,0.0,2,0
Spain,Female,36.0,0.0,2,0
Spain,Female,63.0,0.0,1,1
Spain,Female,29.0,0.0,2,0
Spain,Female,37.0,0.0,2,0
Spain,Male,28.0,143973.97,1,0
Spain,Male,42.0,116546.59,1,1
Spain,Male,41.0,0.0,1,0
Spain,Female,37.0,0.0,2,0
Spain,Male,66.0,120777.88,2,0
Spain,Female,41.0,0.0,1,0
Spain,Male,34.0,0.0,2,0
Spain,Male,39.0,113980.21,1,0
Spain,Male,22.0,0.0,2,0
Spain,Male,40.0,0.0,2,0
Spain,Female,46.0,0.0,3,1
Spain,Female,31.0,0.0,2,0
Spain,Female,67.0,0.0,1,1
Spain,Female,32.0,0.0,2,0
Spain,Male,39.0,141829.67,1,0
Spain,Male,32.0,92760.55,1,0
Spain,Male,32.0,0.0,2,0
Spain,Female,26.0,0.0,2,0
Spain,Female,31.0,0.0,2,0
Spain,Male,19.0,0.0,2,0
Spain,Male,27.0,0.0,2,0
Spain,Male,46.0,0.0,2,0
Spain,Male,22.0,0.0,2,0
Spain,Female,37.0,108477.27,1,0
Spain,Female,39.0,0.0,2,0
Spain,Female,28.0,118097.87,1,0
Spain,Male,30.0,0.0,2,0
Spain,Male,35.0,0.0,2,0
Spain,Female,31.0,0.0,1,0
Spain,Male,25.0,141562.26,1,0
Spain,Male,35.0,0.0,1,0
Spain,Female,35.0,0.0,2,0
Spain,Female,38.0,0.0,2,0
Spain,Male,38.0,177997.07,1,1
Spain,Male,41.0,99097.36,1,0
Spain,Male,38.0,0.0,2,0
Spain,Male,35.0,0.0,2,0
Spain,Male,44.0,0.0,2,0
Spain,Male,40.0,0.0,2,0
Spain,Male,43.0,123845.36,1,0
Spain,Female,26.0,0.0,2,0
Spain,Male,37.0,0.0,1,0
Spain,Male,29.0,0.0,2,0
Spain,Female,57.0,0.0,1,1
Spain,Female,45.0,123105.88,2,0
Spain,Female,28.0,0.0,2,0
Spain,Female,35.0,0.0,2,0
Spain,Male,30.0,120654.68,1,0
Spain,Female,28.0,0.0,2,0
Spain,Male,34.0,0.0,2,0
Spain,Female,38.0,0.0,1,0
Spain,Male,57.0,89349.47,2,0
Spain,Female,31.0,0.0,1,0
Spain,Male,28.0,0.0,2,0
Spain,Male,26.0,133635.57,2,0
Spain,Female,53.0,0.0,1,0
Spain,Female,40.0,0.0,2,0
Spain,Female,27.0,0.0,1,0
Spain,Female,34.0,0.0,2,0
Spain,Male,63.0,0.0,2,0
Spain,Male,59.0,0.0,2,0
Spain,Male,50.0,136659.64,1,1
Spain,Male,38.0,92930.92,1,0
Spain,Female,37.0,0.0,2,0
Spain,Female,36.0,92887.52,1,0
Spain,Male,39.0,0.0,2,0
Spain,Male,32.0,0.0,2,0
Spain,Female,26.0,0.0,2,0
Spain,Male,39.0,0.0,2,0
Spain,Male,40.0,0.0,2,0
Spain,Male,36.0,0.0,1,0
Spain,Female,40.0,138547.76,1,0
Spain,Female,46.0,0.0,2,0
Spain,Female,33.0,84421.04,1,1
Spain,Male,49.0,0.0,1,0
Spain,Female,60.0,0.0,1,1
Spain,Male,36.0,0.0,2,0
Spain,Male,33.0,140891.57,1,0
Spain,Male,31.0,0.0,2,0
Spain,Male,36.0,0.0,2,0
Spain,Male,49.0,102962.61,1,1
Spain,Male,51.0,0.0,1,0
Spain,Male,41.0,127661.69,1,0
Spain,Male,41.0,0.0,2,0
Spain,Male,32.0,0.0,2,0
Spain,Male,29.0,0.0,2,0
Spain,Female,36.0,0.0,2,0
Spain,Male,30.0,121890.61,1,0
Spain,Male,71.0,170491.84,1,0
Spain,Female,58.0,0.0,2,0
Spain,Female,25.0,0.0,2,0
Spain,Male,32.0,94615.11,2,1
Spain,Male,55.0,0.0,4,1
Spain,Male,27.0,0.0,2,0
Spain,Female,30.0,77637.35,1,0
Spain,Male,30.0,0.0,2,0
Spain,Male,37.0,0.0,2,0
Spain,Female,48.0,0.0,1,1
Spain,Female,51.0,0.0,1,0
Spain,Male,22.0,137204.88,1,0
Spain,Male,50.0,78737.61,1,0
Spain,Male,31.0,129855.32,1,0
Spain,Male,48.0,121164.26,1,0
Spain,Male,39.0,0.0,1,0
Spain,Male,43.0,0.0,1,1
Spain,Female,70.0,0.0,2,0
Spain,Male,37.0,0.0,1,1
Spain,Male,43.0,102338.71,1,0
Spain,Male,27.0,0.0,2,0
Spain,Male,32.0,131414.76,1,0
Spain,Male,38.0,119024.75,1,1
Spain,Male,38.0,0.0,2,0
Spain,Male,38.0,0.0,2,0
Spain,Male,34.0,0.0,1,0
Spain,Female,66.0,0.0,1,0
Spain,Female,28.0,0.0,1,1
Spain,Male,67.0,0.0,1,0
Spain,Female,46.0,127660.46,1,0
Spain,Female,56.0,134562.8,1,0
Spain,Male,46.0,124976.19,1,0
Spain,Female,45.0,0.0,2,0
Spain,Male,25.0,0.0,2,0
Spain,Male,33.0,142872.36,1,0
Spain,Female,30.0,0.0,1,0
Spain,Female,37.0,0.0,1,0
Spain,Female,34.0,0.0,1,0
Spain,Male,39.0,0.0,2,0
Spain,Male,29.0,0.0,2,0
Spain,Female,38.0,0.0,2,1
Spain,Female,27.0,141918.63,1,0
Spain,Female,55.0,0.0,4,1
Spain,Female,36.0,139859.0,1,0
Spain,Female,38.0,121298.59,1,0
Spain,Male,28.0,0.0,2,0
Spain,Female,35.0,0.0,2,0
Spain,Male,25.0,142862.21,1,0
Spain,Male,33.0,145018.64,1,0
Spain,Male,30.0,0.0,2,0
Spain,Male,44.0,113599.74,1,0
Spain,Female,41.0,0.0,2,0
Spain,Female,32.0,111233.09,1,0
Spain,Female,36.0,99811.44,1,0
Spain,Female,27.0,0.0,2,0
Spain,Female,35.0,0.0,2,0
Spain,Male,36.0,0.0,2,0
Spain,Male,36.0,135095.47,1,1
Spain,Male,36.0,0.0,2,0
Spain,Female,34.0,0.0,2,0
Spain,Male,40.0,128065.12,2,0
Spain,Male,58.0,0.0,1,1
Spain,Female,33.0,0.0,2,0
Spain,Male,27.0,0.0,1,0
Spain,Male,46.0,0.0,1,1
Spain,Male,29.0,0.0,1,0
Spain,Male,47.0,0.0,1,1
Spain,Female,67.0,0.0,3,1
Spain,Male,33.0,103716.23,1,0
Spain,Female,28.0,0.0,2,0
Spain,Female,40.0,0.0,2,0
Spain,Female,37.0,136416.82,1,0
Spain,Male,30.0,145241.63,2,0
Spain,Female,40.0,0.0,1,0
Spain,Female,55.0,0.0,1,1
Spain,Male,28.0,0.0,2,0
Spain,Female,38.0,0.0,1,0
Spain,Male,41.0,83034.85,1,0
Spain,Female,35.0,0.0,2,0
Spain,Female,49.0,150777.72,1,0
Spain,Female,33.0,0.0,2,0
Spain,Male,39.0,102523.88,1,1
Spain,Female,44.0,0.0,1,1
Spain,Male,40.0,0.0,2,0
Spain,Male,49.0,0.0,1,1
Spain,Female,28.0,185534.26,1,0
Spain,Male,69.0,0.0,1,0
Spain,Male,41.0,127789.16,1,0
Spain,Male,29.0,94483.06,1,0
Spain,Female,37.0,0.0,2,0
Spain,Female,40.0,124678.32,1,0
Spain,Female,43.0,113837.98,1,0
Spain,Male,34.0,0.0,2,0
Spain,Female,28.0,71269.89,1,0
Spain,Male,49.0,0.0,1,1
Spain,Female,34.0,0.0,2,0
Spain,Female,32.0,0.0,1,0
Spain,Female,41.0,0.0,1,0
Spain,Female,36.0,0.0,1,0
Spain,Male,45.0,0.0,2,0
Spain,Female,46.0,99167.54,1,0
Spain,Female,60.0,0.0,1,1
Spain,Male,39.0,0.0,2,0
Spain,Male,39.0,0.0,2,0
Spain,Female,40.0,203715.15,1,0
Spain,Male,41.0,0.0,2,0
Spain,Male,37.0,132838.07,2,0
Spain,Male,42.0,145731.83,1,0
Spain,Male,38.0,0.0,2,0
Spain,Male,25.0,0.0,2,0
Spain,Male,40.0,167878.5,1,0
Spain,Male,43.0,0.0,1,0
Spain,Male,40.0,0.0,2,0
Spain,Female,30.0,149777.0,1,0
Spain,Female,29.0,0.0,1,0
Spain,Male,25.0,183613.66,2,1
Spain,Male,30.0,0.0,2,0
Spain,Female,36.0,0.0,1,0
Spain,Male,30.0,0.0,2,0
Spain,Male,46.0,0.0,1,1
Spain,Male,34.0,0.0,2,0
Spain,Male,25.0,0.0,2,0
Spain,Male,35.0,174088.3,4,0
Spain,Male,38.0,0.0,2,0
Spain,Female,32.0,0.0,2,0
Spain,Male,34.0,0.0,2,0
Spain,Female,18.0,0.0,2,0
Spain,Male,71.0,0.0,2,0
Spain,Male,33.0,137847.41,1,0
Spain,Female,29.0,0.0,2,0
Spain,Female,37.0,109783.69,1,0
Spain,Female,41.0,124439.49,2,1
Spain,Male,28.0,0.0,2,0
Spain,Male,34.0,0.0,2,0
Spain,Female,33.0,147726.54,1,0
Spain,Male,52.0,143656.95,1,0
Spain,Male,41.0,0.0,2,0
Spain,Female,44.0,0.0,2,0
Spain,Female,31.0,106290.64,1,0
Spain,Male,38.0,0.0,2,0
Spain,Male,44.0,0.0,2,0
Spain,Male,42.0,194532.66,1,0
Spain,Male,44.0,63438.91,1,0
Spain,Female,35.0,134796.05,1,0
Spain,Female,29.0,0.0,2,0
Spain,Male,33.0,0.0,1,0
Spain,Male,30.0,0.0,1,0
Spain,Male,41.0,0.0,1,1
Spain,Female,50.0,0.0,2,1
Spain,Female,52.0,166082.15,3,1
Spain,Male,27.0,0.0,1,0
Spain,Female,38.0,0.0,1,0
Spain,Female,36.0,0.0,2,0
Spain,Male,67.0,0.0,2,0
Spain,Male,28.0,0.0,2,0
Spain,Female,27.0,140876.47,1,0
Spain,Male,23.0,0.0,2,0
Spain,Female,30.0,88820.67,2,0
Spain,Male,31.0,0.0,2,0
Spain,Male,38.0,0.0,1,0
Spain,Female,58.0,0.0,1,1
Spain,Male,29.0,0.0,2,0
Spain,Male,44.0,0.0,1,1
Spain,Female,24.0,130181.47,2,1
Spain,Female,27.0,0.0,2,0
Spain,Male,33.0,95808.19,1,0
Spain,Female,26.0,0.0,2,0
Spain,Female,53.0,0.0,1,0
Spain,Male,38.0,0.0,2,0
Spain,Female,41.0,0.0,1,0
Spain,Male,37.0,0.0,2,0
Spain,Female,39.0,121206.96,2,0
Spain,Male,43.0,0.0,2,0
Spain,Female,62.0,0.0,2,0
Spain,Male,57.0,0.0,1,1
Spain,Female,40.0,0.0,2,0
Spain,Male,35.0,0.0,2,0
Spain,Male,29.0,0.0,2,0
Spain,Female,34.0,0.0,2,0
Spain,Male,46.0,0.0,2,0
Spain,Male,31.0,0.0,2,0
Spain,Male,56.0,0.0,1,1
Spain,Female,51.0,0.0,2,0
Spain,Female,49.0,0.0,1,1
Spain,Male,32.0,0.0,2,0
Spain,Female,49.0,94722.88,1,0
Spain,Male,42.0,0.0,2,0
Spain,Female,48.0,0.0,1,1
Spain,Female,28.0,157780.93,1,0
Spain,Male,38.0,118945.09,1,0
Spain,Female,38.0,0.0,2,0
Spain,Female,32.0,131569.63,1,0
Spain,Female,37.0,0.0,2,0
Spain,Female,25.0,121828.98,2,0
Spain,Male,23.0,0.0,2,0
Spain,Female,32.0,95141.8,1,0
Spain,Female,35.0,104584.11,1,0
Spain,Male,32.0,134169.62,1,0
Spain,Female,41.0,110148.51,1,0
Spain,Male,35.0,0.0,2,0
Spain,Male,29.0,0.0,2,0
Spain,Male,38.0,0.0,2,0
Spain,Male,31.0,0.0,2,0
Spain,Female,41.0,0.0,1,1
Spain,Male,34.0,96019.5,1,0
Spain,Male,31.0,0.0,1,0
Spain,Female,26.0,0.0,2,0
Spain,Female,34.0,0.0,1,1
Spain,Female,34.0,69518.95,1,0
Spain,Male,49.0,83074.0,2,0
Spain,Female,39.0,170288.38,1,0
Spain,Female,23.0,0.0,1,0
Spain,Female,57.0,175575.95,1,0
Spain,Male,31.0,0.0,2,0
Spain,Male,31.0,0.0,2,0
Spain,Female,42.0,0.0,2,0
Spain,Male,41.0,96645.54,1,0
Spain,Male,22.0,0.0,2,0
Spain,Male,30.0,0.0,2,0
Spain,Female,32.0,0.0,2,0
Spain,Male,66.0,0.0,2,0
Spain,Female,24.0,0.0,2,0
Spain,Male,32.0,0.0,2,0
Spain,Male,40.0,0.0,2,0
Spain,Male,57.0,0.0,2,0
Spain,Male,28.0,147736.54,1,0
Spain,Female,32.0,0.0,1,1
Spain,Male,28.0,0.0,1,0
Spain,Male,72.0,142677.18,1,0
Spain,Male,33.0,103960.46,1,0
Spain,Female,46.0,81576.75,2,0
Spain,Male,48.0,0.0,2,0
Spain,Female,49.0,166041.45,1,0
Spain,Female,40.0,69311.16,1,1
Spain,Male,41.0,0.0,1,0
Spain,Female,34.0,0.0,2,0
Spain,Male,33.0,0.0,2,0
Spain,Female,24.0,165413.43,1,1
Spain,Female,38.0,110570.78,2,0
Spain,Female,34.0,0.0,2,0
Spain,Male,35.0,143744.77,1,0
Spain,Male,62.0,0.0,2,1
Spain,Female,32.0,0.0,1,0
Spain,Female,46.0,0.0,2,0
Spain,Male,37.0,0.0,1,0
Spain,Female,31.0,0.0,1,1
Spain,Male,34.0,100628.0,2,0
Spain,Male,21.0,0.0,2,0
Spain,Male,36.0,92783.68,1,0
Spain,Male,49.0,0.0,2,0
Spain,Female,48.0,103099.18,1,1
Spain,Male,36.0,141078.57,2,0
Spain,Male,30.0,0.0,1,0
Spain,Male,30.0,139834.93,1,1
Spain,Male,41.0,0.0,2,0
Spain,Female,47.0,81132.85,1,0
Spain,Female,42.0,152582.08,1,0
Spain,Male,46.0,0.0,2,0
Spain,Male,45.0,0.0,2,1
Spain,Female,39.0,0.0,2,0
Spain,Female,43.0,0.0,3,1
Spain,Male,32.0,0.0,2,0
Spain,Male,32.0,133476.09,1,0
Spain,Male,30.0,0.0,1,0
Spain,Male,44.0,101100.22,1,0
Spain,Female,37.0,117304.37,2,0
Spain,Male,32.0,0.0,2,0
Spain,Male,28.0,95772.86,1,0
Spain,Female,36.0,0.0,2,0
Spain,Male,39.0,0.0,2,0
Spain,Female,35.0,0.0,2,0
Spain,Male,38.0,116739.68,1,0
Spain,Female,32.0,0.0,2,0
Spain,Male,32.0,0.0,2,0
Spain,Male,44.0,0.0,2,0
Spain,Female,37.0,182123.79,2,0
Spain,Male,39.0,0.0,2,0
Spain,Male,34.0,0.0,2,0
Spain,Female,25.0,0.0,2,0
Spain,Male,61.0,0.0,2,0
Spain,Female,38.0,120599.38,2,0
Spain,Female,44.0,0.0,2,0
Spain,Male,36.0,131307.11,1,0
Spain,Male,34.0,0.0,2,0
Spain,Female,31.0,0.0,2,0
Spain,Male,42.0,0.0,1,1
Spain,Male,27.0,0.0,2,0
Spain,Male,53.0,0.0,2,0
Spain,Female,44.0,125512.98,2,0
Spain,Female,49.0,0.0,1,1
Spain,Female,49.0,0.0,1,1
Spain,Male,35.0,104678.02,1,0
Spain,Male,45.0,123544.21,1,0
Spain,Male,43.0,0.0,2,0
Spain,Female,33.0,151233.62,1,0
Spain,Male,45.0,133681.78,1,1
Spain,Male,43.0,0.0,2,0
Spain,Female,31.0,0.0,1,0
Spain,Female,40.0,35549.81,2,0
Spain,Female,39.0,104944.24,2,0
Spain,Male,55.0,121063.62,1,1
Spain,Male,29.0,0.0,2,0
Spain,Male,38.0,86824.09,1,0
Spain,Female,41.0,0.0,1,1
Spain,Female,59.0,154863.15,1,1
Spain,Male,33.0,0.0,2,0
Spain,Female,32.0,0.0,2,0
Spain,Female,36.0,0.0,2,0
Spain,Male,39.0,0.0,2,0
Spain,Female,46.0,0.0,1,1
Spain,Male,56.0,0.0,2,0
Spain,Male,34.0,0.0,2,0
Spain,Male,33.0,0.0,3,1
Spain,Female,43.0,134467.26,1,1
Spain,Male,55.0,0.0,1,1
Spain,Male,59.0,149961.18,1,0
Spain,Female,41.0,152265.43,1,1
Spain,Female,39.0,145553.07,2,0
Spain,Female,40.0,0.0,1,1
Spain,Male,75.0,0.0,2,0
Spain,Female,38.0,0.0,2,0
Spain,Male,33.0,152875.23,1,1
Spain,Male,39.0,0.0,2,0
Spain,Female,31.0,0.0,2,0
Spain,Male,34.0,0.0,2,0
Spain,Female,35.0,0.0,2,0
Spain,Female,40.0,187487.63,1,0
Spain,Male,31.0,0.0,2,0
Spain,Female,38.0,0.0,2,0
Spain,Male,29.0,0.0,1,0
Spain,Female,43.0,0.0,1,1
Spain,Female,44.0,148874.55,1,0
Spain,Female,29.0,92055.36,1,0
Spain,Male,31.0,66582.81,1,0
Spain,Female,42.0,0.0,1,0
Spain,Male,33.0,0.0,2,0
Spain,Male,45.0,0.0,2,0
Spain,Male,21.0,132678.18,1,0
Spain,Female,41.0,0.0,1,0
Spain,Female,28.0,98592.88,1,0
Spain,Male,26.0,0.0,2,0
Spain,Male,35.0,0.0,2,0
Spain,Female,47.0,0.0,1,1
Spain,Male,40.0,0.0,2,0
Spain,Male,29.0,0.0,2,0
Spain,Female,57.0,121528.16,1,0
Spain,Female,47.0,127545.94,1,0
Spain,Female,48.0,118022.74,1,0
Spain,Female,41.0,0.0,2,0
Spain,Male,50.0,0.0,2,0
Spain,Female,33.0,0.0,1,0
Spain,Female,30.0,161533.0,1,0
